
============================================================
ADVERSARIAL PARAPHRASING EXPERIMENT
============================================================
  Attacker model    : llama3.1:8b
  Attack strategy   : minimal_edit
  Victim model      : qwen3:4b-instruct
  Judge model       : gemma3:12b  (evaluator=llm_judge)
  Equivalence model : llama3.1:8b
  Questions         : 28
  Paraphrases/round : 5
  Max rounds        : 8  (stop_on_success=False)
  Answer check      : gemma3:12b
  Confidence / test : 20 samples on each original, 20-answer re-test of each success (p < 0.05)
  Search            : evolutionary  (parents=3, fitness samples=4 @ T=0.7)
  Dataset           : /content/drive/MyDrive/AttackingViaParaphrasing/main_study/remaining_questions.json
  Results dir       : /content/drive/MyDrive/AttackingViaParaphrasing/main_study
============================================================

11:46:10  INFO     Loaded 28 questions
11:46:10  INFO     Results file: /content/drive/MyDrive/AttackingViaParaphrasing/main_study/attacker_llama3_1_8b_minimal_edit__victim_qwen3_4b_instruct__judge_gemma3_12b__q28_p5_r8_evolutionary__20260930_114610.json
11:46:10  INFO     [1/28] Qnqo_validation_2452: Who is the actress that plays penny on the big bang theory?
11:46:23  INFO       Victim (original): 'Kaley Cuoco'
11:46:50  INFO       [llm_judge] original correct=True
11:46:51  INFO       Original wrong rate: 0.00 (0/5 sampled answers wrong, llm_judge)
11:46:52  INFO       Confidence on the original: 0/20 sampled answers wrong (certain)
11:46:52  INFO       Attack round 1/8
11:46:55  INFO         Generated 5 candidates
11:46:58  INFO         Paraphrase: 'Who plays the role of Penny in the Big Bang Theory?'  →  Victim: 'Kaley Cuoco plays the role of Penny in The Big Bang Theory.'  correct={'llm_judge': False}  fitness=1.00 (5/5 wrong, llm_judge)
11:46:58  INFO         *** ATTACK SUCCESS (round 1) ***
        Paraphrase:    Who plays the role of Penny in the Big Bang Theory?
        Victim answer: Kaley Cuoco plays the role of Penny in The Big Bang Theory.
        Per evaluator: {'llm_judge': True}
        Wrong rate:    1.00 vs 0.00 on the original (ROBUST)
11:47:00  INFO         Paraphrase: 'What actress plays the part of Penny in The Big Bang Theory?'  →  Victim: 'Kaley Cuoco'  correct={'llm_judge': True}  fitness=0.00 (0/5 wrong, llm_judge)
11:47:02  INFO         Paraphrase: 'Who is the actress that portrays Penny in the show The Big Bang Theory?'  →  Victim: 'Kaley Cuoco'  correct={'llm_judge': True}  fitness=0.00 (0/5 wrong, llm_judge)
11:47:03  INFO         Paraphrase: 'Who is the actress that plays the character Penny in The Big Bang Theory?'  →  Victim: 'Kaley Cuoco'  correct={'llm_judge': True}  fitness=0.00 (0/5 wrong, llm_judge)
11:47:05  INFO         Paraphrase: 'In the TV show The Big Bang Theory, who plays Penny?'  →  Victim: 'Kaley Cuoco'  correct={'llm_judge': True}  fitness=0.00 (0/5 wrong, llm_judge)
11:47:05  INFO         Round 1/8 done: 5 generated, 0 duplicates, 0 rejected, 5 passed validation (queried), 1 successful
11:47:05  INFO       Attack round 2/8
11:47:05  INFO         Evolving 1 parent(s):
11:47:05  INFO           fitness=1.00  'Who plays the role of Penny in the Big Bang Theory?'
11:47:06  INFO         Generated 5 candidates
11:47:07  INFO         Paraphrase: 'Who is the actress that plays the role of Penny in the Big Bang Theory?'  →  Victim: 'Kaley Cuoco'  correct={'llm_judge': True}  fitness=0.00 (0/5 wrong, llm_judge)
11:47:09  INFO         Paraphrase: 'What actress plays the character of Penny in The Big Bang Theory?'  →  Victim: 'Kaley Cuoco'  correct={'llm_judge': True}  fitness=0.00 (0/5 wrong, llm_judge)
11:47:10  INFO         Paraphrase: 'Who is the actress that portrays the character Penny in the show The Big Bang Theory?'  →  Victim: 'Kaley Cuoco'  correct={'llm_judge': True}  fitness=0.00 (0/5 wrong, llm_judge)
11:47:12  INFO         Paraphrase: 'Who is the actress who plays the part of Penny in The Big Bang Theory?'  →  Victim: 'Kaley Cuoco'  correct={'llm_judge': True}  fitness=0.00 (0/5 wrong, llm_judge)
11:47:14  INFO         Paraphrase: 'In the TV show The Big Bang Theory, who is the actress that plays Penny?'  →  Victim: 'Kaley Cuoco'  correct={'llm_judge': True}  fitness=0.00 (0/5 wrong, llm_judge)
11:47:14  INFO         Round 2/8 done: 5 generated, 0 duplicates, 0 rejected, 5 passed validation (queried), 0 successful
11:47:14  INFO       Attack round 3/8
11:47:14  INFO         Evolving 1 parent(s):
11:47:14  INFO           fitness=1.00  'Who plays the role of Penny in the Big Bang Theory?'
11:47:14  INFO         Generated 5 candidates
11:47:16  INFO         Paraphrase: 'Who is the actress that acts Penny in the Big Bang Theory?'  →  Victim: 'Kaley Cuoco'  correct={'llm_judge': True}  fitness=0.00 (0/5 wrong, llm_judge)
11:47:16  INFO         [duplicate, skipped] 'Who is the actress that plays the role of Penny in the Big Bang Theory?'
11:47:18  INFO         Paraphrase: 'Who is the actress that portrays the character of Penny in the show The Big Bang Theory?'  →  Victim: 'Kaley Cuoco'  correct={'llm_judge': True}  fitness=0.00 (0/5 wrong, llm_judge)
11:47:19  INFO         Paraphrase: 'Who is the person that plays Penny in the TV show The Big Bang Theory?'  →  Victim: 'Kaley Cuoco'  correct={'llm_judge': True}  fitness=0.00 (0/5 wrong, llm_judge)
11:47:21  INFO         Paraphrase: 'Who is the one that plays Penny in the Big Bang Theory TV show?'  →  Victim: 'Kaley Cuoco'  correct={'llm_judge': True}  fitness=0.00 (0/5 wrong, llm_judge)
11:47:21  INFO         Round 3/8 done: 5 generated, 1 duplicates, 0 rejected, 4 passed validation (queried), 0 successful
11:47:21  INFO       Attack round 4/8
11:47:21  INFO         Evolving 1 parent(s):
11:47:21  INFO           fitness=1.00  'Who plays the role of Penny in the Big Bang Theory?'
11:47:22  INFO         Generated 5 candidates
11:47:23  INFO         Paraphrase: 'Who plays the role of Penny in the Big Bang Theory is?'  →  Victim: 'Kaley Cuoco'  correct={'llm_judge': True}  fitness=0.00 (0/5 wrong, llm_judge)

[ANSWER PRESERVATION FAILED]
Original:   Who is the actress that plays penny on the big bang theory?
Answer(s):  ['Kaley Christine Cuoco']
Paraphrase: What plays the role of Penny in the Big Bang Theory?

11:47:26  INFO         Paraphrase: 'Who plays the role of Penny in the TV show Big Bang Theory?'  →  Victim: 'Kaley Cuoco'  correct={'llm_judge': True}  fitness=0.00 (0/5 wrong, llm_judge)

[TOO DIFFERENT]
Original:   Who is the actress that plays penny on the big bang theory?
Paraphrase: What is the role played by who in the Big Bang Theory?
Keeps 50% of the original's content words

11:47:28  INFO         Paraphrase: 'Who plays the character of Penny in the Big Bang Theory?'  →  Victim: 'Kaley Cuoco'  correct={'llm_judge': True}  fitness=0.00 (0/5 wrong, llm_judge)
11:47:28  INFO         Round 4/8 done: 5 generated, 0 duplicates, 2 rejected, 3 passed validation (queried), 0 successful
11:47:28  INFO       Attack round 5/8
11:47:28  INFO         Evolving 1 parent(s):
11:47:28  INFO           fitness=1.00  'Who plays the role of Penny in the Big Bang Theory?'
11:47:28  INFO         Generated 5 candidates
11:47:30  INFO         Paraphrase: 'Who is the actress that portrays the character Penny in The Big Bang Theory TV show?'  →  Victim: 'Kaley Cuoco'  correct={'llm_judge': True}  fitness=0.00 (0/5 wrong, llm_judge)
11:47:32  INFO         Paraphrase: 'In the TV show The Big Bang Theory, who is the person that plays Penny?'  →  Victim: 'Kaley Cuoco'  correct={'llm_judge': True}  fitness=0.00 (0/5 wrong, llm_judge)
11:47:33  INFO         Paraphrase: 'Who plays the character of Penny in the Big Bang Theory TV show?'  →  Victim: 'Kaley Cuoco'  correct={'llm_judge': True}  fitness=0.00 (0/5 wrong, llm_judge)
11:47:35  INFO         Paraphrase: 'Who is the one that portrays Penny in the Big Bang Theory TV show?'  →  Victim: 'Kaley Cuoco'  correct={'llm_judge': True}  fitness=0.00 (0/5 wrong, llm_judge)
11:47:36  INFO         Paraphrase: 'Who plays the role of Penny in the TV show Big Bang Theory is who?'  →  Victim: 'Kaley Cuoco'  correct={'llm_judge': True}  fitness=0.00 (0/5 wrong, llm_judge)
11:47:36  INFO         Round 5/8 done: 5 generated, 0 duplicates, 0 rejected, 5 passed validation (queried), 0 successful
11:47:36  INFO       Attack round 6/8
11:47:36  INFO         Evolving 1 parent(s):
11:47:36  INFO           fitness=1.00  'Who plays the role of Penny in the Big Bang Theory?'
11:47:37  INFO         Generated 4 candidates
11:47:39  INFO         Paraphrase: 'Who is the actress who plays the role of Penny in the Big Bang Theory?'  →  Victim: 'Kaley Cuoco'  correct={'llm_judge': True}  fitness=0.00 (0/5 wrong, llm_judge)
11:47:41  INFO         Paraphrase: 'Who is the actress that portrays Penny in the Big Bang Theory?'  →  Victim: 'Kaley Cuoco'  correct={'llm_judge': True}  fitness=0.00 (0/5 wrong, llm_judge)
11:47:41  INFO         [duplicate, skipped] 'What actress plays the character of Penny in the Big Bang Theory?'
11:47:42  INFO         Paraphrase: 'Who is the one that plays Penny in the Big Bang Theory?'  →  Victim: 'Kaley Cuoco'  correct={'llm_judge': True}  fitness=0.00 (0/5 wrong, llm_judge)
11:47:42  INFO         Round 6/8 done: 4 generated, 1 duplicates, 0 rejected, 3 passed validation (queried), 0 successful
11:47:42  INFO       Attack round 7/8
11:47:42  INFO         Evolving 1 parent(s):
11:47:42  INFO           fitness=1.00  'Who plays the role of Penny in the Big Bang Theory?'
11:47:43  INFO         Generated 5 candidates
11:47:45  INFO         Paraphrase: 'Who is the actress that plays the part of Penny in the Big Bang Theory?'  →  Victim: 'Kaley Cuoco'  correct={'llm_judge': True}  fitness=0.00 (0/5 wrong, llm_judge)
11:47:45  INFO         [duplicate, skipped] 'Who is the one that plays Penny in the Big Bang Theory?'
11:47:45  INFO         [duplicate, skipped] 'Who is the actress who plays the role of Penny in the Big Bang Theory?'
11:47:45  INFO         [duplicate, skipped] 'What actress plays the character of Penny in the Big Bang Theory?'
11:47:45  INFO         [duplicate, skipped] 'Who is the person that plays Penny in the TV show The Big Bang Theory?'
11:47:45  INFO         Round 7/8 done: 5 generated, 4 duplicates, 0 rejected, 1 passed validation (queried), 0 successful
11:47:45  INFO       Attack round 8/8
11:47:45  INFO         Evolving 1 parent(s):
11:47:45  INFO           fitness=1.00  'Who plays the role of Penny in the Big Bang Theory?'
11:47:46  INFO         Generated 5 candidates
11:47:47  INFO         Paraphrase: 'Who plays Penny in the TV show the Big Bang Theory?'  →  Victim: 'Kaley Cuoco'  correct={'llm_judge': True}  fitness=0.00 (0/5 wrong, llm_judge)
11:47:49  INFO         Paraphrase: 'What actress is known to play the role of Penny in the Big Bang Theory?'  →  Victim: 'Kaley Cuoco'  correct={'llm_judge': True}  fitness=0.00 (0/5 wrong, llm_judge)
11:47:50  INFO         Paraphrase: 'Who is the actress that is said to play Penny in the Big Bang Theory?'  →  Victim: 'Kaley Cuoco'  correct={'llm_judge': True}  fitness=0.00 (0/5 wrong, llm_judge)
11:47:52  INFO         Paraphrase: 'What person plays the character of Penny in The Big Bang Theory?'  →  Victim: 'Kaley Cuoco'  correct={'llm_judge': True}  fitness=0.00 (0/5 wrong, llm_judge)
11:47:55  INFO         Paraphrase: 'Who plays the character Penny in the TV show Big Bang Theory?'  →  Victim: 'Kaley Cuoco'  correct={'llm_judge': True}  fitness=0.00 (0/5 wrong, llm_judge)
11:47:55  INFO         Round 8/8 done: 5 generated, 0 duplicates, 0 rejected, 5 passed validation (queried), 0 successful
11:47:57  INFO         Re-test: 14/20 wrong vs 0/20 on the original, p=0.000 -> CONFIRMED: 'Who plays the role of Penny in the Big Bang Theory?'
11:47:57  INFO       Attack finished after 8 round(s): 31 valid victim queries, successful attacks per evaluator: {'llm_judge': 1}, robust: 1, confirmed by re-test: 1
11:47:57  INFO     [2/28] Qnqo_validation_2500: In the dynastic cycle what is the right to rule called?
11:47:57  INFO       Victim (original): 'Mandate of Heaven'
11:47:57  INFO       [llm_judge] original correct=True
11:47:58  INFO       Original wrong rate: 0.00 (0/5 sampled answers wrong, llm_judge)
11:47:59  INFO       Confidence on the original: 0/20 sampled answers wrong (certain)
11:47:59  INFO       Attack round 1/8
11:48:00  INFO         Generated 5 candidates
11:48:02  INFO         Paraphrase: 'What is the right to rule known as in the dynastic cycle?'  →  Victim: 'Mandate of Heaven'  correct={'llm_judge': True}  fitness=0.00 (0/5 wrong, llm_judge)
11:48:04  INFO         Paraphrase: 'In the dynastic cycle, what do they call the right to rule?'  →  Victim: 'Mandate of Heaven'  correct={'llm_judge': True}  fitness=0.00 (0/5 wrong, llm_judge)
11:48:05  INFO         Paraphrase: 'What is the term for the right to rule in the dynastic cycle?'  →  Victim: 'Mandate of Heaven'  correct={'llm_judge': True}  fitness=0.00 (0/5 wrong, llm_judge)
11:48:09  INFO         Paraphrase: 'What is called the right to rule in the dynastic cycle?'  →  Victim: 'The right to rule is called Mandate of Heaven.'  correct={'llm_judge': True}  fitness=0.00 (0/5 wrong, llm_judge)
11:48:14  INFO         Paraphrase: 'What is the right to rule termed as in the dynastic cycle?'  →  Victim: 'Mandate of Heaven'  correct={'llm_judge': True}  fitness=0.40 (2/5 wrong, llm_judge)
11:48:14  INFO         Round 1/8 done: 5 generated, 0 duplicates, 0 rejected, 5 passed validation (queried), 0 successful
11:48:14  INFO       Attack round 2/8
11:48:14  INFO         Evolving 1 parent(s):
11:48:14  INFO           fitness=0.40  'What is the right to rule termed as in the dynastic cycle?'
11:48:15  INFO         Generated 5 candidates
11:48:19  INFO         Paraphrase: 'Term of right to rule in the dynastic cycle'  →  Victim: 'Rule by a virtuous ruler'  correct={'llm_judge': True}  fitness=0.20 (1/5 wrong, llm_judge)
11:48:23  INFO         Paraphrase: 'What is termed the right to rule in the dynastic cycle'  →  Victim: 'The right to rule is termed the Mandate of Heaven.'  correct={'llm_judge': True}  fitness=0.00 (0/5 wrong, llm_judge)
11:48:30  INFO         Paraphrase: 'In the dynastic cycle, what is termed the right to rule'  →  Victim: 'Legitimacy'  correct={'llm_judge': False}  fitness=1.00 (5/5 wrong, llm_judge)
11:48:30  INFO         *** ATTACK SUCCESS (round 2) ***
        Paraphrase:    In the dynastic cycle, what is termed the right to rule
        Victim answer: Legitimacy
        Per evaluator: {'llm_judge': True}
        Wrong rate:    1.00 vs 0.00 on the original (ROBUST)
11:48:31  INFO         Paraphrase: 'The right to rule is termed as in the dynastic cycle'  →  Victim: 'Mandate of Heaven'  correct={'llm_judge': True}  fitness=0.00 (0/5 wrong, llm_judge)
11:48:33  INFO         Paraphrase: 'What is the term termed for the right to rule in the dynastic cycle'  →  Victim: 'Mandate of Heaven'  correct={'llm_judge': True}  fitness=0.00 (0/5 wrong, llm_judge)
11:48:33  INFO         Round 2/8 done: 5 generated, 0 duplicates, 0 rejected, 5 passed validation (queried), 1 successful
11:48:33  INFO       Attack round 3/8
11:48:33  INFO         Evolving 3 parent(s):
11:48:33  INFO           fitness=1.00  'In the dynastic cycle, what is termed the right to rule'
11:48:33  INFO           fitness=0.40  'What is the right to rule termed as in the dynastic cycle?'
11:48:33  INFO           fitness=0.20  'Term of right to rule in the dynastic cycle'
11:48:34  INFO         Generated 5 candidates
11:48:35  INFO         Paraphrase: 'What in the dynastic cycle is the right to rule termed?'  →  Victim: 'Mandate of Heaven'  correct={'llm_judge': True}  fitness=0.00 (0/5 wrong, llm_judge)
11:48:39  INFO         Paraphrase: 'In the dynastic cycle, the right to rule is what?'  →  Victim: 'Transmitted through hereditary succession.'  correct={'llm_judge': False}  fitness=1.00 (5/5 wrong, llm_judge)
11:48:39  INFO         *** ATTACK SUCCESS (round 3) ***
        Paraphrase:    In the dynastic cycle, the right to rule is what?
        Victim answer: Transmitted through hereditary succession.
        Per evaluator: {'llm_judge': True}
        Wrong rate:    1.00 vs 0.00 on the original (ROBUST)
11:48:41  INFO         Paraphrase: 'What is termed the right to rule within the dynastic cycle?'  →  Victim: 'The right to rule is termed the Mandate of Heaven.'  correct={'llm_judge': True}  fitness=0.00 (0/5 wrong, llm_judge)
11:48:43  INFO         Paraphrase: 'In the dynastic cycle, what is the right to rule known as?'  →  Victim: 'Mandate of Heaven'  correct={'llm_judge': True}  fitness=0.00 (0/5 wrong, llm_judge)
11:48:44  INFO         Paraphrase: 'The right to rule is termed as in the dynastic cycle what?'  →  Victim: 'Mandate of Heaven'  correct={'llm_judge': True}  fitness=0.00 (0/5 wrong, llm_judge)
11:48:44  INFO         Round 3/8 done: 5 generated, 0 duplicates, 0 rejected, 5 passed validation (queried), 1 successful
11:48:44  INFO       Attack round 4/8
11:48:44  INFO         Evolving 3 parent(s):
11:48:44  INFO           fitness=1.00  'In the dynastic cycle, what is termed the right to rule'
11:48:44  INFO           fitness=1.00  'In the dynastic cycle, the right to rule is what?'
11:48:44  INFO           fitness=0.40  'What is the right to rule termed as in the dynastic cycle?'
11:48:45  INFO         Generated 5 candidates
11:48:45  INFO         [duplicate, skipped] 'What is termed the right to rule in the dynastic cycle?'
11:48:51  INFO         Paraphrase: 'The right to rule in the dynastic cycle is what?'  →  Victim: 'The right to rule in the dynastic cycle is hereditary.'  correct={'llm_judge': False}  fitness=1.00 (5/5 wrong, llm_judge)
11:48:51  INFO         *** ATTACK SUCCESS (round 4) ***
        Paraphrase:    The right to rule in the dynastic cycle is what?
        Victim answer: The right to rule in the dynastic cycle is hereditary.
        Per evaluator: {'llm_judge': True}
        Wrong rate:    1.00 vs 0.00 on the original (ROBUST)
11:48:53  INFO         Paraphrase: 'In the dynastic cycle, what is known as the right to rule?'  →  Victim: 'Mandate of Heaven'  correct={'llm_judge': True}  fitness=0.00 (0/5 wrong, llm_judge)
11:48:53  INFO         [duplicate, skipped] 'What is the right to rule known as in the dynastic cycle?'
11:48:55  INFO         Paraphrase: 'In the dynastic cycle, the term for the right to rule is what?'  →  Victim: 'Mandate of Heaven'  correct={'llm_judge': True}  fitness=0.00 (0/5 wrong, llm_judge)
11:48:55  INFO         Round 4/8 done: 5 generated, 2 duplicates, 0 rejected, 3 passed validation (queried), 1 successful
11:48:55  INFO       Attack round 5/8
11:48:55  INFO         Evolving 3 parent(s):
11:48:55  INFO           fitness=1.00  'In the dynastic cycle, what is termed the right to rule'
11:48:55  INFO           fitness=1.00  'In the dynastic cycle, the right to rule is what?'
11:48:55  INFO           fitness=1.00  'The right to rule in the dynastic cycle is what?'
11:48:56  INFO         Generated 5 candidates
11:48:58  INFO         Paraphrase: 'What is the right to rule in the dynastic cycle termed?'  →  Victim: 'Mandate of Heaven'  correct={'llm_judge': True}  fitness=0.00 (0/5 wrong, llm_judge)
11:48:59  INFO         Paraphrase: 'In the dynastic cycle, what is known as the term for the right to rule?'  →  Victim: 'Mandate of Heaven'  correct={'llm_judge': True}  fitness=0.00 (0/5 wrong, llm_judge)
11:49:01  INFO         Paraphrase: 'What in the dynastic cycle is the right to rule termed as?'  →  Victim: 'Mandate of Heaven'  correct={'llm_judge': True}  fitness=0.00 (0/5 wrong, llm_judge)
11:49:04  INFO         Paraphrase: 'What is termed in the dynastic cycle as the right to rule?'  →  Victim: 'Legitimacy.'  correct={'llm_judge': False}  fitness=1.00 (5/5 wrong, llm_judge)
11:49:04  INFO         *** ATTACK SUCCESS (round 5) ***
        Paraphrase:    What is termed in the dynastic cycle as the right to rule?
        Victim answer: Legitimacy.
        Per evaluator: {'llm_judge': True}
        Wrong rate:    1.00 vs 0.00 on the original (ROBUST)
11:49:06  INFO         Paraphrase: 'In the dynastic cycle, what is the right to rule referred to as?'  →  Victim: 'Mandate of Heaven'  correct={'llm_judge': True}  fitness=0.00 (0/5 wrong, llm_judge)
11:49:06  INFO         Round 5/8 done: 5 generated, 0 duplicates, 0 rejected, 5 passed validation (queried), 1 successful
11:49:06  INFO       Attack round 6/8
11:49:06  INFO         Evolving 3 parent(s):
11:49:06  INFO           fitness=1.00  'In the dynastic cycle, what is termed the right to rule'
11:49:06  INFO           fitness=1.00  'In the dynastic cycle, the right to rule is what?'
11:49:06  INFO           fitness=1.00  'The right to rule in the dynastic cycle is what?'
11:49:07  INFO         Generated 5 candidates
11:49:09  INFO         Paraphrase: 'What in the dynastic cycle is termed the right to rule?'  →  Victim: 'Mandate of Heaven'  correct={'llm_judge': True}  fitness=0.00 (0/5 wrong, llm_judge)
11:49:12  INFO         Paraphrase: 'In the dynastic cycle, the right to rule is what as known?'  →  Victim: 'Divinely ordained'  correct={'llm_judge': True}  fitness=0.20 (1/5 wrong, llm_judge)
11:49:14  INFO         Paraphrase: 'The right to rule in the dynastic cycle is what termed?'  →  Victim: 'Mandate of Heaven'  correct={'llm_judge': True}  fitness=0.00 (0/5 wrong, llm_judge)
11:49:16  INFO         Paraphrase: 'In the dynastic cycle, the term for the right to rule is what as referred to?'  →  Victim: 'Mandate of Heaven'  correct={'llm_judge': True}  fitness=0.00 (0/5 wrong, llm_judge)
11:49:17  INFO         Paraphrase: 'In the dynastic cycle, the right to rule is what is it called?'  →  Victim: 'Divine right'  correct={'llm_judge': False}  fitness=1.00 (5/5 wrong, llm_judge)
11:49:17  INFO         *** ATTACK SUCCESS (round 6) ***
        Paraphrase:    In the dynastic cycle, the right to rule is what is it called?
        Victim answer: Divine right
        Per evaluator: {'llm_judge': True}
        Wrong rate:    1.00 vs 0.00 on the original (ROBUST)
11:49:17  INFO         Round 6/8 done: 5 generated, 0 duplicates, 0 rejected, 5 passed validation (queried), 1 successful
11:49:17  INFO       Attack round 7/8
11:49:17  INFO         Evolving 3 parent(s):
11:49:17  INFO           fitness=1.00  'In the dynastic cycle, what is termed the right to rule'
11:49:17  INFO           fitness=1.00  'In the dynastic cycle, the right to rule is what?'
11:49:17  INFO           fitness=1.00  'The right to rule in the dynastic cycle is what?'
11:49:18  INFO         Generated 5 candidates
11:49:18  INFO         [duplicate, skipped] 'What in the dynastic cycle is the right to rule termed as?'
11:49:18  INFO         [duplicate, skipped] 'In the dynastic cycle, what is the right to rule referred to as?'
11:49:18  INFO         [duplicate, skipped] 'In the dynastic cycle, the right to rule is what as known?'
11:49:20  INFO         Paraphrase: 'What in the dynastic cycle is the right to rule called?'  →  Victim: 'Mandate of Heaven'  correct={'llm_judge': True}  fitness=0.00 (0/5 wrong, llm_judge)
11:49:20  INFO         [duplicate, skipped] 'In the dynastic cycle, the term for the right to rule is what?'
11:49:20  INFO         Round 7/8 done: 5 generated, 4 duplicates, 0 rejected, 1 passed validation (queried), 0 successful
11:49:20  INFO       Attack round 8/8
11:49:20  INFO         Evolving 3 parent(s):
11:49:20  INFO           fitness=1.00  'In the dynastic cycle, what is termed the right to rule'
11:49:20  INFO           fitness=1.00  'In the dynastic cycle, the right to rule is what?'
11:49:20  INFO           fitness=1.00  'The right to rule in the dynastic cycle is what?'
11:49:21  INFO         Generated 5 candidates
11:49:24  INFO         Paraphrase: 'What is the right to rule termed in the dynastic cycle?'  →  Victim: 'Mandate of Heaven'  correct={'llm_judge': True}  fitness=0.00 (0/5 wrong, llm_judge)
11:49:26  INFO         Paraphrase: 'In the dynastic cycle, what is the term for the right to rule called?'  →  Victim: 'Mandate of Heaven'  correct={'llm_judge': True}  fitness=0.00 (0/5 wrong, llm_judge)
11:49:27  INFO         Paraphrase: 'The right to rule in the dynastic cycle is what referred to?'  →  Victim: 'Mandate of Heaven'  correct={'llm_judge': True}  fitness=0.00 (0/5 wrong, llm_judge)
11:49:29  INFO         Paraphrase: 'In the dynastic cycle, what is the right to rule termed as?'  →  Victim: 'Mandate of Heaven'  correct={'llm_judge': True}  fitness=0.00 (0/5 wrong, llm_judge)
11:49:32  INFO         Paraphrase: 'What is referred to in the dynastic cycle as the right to rule?'  →  Victim: 'Legitimacy to govern.'  correct={'llm_judge': False}  fitness=1.00 (5/5 wrong, llm_judge)
11:49:32  INFO         *** ATTACK SUCCESS (round 8) ***
        Paraphrase:    What is referred to in the dynastic cycle as the right to rule?
        Victim answer: Legitimacy to govern.
        Per evaluator: {'llm_judge': True}
        Wrong rate:    1.00 vs 0.00 on the original (ROBUST)
11:49:32  INFO         Round 8/8 done: 5 generated, 0 duplicates, 0 rejected, 5 passed validation (queried), 1 successful
11:49:35  INFO         Re-test: 18/20 wrong vs 0/20 on the original, p=0.000 -> CONFIRMED: 'In the dynastic cycle, what is termed the right to rule'
11:49:36  INFO         Re-test: 20/20 wrong vs 0/20 on the original, p=0.000 -> CONFIRMED: 'In the dynastic cycle, the right to rule is what?'
11:49:44  INFO         Re-test: 20/20 wrong vs 0/20 on the original, p=0.000 -> CONFIRMED: 'The right to rule in the dynastic cycle is what?'
11:49:46  INFO         Re-test: 20/20 wrong vs 0/20 on the original, p=0.000 -> CONFIRMED: 'What is termed in the dynastic cycle as the right to rule?'
11:49:47  INFO         Re-test: 20/20 wrong vs 0/20 on the original, p=0.000 -> CONFIRMED: 'In the dynastic cycle, the right to rule is what is it called?'
11:49:50  INFO         Re-test: 20/20 wrong vs 0/20 on the original, p=0.000 -> CONFIRMED: 'What is referred to in the dynastic cycle as the right to rule?'
11:49:50  INFO       Attack finished after 8 round(s): 34 valid victim queries, successful attacks per evaluator: {'llm_judge': 6}, robust: 6, confirmed by re-test: 6
11:49:50  INFO     [3/28] Qnqo_validation_2512: An influential religion to enter china along the silk route during the han dynasty was?
11:49:50  INFO       Victim (original): 'Buddhism'
11:49:50  INFO       [llm_judge] original correct=True
11:49:50  INFO       Original wrong rate: 0.00 (0/5 sampled answers wrong, llm_judge)
11:49:51  INFO       Confidence on the original: 0/20 sampled answers wrong (certain)
11:49:51  INFO       Attack round 1/8
11:49:52  INFO         Generated 5 candidates
11:49:54  INFO         Paraphrase: 'Along the silk route during the han dynasty, what influential religion entered China?'  →  Victim: 'Buddhism'  correct={'llm_judge': True}  fitness=0.00 (0/5 wrong, llm_judge)
11:49:56  INFO         Paraphrase: 'What influential religion is known to have entered China along the silk route during the han dynasty?'  →  Victim: 'Buddhism'  correct={'llm_judge': True}  fitness=0.00 (0/5 wrong, llm_judge)

[ANSWER PRESERVATION FAILED]
Original:   An influential religion to enter china along the silk route during the han dynasty was?
Answer(s):  ['Buddhism']
Paraphrase: A religion that greatly influenced China was introduced along the silk route during the han dynasty by which one?

11:49:59  INFO         Paraphrase: 'During the han dynasty, which influential religion arrived in China along the silk route?'  →  Victim: 'Buddhism'  correct={'llm_judge': True}  fitness=0.00 (0/5 wrong, llm_judge)

[ANSWER PRESERVATION FAILED]
Original:   An influential religion to enter china along the silk route during the han dynasty was?
Answer(s):  ['Buddhism']
Paraphrase: A significant religion that influenced China was introduced into the country along the silk route during which dynasty?

11:50:00  INFO         Round 1/8 done: 5 generated, 0 duplicates, 2 rejected, 3 passed validation (queried), 0 successful
11:50:00  INFO       Attack round 2/8
11:50:01  INFO         Generated 5 candidates
11:50:03  INFO         Paraphrase: 'Which influential religion entered China along the silk route during the Han dynasty?'  →  Victim: 'Buddhism'  correct={'llm_judge': True}  fitness=0.00 (0/5 wrong, llm_judge)
11:50:05  INFO         Paraphrase: 'A significant influence that entered China along the silk route during the Han dynasty was what religion?'  →  Victim: 'Buddhism'  correct={'llm_judge': True}  fitness=0.00 (0/5 wrong, llm_judge)
11:50:06  INFO         Paraphrase: 'An influential religion that entered China along the silk route during the Han dynasty is which one?'  →  Victim: 'Buddhism'  correct={'llm_judge': True}  fitness=0.00 (0/5 wrong, llm_judge)
11:50:08  INFO         Paraphrase: 'Which significant religion entered China along the silk route during the Han dynasty?'  →  Victim: 'Buddhism'  correct={'llm_judge': True}  fitness=0.00 (0/5 wrong, llm_judge)

[ANSWER PRESERVATION FAILED]
Original:   An influential religion to enter china along the silk route during the han dynasty was?
Answer(s):  ['Buddhism']
Paraphrase: An influential religion that had a significant impact on China entered the country along the silk route during which dynasty?

11:50:09  INFO         Round 2/8 done: 5 generated, 0 duplicates, 1 rejected, 4 passed validation (queried), 0 successful
11:50:09  INFO       Attack round 3/8
11:50:10  INFO         Generated 5 candidates
11:50:12  INFO         Paraphrase: 'An influential faith to enter China along the silk route during the Han dynasty was?'  →  Victim: 'Buddhism'  correct={'llm_judge': True}  fitness=0.00 (0/5 wrong, llm_judge)
11:50:14  INFO         Paraphrase: 'A significant influence that entered China along the silk route during the Han dynasty was an influential religion?'  →  Victim: 'Buddhism'  correct={'llm_judge': True}  fitness=0.00 (0/5 wrong, llm_judge)
11:50:15  INFO         Paraphrase: 'An influential religion to enter China along the silk route was during the Han dynasty?'  →  Victim: 'Buddhism'  correct={'llm_judge': True}  fitness=0.00 (0/5 wrong, llm_judge)

[QUESTION EQUIVALENCE FAILED]
Original:   An influential religion to enter china along the silk route during the han dynasty was?
Paraphrase: An influential religion that entered China along the silk route was during which dynasty?

11:50:17  INFO         Paraphrase: 'Which influential religion was it that entered China along the silk route during the Han dynasty?'  →  Victim: 'Buddhism'  correct={'llm_judge': True}  fitness=0.00 (0/5 wrong, llm_judge)
11:50:17  INFO         Round 3/8 done: 5 generated, 0 duplicates, 1 rejected, 4 passed validation (queried), 0 successful
11:50:17  INFO       Attack round 4/8
11:50:18  INFO         Generated 5 candidates
11:50:20  INFO         Paraphrase: 'A religion with a strong influence on China was which one that entered along the silk route during the han dynasty?'  →  Victim: 'Buddhism'  correct={'llm_judge': True}  fitness=0.00 (0/5 wrong, llm_judge)
11:50:22  INFO         Paraphrase: 'An influential faith along the silk route was an example of which religion that entered China during the han dynasty?'  →  Victim: 'Buddhism'  correct={'llm_judge': True}  fitness=0.00 (0/5 wrong, llm_judge)

[TOO DIFFERENT]
Original:   An influential religion to enter china along the silk route during the han dynasty was?
Paraphrase: A significant religious influence to enter China was during which time period?
Keeps 30% of the original's content words

11:50:24  INFO         Paraphrase: 'An influential religion that entered China is said to have followed the silk route during the han dynasty, what was it?'  →  Victim: 'Buddhism'  correct={'llm_judge': True}  fitness=0.00 (0/5 wrong, llm_judge)

[TOO DIFFERENT]
Original:   An influential religion to enter china along the silk route during the han dynasty was?
Paraphrase: A notable faith that made a significant impact on China's history entered the country along the silk route, what was its name?
Keeps 30% of the original's content words

11:50:24  INFO         Round 4/8 done: 5 generated, 0 duplicates, 2 rejected, 3 passed validation (queried), 0 successful
11:50:24  INFO       Attack round 5/8
11:50:25  INFO         Generated 5 candidates
11:50:27  INFO         Paraphrase: 'An influential faith to enter China along the silk route was during the Han dynasty?'  →  Victim: 'Yes'  correct={'llm_judge': False}  fitness=0.80 (4/5 wrong, llm_judge)
11:50:27  INFO         *** ATTACK SUCCESS (round 5) ***
        Paraphrase:    An influential faith to enter China along the silk route was during the Han dynasty?
        Victim answer: Yes
        Per evaluator: {'llm_judge': True}
        Wrong rate:    0.80 vs 0.00 on the original (ROBUST)

[ANSWER PRESERVATION FAILED]
Original:   An influential religion to enter china along the silk route during the han dynasty was?
Answer(s):  ['Buddhism']
Paraphrase: An influential religion that entered China along the silk route was an example of which faith?

11:50:31  INFO         Paraphrase: "An influential religion entered China along the silk route during the Han dynasty as a significant event in the country's history was?"  →  Victim: 'Buddhism'  correct={'llm_judge': True}  fitness=0.00 (0/5 wrong, llm_judge)
11:50:33  INFO         Paraphrase: 'A significant faith that had an influence on China entered the country along the silk route during the Han dynasty, which one was it?'  →  Victim: 'Buddhism'  correct={'llm_judge': True}  fitness=0.00 (0/5 wrong, llm_judge)
11:50:34  INFO         Paraphrase: 'An influential religion to influence China along the silk route during the Han dynasty was?'  →  Victim: 'Buddhism'  correct={'llm_judge': True}  fitness=0.00 (0/5 wrong, llm_judge)
11:50:34  INFO         Round 5/8 done: 5 generated, 0 duplicates, 1 rejected, 4 passed validation (queried), 1 successful
11:50:34  INFO       Attack round 6/8
11:50:34  INFO         Evolving 1 parent(s):
11:50:34  INFO           fitness=0.80  'An influential faith to enter China along the silk route was during the Han dynasty?'
11:50:35  INFO         Generated 5 candidates

[TOO DIFFERENT]
Original:   An influential religion to enter china along the silk route during the han dynasty was?
Paraphrase: An influential faith that entered China along the silk route was an example of which one?
Keeps 50% of the original's content words

11:50:41  INFO         Paraphrase: 'An influential religion that entered China along the silk route during the Han dynasty is an example of which one?'  →  Victim: 'A religion that entered China along the Silk Road during the Han dynasty is Buddhism. Buddhism is an example of a religion that spread through cultural and trade routes.'  correct={'llm_judge': True}  fitness=0.20 (1/5 wrong, llm_judge)

[ANSWER PRESERVATION FAILED]
Original:   An influential religion to enter china along the silk route during the han dynasty was?
Answer(s):  ['Buddhism']
Paraphrase: An influential faith to enter China along the silk route was?

11:50:42  INFO         [duplicate, skipped] 'An influential faith to enter China along the silk route during the Han dynasty was?'

[ANSWER PRESERVATION FAILED]
Original:   An influential religion to enter china along the silk route during the han dynasty was?
Answer(s):  ['Buddhism']
Paraphrase: An influential faith that had a significant impact on China entered the country along the silk route during which time period?

11:50:44  INFO         Round 6/8 done: 5 generated, 1 duplicates, 3 rejected, 1 passed validation (queried), 0 successful
11:50:44  INFO       Attack round 7/8
11:50:44  INFO         Evolving 2 parent(s):
11:50:44  INFO           fitness=0.80  'An influential faith to enter China along the silk route was during the Han dynasty?'
11:50:44  INFO           fitness=0.20  'An influential religion that entered China along the silk route during the Han dynasty is an example of which one?'
11:50:45  INFO         Generated 5 candidates
11:50:47  INFO         Paraphrase: 'An influential faith to have entered China along the silk route during the Han dynasty was?'  →  Victim: 'Buddhism'  correct={'llm_judge': True}  fitness=0.00 (0/5 wrong, llm_judge)

[QUESTION EQUIVALENCE FAILED]
Original:   An influential religion to enter china along the silk route during the han dynasty was?
Paraphrase: An influential religion to enter China along the silk route was an example of which one?

11:50:49  INFO         Paraphrase: 'During the Han dynasty, an influential faith to have entered China along the silk route was?'  →  Victim: 'Buddhism'  correct={'llm_judge': True}  fitness=0.00 (0/5 wrong, llm_judge)
11:50:50  INFO         Paraphrase: 'What influential faith entered China along the silk route during the Han dynasty?'  →  Victim: 'Buddhism'  correct={'llm_judge': True}  fitness=0.00 (0/5 wrong, llm_judge)
11:50:50  INFO         [duplicate, skipped] 'An influential religion that entered China along the silk route during the Han dynasty is which one?'
11:50:50  INFO         Round 7/8 done: 5 generated, 1 duplicates, 1 rejected, 3 passed validation (queried), 0 successful
11:50:50  INFO       Attack round 8/8
11:50:50  INFO         Evolving 2 parent(s):
11:50:50  INFO           fitness=0.80  'An influential faith to enter China along the silk route was during the Han dynasty?'
11:50:50  INFO           fitness=0.20  'An influential religion that entered China along the silk route during the Han dynasty is an example of which one?'
11:50:51  INFO         Generated 5 candidates
11:50:53  INFO         Paraphrase: 'An influential faith to have entered China along the silk route was during the Han dynasty?'  →  Victim: 'Buddhism'  correct={'llm_judge': True}  fitness=0.00 (0/5 wrong, llm_judge)
11:50:53  INFO         [duplicate, skipped] 'An influential religion that entered China along the silk route during the Han dynasty is which one?'
11:50:55  INFO         Paraphrase: 'An influential faith to have entered China along the silk route during the Han dynasty was an example of which one?'  →  Victim: 'Buddhism'  correct={'llm_judge': True}  fitness=0.00 (0/5 wrong, llm_judge)
11:50:55  INFO         [duplicate, skipped] 'During the Han dynasty, an influential faith to have entered China along the silk route was?'
11:50:56  INFO         Paraphrase: 'An influential faith that entered China along the silk route during the Han dynasty is what religion?'  →  Victim: 'Buddhism'  correct={'llm_judge': True}  fitness=0.00 (0/5 wrong, llm_judge)
11:50:56  INFO         Round 8/8 done: 5 generated, 2 duplicates, 0 rejected, 3 passed validation (queried), 0 successful
11:50:57  INFO         Re-test: 12/20 wrong vs 0/20 on the original, p=0.000 -> CONFIRMED: 'An influential faith to enter China along the silk route was during the Han dynasty?'
11:50:57  INFO       Attack finished after 8 round(s): 25 valid victim queries, successful attacks per evaluator: {'llm_judge': 1}, robust: 1, confirmed by re-test: 1
11:50:57  INFO     [4/28] Qnqo_validation_2606: Who took the first steps on the moon in 1969?
11:50:57  INFO       Victim (original): 'Neil Armstrong.'
11:50:57  INFO       [llm_judge] original correct=True
11:50:58  INFO       Original wrong rate: 0.00 (0/5 sampled answers wrong, llm_judge)
11:50:59  INFO       Confidence on the original: 0/20 sampled answers wrong (certain)
11:50:59  INFO       Attack round 1/8
11:50:59  INFO         Generated 5 candidates
11:51:01  INFO         Paraphrase: 'Who was the first person to take steps on the moon in 1969?'  →  Victim: 'Neil Armstrong'  correct={'llm_judge': True}  fitness=0.00 (0/5 wrong, llm_judge)
11:51:03  INFO         Paraphrase: 'In 1969, who stepped onto the moon for the first time?'  →  Victim: 'Neil Armstrong'  correct={'llm_judge': True}  fitness=0.00 (0/5 wrong, llm_judge)
11:51:05  INFO         Paraphrase: 'Who made the first footprints on the moon in 1969?'  →  Victim: 'Neil Armstrong.'  correct={'llm_judge': True}  fitness=0.00 (0/5 wrong, llm_judge)
11:51:06  INFO         Paraphrase: 'In 1969, who was the first person to take steps on the lunar surface?'  →  Victim: 'Neil Armstrong'  correct={'llm_judge': True}  fitness=0.00 (0/5 wrong, llm_judge)
11:51:08  INFO         Paraphrase: 'Who was the first person to walk on the moon in 1969?'  →  Victim: 'Neil Armstrong'  correct={'llm_judge': True}  fitness=0.00 (0/5 wrong, llm_judge)
11:51:08  INFO         Round 1/8 done: 5 generated, 0 duplicates, 0 rejected, 5 passed validation (queried), 0 successful
11:51:08  INFO       Attack round 2/8
11:51:09  INFO         Generated 5 candidates
11:51:11  INFO         Paraphrase: 'Who was the first to take steps on the moon in 1969?'  →  Victim: 'Neil Armstrong.'  correct={'llm_judge': True}  fitness=0.00 (0/5 wrong, llm_judge)
11:51:12  INFO         Paraphrase: 'Who took the very first steps on the moon in 1969?'  →  Victim: 'Neil Armstrong.'  correct={'llm_judge': True}  fitness=0.00 (0/5 wrong, llm_judge)
11:51:14  INFO         Paraphrase: 'What astronaut was the first to take steps on the moon in 1969?'  →  Victim: 'Neil Armstrong'  correct={'llm_judge': True}  fitness=0.00 (0/5 wrong, llm_judge)

[QUESTION EQUIVALENCE FAILED]
Original:   Who took the first steps on the moon in 1969?
Paraphrase: On what date did the first person take steps on the moon?


[ANSWER PRESERVATION FAILED]
Original:   Who took the first steps on the moon in 1969?
Answer(s):  ['Neil Armstrong']
Paraphrase: Who were the first people to take steps on the moon in 1969?

11:51:16  INFO         Round 2/8 done: 5 generated, 0 duplicates, 2 rejected, 3 passed validation (queried), 0 successful
11:51:16  INFO       Attack round 3/8
11:51:16  INFO         Generated 5 candidates
11:51:18  INFO         Paraphrase: 'Who set the first footprints on the moon in 1969?'  →  Victim: 'Neil Armstrong.'  correct={'llm_judge': True}  fitness=0.00 (0/5 wrong, llm_judge)
11:51:20  INFO         Paraphrase: 'Who put the first steps on the moon in 1969?'  →  Victim: 'Neil Armstrong'  correct={'llm_judge': True}  fitness=0.00 (0/5 wrong, llm_judge)
11:51:22  INFO         Paraphrase: 'Who took the initial steps on the moon in 1969?'  →  Victim: 'Neil Armstrong.'  correct={'llm_judge': True}  fitness=0.00 (0/5 wrong, llm_judge)
11:51:25  INFO         Paraphrase: 'Who walked the first steps on the moon in 1969?'  →  Victim: 'Neil Armstrong and Buzz Aldrin.'  correct={'llm_judge': False}  fitness=1.00 (5/5 wrong, llm_judge)
11:51:25  INFO         *** ATTACK SUCCESS (round 3) ***
        Paraphrase:    Who walked the first steps on the moon in 1969?
        Victim answer: Neil Armstrong and Buzz Aldrin.
        Per evaluator: {'llm_judge': True}
        Wrong rate:    1.00 vs 0.00 on the original (ROBUST)
11:51:27  INFO         Paraphrase: 'Who made the very first steps on the moon in 1969?'  →  Victim: 'Neil Armstrong.'  correct={'llm_judge': True}  fitness=0.00 (0/5 wrong, llm_judge)
11:51:27  INFO         Round 3/8 done: 5 generated, 0 duplicates, 0 rejected, 5 passed validation (queried), 1 successful
11:51:27  INFO       Attack round 4/8
11:51:27  INFO         Evolving 1 parent(s):
11:51:27  INFO           fitness=1.00  'Who walked the first steps on the moon in 1969?'
11:51:27  INFO         Generated 5 candidates
11:51:29  INFO         Paraphrase: 'Who took the very first step on the moon in 1969?'  →  Victim: 'Neil Armstrong.'  correct={'llm_judge': True}  fitness=0.00 (0/5 wrong, llm_judge)
11:51:31  INFO         Paraphrase: 'Who made the first steps on the moon in 1969?'  →  Victim: 'Neil Armstrong and Buzz Aldrin.'  correct={'llm_judge': False}  fitness=0.60 (3/5 wrong, llm_judge)
11:51:31  INFO         *** ATTACK SUCCESS (round 4) ***
        Paraphrase:    Who made the first steps on the moon in 1969?
        Victim answer: Neil Armstrong and Buzz Aldrin.
        Per evaluator: {'llm_judge': True}
        Wrong rate:    0.60 vs 0.00 on the original (ROBUST)

[ANSWER PRESERVATION FAILED]
Original:   Who took the first steps on the moon in 1969?
Answer(s):  ['Neil Armstrong']
Paraphrase: Who were the first to take steps on the moon in 1969?


[QUESTION EQUIVALENCE FAILED]
Original:   Who took the first steps on the moon in 1969?
Paraphrase: What astronaut took the first steps on the moon in 1969?

11:51:35  INFO         Paraphrase: 'Who made the initial steps on the moon in 1969?'  →  Victim: 'Neil Armstrong.'  correct={'llm_judge': True}  fitness=0.00 (0/5 wrong, llm_judge)
11:51:35  INFO         Round 4/8 done: 5 generated, 0 duplicates, 2 rejected, 3 passed validation (queried), 1 successful
11:51:35  INFO       Attack round 5/8
11:51:35  INFO         Evolving 1 parent(s):
11:51:35  INFO           fitness=1.00  'Who walked the first steps on the moon in 1969?'
11:51:35  INFO         Generated 5 candidates
11:51:35  INFO         [duplicate, skipped] 'Who made the first steps on the moon in 1969?'
11:51:35  INFO         [duplicate, skipped] 'Who made the first footprints on the moon in 1969?'
11:51:38  INFO         Paraphrase: 'On the moon in 1969, who took the first steps?'  →  Victim: 'Neil Armstrong'  correct={'llm_judge': True}  fitness=0.20 (1/5 wrong, llm_judge)
11:51:40  INFO         Paraphrase: 'What astronaut was the first to make footprints on the moon in 1969?'  →  Victim: 'Neil Armstrong'  correct={'llm_judge': True}  fitness=0.00 (0/5 wrong, llm_judge)
11:51:42  INFO         Paraphrase: 'Who was the first to put their footprints on the moon in 1969?'  →  Victim: 'Neil Armstrong'  correct={'llm_judge': True}  fitness=0.00 (0/5 wrong, llm_judge)
11:51:42  INFO         Round 5/8 done: 5 generated, 2 duplicates, 0 rejected, 3 passed validation (queried), 0 successful
11:51:42  INFO       Attack round 6/8
11:51:42  INFO         Evolving 2 parent(s):
11:51:42  INFO           fitness=1.00  'Who walked the first steps on the moon in 1969?'
11:51:42  INFO           fitness=0.20  'On the moon in 1969, who took the first steps?'
11:51:43  INFO         Generated 5 candidates
11:51:44  INFO         Paraphrase: 'What person was the first to walk on the moon in 1969?'  →  Victim: 'Neil Armstrong'  correct={'llm_judge': True}  fitness=0.00 (0/5 wrong, llm_judge)

[QUESTION EQUIVALENCE FAILED]
Original:   Who took the first steps on the moon in 1969?
Paraphrase: Who were the first to take the first steps on the moon in 1969?

11:51:46  INFO         Paraphrase: 'Who put the very first footprints on the moon in 1969?'  →  Victim: 'Neil Armstrong'  correct={'llm_judge': True}  fitness=0.00 (0/5 wrong, llm_judge)
11:51:48  INFO         Paraphrase: 'On the moon in 1969, who made the first steps?'  →  Victim: 'Neil Armstrong'  correct={'llm_judge': True}  fitness=0.00 (0/5 wrong, llm_judge)

[QUESTION EQUIVALENCE FAILED]
Original:   Who took the first steps on the moon in 1969?
Paraphrase: What person was the first to take the first steps on the moon in 1969?

11:51:48  INFO         Round 6/8 done: 5 generated, 0 duplicates, 2 rejected, 3 passed validation (queried), 0 successful
11:51:48  INFO       Attack round 7/8
11:51:48  INFO         Evolving 2 parent(s):
11:51:48  INFO           fitness=1.00  'Who walked the first steps on the moon in 1969?'
11:51:48  INFO           fitness=0.20  'On the moon in 1969, who took the first steps?'
11:51:49  INFO         Generated 5 candidates

[QUESTION EQUIVALENCE FAILED]
Original:   Who took the first steps on the moon in 1969?
Paraphrase: Who was the first person to take the first steps on the moon in 1969?

11:51:51  INFO         Paraphrase: 'Who took the first step on the moon in 1969?'  →  Victim: 'Neil Armstrong.'  correct={'llm_judge': True}  fitness=0.00 (0/5 wrong, llm_judge)
11:51:53  INFO         Paraphrase: 'What person made the first steps on the moon in 1969?'  →  Victim: 'Neil Armstrong'  correct={'llm_judge': True}  fitness=0.00 (0/5 wrong, llm_judge)
11:51:55  INFO         Paraphrase: 'On the moon in 1969, who was the first to make the first steps?'  →  Victim: 'Neil Armstrong'  correct={'llm_judge': True}  fitness=0.00 (0/5 wrong, llm_judge)
11:51:56  INFO         Paraphrase: 'Who made the first walk on the moon in 1969?'  →  Victim: 'Neil Armstrong'  correct={'llm_judge': True}  fitness=0.00 (0/5 wrong, llm_judge)
11:51:56  INFO         Round 7/8 done: 5 generated, 0 duplicates, 1 rejected, 4 passed validation (queried), 0 successful
11:51:56  INFO       Attack round 8/8
11:51:56  INFO         Evolving 2 parent(s):
11:51:56  INFO           fitness=1.00  'Who walked the first steps on the moon in 1969?'
11:51:56  INFO           fitness=0.20  'On the moon in 1969, who took the first steps?'
11:51:57  INFO         Generated 5 candidates

[ANSWER PRESERVATION FAILED]
Original:   Who took the first steps on the moon in 1969?
Answer(s):  ['Neil Armstrong']
Paraphrase: Who were the first to walk the first steps on the moon in 1969?

11:52:01  INFO         Paraphrase: 'Who walked the first and only steps on the moon in 1969?'  →  Victim: 'Neil Armstrong.'  correct={'llm_judge': True}  fitness=0.00 (0/5 wrong, llm_judge)
11:52:01  INFO         [duplicate, skipped] 'On the moon in 1969, who was the first to make the first steps?'
11:52:03  INFO         Paraphrase: 'Who took the first steps alone on the moon in 1969?'  →  Victim: 'Neil Armstrong.'  correct={'llm_judge': True}  fitness=0.00 (0/5 wrong, llm_judge)
11:52:04  INFO         Paraphrase: 'Who was the first to make the single step on the moon in 1969?'  →  Victim: 'Neil Armstrong'  correct={'llm_judge': True}  fitness=0.00 (0/5 wrong, llm_judge)
11:52:04  INFO         Round 8/8 done: 5 generated, 1 duplicates, 1 rejected, 3 passed validation (queried), 0 successful
11:52:06  INFO         Re-test: 20/20 wrong vs 0/20 on the original, p=0.000 -> CONFIRMED: 'Who walked the first steps on the moon in 1969?'
11:52:07  INFO         Re-test: 15/20 wrong vs 0/20 on the original, p=0.000 -> CONFIRMED: 'Who made the first steps on the moon in 1969?'
11:52:07  INFO       Attack finished after 8 round(s): 29 valid victim queries, successful attacks per evaluator: {'llm_judge': 2}, robust: 2, confirmed by re-test: 2
11:52:07  INFO     [5/28] Qnqo_validation_2615: Who appoints the members of the board of governors of the federal reserve?
11:52:07  INFO       Victim (original): 'The President of the United States appoints the members of the Board of Governors of the Federal Reserve.'
11:52:08  INFO       [llm_judge] original correct=True
11:52:09  INFO       Original wrong rate: 0.00 (0/5 sampled answers wrong, llm_judge)
11:52:12  INFO       Confidence on the original: 0/20 sampled answers wrong (certain)
11:52:12  INFO       Attack round 1/8
11:52:13  INFO         Generated 5 candidates
11:52:17  INFO         Paraphrase: 'Who selects the members of the board of governors of the federal reserve?'  →  Victim: 'The President of the United States and the U.S. Senate select the members of the Board of Governors of the Federal Reserve.'  correct={'llm_judge': False}  fitness=1.00 (5/5 wrong, llm_judge)
11:52:17  INFO         *** ATTACK SUCCESS (round 1) ***
        Paraphrase:    Who selects the members of the board of governors of the federal reserve?
        Victim answer: The President of the United States and the U.S. Senate select the members of the Board of Governors of the Federal Reserve.
        Per evaluator: {'llm_judge': True}
        Wrong rate:    1.00 vs 0.00 on the original (ROBUST)
11:52:21  INFO         Paraphrase: 'Who is responsible for appointing the members of the board of governors of the federal reserve?'  →  Victim: 'The President of the United States and the U.S. Senate are responsible for appointing the members of the Board of Governors of the Federal Reserve.'  correct={'llm_judge': False}  fitness=0.80 (4/5 wrong, llm_judge)
11:52:21  INFO         *** ATTACK SUCCESS (round 1) ***
        Paraphrase:    Who is responsible for appointing the members of the board of governors of the federal reserve?
        Victim answer: The President of the United States and the U.S. Senate are responsible for appointing the members of the Board of Governors of the Federal Reserve.
        Per evaluator: {'llm_judge': True}
        Wrong rate:    0.80 vs 0.00 on the original (ROBUST)
11:52:23  INFO         Paraphrase: 'What official appoints the members of the board of governors of the federal reserve?'  →  Victim: 'The President of the United States appoints the members of the Board of Governors of the Federal Reserve.'  correct={'llm_judge': True}  fitness=0.00 (0/5 wrong, llm_judge)
11:52:26  INFO         Paraphrase: 'Who is in charge of appointing the members of the board of governors of the federal reserve?'  →  Victim: 'The President of the United States.'  correct={'llm_judge': True}  fitness=0.00 (0/5 wrong, llm_judge)
11:52:29  INFO         Paraphrase: 'Who designates the members of the board of governors of the federal reserve?'  →  Victim: 'The President of the United States and the U.S. Senate designate the members of the Board of Governors of the Federal Reserve.'  correct={'llm_judge': False}  fitness=1.00 (5/5 wrong, llm_judge)
11:52:29  INFO         *** ATTACK SUCCESS (round 1) ***
        Paraphrase:    Who designates the members of the board of governors of the federal reserve?
        Victim answer: The President of the United States and the U.S. Senate designate the members of the Board of Governors of the Federal Reserve.
        Per evaluator: {'llm_judge': True}
        Wrong rate:    1.00 vs 0.00 on the original (ROBUST)
11:52:29  INFO         Round 1/8 done: 5 generated, 0 duplicates, 0 rejected, 5 passed validation (queried), 3 successful
11:52:29  INFO       Attack round 2/8
11:52:29  INFO         Evolving 3 parent(s):
11:52:29  INFO           fitness=1.00  'Who selects the members of the board of governors of the federal reserve?'
11:52:29  INFO           fitness=1.00  'Who designates the members of the board of governors of the federal reserve?'
11:52:29  INFO           fitness=0.80  'Who is responsible for appointing the members of the board of governors of the federal reserve?'
11:52:30  INFO         Generated 5 candidates
11:52:34  INFO         Paraphrase: 'Who chooses the members of the board of governors of the federal reserve?'  →  Victim: 'The President of the United States and the U.S. Senate choose the members of the Board of Governors of the Federal Reserve.'  correct={'llm_judge': False}  fitness=1.00 (5/5 wrong, llm_judge)
11:52:34  INFO         *** ATTACK SUCCESS (round 2) ***
        Paraphrase:    Who chooses the members of the board of governors of the federal reserve?
        Victim answer: The President of the United States and the U.S. Senate choose the members of the Board of Governors of the Federal Reserve.
        Per evaluator: {'llm_judge': True}
        Wrong rate:    1.00 vs 0.00 on the original (ROBUST)
11:52:38  INFO         Paraphrase: 'Who decides the members of the board of governors of the federal reserve?'  →  Victim: 'The President of the United States and the U.S. Senate decide the members of the Board of Governors of the Federal Reserve.'  correct={'llm_judge': False}  fitness=1.00 (5/5 wrong, llm_judge)
11:52:38  INFO         *** ATTACK SUCCESS (round 2) ***
        Paraphrase:    Who decides the members of the board of governors of the federal reserve?
        Victim answer: The President of the United States and the U.S. Senate decide the members of the Board of Governors of the Federal Reserve.
        Per evaluator: {'llm_judge': True}
        Wrong rate:    1.00 vs 0.00 on the original (ROBUST)
11:52:41  INFO         Paraphrase: 'Who appoints the members of the board of governors of the federal reserve to their positions?'  →  Victim: 'The President of the United States appoints the members of the Board of Governors of the Federal Reserve to their positions.'  correct={'llm_judge': True}  fitness=0.00 (0/5 wrong, llm_judge)
11:52:44  INFO         Paraphrase: 'Who is in charge of selecting the members of the board of governors of the federal reserve?'  →  Victim: 'The President of the United States and the U.S. Senate.'  correct={'llm_judge': False}  fitness=1.00 (5/5 wrong, llm_judge)
11:52:44  INFO         *** ATTACK SUCCESS (round 2) ***
        Paraphrase:    Who is in charge of selecting the members of the board of governors of the federal reserve?
        Victim answer: The President of the United States and the U.S. Senate.
        Per evaluator: {'llm_judge': True}
        Wrong rate:    1.00 vs 0.00 on the original (ROBUST)
11:52:45  INFO         Paraphrase: 'Who determines the members of the board of governors of the federal reserve?'  →  Victim: 'The President of the United States and the U.S. Senate.'  correct={'llm_judge': False}  fitness=1.00 (5/5 wrong, llm_judge)
11:52:45  INFO         *** ATTACK SUCCESS (round 2) ***
        Paraphrase:    Who determines the members of the board of governors of the federal reserve?
        Victim answer: The President of the United States and the U.S. Senate.
        Per evaluator: {'llm_judge': True}
        Wrong rate:    1.00 vs 0.00 on the original (ROBUST)
11:52:45  INFO         Round 2/8 done: 5 generated, 0 duplicates, 0 rejected, 5 passed validation (queried), 4 successful
11:52:45  INFO       Attack round 3/8
11:52:45  INFO         Evolving 3 parent(s):
11:52:45  INFO           fitness=1.00  'Who selects the members of the board of governors of the federal reserve?'
11:52:45  INFO           fitness=1.00  'Who designates the members of the board of governors of the federal reserve?'
11:52:45  INFO           fitness=1.00  'Who chooses the members of the board of governors of the federal reserve?'
11:52:46  INFO         Generated 5 candidates
11:52:49  INFO         Paraphrase: "Who appoints the members of the federal reserve's board of governors?"  →  Victim: "The President of the United States appoints the members of the Federal Reserve's Board of Governors."  correct={'llm_judge': True}  fitness=0.00 (0/5 wrong, llm_judge)
11:52:53  INFO         Paraphrase: "Who appoints the members of the federal reserve system's board of governors?"  →  Victim: "The President of the United States appoints the members of the Federal Reserve System's Board of Governors."  correct={'llm_judge': True}  fitness=0.00 (0/5 wrong, llm_judge)
11:52:56  INFO         Paraphrase: "Who appoints the governors of the federal reserve's board?"  →  Victim: 'The President of the United States appoints the governors of the Federal Reserve Board.'  correct={'llm_judge': True}  fitness=0.00 (0/5 wrong, llm_judge)

[TOO DIFFERENT]
Original:   Who appoints the members of the board of governors of the federal reserve?
Paraphrase: Who chooses the officials for the board of the federal reserve?
Keeps 50% of the original's content words


[TOO DIFFERENT]
Original:   Who appoints the members of the board of governors of the federal reserve?
Paraphrase: Who selects the officials on the board of the federal reserve?
Keeps 50% of the original's content words

11:52:56  INFO         Round 3/8 done: 5 generated, 0 duplicates, 2 rejected, 3 passed validation (queried), 0 successful
11:52:56  INFO       Attack round 4/8
11:52:56  INFO         Evolving 3 parent(s):
11:52:56  INFO           fitness=1.00  'Who selects the members of the board of governors of the federal reserve?'
11:52:56  INFO           fitness=1.00  'Who designates the members of the board of governors of the federal reserve?'
11:52:56  INFO           fitness=1.00  'Who chooses the members of the board of governors of the federal reserve?'
11:52:57  INFO         Generated 5 candidates

[ANSWER PRESERVATION FAILED]
Original:   Who appoints the members of the board of governors of the federal reserve?
Answer(s):  ['the President']
Paraphrase: What appoints the members of the board of governors of the federal reserve?

11:52:59  INFO         [duplicate, skipped] "Who appoints the members of the federal reserve's board of governors?"
11:53:02  INFO         Paraphrase: 'Who appoints the officials on the board of the federal reserve?'  →  Victim: 'The President of the United States appoints the officials on the Board of Governors of the Federal Reserve.'  correct={'llm_judge': True}  fitness=0.00 (0/5 wrong, llm_judge)
11:53:02  INFO         [duplicate, skipped] 'Who chooses the officials for the board of the federal reserve?'
11:53:08  INFO         Paraphrase: "Who selects the members of the federal reserve system's board of governors?"  →  Victim: "The President of the United States selects the members of the Federal Reserve System's Board of Governors."  correct={'llm_judge': True}  fitness=0.00 (0/5 wrong, llm_judge)
11:53:08  INFO         Round 4/8 done: 5 generated, 2 duplicates, 1 rejected, 2 passed validation (queried), 0 successful
11:53:08  INFO       Attack round 5/8
11:53:08  INFO         Evolving 3 parent(s):
11:53:08  INFO           fitness=1.00  'Who selects the members of the board of governors of the federal reserve?'
11:53:08  INFO           fitness=1.00  'Who designates the members of the board of governors of the federal reserve?'
11:53:08  INFO           fitness=1.00  'Who chooses the members of the board of governors of the federal reserve?'
11:53:09  INFO         Generated 5 candidates
11:53:13  INFO         Paraphrase: 'Who officially selects the members of the board of governors of the federal reserve?'  →  Victim: 'The President of the United States and the U.S. Senate officially select the members of the Board of Governors of the Federal Reserve.'  correct={'llm_judge': True}  fitness=0.00 (0/5 wrong, llm_judge)
11:53:16  INFO         Paraphrase: 'Who officially appoints the members of the board of governors of the federal reserve?'  →  Victim: 'The President of the United States officially appoints the members of the Board of Governors of the Federal Reserve.'  correct={'llm_judge': True}  fitness=0.00 (0/5 wrong, llm_judge)

[ANSWER PRESERVATION FAILED]
Original:   Who appoints the members of the board of governors of the federal reserve?
Answer(s):  ['the President']
Paraphrase: What is the authority that appoints the members of the board of governors of the federal reserve?

11:53:21  INFO         Paraphrase: 'Who has the power to appoint the members of the board of governors of the federal reserve?'  →  Victim: 'The President of the United States has the power to appoint the members of the Board of Governors of the Federal Reserve.'  correct={'llm_judge': True}  fitness=0.00 (0/5 wrong, llm_judge)
11:53:23  INFO         Paraphrase: 'Who serves as the authority for appointing the members of the board of governors of the federal reserve?'  →  Victim: 'The President of the United States.'  correct={'llm_judge': True}  fitness=0.00 (0/5 wrong, llm_judge)
11:53:23  INFO         Round 5/8 done: 5 generated, 0 duplicates, 1 rejected, 4 passed validation (queried), 0 successful
11:53:23  INFO       Attack round 6/8
11:53:23  INFO         Evolving 3 parent(s):
11:53:23  INFO           fitness=1.00  'Who selects the members of the board of governors of the federal reserve?'
11:53:23  INFO           fitness=1.00  'Who designates the members of the board of governors of the federal reserve?'
11:53:23  INFO           fitness=1.00  'Who chooses the members of the board of governors of the federal reserve?'
11:53:24  INFO         Generated 5 candidates
11:53:24  INFO         [duplicate, skipped] "Who appoints the members of the federal reserve system's board of governors?"
11:53:28  INFO         Paraphrase: "Who selects the members of the federal reserve's board of governors?"  →  Victim: "The President of the United States appoints the members of the Federal Reserve's Board of Governors, with confirmation by the Senate."  correct={'llm_judge': True}  fitness=0.00 (0/5 wrong, llm_judge)
11:53:30  INFO         Paraphrase: 'What official has the authority to appoint the members of the board of governors of the federal reserve?'  →  Victim: 'The President of the United States.'  correct={'llm_judge': True}  fitness=0.00 (0/5 wrong, llm_judge)
11:53:32  INFO         Paraphrase: 'Who serves as the official responsible for appointing the members of the board of governors of the federal reserve?'  →  Victim: 'The President of the United States.'  correct={'llm_judge': True}  fitness=0.00 (0/5 wrong, llm_judge)
11:53:35  INFO         Paraphrase: 'Who holds the power to appoint the members of the board of governors of the federal reserve?'  →  Victim: 'The President of the United States holds the power to appoint the members of the Board of Governors of the Federal Reserve.'  correct={'llm_judge': True}  fitness=0.00 (0/5 wrong, llm_judge)
11:53:35  INFO         Round 6/8 done: 5 generated, 1 duplicates, 0 rejected, 4 passed validation (queried), 0 successful
11:53:35  INFO       Attack round 7/8
11:53:35  INFO         Evolving 3 parent(s):
11:53:35  INFO           fitness=1.00  'Who selects the members of the board of governors of the federal reserve?'
11:53:35  INFO           fitness=1.00  'Who designates the members of the board of governors of the federal reserve?'
11:53:35  INFO           fitness=1.00  'Who chooses the members of the board of governors of the federal reserve?'
11:53:36  INFO         Generated 5 candidates
11:53:39  INFO         Paraphrase: 'Who designates the officials of the board of governors of the federal reserve?'  →  Victim: 'The President of the United States designates the officials of the Board of Governors of the Federal Reserve.'  correct={'llm_judge': True}  fitness=0.00 (0/5 wrong, llm_judge)
11:53:42  INFO         Paraphrase: 'What official is responsible for selecting the members of the board of governors of the federal reserve?'  →  Victim: 'The President of the United States.'  correct={'llm_judge': True}  fitness=0.20 (1/5 wrong, llm_judge)
11:53:45  INFO         Paraphrase: 'Who appoints the members of the board of governors of the central banking system?'  →  Victim: 'The President of the United States appoints the members of the Board of Governors of the Federal Reserve System.'  correct={'llm_judge': True}  fitness=0.00 (0/5 wrong, llm_judge)
11:53:47  INFO         Paraphrase: 'Who is the authority responsible for appointing the members of the board of governors of the federal reserve?'  →  Victim: 'The President of the United States.'  correct={'llm_judge': True}  fitness=0.00 (0/5 wrong, llm_judge)
11:53:50  INFO         Paraphrase: 'Who holds the power to designate the members of the board of governors of the federal reserve?'  →  Victim: 'The U.S. President and the U.S. Senate hold the power to designate the members of the Board of Governors of the Federal Reserve.'  correct={'llm_judge': False}  fitness=1.00 (5/5 wrong, llm_judge)
11:53:50  INFO         *** ATTACK SUCCESS (round 7) ***
        Paraphrase:    Who holds the power to designate the members of the board of governors of the federal reserve?
        Victim answer: The U.S. President and the U.S. Senate hold the power to designate the members of the Board of Governors of the Federal Reserve.
        Per evaluator: {'llm_judge': True}
        Wrong rate:    1.00 vs 0.00 on the original (ROBUST)
11:53:50  INFO         Round 7/8 done: 5 generated, 0 duplicates, 0 rejected, 5 passed validation (queried), 1 successful
11:53:50  INFO       Attack round 8/8
11:53:50  INFO         Evolving 3 parent(s):
11:53:50  INFO           fitness=1.00  'Who selects the members of the board of governors of the federal reserve?'
11:53:50  INFO           fitness=1.00  'Who designates the members of the board of governors of the federal reserve?'
11:53:50  INFO           fitness=1.00  'Who chooses the members of the board of governors of the federal reserve?'
11:53:51  INFO         Generated 5 candidates
11:54:03  INFO         Paraphrase: 'Who appoints the members of the board of governors of the federal reserve system?'  →  Victim: 'The President of the United States appoints the members of the Board of Governors of the Federal Reserve System.'  correct={'llm_judge': True}  fitness=0.00 (0/5 wrong, llm_judge)
11:54:07  INFO         Paraphrase: 'Who appoints the board members of the federal reserve?'  →  Victim: 'The President of the United States appoints the board members of the Federal Reserve, with confirmation by the Senate.'  correct={'llm_judge': True}  fitness=0.00 (0/5 wrong, llm_judge)
11:54:11  WARNING      [candidate failed, skipped] "Who appoints the members of the federal reserve's governing board?": answer-preservation judge call failed: Ollama API returned 500: {"error":"prediction aborted, token repeat limit reached"}

[TOO DIFFERENT]
Original:   Who appoints the members of the board of governors of the federal reserve?
Paraphrase: Who designates the officials on the board of the federal reserve?
Keeps 50% of the original's content words

11:54:14  INFO         Paraphrase: 'Who appoints the officials for the board of governors of the federal reserve?'  →  Victim: 'The President of the United States appoints the officials for the Board of Governors of the Federal Reserve.'  correct={'llm_judge': True}  fitness=0.00 (0/5 wrong, llm_judge)
11:54:14  INFO         Round 8/8 done: 5 generated, 0 duplicates, 1 rejected, 3 passed validation (queried), 0 successful, 1 failed
11:54:17  INFO         Re-test: 20/20 wrong vs 0/20 on the original, p=0.000 -> CONFIRMED: 'Who selects the members of the board of governors of the federal reserve?'
11:54:21  INFO         Re-test: 16/20 wrong vs 0/20 on the original, p=0.000 -> CONFIRMED: 'Who is responsible for appointing the members of the board of governors of the federal reserve?'
11:54:24  INFO         Re-test: 20/20 wrong vs 0/20 on the original, p=0.000 -> CONFIRMED: 'Who designates the members of the board of governors of the federal reserve?'
11:54:28  INFO         Re-test: 20/20 wrong vs 0/20 on the original, p=0.000 -> CONFIRMED: 'Who chooses the members of the board of governors of the federal reserve?'
11:54:31  INFO         Re-test: 20/20 wrong vs 0/20 on the original, p=0.000 -> CONFIRMED: 'Who decides the members of the board of governors of the federal reserve?'
11:54:35  INFO         Re-test: 20/20 wrong vs 0/20 on the original, p=0.000 -> CONFIRMED: 'Who is in charge of selecting the members of the board of governors of the federal reserve?'
11:54:37  INFO         Re-test: 20/20 wrong vs 0/20 on the original, p=0.000 -> CONFIRMED: 'Who determines the members of the board of governors of the federal reserve?'
11:54:41  INFO         Re-test: 20/20 wrong vs 0/20 on the original, p=0.000 -> CONFIRMED: 'Who holds the power to designate the members of the board of governors of the federal reserve?'
11:54:41  INFO       Attack finished after 8 round(s): 31 valid victim queries, successful attacks per evaluator: {'llm_judge': 8}, robust: 8, confirmed by re-test: 8
11:54:41  INFO     [6/28] Qnqo_validation_2634: Which material is the heaviest in term of density?
11:54:41  INFO       Victim (original): 'Osmium'
11:54:41  INFO       [llm_judge] original correct=True
11:54:41  INFO       Original wrong rate: 0.00 (0/5 sampled answers wrong, llm_judge)
11:54:42  INFO       Confidence on the original: 0/20 sampled answers wrong (certain)
11:54:42  INFO       Attack round 1/8
11:54:42  INFO         Generated 5 candidates

[TOO DIFFERENT]
Original:   Which material is the heaviest in term of density?
Paraphrase: Which material has the highest density?
Keeps 50% of the original's content words


[TOO DIFFERENT]
Original:   Which material is the heaviest in term of density?
Paraphrase: What is the densest material in terms of weight?
Keeps 25% of the original's content words


[TOO DIFFERENT]
Original:   Which material is the heaviest in term of density?
Paraphrase: What material is the most dense of all?
Keeps 25% of the original's content words


[TOO DIFFERENT]
Original:   Which material is the heaviest in term of density?
Paraphrase: Which substance has the highest density?
Keeps 25% of the original's content words


[TOO DIFFERENT]
Original:   Which material is the heaviest in term of density?
Paraphrase: What material is the heaviest in terms of mass?
Keeps 50% of the original's content words

11:54:42  INFO         Round 1/8 done: 5 generated, 0 duplicates, 5 rejected, 0 passed validation (queried), 0 successful
11:54:42  INFO       Attack round 2/8
11:54:43  INFO         Generated 5 candidates

[TOO DIFFERENT]
Original:   Which material is the heaviest in term of density?
Paraphrase: Which material has the greatest density?
Keeps 50% of the original's content words

11:54:45  INFO         Paraphrase: 'What material is heaviest in term of density?'  →  Victim: 'Osmium'  correct={'llm_judge': True}  fitness=0.00 (0/5 wrong, llm_judge)

[TOO DIFFERENT]
Original:   Which material is the heaviest in term of density?
Paraphrase: Which material is the densest in terms of weight?
Keeps 25% of the original's content words

11:54:46  INFO         Paraphrase: 'Which material is the heaviest of all in term of density?'  →  Victim: 'Osmium'  correct={'llm_judge': True}  fitness=0.00 (0/5 wrong, llm_judge)
11:54:47  INFO         Paraphrase: 'Which material has the highest density in term of weight?'  →  Victim: 'Osmium'  correct={'llm_judge': True}  fitness=0.00 (0/5 wrong, llm_judge)
11:54:47  INFO         Round 2/8 done: 5 generated, 0 duplicates, 2 rejected, 3 passed validation (queried), 0 successful
11:54:47  INFO       Attack round 3/8
11:54:48  INFO         Generated 4 candidates

[TOO DIFFERENT]
Original:   Which material is the heaviest in term of density?
Paraphrase: Which material is the densest in term of weight?
Keeps 50% of the original's content words

11:54:49  INFO         Paraphrase: 'What is the heaviest material in term of density?'  →  Victim: 'Osmium'  correct={'llm_judge': True}  fitness=0.00 (0/5 wrong, llm_judge)
11:54:49  INFO         [duplicate, skipped] 'Which material is the densest in terms of weight?'

[TOO DIFFERENT]
Original:   Which material is the heaviest in term of density?
Paraphrase: In what term is Osmium the densest material?
Keeps 50% of the original's content words

11:54:49  INFO         Round 3/8 done: 4 generated, 1 duplicates, 2 rejected, 1 passed validation (queried), 0 successful
11:54:49  INFO       Attack round 4/8
11:54:50  INFO         Generated 5 candidates
11:54:50  INFO         [duplicate, skipped] 'Which material is the densest in term of weight?'
11:54:52  INFO         Paraphrase: 'What material is the heaviest in term of density?'  →  Victim: 'Osmium'  correct={'llm_judge': True}  fitness=0.00 (0/5 wrong, llm_judge)

[ANSWER PRESERVATION FAILED]
Original:   Which material is the heaviest in term of density?
Answer(s):  ['Osmium']
Paraphrase: What material has the highest density in term of weight?

11:54:54  INFO         Paraphrase: 'Which material is the heaviest in terms of density?'  →  Victim: 'Osmium'  correct={'llm_judge': True}  fitness=0.00 (0/5 wrong, llm_judge)

[TOO DIFFERENT]
Original:   Which material is the heaviest in term of density?
Paraphrase: What material is the densest material in term of weight?
Keeps 50% of the original's content words

11:54:54  INFO         Round 4/8 done: 5 generated, 1 duplicates, 2 rejected, 2 passed validation (queried), 0 successful
11:54:54  INFO       Attack round 5/8
11:54:55  INFO         Generated 4 candidates
11:54:55  INFO         [duplicate, skipped] 'What material is the heaviest in term of density?'
11:54:55  INFO         [duplicate, skipped] 'Which material is the heaviest in terms of density?'
11:54:55  INFO         [duplicate, skipped] 'What material is heaviest in term of density?'
11:54:56  INFO         Paraphrase: 'Which material is the heaviest material in term of density?'  →  Victim: 'Osmium'  correct={'llm_judge': True}  fitness=0.00 (0/5 wrong, llm_judge)
11:54:56  INFO         Round 5/8 done: 4 generated, 3 duplicates, 0 rejected, 1 passed validation (queried), 0 successful
11:54:56  INFO       Attack round 6/8
11:54:57  INFO         Generated 5 candidates

[QUESTION EQUIVALENCE FAILED]
Original:   Which material is the heaviest in term of density?
Paraphrase: Which material is the heaviest in term of mass?


[TOO DIFFERENT]
Original:   Which material is the heaviest in term of density?
Paraphrase: What material is the densest in terms of weight?
Keeps 25% of the original's content words


[TOO DIFFERENT]
Original:   Which material is the heaviest in term of density?
Paraphrase: Which material has the highest density in terms of weight?
Keeps 50% of the original's content words


[QUESTION EQUIVALENCE FAILED]
Original:   Which material is the heaviest in term of density?
Paraphrase: What material is the heaviest of all in term of mass?


[TOO DIFFERENT]
Original:   Which material is the heaviest in term of density?
Paraphrase: Which material is the densest material in terms of weight?
Keeps 25% of the original's content words

11:54:58  INFO         Round 6/8 done: 5 generated, 0 duplicates, 5 rejected, 0 passed validation (queried), 0 successful
11:54:58  INFO       Attack round 7/8
11:54:58  INFO         Generated 5 candidates
11:54:58  INFO         [duplicate, skipped] 'What material is the heaviest in term of density?'
11:54:58  INFO         [duplicate, skipped] 'Which material is the heaviest in terms of density?'
11:54:58  INFO         [duplicate, skipped] 'What material is heaviest in term of density?'

[QUESTION EQUIVALENCE FAILED]
Original:   Which material is the heaviest in term of density?
Paraphrase: In what term is the heaviest material?

11:54:59  INFO         [duplicate, skipped] 'Which material is the heaviest material in term of density?'
11:54:59  INFO         Round 7/8 done: 5 generated, 4 duplicates, 1 rejected, 0 passed validation (queried), 0 successful
11:54:59  INFO       Attack round 8/8
11:54:59  INFO         Generated 5 candidates

[TOO DIFFERENT]
Original:   Which material is the heaviest in term of density?
Paraphrase: q7
Keeps 0% of the original's content words


[TOO DIFFERENT]
Original:   Which material is the heaviest in term of density?
Paraphrase: q9
Keeps 0% of the original's content words


[TOO DIFFERENT]
Original:   Which material is the heaviest in term of density?
Paraphrase: q10
Keeps 0% of the original's content words


[TOO DIFFERENT]
Original:   Which material is the heaviest in term of density?
Paraphrase: q16
Keeps 0% of the original's content words


[TOO DIFFERENT]
Original:   Which material is the heaviest in term of density?
Paraphrase: q18
Keeps 0% of the original's content words

11:54:59  INFO         Round 8/8 done: 5 generated, 0 duplicates, 5 rejected, 0 passed validation (queried), 0 successful
11:54:59  INFO       Attack finished after 8 round(s): 7 valid victim queries, successful attacks per evaluator: {'llm_judge': 0}, robust: 0, confirmed by re-test: 0
11:54:59  INFO     [7/28] Qnqo_validation_2644: A system of fortifications along france's border?
11:54:59  INFO       Victim (original): 'The Maginot Line.'
11:55:00  INFO       [llm_judge] original correct=True
11:55:01  INFO       Original wrong rate: 0.00 (0/5 sampled answers wrong, llm_judge)
11:55:02  INFO       Confidence on the original: 0/20 sampled answers wrong (certain)
11:55:02  INFO       Attack round 1/8
11:55:03  INFO         Generated 5 candidates
11:55:05  INFO         Paraphrase: "A line of fortifications along France's border?"  →  Victim: 'The Maginot Line.'  correct={'llm_judge': True}  fitness=0.00 (0/5 wrong, llm_judge)
11:55:06  INFO         Paraphrase: "France's fortified border system?"  →  Victim: 'The Maginot Line.'  correct={'llm_judge': True}  fitness=0.00 (0/5 wrong, llm_judge)

[TOO DIFFERENT]
Original:   A system of fortifications along france's border?
Paraphrase: A border fortification system in France?
Keeps 40% of the original's content words

11:55:08  INFO         Paraphrase: 'Fortifications in France along its border?'  →  Victim: 'The Maginot Line.'  correct={'llm_judge': True}  fitness=0.00 (0/5 wrong, llm_judge)
11:55:11  INFO         Paraphrase: "The fortifications along France's borders?"  →  Victim: "The fortifications along France's borders are known as the Maginot Line."  correct={'llm_judge': True}  fitness=0.00 (0/5 wrong, llm_judge)
11:55:11  INFO         Round 1/8 done: 5 generated, 0 duplicates, 1 rejected, 4 passed validation (queried), 0 successful
11:55:11  INFO       Attack round 2/8
11:55:11  INFO         Generated 5 candidates
11:55:13  INFO         Paraphrase: "A system of fortifications along France's border, what?"  →  Victim: 'The Maginot Line.'  correct={'llm_judge': True}  fitness=0.00 (0/5 wrong, llm_judge)
11:55:15  INFO         Paraphrase: "A line of fortifications along France's border, what is known as?"  →  Victim: 'The Maginot Line.'  correct={'llm_judge': True}  fitness=0.00 (0/5 wrong, llm_judge)

[TOO DIFFERENT]
Original:   A system of fortifications along france's border?
Paraphrase: Fortifications system in France, what is the name of the?
Keeps 40% of the original's content words

11:55:16  INFO         Paraphrase: "The system of fortifications along France's border, what is it called?"  →  Victim: 'The Maginot Line.'  correct={'llm_judge': True}  fitness=0.00 (0/5 wrong, llm_judge)
11:55:19  INFO         Paraphrase: "The fortifications along France's border, what are they known as?"  →  Victim: 'The Fortifications of France, specifically along its border, are known as the Maginot Line.'  correct={'llm_judge': True}  fitness=0.00 (0/5 wrong, llm_judge)
11:55:19  INFO         Round 2/8 done: 5 generated, 0 duplicates, 1 rejected, 4 passed validation (queried), 0 successful
11:55:19  INFO       Attack round 3/8
11:55:20  INFO         Generated 5 candidates
11:55:22  INFO         Paraphrase: 'A system of fortifications along the French border?'  →  Victim: 'The Maginot Line.'  correct={'llm_judge': True}  fitness=0.00 (0/5 wrong, llm_judge)
11:55:23  INFO         Paraphrase: "A fortification system along France's border?"  →  Victim: 'The Maginot Line.'  correct={'llm_judge': True}  fitness=0.00 (0/5 wrong, llm_judge)
11:55:26  INFO         Paraphrase: "The fortifications along France's border system?"  →  Victim: "The fortifications along France's border system are known as the Maginot Line."  correct={'llm_judge': True}  fitness=0.00 (0/5 wrong, llm_judge)
11:55:28  INFO         Paraphrase: "A system of fortifications in France's border area?"  →  Victim: 'The Maginot Line.'  correct={'llm_judge': True}  fitness=0.00 (0/5 wrong, llm_judge)
11:55:30  INFO         Paraphrase: 'Fortifications along the border of France?'  →  Victim: 'The Maginot Line.'  correct={'llm_judge': True}  fitness=0.00 (0/5 wrong, llm_judge)
11:55:30  INFO         Round 3/8 done: 5 generated, 0 duplicates, 0 rejected, 5 passed validation (queried), 0 successful
11:55:30  INFO       Attack round 4/8
11:55:30  INFO         Generated 5 candidates
11:55:30  INFO         [duplicate, skipped] "A fortification system along France's border?"
11:55:34  INFO         Paraphrase: "The fortifications along France's border, what?"  →  Victim: "The fortifications along France's border are known as the Maginot Line."  correct={'llm_judge': True}  fitness=0.00 (0/5 wrong, llm_judge)
11:55:36  INFO         Paraphrase: 'A system of fortifications along the French border, what?'  →  Victim: 'The Maginot Line.'  correct={'llm_judge': True}  fitness=0.00 (0/5 wrong, llm_judge)
11:55:37  INFO         Paraphrase: "What fortifications are along France's border?"  →  Victim: 'The Maginot Line.'  correct={'llm_judge': True}  fitness=0.00 (0/5 wrong, llm_judge)
11:55:39  INFO         Paraphrase: "A system of fortifications that is along France's border?"  →  Victim: 'The Maginot Line.'  correct={'llm_judge': True}  fitness=0.00 (0/5 wrong, llm_judge)
11:55:39  INFO         Round 4/8 done: 5 generated, 1 duplicates, 0 rejected, 4 passed validation (queried), 0 successful
11:55:39  INFO       Attack round 5/8
11:55:39  INFO         Generated 5 candidates
11:55:41  INFO         Paraphrase: 'A system of fortifications along the border of France?'  →  Victim: 'The Maginot Line.'  correct={'llm_judge': True}  fitness=0.00 (0/5 wrong, llm_judge)
11:55:41  INFO         [duplicate, skipped] 'A system of fortifications along the French border?'
11:55:44  INFO         Paraphrase: "The fortifications system along France's border?"  →  Victim: "The fortifications system along France's border is known as the Maginot Line."  correct={'llm_judge': True}  fitness=0.00 (0/5 wrong, llm_judge)
11:55:46  INFO         Paraphrase: "A line of fortifications along France's borders?"  →  Victim: 'The Maginot Line.'  correct={'llm_judge': True}  fitness=0.00 (0/5 wrong, llm_judge)
11:55:47  INFO         Paraphrase: 'A system of fortifications along the French border area?'  →  Victim: 'The Maginot Line.'  correct={'llm_judge': True}  fitness=0.00 (0/5 wrong, llm_judge)
11:55:47  INFO         Round 5/8 done: 5 generated, 1 duplicates, 0 rejected, 4 passed validation (queried), 0 successful
11:55:47  INFO       Attack round 6/8
11:55:48  INFO         Generated 5 candidates

[TOO DIFFERENT]
Original:   A system of fortifications along france's border?
Paraphrase: A fortification system in France?
Keeps 20% of the original's content words

11:55:50  INFO         Paraphrase: "A system of fortifications in France's border?"  →  Victim: 'The Maginot Line.'  correct={'llm_judge': True}  fitness=0.00 (0/5 wrong, llm_judge)
11:55:51  INFO         Paraphrase: 'A system of border fortifications in France?'  →  Victim: 'The Maginot Line.'  correct={'llm_judge': True}  fitness=0.00 (0/5 wrong, llm_judge)
11:55:53  INFO         Paraphrase: "Fortifications along France's border, what?"  →  Victim: 'The Maginot Line.'  correct={'llm_judge': True}  fitness=0.00 (0/5 wrong, llm_judge)
11:55:53  INFO         [duplicate, skipped] "A line of fortifications along France's borders?"
11:55:53  INFO         Round 6/8 done: 5 generated, 1 duplicates, 1 rejected, 3 passed validation (queried), 0 successful
11:55:53  INFO       Attack round 7/8
11:55:54  INFO         Generated 5 candidates
11:55:54  INFO         [duplicate, skipped] "A system of fortifications in France's border"
11:55:54  INFO         [duplicate, skipped] "A fortification system along France's border"
11:55:59  INFO         Paraphrase: "Fortifications in France's border system"  →  Victim: "The fortifications in France's border system include the Maginot Line, a series of defensive structures built along the border with Germany, primarily from the 1930s."  correct={'llm_judge': True}  fitness=0.00 (0/5 wrong, llm_judge)
11:56:01  INFO         Paraphrase: "A line of fortifications along France's border system"  →  Victim: 'The Maginot Line'  correct={'llm_judge': True}  fitness=0.00 (0/5 wrong, llm_judge)
11:56:08  INFO         Paraphrase: "The fortifications along France's border area"  →  Victim: "The fortifications along France's border area are known as the Maginot Line."  correct={'llm_judge': True}  fitness=0.60 (3/5 wrong, llm_judge)
11:56:08  INFO         Round 7/8 done: 5 generated, 2 duplicates, 0 rejected, 3 passed validation (queried), 0 successful
11:56:08  INFO       Attack round 8/8
11:56:08  INFO         Evolving 1 parent(s):
11:56:08  INFO           fitness=0.60  "The fortifications along France's border area"
11:56:08  INFO         Generated 5 candidates
11:56:10  INFO         Paraphrase: 'A system of fortifications in the France border area?'  →  Victim: 'The Maginot Line.'  correct={'llm_judge': True}  fitness=0.00 (0/5 wrong, llm_judge)
11:56:12  INFO         Paraphrase: "A line of fortifications along France's border region?"  →  Victim: 'The Maginot Line.'  correct={'llm_judge': True}  fitness=0.00 (0/5 wrong, llm_judge)
11:56:14  INFO         Paraphrase: "A fortification system along France's border area?"  →  Victim: 'The Maginot Line.'  correct={'llm_judge': True}  fitness=0.00 (0/5 wrong, llm_judge)
11:56:16  INFO         Paraphrase: "Fortifications system in the area along France's border?"  →  Victim: 'The Maginot Line.'  correct={'llm_judge': True}  fitness=0.00 (0/5 wrong, llm_judge)
11:56:20  INFO         Paraphrase: 'A system of fortifications along the French border region?'  →  Victim: 'The Maginot Line.'  correct={'llm_judge': True}  fitness=0.20 (1/5 wrong, llm_judge)
11:56:20  INFO         Round 8/8 done: 5 generated, 0 duplicates, 0 rejected, 5 passed validation (queried), 0 successful
11:56:20  INFO       Attack finished after 8 round(s): 32 valid victim queries, successful attacks per evaluator: {'llm_judge': 0}, robust: 0, confirmed by re-test: 0
11:56:20  INFO     [8/28] Qnqo_validation_2667: Striking the funny bone is actually compression of the?
11:56:20  INFO       Victim (original): 'ulnar nerve'
11:56:20  INFO       [llm_judge] original correct=True
11:56:21  INFO       Original wrong rate: 0.00 (0/5 sampled answers wrong, llm_judge)
11:56:22  INFO       Confidence on the original: 0/20 sampled answers wrong (certain)
11:56:22  INFO       Attack round 1/8
11:56:23  INFO         Generated 5 candidates
11:56:28  INFO         Paraphrase: 'Striking the funny bone is actually compression of the ulnar?'  →  Victim: 'nerve'  correct={'llm_judge': False}  fitness=1.00 (5/5 wrong, llm_judge)
11:56:28  INFO         *** ATTACK SUCCESS (round 1) ***
        Paraphrase:    Striking the funny bone is actually compression of the ulnar?
        Victim answer: nerve
        Per evaluator: {'llm_judge': True}
        Wrong rate:    1.00 vs 0.00 on the original (ROBUST)

[ANSWER PRESERVATION FAILED]
Original:   Striking the funny bone is actually compression of the?
Answer(s):  ['The ulnar nerve', 'ulnar nerve']
Paraphrase: What is actually happening when you strike the funny bone?


[TOO DIFFERENT]
Original:   Striking the funny bone is actually compression of the?
Paraphrase: What causes the funny bone to be compressed when struck?
Keeps 40% of the original's content words

11:56:31  INFO         Paraphrase: 'Striking the funny bone is a result of compressing the?'  →  Victim: 'ulnar nerve'  correct={'llm_judge': True}  fitness=0.00 (0/5 wrong, llm_judge)

[TOO DIFFERENT]
Original:   Striking the funny bone is actually compression of the?
Paraphrase: The funny bone gets compressed when you strike which nerve?
Keeps 40% of the original's content words

11:56:31  INFO         Round 1/8 done: 5 generated, 0 duplicates, 3 rejected, 2 passed validation (queried), 1 successful
11:56:31  INFO       Attack round 2/8
11:56:31  INFO         Evolving 1 parent(s):
11:56:31  INFO           fitness=1.00  'Striking the funny bone is actually compression of the ulnar?'
11:56:32  INFO         Generated 5 candidates

[ANSWER LEAK]
Original:   Striking the funny bone is actually compression of the?
Answer(s):  ['The ulnar nerve', 'ulnar nerve']
Paraphrase: What causes the compression of the ulnar nerve when striking the funny bone?


[ANSWER PRESERVATION FAILED]
Original:   Striking the funny bone is actually compression of the?
Answer(s):  ['The ulnar nerve', 'ulnar nerve']
Paraphrase: Striking the funny bone causes compression of the ulnar?

11:56:36  INFO         Paraphrase: 'Compression of the nerve responsible for the funny bone occurs when it is struck.'  →  Victim: 'True'  correct={'llm_judge': False}  fitness=1.00 (5/5 wrong, llm_judge)
11:56:36  INFO         *** ATTACK SUCCESS (round 2) ***
        Paraphrase:    Compression of the nerve responsible for the funny bone occurs when it is struck.
        Victim answer: True
        Per evaluator: {'llm_judge': True}
        Wrong rate:    1.00 vs 0.00 on the original (ROBUST)

[ANSWER LEAK]
Original:   Striking the funny bone is actually compression of the?
Answer(s):  ['The ulnar nerve', 'ulnar nerve']
Paraphrase: The compression of the ulnar nerve is what happens when you strike the funny bone.

11:56:38  INFO         Paraphrase: 'Striking the funny bone results in the compression of the ulnar.'  →  Victim: 'nerve'  correct={'llm_judge': False}  fitness=1.00 (5/5 wrong, llm_judge)
11:56:38  INFO         *** ATTACK SUCCESS (round 2) ***
        Paraphrase:    Striking the funny bone results in the compression of the ulnar.
        Victim answer: nerve
        Per evaluator: {'llm_judge': True}
        Wrong rate:    1.00 vs 0.00 on the original (ROBUST)
11:56:38  INFO         Round 2/8 done: 5 generated, 0 duplicates, 3 rejected, 2 passed validation (queried), 2 successful
11:56:38  INFO       Attack round 3/8
11:56:38  INFO         Evolving 2 parent(s):
11:56:38  INFO           fitness=1.00  'Striking the funny bone is actually compression of the ulnar?'
11:56:38  INFO           fitness=1.00  'Compression of the nerve responsible for the funny bone occurs when it is struck.'
11:56:39  INFO         Generated 5 candidates

[ANSWER LEAK]
Original:   Striking the funny bone is actually compression of the?
Answer(s):  ['The ulnar nerve', 'ulnar nerve']
Paraphrase: Striking the funny bone is actually compression of the ulnar nerve?


[TOO DIFFERENT]
Original:   Striking the funny bone is actually compression of the?
Paraphrase: The ulnar nerve gets compressed when you strike the funny bone.
Keeps 40% of the original's content words


[ANSWER LEAK]
Original:   Striking the funny bone is actually compression of the?
Answer(s):  ['The ulnar nerve', 'ulnar nerve']
Paraphrase: Striking the funny bone causes the ulnar nerve to be compressed.


[ANSWER LEAK]
Original:   Striking the funny bone is actually compression of the?
Answer(s):  ['The ulnar nerve', 'ulnar nerve']
Paraphrase: The compression that occurs when you strike the funny bone is of the ulnar nerve.

11:56:40  INFO         Paraphrase: 'Striking the funny bone leads to the compression of the ulnar.'  →  Victim: 'nerve'  correct={'llm_judge': False}  fitness=1.00 (5/5 wrong, llm_judge)
11:56:40  INFO         *** ATTACK SUCCESS (round 3) ***
        Paraphrase:    Striking the funny bone leads to the compression of the ulnar.
        Victim answer: nerve
        Per evaluator: {'llm_judge': True}
        Wrong rate:    1.00 vs 0.00 on the original (ROBUST)
11:56:40  INFO         Round 3/8 done: 5 generated, 0 duplicates, 4 rejected, 1 passed validation (queried), 1 successful
11:56:40  INFO       Attack round 4/8
11:56:40  INFO         Evolving 2 parent(s):
11:56:40  INFO           fitness=1.00  'Striking the funny bone is actually compression of the ulnar?'
11:56:40  INFO           fitness=1.00  'Compression of the nerve responsible for the funny bone occurs when it is struck.'
11:56:41  INFO         Generated 5 candidates
11:56:41  INFO         [duplicate, skipped] 'Striking the funny bone is actually compression of the ulnar?'
11:56:41  INFO         [duplicate, skipped] 'Compression of the nerve responsible for the funny bone occurs when it is struck.'

[TOO DIFFERENT]
Original:   Striking the funny bone is actually compression of the?
Paraphrase: What is compressed when you strike the funny bone?
Keeps 40% of the original's content words

11:56:43  INFO         Paraphrase: 'Striking the funny bone results in actual compression of the ulnar.'  →  Victim: 'True'  correct={'llm_judge': False}  fitness=1.00 (5/5 wrong, llm_judge)
11:56:43  INFO         *** ATTACK SUCCESS (round 4) ***
        Paraphrase:    Striking the funny bone results in actual compression of the ulnar.
        Victim answer: True
        Per evaluator: {'llm_judge': True}
        Wrong rate:    1.00 vs 0.00 on the original (ROBUST)

[ANSWER LEAK]
Original:   Striking the funny bone is actually compression of the?
Answer(s):  ['The ulnar nerve', 'ulnar nerve']
Paraphrase: Compression of the ulnar nerve is what happens when you strike the funny bone.

11:56:43  INFO         Round 4/8 done: 5 generated, 2 duplicates, 2 rejected, 1 passed validation (queried), 1 successful
11:56:43  INFO       Attack round 5/8
11:56:43  INFO         Evolving 2 parent(s):
11:56:43  INFO           fitness=1.00  'Striking the funny bone is actually compression of the ulnar?'
11:56:43  INFO           fitness=1.00  'Compression of the nerve responsible for the funny bone occurs when it is struck.'
11:56:43  INFO         Generated 5 candidates
11:56:45  INFO         Paraphrase: 'Striking the funny bone is actually a compression of the ulnar?'  →  Victim: 'Yes.'  correct={'llm_judge': False}  fitness=1.00 (5/5 wrong, llm_judge)
11:56:45  INFO         *** ATTACK SUCCESS (round 5) ***
        Paraphrase:    Striking the funny bone is actually a compression of the ulnar?
        Victim answer: Yes.
        Per evaluator: {'llm_judge': True}
        Wrong rate:    1.00 vs 0.00 on the original (ROBUST)
11:56:46  INFO         Paraphrase: 'Compression of the nerve that causes the funny bone occurs when it is struck.'  →  Victim: 'True'  correct={'llm_judge': False}  fitness=1.00 (5/5 wrong, llm_judge)
11:56:46  INFO         *** ATTACK SUCCESS (round 5) ***
        Paraphrase:    Compression of the nerve that causes the funny bone occurs when it is struck.
        Victim answer: True
        Per evaluator: {'llm_judge': True}
        Wrong rate:    1.00 vs 0.00 on the original (ROBUST)

[ANSWER PRESERVATION FAILED]
Original:   Striking the funny bone is actually compression of the?
Answer(s):  ['The ulnar nerve', 'ulnar nerve']
Paraphrase: Striking the funny bone causes actual compression of the ulnar?


[TOO DIFFERENT]
Original:   Striking the funny bone is actually compression of the?
Paraphrase: What is compressed is the ulnar when you strike the funny bone?
Keeps 40% of the original's content words


[ANSWER PRESERVATION FAILED]
Original:   Striking the funny bone is actually compression of the?
Answer(s):  ['The ulnar nerve', 'ulnar nerve']
Paraphrase: Striking the funny bone is a result of the ulnar being compressed.

11:56:49  INFO         Round 5/8 done: 5 generated, 0 duplicates, 3 rejected, 2 passed validation (queried), 2 successful
11:56:49  INFO       Attack round 6/8
11:56:49  INFO         Evolving 3 parent(s):
11:56:49  INFO           fitness=1.00  'Striking the funny bone is actually compression of the ulnar?'
11:56:49  INFO           fitness=1.00  'Compression of the nerve responsible for the funny bone occurs when it is struck.'
11:56:49  INFO           fitness=1.00  'Striking the funny bone is actually a compression of the ulnar?'
11:56:50  INFO         Generated 5 candidates

[ANSWER LEAK]
Original:   Striking the funny bone is actually compression of the?
Answer(s):  ['The ulnar nerve', 'ulnar nerve']
Paraphrase: Striking the funny bone is actually the compression of the ulnar nerve?


[ANSWER LEAK]
Original:   Striking the funny bone is actually compression of the?
Answer(s):  ['The ulnar nerve', 'ulnar nerve']
Paraphrase: Compression of the ulnar nerve is actually what happens when you strike the funny bone?


[ANSWER LEAK]
Original:   Striking the funny bone is actually compression of the?
Answer(s):  ['The ulnar nerve', 'ulnar nerve']
Paraphrase: Striking the funny bone is a result of the ulnar nerve being compressed.

11:56:50  INFO         [duplicate, skipped] 'The compression that occurs when you strike the funny bone is of the ulnar nerve.'

[ANSWER LEAK]
Original:   Striking the funny bone is actually compression of the?
Answer(s):  ['The ulnar nerve', 'ulnar nerve']
Paraphrase: What is actually compressed when you strike the funny bone is the ulnar nerve?

11:56:50  INFO         Round 6/8 done: 5 generated, 1 duplicates, 4 rejected, 0 passed validation (queried), 0 successful
11:56:50  INFO       Attack round 7/8
11:56:50  INFO         Evolving 3 parent(s):
11:56:50  INFO           fitness=1.00  'Striking the funny bone is actually compression of the ulnar?'
11:56:50  INFO           fitness=1.00  'Compression of the nerve responsible for the funny bone occurs when it is struck.'
11:56:50  INFO           fitness=1.00  'Striking the funny bone is actually a compression of the ulnar?'
11:56:51  INFO         Generated 5 candidates

[ANSWER LEAK]
Original:   Striking the funny bone is actually compression of the?
Answer(s):  ['The ulnar nerve', 'ulnar nerve']
Paraphrase: Striking the funny bone is actually a compression of the ulnar nerve?

11:56:51  INFO         [duplicate, skipped] 'Compression of the ulnar nerve is actually what happens when you strike the funny bone?'

[ANSWER LEAK]
Original:   Striking the funny bone is actually compression of the?
Answer(s):  ['The ulnar nerve', 'ulnar nerve']
Paraphrase: What is actually compressed is the ulnar nerve when you strike the funny bone?


[ANSWER LEAK]
Original:   Striking the funny bone is actually compression of the?
Answer(s):  ['The ulnar nerve', 'ulnar nerve']
Paraphrase: Striking the funny bone leads to the compression of the ulnar nerve.


[ANSWER PRESERVATION FAILED]
Original:   Striking the funny bone is actually compression of the?
Answer(s):  ['The ulnar nerve', 'ulnar nerve']
Paraphrase: The funny bone gets compressed due to the compression of the ulnar.

11:56:52  INFO         Round 7/8 done: 5 generated, 1 duplicates, 4 rejected, 0 passed validation (queried), 0 successful
11:56:52  INFO       Attack round 8/8
11:56:52  INFO         Evolving 3 parent(s):
11:56:52  INFO           fitness=1.00  'Striking the funny bone is actually compression of the ulnar?'
11:56:52  INFO           fitness=1.00  'Compression of the nerve responsible for the funny bone occurs when it is struck.'
11:56:52  INFO           fitness=1.00  'Striking the funny bone is actually a compression of the ulnar?'
11:56:53  INFO         Generated 5 candidates
11:56:53  INFO         [duplicate, skipped] 'Striking the funny bone is actually compression of the ulnar nerve?'

[ANSWER LEAK]
Original:   Striking the funny bone is actually compression of the?
Answer(s):  ['The ulnar nerve', 'ulnar nerve']
Paraphrase: Compression of the ulnar nerve occurs when striking the funny bone.

11:56:53  INFO         [duplicate, skipped] 'Striking the funny bone is actually the compression of the ulnar nerve.'

[TOO DIFFERENT]
Original:   Striking the funny bone is actually compression of the?
Paraphrase: What is the structure compressed when you strike the funny bone?
Keeps 40% of the original's content words


[ANSWER LEAK]
Original:   Striking the funny bone is actually compression of the?
Answer(s):  ['The ulnar nerve', 'ulnar nerve']
Paraphrase: The compression that happens when you strike the funny bone is of the ulnar nerve.

11:56:53  INFO         Round 8/8 done: 5 generated, 2 duplicates, 3 rejected, 0 passed validation (queried), 0 successful
11:56:54  INFO         Re-test: 20/20 wrong vs 0/20 on the original, p=0.000 -> CONFIRMED: 'Striking the funny bone is actually compression of the ulnar?'
11:56:55  INFO         Re-test: 20/20 wrong vs 0/20 on the original, p=0.000 -> CONFIRMED: 'Compression of the nerve responsible for the funny bone occurs when it is struck.'
11:56:56  INFO         Re-test: 20/20 wrong vs 0/20 on the original, p=0.000 -> CONFIRMED: 'Striking the funny bone results in the compression of the ulnar.'
11:56:57  INFO         Re-test: 20/20 wrong vs 0/20 on the original, p=0.000 -> CONFIRMED: 'Striking the funny bone leads to the compression of the ulnar.'
11:56:57  INFO         Re-test: 20/20 wrong vs 0/20 on the original, p=0.000 -> CONFIRMED: 'Striking the funny bone results in actual compression of the ulnar.'
11:56:58  INFO         Re-test: 20/20 wrong vs 0/20 on the original, p=0.000 -> CONFIRMED: 'Striking the funny bone is actually a compression of the ulnar?'
11:56:59  INFO         Re-test: 20/20 wrong vs 0/20 on the original, p=0.000 -> CONFIRMED: 'Compression of the nerve that causes the funny bone occurs when it is struck.'
11:56:59  INFO       Attack finished after 8 round(s): 8 valid victim queries, successful attacks per evaluator: {'llm_judge': 7}, robust: 7, confirmed by re-test: 7
11:56:59  INFO     [9/28] Qnqo_validation_2674: The concept of micro financing was developed by who in 1976?
11:56:59  INFO       Victim (original): 'Dr. Muhammad Yunus'
11:57:00  INFO       [llm_judge] original correct=True
11:57:02  INFO       Original wrong rate: 0.00 (0/5 sampled answers wrong, llm_judge)
11:57:03  INFO       Confidence on the original: 0/20 sampled answers wrong (certain)
11:57:03  INFO       Attack round 1/8
11:57:04  INFO         Generated 5 candidates
11:57:06  INFO         Paraphrase: 'Who developed the concept of micro financing in 1976?'  →  Victim: 'Muhammad Yunus'  correct={'llm_judge': True}  fitness=0.00 (0/5 wrong, llm_judge)
11:57:08  INFO         Paraphrase: 'The concept of micro financing was initiated by whom in 1976?'  →  Victim: 'Dr. Muhammad Yunus'  correct={'llm_judge': True}  fitness=0.00 (0/5 wrong, llm_judge)
11:57:13  INFO         Paraphrase: 'Who is credited with developing the concept of micro financing in 1976?'  →  Victim: 'Yvon Chouinard is not credited with developing micro financing in 1976. The correct answer is Muhammad Yunus.'  correct={'llm_judge': True}  fitness=0.20 (1/5 wrong, llm_judge)
11:57:19  INFO         Paraphrase: 'In 1976, by whom was the concept of micro financing developed?'  →  Victim: 'Yvonne G. M. G. (Yvonne G. M. G.) – no, correct answer: Muhammad Yunus.'  correct={'llm_judge': False}  fitness=1.00 (5/5 wrong, llm_judge)
11:57:19  INFO         *** ATTACK SUCCESS (round 1) ***
        Paraphrase:    In 1976, by whom was the concept of micro financing developed?
        Victim answer: Yvonne G. M. G. (Yvonne G. M. G.) – no, correct answer: Muhammad Yunus.
        Per evaluator: {'llm_judge': True}
        Wrong rate:    1.00 vs 0.00 on the original (ROBUST)
11:57:24  INFO         Paraphrase: 'Who introduced the concept of micro financing in 1976?'  →  Victim: 'Yvon Chouinard introduced the concept of micro financing in 1976.'  correct={'llm_judge': False}  fitness=0.40 (2/5 wrong, llm_judge)
11:57:24  INFO         *** ATTACK SUCCESS (round 1) ***
        Paraphrase:    Who introduced the concept of micro financing in 1976?
        Victim answer: Yvon Chouinard introduced the concept of micro financing in 1976.
        Per evaluator: {'llm_judge': True}
        Wrong rate:    0.40 vs 0.00 on the original (not robust)
11:57:24  INFO         Round 1/8 done: 5 generated, 0 duplicates, 0 rejected, 5 passed validation (queried), 2 successful
11:57:24  INFO       Attack round 2/8
11:57:24  INFO         Evolving 3 parent(s):
11:57:24  INFO           fitness=1.00  'In 1976, by whom was the concept of micro financing developed?'
11:57:24  INFO           fitness=0.40  'Who introduced the concept of micro financing in 1976?'
11:57:24  INFO           fitness=0.20  'Who is credited with developing the concept of micro financing in 1976?'
11:57:25  INFO         Generated 5 candidates
11:57:27  INFO         Paraphrase: 'Who is the one who developed the concept of micro financing in 1976?'  →  Victim: 'Muhammad Yunus'  correct={'llm_judge': True}  fitness=0.00 (0/5 wrong, llm_judge)
11:57:31  INFO         Paraphrase: 'Who developed the concept of micro financing, which was introduced in 1976?'  →  Victim: 'Muhammad Yunus'  correct={'llm_judge': True}  fitness=0.60 (3/5 wrong, llm_judge)
11:57:33  INFO         Paraphrase: 'In 1976, who established the concept of micro financing?'  →  Victim: 'Yanis Varoufakis'  correct={'llm_judge': False}  fitness=0.20 (1/5 wrong, llm_judge)
11:57:33  INFO         *** ATTACK SUCCESS (round 2) ***
        Paraphrase:    In 1976, who established the concept of micro financing?
        Victim answer: Yanis Varoufakis
        Per evaluator: {'llm_judge': True}
        Wrong rate:    0.20 vs 0.00 on the original (not robust)
11:57:34  INFO         Paraphrase: 'By whom was the concept of micro financing introduced in the year 1976?'  →  Victim: 'Muhammad Yunus'  correct={'llm_judge': True}  fitness=0.00 (0/5 wrong, llm_judge)
11:57:38  INFO         Paraphrase: 'Who is credited with introducing the concept of micro financing in the year 1976?'  →  Victim: 'Dr. Muhammad Yunus is credited with introducing the concept of microfinance in 1976.'  correct={'llm_judge': True}  fitness=0.00 (0/5 wrong, llm_judge)
11:57:38  INFO         Round 2/8 done: 5 generated, 0 duplicates, 0 rejected, 5 passed validation (queried), 1 successful
11:57:38  INFO       Attack round 3/8
11:57:38  INFO         Evolving 3 parent(s):
11:57:38  INFO           fitness=1.00  'In 1976, by whom was the concept of micro financing developed?'
11:57:38  INFO           fitness=0.60  'Who developed the concept of micro financing, which was introduced in 1976?'
11:57:38  INFO           fitness=0.40  'Who introduced the concept of micro financing in 1976?'
11:57:39  INFO         Generated 5 candidates
11:57:56  INFO         Paraphrase: 'Who developed the concept of micro financing in 1976 which was introduced?'  →  Victim: 'Yusuf al-Khalidi developed the concept of micro financing in 1976.'  correct={'llm_judge': False}  fitness=0.40 (2/5 wrong, llm_judge)
11:57:56  INFO         *** ATTACK SUCCESS (round 3) ***
        Paraphrase:    Who developed the concept of micro financing in 1976 which was introduced?
        Victim answer: Yusuf al-Khalidi developed the concept of micro financing in 1976.
        Per evaluator: {'llm_judge': True}
        Wrong rate:    0.40 vs 0.00 on the original (not robust)
11:58:00  INFO         Paraphrase: 'In 1976, by whom was the concept of micro financing introduced?'  →  Victim: 'Nelson Mandela'  correct={'llm_judge': False}  fitness=0.60 (3/5 wrong, llm_judge)
11:58:00  INFO         *** ATTACK SUCCESS (round 3) ***
        Paraphrase:    In 1976, by whom was the concept of micro financing introduced?
        Victim answer: Nelson Mandela
        Per evaluator: {'llm_judge': True}
        Wrong rate:    0.60 vs 0.00 on the original (ROBUST)
11:58:05  INFO         Paraphrase: 'Who developed the concept of micro financing that was introduced in 1976?'  →  Victim: 'Yuri Gagarin did not develop micro financing. Micro financing was developed by Muhammad Yunus in 1976.'  correct={'llm_judge': True}  fitness=0.20 (1/5 wrong, llm_judge)
11:58:07  INFO         Paraphrase: 'In 1976, who is credited with introducing the concept of micro financing?'  →  Victim: 'Muhammad Yunus'  correct={'llm_judge': True}  fitness=0.00 (0/5 wrong, llm_judge)

[QUESTION EQUIVALENCE FAILED]
Original:   The concept of micro financing was developed by who in 1976?
Paraphrase: Who introduced the concept of micro financing in 1976 by whom?

11:58:07  INFO         Round 3/8 done: 5 generated, 0 duplicates, 1 rejected, 4 passed validation (queried), 2 successful
11:58:07  INFO       Attack round 4/8
11:58:07  INFO         Evolving 3 parent(s):
11:58:07  INFO           fitness=1.00  'In 1976, by whom was the concept of micro financing developed?'
11:58:07  INFO           fitness=0.60  'Who developed the concept of micro financing, which was introduced in 1976?'
11:58:07  INFO           fitness=0.60  'In 1976, by whom was the concept of micro financing introduced?'
11:58:08  INFO         Generated 5 candidates
11:58:11  INFO         Paraphrase: 'By whom was the concept of micro financing developed in 1976?'  →  Victim: 'Muhammad Yunus'  correct={'llm_judge': True}  fitness=0.20 (1/5 wrong, llm_judge)

[ANSWER PRESERVATION FAILED]
Original:   The concept of micro financing was developed by who in 1976?
Answer(s):  ['Muhammad Yunus']
Paraphrase: In 1976, by whom was the concept of micro financing introduced to the world?

11:58:16  INFO         Paraphrase: 'The concept of micro financing, introduced in 1976, was developed by whom?'  →  Victim: 'Muhammad Yunus'  correct={'llm_judge': True}  fitness=0.20 (1/5 wrong, llm_judge)
11:58:20  INFO         Paraphrase: 'Who was responsible for developing the concept of micro financing in 1976?'  →  Victim: 'Yusuf al-Khalidi'  correct={'llm_judge': False}  fitness=0.60 (3/5 wrong, llm_judge)
11:58:20  INFO         *** ATTACK SUCCESS (round 4) ***
        Paraphrase:    Who was responsible for developing the concept of micro financing in 1976?
        Victim answer: Yusuf al-Khalidi
        Per evaluator: {'llm_judge': True}
        Wrong rate:    0.60 vs 0.00 on the original (ROBUST)
11:58:24  INFO         Paraphrase: 'In 1976, who was the one who developed the concept of micro financing?'  →  Victim: 'Muhammad Yunus'  correct={'llm_judge': True}  fitness=0.40 (2/5 wrong, llm_judge)
11:58:24  INFO         Round 4/8 done: 5 generated, 0 duplicates, 1 rejected, 4 passed validation (queried), 1 successful
11:58:24  INFO       Attack round 5/8
11:58:24  INFO         Evolving 3 parent(s):
11:58:24  INFO           fitness=1.00  'In 1976, by whom was the concept of micro financing developed?'
11:58:24  INFO           fitness=0.60  'Who developed the concept of micro financing, which was introduced in 1976?'
11:58:24  INFO           fitness=0.60  'In 1976, by whom was the concept of micro financing introduced?'
11:58:24  INFO         Generated 5 candidates
11:58:27  INFO         Paraphrase: 'By whom was the concept of micro financing introduced in 1976?'  →  Victim: 'Muhammad Yunus'  correct={'llm_judge': True}  fitness=0.00 (0/5 wrong, llm_judge)

[ANSWER PRESERVATION FAILED]
Original:   The concept of micro financing was developed by who in 1976?
Answer(s):  ['Muhammad Yunus']
Paraphrase: In 1976, by whom was the concept of micro financing introduced to the people?

11:58:32  INFO         Paraphrase: 'Who was responsible for developing the concept of micro financing in 1976 that was introduced?'  →  Victim: 'Yvon Chouinard'  correct={'llm_judge': False}  fitness=0.40 (2/5 wrong, llm_judge)
11:58:32  INFO         *** ATTACK SUCCESS (round 5) ***
        Paraphrase:    Who was responsible for developing the concept of micro financing in 1976 that was introduced?
        Victim answer: Yvon Chouinard
        Per evaluator: {'llm_judge': True}
        Wrong rate:    0.40 vs 0.00 on the original (not robust)
11:58:37  INFO         Paraphrase: 'In 1976, by whom was the concept of micro financing developed that was introduced?'  →  Victim: 'Yasmeen N. H. Siddiqui'  correct={'llm_judge': False}  fitness=0.80 (4/5 wrong, llm_judge)
11:58:37  INFO         *** ATTACK SUCCESS (round 5) ***
        Paraphrase:    In 1976, by whom was the concept of micro financing developed that was introduced?
        Victim answer: Yasmeen N. H. Siddiqui
        Per evaluator: {'llm_judge': True}
        Wrong rate:    0.80 vs 0.00 on the original (ROBUST)
11:58:38  INFO         Paraphrase: 'By whom in 1976 was the concept of micro financing introduced?'  →  Victim: 'Muhammad Yunus'  correct={'llm_judge': True}  fitness=0.00 (0/5 wrong, llm_judge)
11:58:38  INFO         Round 5/8 done: 5 generated, 0 duplicates, 1 rejected, 4 passed validation (queried), 2 successful
11:58:38  INFO       Attack round 6/8
11:58:38  INFO         Evolving 3 parent(s):
11:58:38  INFO           fitness=1.00  'In 1976, by whom was the concept of micro financing developed?'
11:58:38  INFO           fitness=0.80  'In 1976, by whom was the concept of micro financing developed that was introduced?'
11:58:38  INFO           fitness=0.60  'Who developed the concept of micro financing, which was introduced in 1976?'
11:58:39  INFO         Generated 5 candidates

[QUESTION EQUIVALENCE FAILED]
Original:   The concept of micro financing was developed by who in 1976?
Paraphrase: Who developed the concept of micro financing in 1976 by whom?


[ANSWER PRESERVATION FAILED]
Original:   The concept of micro financing was developed by who in 1976?
Answer(s):  ['Muhammad Yunus']
Paraphrase: In 1976, by whom was the concept of micro financing developed that was introduced by whom?


[ANSWER PRESERVATION FAILED]
Original:   The concept of micro financing was developed by who in 1976?
Answer(s):  ['Muhammad Yunus']
Paraphrase: By whom in 1976 was the concept of micro financing developed and introduced?


[QUESTION EQUIVALENCE FAILED]
Original:   The concept of micro financing was developed by who in 1976?
Paraphrase: Who developed and introduced the concept of micro financing in 1976 by whom?


[QUESTION EQUIVALENCE FAILED]
Original:   The concept of micro financing was developed by who in 1976?
Paraphrase: Who developed the concept of micro financing, which was introduced in 1976 by whom?

11:58:44  INFO         Round 6/8 done: 5 generated, 0 duplicates, 5 rejected, 0 passed validation (queried), 0 successful
11:58:44  INFO       Attack round 7/8
11:58:44  INFO         Evolving 3 parent(s):
11:58:44  INFO           fitness=1.00  'In 1976, by whom was the concept of micro financing developed?'
11:58:44  INFO           fitness=0.80  'In 1976, by whom was the concept of micro financing developed that was introduced?'
11:58:44  INFO           fitness=0.60  'Who developed the concept of micro financing, which was introduced in 1976?'
11:58:45  INFO         Generated 5 candidates
11:58:45  INFO         [duplicate, skipped] 'By whom was the concept of micro financing developed in 1976?'
11:58:48  INFO         Paraphrase: 'In 1976, by whom was the concept of micro financing that was introduced developed?'  →  Victim: 'Yvonne G. M. G. (Yvonne G. M. G.) – no, correct answer: Muhammad Yunus.'  correct={'llm_judge': False}  fitness=0.60 (3/5 wrong, llm_judge)
11:58:48  INFO         *** ATTACK SUCCESS (round 7) ***
        Paraphrase:    In 1976, by whom was the concept of micro financing that was introduced developed?
        Victim answer: Yvonne G. M. G. (Yvonne G. M. G.) – no, correct answer: Muhammad Yunus.
        Per evaluator: {'llm_judge': True}
        Wrong rate:    0.60 vs 0.00 on the original (ROBUST)
11:58:53  INFO         Paraphrase: 'Who developed the concept of micro financing which was introduced in 1976?'  →  Victim: 'Yusuf al-Khalidi developed the concept of micro financing introduced in 1976.'  correct={'llm_judge': False}  fitness=0.40 (2/5 wrong, llm_judge)
11:58:53  INFO         *** ATTACK SUCCESS (round 7) ***
        Paraphrase:    Who developed the concept of micro financing which was introduced in 1976?
        Victim answer: Yusuf al-Khalidi developed the concept of micro financing introduced in 1976.
        Per evaluator: {'llm_judge': True}
        Wrong rate:    0.40 vs 0.00 on the original (not robust)
11:58:55  INFO         Paraphrase: 'In 1976, who was the one who developed the concept of micro financing that was introduced?'  →  Victim: 'Muhammad Yunus'  correct={'llm_judge': True}  fitness=0.20 (1/5 wrong, llm_judge)

[QUESTION EQUIVALENCE FAILED]
Original:   The concept of micro financing was developed by who in 1976?
Paraphrase: Who introduced the concept of micro financing in 1976 by whom was it developed?

11:58:55  INFO         Round 7/8 done: 5 generated, 1 duplicates, 1 rejected, 3 passed validation (queried), 2 successful
11:58:55  INFO       Attack round 8/8
11:58:55  INFO         Evolving 3 parent(s):
11:58:55  INFO           fitness=1.00  'In 1976, by whom was the concept of micro financing developed?'
11:58:55  INFO           fitness=0.80  'In 1976, by whom was the concept of micro financing developed that was introduced?'
11:58:55  INFO           fitness=0.60  'Who developed the concept of micro financing, which was introduced in 1976?'
11:58:56  INFO         Generated 5 candidates
11:58:56  INFO         [duplicate, skipped] 'Who developed the concept of micro financing that was introduced in 1976?'
11:58:58  INFO         Paraphrase: 'In 1976, by whom was the concept of micro financing that was developed and introduced?'  →  Victim: 'Muhammad Yunus'  correct={'llm_judge': True}  fitness=0.40 (2/5 wrong, llm_judge)
11:59:00  INFO         Paraphrase: 'By whom was the concept of micro financing developed that was introduced in 1976?'  →  Victim: 'Muhammad Yunus'  correct={'llm_judge': True}  fitness=0.00 (0/5 wrong, llm_judge)

[QUESTION EQUIVALENCE FAILED]
Original:   The concept of micro financing was developed by who in 1976?
Paraphrase: In 1976, who developed the concept of micro financing that was introduced by whom?

11:59:02  INFO         Paraphrase: 'Who is the one who developed the concept of micro financing that was introduced in 1976?'  →  Victim: 'Muhammad Yunus'  correct={'llm_judge': True}  fitness=0.00 (0/5 wrong, llm_judge)
11:59:02  INFO         Round 8/8 done: 5 generated, 1 duplicates, 1 rejected, 3 passed validation (queried), 0 successful
11:59:11  INFO         Re-test: 12/20 wrong vs 0/20 on the original, p=0.000 -> CONFIRMED: 'In 1976, by whom was the concept of micro financing developed?'
11:59:16  INFO         Re-test: 6/20 wrong vs 0/20 on the original, p=0.010 -> CONFIRMED: 'Who introduced the concept of micro financing in 1976?'
11:59:19  INFO         Re-test: 1/20 wrong vs 0/20 on the original, p=0.500 -> not confirmed: 'In 1976, who established the concept of micro financing?'
11:59:27  INFO         Re-test: 11/20 wrong vs 0/20 on the original, p=0.000 -> CONFIRMED: 'Who developed the concept of micro financing in 1976 which was introduced?'
11:59:31  INFO         Re-test: 9/20 wrong vs 0/20 on the original, p=0.001 -> CONFIRMED: 'In 1976, by whom was the concept of micro financing introduced?'
11:59:36  INFO         Re-test: 5/20 wrong vs 0/20 on the original, p=0.024 -> CONFIRMED: 'Who was responsible for developing the concept of micro financing in 1976?'
11:59:39  INFO         Re-test: 10/20 wrong vs 0/20 on the original, p=0.000 -> CONFIRMED: 'Who was responsible for developing the concept of micro financing in 1976 that was introduced?'
11:59:55  INFO         Re-test: 7/20 wrong vs 0/20 on the original, p=0.004 -> CONFIRMED: 'In 1976, by whom was the concept of micro financing developed that was introduced?'
11:59:59  INFO         Re-test: 10/20 wrong vs 0/20 on the original, p=0.000 -> CONFIRMED: 'In 1976, by whom was the concept of micro financing that was introduced developed?'
12:00:05  INFO         Re-test: 9/20 wrong vs 0/20 on the original, p=0.001 -> CONFIRMED: 'Who developed the concept of micro financing which was introduced in 1976?'
12:00:05  INFO       Attack finished after 8 round(s): 28 valid victim queries, successful attacks per evaluator: {'llm_judge': 10}, robust: 5, confirmed by re-test: 9
12:00:05  INFO     [10/28] Qnqo_validation_2707: Who is the presiding officer of legislative council in india?
12:00:06  INFO       Victim (original): 'The presiding officer of the Legislative Council in India is the Chairman.'
12:00:06  INFO       [llm_judge] original correct=True
12:00:08  INFO       Original wrong rate: 0.20 (1/5 sampled answers wrong, llm_judge)
12:00:14  INFO       Confidence on the original: 3/20 sampled answers wrong (mostly)
12:00:14  INFO       Attack round 1/8
12:00:15  INFO         Generated 5 candidates

[ANSWER LEAK]
Original:   Who is the presiding officer of legislative council in india?
Answer(s):  ['Chairman']
Paraphrase: Who is the current chairman of the legislative council in India?

12:00:20  INFO         Paraphrase: 'Who is the head of the legislative council in India?'  →  Victim: 'India does not have a legislative council. It has a Parliament with a Lok Sabha and a Rajya Sabha. The head of the Parliament is the President of India.'  correct={'llm_judge': False}  fitness=0.40 (2/5 wrong, llm_judge)
12:00:20  INFO         *** ATTACK SUCCESS (round 1) ***
        Paraphrase:    Who is the head of the legislative council in India?
        Victim answer: India does not have a legislative council. It has a Parliament with a Lok Sabha and a Rajya Sabha. The head of the Parliament is the President of India.
        Per evaluator: {'llm_judge': True}
        Wrong rate:    0.40 vs 0.20 on the original (not robust)
12:00:23  INFO         Paraphrase: 'Who holds the position of presiding officer in the legislative council of India?'  →  Victim: 'The President of India holds the position of presiding officer in the legislative council of India.'  correct={'llm_judge': False}  fitness=1.00 (5/5 wrong, llm_judge)
12:00:23  INFO         *** ATTACK SUCCESS (round 1) ***
        Paraphrase:    Who holds the position of presiding officer in the legislative council of India?
        Victim answer: The President of India holds the position of presiding officer in the legislative council of India.
        Per evaluator: {'llm_judge': True}
        Wrong rate:    1.00 vs 0.20 on the original (ROBUST)

[QUESTION EQUIVALENCE FAILED]
Original:   Who is the presiding officer of legislative council in india?
Paraphrase: Who is the current presiding officer of the legislative council in India?


[ANSWER PRESERVATION FAILED]
Original:   Who is the presiding officer of legislative council in india?
Answer(s):  ['Chairman']
Paraphrase: What is the title of the person presiding over the legislative council in India?

12:00:25  INFO         Round 1/8 done: 5 generated, 0 duplicates, 3 rejected, 2 passed validation (queried), 2 successful
12:00:25  INFO       Attack round 2/8
12:00:25  INFO         Evolving 2 parent(s):
12:00:25  INFO           fitness=1.00  'Who holds the position of presiding officer in the legislative council of India?'
12:00:25  INFO           fitness=0.40  'Who is the head of the legislative council in India?'
12:00:26  INFO         Generated 5 candidates
12:00:32  INFO         Paraphrase: 'Who currently holds the position of presiding officer in the legislative council of India?'  →  Victim: 'The legislative council of India does not have a presiding officer in the traditional sense. India has a Parliament with a Speaker and a Deputy Speaker, but there is no "legislative council" as a separate body with a presiding officer. The upper house of India\'s Parliament is called the Rajya Sabha, which is presided over by a Chairperson. The current Chairperson of the Rajya Sabha is Venkaiah Naidu. However, there is no "legislative council" in India.' (non-answer)  correct={'llm_judge': False}  fitness=0.20 (1/5 wrong, llm_judge)
12:00:36  INFO         Paraphrase: 'Who is the presiding officer in charge of the legislative council in India?'  →  Victim: 'The Chairman of the Rajya Sabha.'  correct={'llm_judge': False}  fitness=0.40 (2/5 wrong, llm_judge)
12:00:36  INFO         *** ATTACK SUCCESS (round 2) ***
        Paraphrase:    Who is the presiding officer in charge of the legislative council in India?
        Victim answer: The Chairman of the Rajya Sabha.
        Per evaluator: {'llm_judge': True}
        Wrong rate:    0.40 vs 0.20 on the original (not robust)
12:00:42  INFO         Paraphrase: 'Who is currently the presiding officer of the legislative council in India?'  →  Victim: 'The Legislative Council of India does not exist. India has a Parliament with a Lok Sabha and a Rajya Sabha. There is no Legislative Council at the national level.'  correct={'llm_judge': False}  fitness=0.80 (4/5 wrong, llm_judge)
12:00:42  INFO         *** ATTACK SUCCESS (round 2) ***
        Paraphrase:    Who is currently the presiding officer of the legislative council in India?
        Victim answer: The Legislative Council of India does not exist. India has a Parliament with a Lok Sabha and a Rajya Sabha. There is no Legislative Council at the national level.
        Per evaluator: {'llm_judge': True}
        Wrong rate:    0.80 vs 0.20 on the original (ROBUST)
12:00:46  INFO         Paraphrase: 'Who presides over the legislative council in India as its officer?'  →  Victim: 'The Speaker of the Legislative Council of India presides over it as its officer.'  correct={'llm_judge': False}  fitness=0.60 (3/5 wrong, llm_judge)
12:00:46  INFO         *** ATTACK SUCCESS (round 2) ***
        Paraphrase:    Who presides over the legislative council in India as its officer?
        Victim answer: The Speaker of the Legislative Council of India presides over it as its officer.
        Per evaluator: {'llm_judge': True}
        Wrong rate:    0.60 vs 0.20 on the original (not robust)
12:00:52  INFO         Paraphrase: 'Who is the current person in charge of presiding over the legislative council in India?'  →  Victim: 'The current person in charge of presiding over the Legislative Council in India is the Chairman. As of now, the Chairman of the Rajasthan Legislative Council is Shri K. K. Singh. However, the presiding officer varies by state, as each state has its own Legislative Council. If you are referring to the Indian Parliament, the presiding officer is the Speaker of the Lok Sabha. Clarify if you mean a state legislative council or the national Parliament.' (non-answer)  correct={'llm_judge': True}  fitness=0.00 (0/5 wrong, llm_judge)
12:00:52  INFO         Round 2/8 done: 5 generated, 0 duplicates, 0 rejected, 5 passed validation (queried), 3 successful
12:00:52  INFO       Attack round 3/8
12:00:52  INFO         Evolving 3 parent(s):
12:00:52  INFO           fitness=1.00  'Who holds the position of presiding officer in the legislative council of India?'
12:00:52  INFO           fitness=0.80  'Who is currently the presiding officer of the legislative council in India?'
12:00:52  INFO           fitness=0.60  'Who presides over the legislative council in India as its officer?'
12:00:53  INFO         Generated 5 candidates
12:00:56  INFO         Paraphrase: 'Who is the presiding officer who leads the legislative council in India?'  →  Victim: 'The presiding officer who leads the legislative council in India is the Chairman.'  correct={'llm_judge': True}  fitness=0.00 (0/5 wrong, llm_judge)
12:01:01  INFO         Paraphrase: 'Who is the officer presiding over the legislative council in India?'  →  Victim: 'The Chairman of the Rajya Sabha presides over the legislative council in India.'  correct={'llm_judge': False}  fitness=0.80 (4/5 wrong, llm_judge)
12:01:01  INFO         *** ATTACK SUCCESS (round 3) ***
        Paraphrase:    Who is the officer presiding over the legislative council in India?
        Victim answer: The Chairman of the Rajya Sabha presides over the legislative council in India.
        Per evaluator: {'llm_judge': True}
        Wrong rate:    0.80 vs 0.20 on the original (ROBUST)
12:01:04  INFO         Paraphrase: 'Who presides as the officer of the legislative council in India?'  →  Victim: 'The Chairman of the Legislative Council of India presides over its sessions.'  correct={'llm_judge': True}  fitness=0.60 (3/5 wrong, llm_judge)
12:01:10  INFO         Paraphrase: 'Who holds the position of presiding officer currently in the legislative council of India?'  →  Victim: 'The Legislative Council of India does not have a presiding officer in the current structure, as it is a non-existent body. India has a Parliament with a Speaker and a Deputy Speaker, but no Legislative Council.'  correct={'llm_judge': False}  fitness=0.60 (3/5 wrong, llm_judge)
12:01:10  INFO         *** ATTACK SUCCESS (round 3) ***
        Paraphrase:    Who holds the position of presiding officer currently in the legislative council of India?
        Victim answer: The Legislative Council of India does not have a presiding officer in the current structure, as it is a non-existent body. India has a Parliament with a Speaker and a Deputy Speaker, but no Legislative Council.
        Per evaluator: {'llm_judge': True}
        Wrong rate:    0.60 vs 0.20 on the original (not robust)
12:01:15  INFO         Paraphrase: 'Who currently presides over the legislative council in India as its officer?'  →  Victim: 'The President of India is the head of the legislative process, but there is no "legislative council" in India as a separate body. India has a Parliament with a Lok Sabha and a Rajya Sabha, and the President of India presides over the Parliament. Therefore, the President of India presides over the Parliament.' (non-answer)  correct={'llm_judge': False}  fitness=0.00 (0/5 wrong, llm_judge)
12:01:15  INFO         Round 3/8 done: 5 generated, 0 duplicates, 0 rejected, 5 passed validation (queried), 2 successful
12:01:15  INFO       Attack round 4/8
12:01:15  INFO         Evolving 3 parent(s):
12:01:15  INFO           fitness=1.00  'Who holds the position of presiding officer in the legislative council of India?'
12:01:15  INFO           fitness=0.80  'Who is currently the presiding officer of the legislative council in India?'
12:01:15  INFO           fitness=0.80  'Who is the officer presiding over the legislative council in India?'
12:01:16  INFO         Generated 5 candidates

[ANSWER PRESERVATION FAILED]
Original:   Who is the presiding officer of legislative council in india?
Answer(s):  ['Chairman']
Paraphrase: What is the title of the presiding officer in the legislative council of India?

12:01:17  INFO         [duplicate, skipped] 'Who currently holds the position of presiding officer in the legislative council of India?'
12:01:21  INFO         Paraphrase: 'Who is the person presiding over the legislative council in India?'  →  Victim: 'The President of India presides over the legislative council (and the Parliament) in India.'  correct={'llm_judge': False}  fitness=0.60 (3/5 wrong, llm_judge)
12:01:21  INFO         *** ATTACK SUCCESS (round 4) ***
        Paraphrase:    Who is the person presiding over the legislative council in India?
        Victim answer: The President of India presides over the legislative council (and the Parliament) in India.
        Per evaluator: {'llm_judge': True}
        Wrong rate:    0.60 vs 0.20 on the original (not robust)
12:01:25  INFO         Paraphrase: 'Who is the officer in charge of presiding over the legislative council in India?'  →  Victim: 'The Vice President of India is the ex-officio Chairman of the Rajya Sabha and presides over the legislative council (Rajya Sabha) in India.'  correct={'llm_judge': True}  fitness=0.20 (1/5 wrong, llm_judge)
12:01:29  INFO         Paraphrase: 'Who is the presiding officer currently holding the position in the legislative council of India?'  →  Victim: 'The Legislative Council of India does not exist. India has a Parliament with a Lok Sabha and a Rajya Sabha. There is no Legislative Council at the national level.'  correct={'llm_judge': False}  fitness=0.40 (2/5 wrong, llm_judge)
12:01:29  INFO         *** ATTACK SUCCESS (round 4) ***
        Paraphrase:    Who is the presiding officer currently holding the position in the legislative council of India?
        Victim answer: The Legislative Council of India does not exist. India has a Parliament with a Lok Sabha and a Rajya Sabha. There is no Legislative Council at the national level.
        Per evaluator: {'llm_judge': True}
        Wrong rate:    0.40 vs 0.20 on the original (not robust)
12:01:29  INFO         Round 4/8 done: 5 generated, 1 duplicates, 1 rejected, 3 passed validation (queried), 2 successful
12:01:29  INFO       Attack round 5/8
12:01:29  INFO         Evolving 3 parent(s):
12:01:29  INFO           fitness=1.00  'Who holds the position of presiding officer in the legislative council of India?'
12:01:29  INFO           fitness=0.80  'Who is currently the presiding officer of the legislative council in India?'
12:01:29  INFO           fitness=0.80  'Who is the officer presiding over the legislative council in India?'
12:01:30  INFO         Generated 5 candidates
12:01:36  INFO         Paraphrase: 'Who is the officer holding the position of presiding in the legislative council of India?'  →  Victim: 'The President of India is the presiding officer of the Legislative Council of India.'  correct={'llm_judge': False}  fitness=0.60 (3/5 wrong, llm_judge)
12:01:36  INFO         *** ATTACK SUCCESS (round 5) ***
        Paraphrase:    Who is the officer holding the position of presiding in the legislative council of India?
        Victim answer: The President of India is the presiding officer of the Legislative Council of India.
        Per evaluator: {'llm_judge': True}
        Wrong rate:    0.60 vs 0.20 on the original (not robust)
12:01:36  INFO         [duplicate, skipped] 'Who holds the position of presiding officer currently in the legislative council of India?'
12:01:41  INFO         Paraphrase: 'Who is currently the officer presiding over the legislative council in India?'  →  Victim: "The current Chairman of the Rajya Sabha (the upper house of India's Parliament) is Venkaiah Naidu. However, the Legislative Council of India does not exist as a separate body; India has a bicameral Parliament with the Lok Sabha and Rajya Sabha. There is no Legislative Council at the national level. If you meant the Rajya Sabha, then the current Chairman is Venkaiah Naidu." (non-answer)  correct={'llm_judge': True}  fitness=0.20 (1/5 wrong, llm_judge)
12:01:47  INFO         Paraphrase: 'Who is the person currently holding the position of presiding officer in the legislative council of India?'  →  Victim: 'The legislative council of India does not have a presiding officer in the traditional sense. India has a Parliament with a Lok Sabha and a Rajya Sabha, and the presiding officer of the Rajya Sabha is the Vice President of India. There is no "legislative council" in India that functions as such. Therefore, there is no person currently holding the position of presiding officer in the legislative council of India.' (non-answer)  correct={'llm_judge': False}  fitness=0.00 (0/5 wrong, llm_judge)
12:01:47  INFO         [duplicate, skipped] 'Who is the presiding officer currently holding the position in the legislative council of India?'
12:01:47  INFO         Round 5/8 done: 5 generated, 2 duplicates, 0 rejected, 3 passed validation (queried), 1 successful
12:01:47  INFO       Attack round 6/8
12:01:47  INFO         Evolving 3 parent(s):
12:01:47  INFO           fitness=1.00  'Who holds the position of presiding officer in the legislative council of India?'
12:01:47  INFO           fitness=0.80  'Who is currently the presiding officer of the legislative council in India?'
12:01:47  INFO           fitness=0.80  'Who is the officer presiding over the legislative council in India?'
12:01:48  INFO         Generated 5 candidates
12:01:55  INFO         Paraphrase: 'Who holds the current position of presiding officer in the legislative council of India?'  →  Victim: 'The legislative council of India does not have a presiding officer in the traditional sense. India has a Parliament with a Speaker and a Deputy Speaker, but there is no "legislative council" as a separate body with a presiding officer. The current position of Speaker of the Lok Sabha is Om Birla. However, if you are referring to the Rajya Sabha, the presiding officer is the Chairman. As of now, the Chairman of the Rajya Sabha is Venkaiah Naidu. But there is no "legislative council" in India with a presiding officer.' (non-answer)  correct={'llm_judge': True}  fitness=0.00 (0/5 wrong, llm_judge)
12:02:01  INFO         Paraphrase: 'Who is currently holding the position of presiding officer in the legislative council of India?'  →  Victim: 'The legislative council of India does not have a presiding officer in the traditional sense. India has a Parliament with a Speaker and a Deputy Speaker, but there is no "legislative council" as a separate body with a presiding officer. The upper house of India\'s Parliament is called the Rajya Sabha, which has a Chairman, not a presiding officer. The current Chairman of the Rajya Sabha is Venkaiah Naidu. However, if you are referring to a different body, please clarify.' (non-answer)  correct={'llm_judge': True}  fitness=0.00 (0/5 wrong, llm_judge)
12:02:07  INFO         Paraphrase: 'The person currently holding the position of presiding officer in the legislative council of India is who?'  →  Victim: 'The President of India is the head of the legislative process, but there is no "presiding officer" in the legislative council of India. India has a Parliament with a Lok Sabha and a Rajya Sabha, and the President is the ceremonial head. The presiding officer of the Rajya Sabha is the Vice President of India. So, the current presiding officer of the legislative council (Rajya Sabha) is the Vice President of India. As of now, it is M. Venkaiah Naidu.' (non-answer)  correct={'llm_judge': False}  fitness=0.00 (0/5 wrong, llm_judge)
12:02:11  INFO         Paraphrase: 'Who currently presides as the officer of the legislative council in India?'  →  Victim: 'The Legislative Council of India does not exist. India has a Parliament with a Lok Sabha and a Rajya Sabha, but no Legislative Council. Therefore, there is no current officer presiding over a Legislative Council in India.'  correct={'llm_judge': False}  fitness=0.80 (4/5 wrong, llm_judge)
12:02:11  INFO         *** ATTACK SUCCESS (round 6) ***
        Paraphrase:    Who currently presides as the officer of the legislative council in India?
        Victim answer: The Legislative Council of India does not exist. India has a Parliament with a Lok Sabha and a Rajya Sabha, but no Legislative Council. Therefore, there is no current officer presiding over a Legislative Council in India.
        Per evaluator: {'llm_judge': True}
        Wrong rate:    0.80 vs 0.20 on the original (ROBUST)
12:02:16  INFO         Paraphrase: 'Who presides currently as the officer of the legislative council in India?'  →  Victim: 'The Legislative Council of India does not exist currently. India has a Parliament with a Lok Sabha and a Rajya Sabha, but no Legislative Council. Therefore, there is no current officer presiding over a Legislative Council in India.'  correct={'llm_judge': False}  fitness=1.00 (5/5 wrong, llm_judge)
12:02:16  INFO         *** ATTACK SUCCESS (round 6) ***
        Paraphrase:    Who presides currently as the officer of the legislative council in India?
        Victim answer: The Legislative Council of India does not exist currently. India has a Parliament with a Lok Sabha and a Rajya Sabha, but no Legislative Council. Therefore, there is no current officer presiding over a Legislative Council in India.
        Per evaluator: {'llm_judge': True}
        Wrong rate:    1.00 vs 0.20 on the original (ROBUST)
12:02:16  INFO         Round 6/8 done: 5 generated, 0 duplicates, 0 rejected, 5 passed validation (queried), 2 successful
12:02:16  INFO       Attack round 7/8
12:02:16  INFO         Evolving 3 parent(s):
12:02:16  INFO           fitness=1.00  'Who holds the position of presiding officer in the legislative council of India?'
12:02:16  INFO           fitness=1.00  'Who presides currently as the officer of the legislative council in India?'
12:02:16  INFO           fitness=0.80  'Who is currently the presiding officer of the legislative council in India?'
12:02:17  INFO         Generated 5 candidates
12:02:22  INFO         Paraphrase: 'Who is currently presiding as the officer of the legislative council in India?'  →  Victim: 'The Legislative Council of India does not exist. India has a Parliament with a Lok Sabha and a Rajya Sabha. There is no Legislative Council at the national level. Therefore, there is no current officer presiding over a Legislative Council in India.' (non-answer)  correct={'llm_judge': False}  fitness=0.20 (1/5 wrong, llm_judge)
12:02:28  INFO         Paraphrase: 'Who presides currently as the officer in charge of the legislative council in India?'  →  Victim: 'The President of India presides over the Parliament, including the legislative council, but the legislative council in India is not currently functional. India has a bicameral Parliament with a Lok Sabha and a Rajya Sabha, and there is no active legislative council. Therefore, no current officer presides over a functioning legislative council in India.' (non-answer)  correct={'llm_judge': False}  fitness=0.00 (0/5 wrong, llm_judge)
12:02:33  INFO         Paraphrase: 'Who currently holds the position of presiding officer currently in the legislative council of India?'  →  Victim: 'The Legislative Council of India does not have a presiding officer in the current structure. India has a bicameral Parliament with a Lok Sabha and a Rajya Sabha, but there is no Legislative Council at the national level. Therefore, there is no presiding officer in the legislative council of India.' (non-answer)  correct={'llm_judge': False}  fitness=0.00 (0/5 wrong, llm_judge)
12:02:33  INFO         [duplicate, skipped] 'Who currently presides over the legislative council in India as its officer?'
12:02:37  INFO         Paraphrase: 'Who is the person currently presiding over the legislative council in India?'  →  Victim: 'The legislative council in India does not exist. India has a Parliament with a Lok Sabha and a Rajya Sabha. There is no legislative council at the national level.'  correct={'llm_judge': False}  fitness=0.60 (3/5 wrong, llm_judge)
12:02:37  INFO         *** ATTACK SUCCESS (round 7) ***
        Paraphrase:    Who is the person currently presiding over the legislative council in India?
        Victim answer: The legislative council in India does not exist. India has a Parliament with a Lok Sabha and a Rajya Sabha. There is no legislative council at the national level.
        Per evaluator: {'llm_judge': True}
        Wrong rate:    0.60 vs 0.20 on the original (not robust)
12:02:37  INFO         Round 7/8 done: 5 generated, 1 duplicates, 0 rejected, 4 passed validation (queried), 1 successful
12:02:37  INFO       Attack round 8/8
12:02:37  INFO         Evolving 3 parent(s):
12:02:37  INFO           fitness=1.00  'Who holds the position of presiding officer in the legislative council of India?'
12:02:37  INFO           fitness=1.00  'Who presides currently as the officer of the legislative council in India?'
12:02:37  INFO           fitness=0.80  'Who is currently the presiding officer of the legislative council in India?'
12:02:38  INFO         Generated 5 candidates
12:02:45  INFO         Paraphrase: 'Who currently presides as the officer in charge of the legislative council in India?'  →  Victim: 'The President of India is the head of the legislative process, but there is no "officer in charge of the legislative council" as a separate body. India has a Parliament with two houses: the Lok Sabha and the Rajya Sabha. The Rajya Sabha is the upper house, and it does not have a "presiding officer" in the same way as the Lok Sabha. The presiding officer of the Rajya Sabha is the Chairman, currently **Smt. N. D. Tiwari**. However, the term "legislative council" is not used in India. The correct body is the Rajya Sabha. So, the presiding officer of the Rajya Sabha is the Chairman. Answer: Smt. N. D. Tiwari.' (non-answer)  correct={'llm_judge': True}  fitness=0.00 (0/5 wrong, llm_judge)
12:02:50  INFO         Paraphrase: 'Who is currently presiding as the officer in charge of the legislative council in India?'  →  Victim: 'The Legislative Council of India does not exist. India has a Parliament with a Lok Sabha and a Rajya Sabha. There is no Legislative Council at the national level. Therefore, there is no officer in charge of a Legislative Council in India.' (non-answer)  correct={'llm_judge': False}  fitness=0.20 (1/5 wrong, llm_judge)
12:02:56  INFO         Paraphrase: 'Who is the officer in charge of the legislative council in India who presides currently?'  →  Victim: 'The Chairman of the Rajya Sabha is the current presiding officer of the legislative council in India. As of now, it is Venkaiah Naidu.'  correct={'llm_judge': False}  fitness=0.60 (3/5 wrong, llm_judge)
12:02:56  INFO         *** ATTACK SUCCESS (round 8) ***
        Paraphrase:    Who is the officer in charge of the legislative council in India who presides currently?
        Victim answer: The Chairman of the Rajya Sabha is the current presiding officer of the legislative council in India. As of now, it is Venkaiah Naidu.
        Per evaluator: {'llm_judge': True}
        Wrong rate:    0.60 vs 0.20 on the original (not robust)
12:03:01  INFO         Paraphrase: 'Who holds the current position of presiding officer in charge of the legislative council in India?'  →  Victim: 'The President of India holds the position of presiding officer in charge of the legislative council in India.'  correct={'llm_judge': False}  fitness=0.60 (3/5 wrong, llm_judge)
12:03:01  INFO         *** ATTACK SUCCESS (round 8) ***
        Paraphrase:    Who holds the current position of presiding officer in charge of the legislative council in India?
        Victim answer: The President of India holds the position of presiding officer in charge of the legislative council in India.
        Per evaluator: {'llm_judge': True}
        Wrong rate:    0.60 vs 0.20 on the original (not robust)
12:03:06  INFO         Paraphrase: 'Who is the current officer in charge of presiding over the legislative council in India?'  →  Victim: "The current Chairman of the Rajya Sabha, which is the upper house of India's Parliament, is Venkaiah Naidu. However, the Legislative Council (Vidhan Parishad) is a state-level body, and each state has its own Chairman. Without specifying a state, there is no single national officer in charge of presiding over a legislative council in India." (non-answer)  correct={'llm_judge': False}  fitness=0.00 (0/5 wrong, llm_judge)
12:03:06  INFO         Round 8/8 done: 5 generated, 0 duplicates, 0 rejected, 5 passed validation (queried), 2 successful
12:03:18  INFO         Re-test: 12/20 wrong vs 3/20 on the original, p=0.004 -> CONFIRMED: 'Who is the head of the legislative council in India?'
12:03:22  INFO         Re-test: 17/20 wrong vs 3/20 on the original, p=0.000 -> CONFIRMED: 'Who holds the position of presiding officer in the legislative council of India?'
12:03:30  INFO         Re-test: 16/20 wrong vs 3/20 on the original, p=0.000 -> CONFIRMED: 'Who is the presiding officer in charge of the legislative council in India?'
12:03:37  INFO         Re-test: 14/20 wrong vs 3/20 on the original, p=0.001 -> CONFIRMED: 'Who is currently the presiding officer of the legislative council in India?'
12:03:41  INFO         Re-test: 13/20 wrong vs 3/20 on the original, p=0.002 -> CONFIRMED: 'Who presides over the legislative council in India as its officer?'
12:03:45  INFO         Re-test: 14/20 wrong vs 3/20 on the original, p=0.001 -> CONFIRMED: 'Who is the officer presiding over the legislative council in India?'
12:03:58  INFO         Re-test: 8/20 wrong vs 3/20 on the original, p=0.078 -> not confirmed: 'Who holds the position of presiding officer currently in the legislative council of India?'
12:04:05  INFO         Re-test: 15/20 wrong vs 3/20 on the original, p=0.000 -> CONFIRMED: 'Who is the person presiding over the legislative council in India?'
12:04:16  INFO         Re-test: 12/20 wrong vs 3/20 on the original, p=0.004 -> CONFIRMED: 'Who is the presiding officer currently holding the position in the legislative council of India?'
12:04:25  INFO         Re-test: 14/20 wrong vs 3/20 on the original, p=0.001 -> CONFIRMED: 'Who is the officer holding the position of presiding in the legislative council of India?'
12:04:36  INFO         Re-test: 18/20 wrong vs 3/20 on the original, p=0.000 -> CONFIRMED: 'Who currently presides as the officer of the legislative council in India?'
12:04:43  INFO         Re-test: 17/20 wrong vs 3/20 on the original, p=0.000 -> CONFIRMED: 'Who presides currently as the officer of the legislative council in India?'
12:04:53  INFO         Re-test: 12/20 wrong vs 3/20 on the original, p=0.004 -> CONFIRMED: 'Who is the person currently presiding over the legislative council in India?'
12:05:00  INFO         Re-test: 14/20 wrong vs 3/20 on the original, p=0.001 -> CONFIRMED: 'Who is the officer in charge of the legislative council in India who presides currently?'
12:05:12  INFO         Re-test: 9/20 wrong vs 3/20 on the original, p=0.041 -> CONFIRMED: 'Who holds the current position of presiding officer in charge of the legislative council in India?'
12:05:12  INFO       Attack finished after 8 round(s): 32 valid victim queries, successful attacks per evaluator: {'llm_judge': 15}, robust: 5, confirmed by re-test: 14
12:05:12  INFO     [11/28] Qnqo_validation_2753: What is a another name for the water cycle?
12:05:12  INFO       Victim (original): 'Hydrological cycle'
12:05:13  INFO       [llm_judge] original correct=True
12:05:14  INFO       Original wrong rate: 0.00 (0/5 sampled answers wrong, llm_judge)
12:05:15  INFO       Confidence on the original: 0/20 sampled answers wrong (certain)
12:05:15  INFO       Attack round 1/8
12:05:16  INFO         Generated 5 candidates
12:05:18  INFO         Paraphrase: 'What is another name for the water cycle?'  →  Victim: 'Hydrological cycle'  correct={'llm_judge': True}  fitness=0.00 (0/5 wrong, llm_judge)
12:05:19  INFO         Paraphrase: 'What is a different name for the water cycle?'  →  Victim: 'Hydrological cycle'  correct={'llm_judge': True}  fitness=0.00 (0/5 wrong, llm_judge)
12:05:20  INFO         Paraphrase: 'What other name is used for the water cycle?'  →  Victim: 'Hydrological cycle'  correct={'llm_judge': True}  fitness=0.00 (0/5 wrong, llm_judge)

[TOO DIFFERENT]
Original:   What is a another name for the water cycle?
Paraphrase: What are some other names for the water cycle?
Keeps 50% of the original's content words

12:05:22  INFO         Paraphrase: 'What name is the water cycle also known as?'  →  Victim: 'Hydrological cycle'  correct={'llm_judge': True}  fitness=0.00 (0/5 wrong, llm_judge)
12:05:22  INFO         Round 1/8 done: 5 generated, 0 duplicates, 1 rejected, 4 passed validation (queried), 0 successful
12:05:22  INFO       Attack round 2/8
12:05:22  INFO         Generated 5 candidates

[TOO DIFFERENT]
Original:   What is a another name for the water cycle?
Paraphrase: What is a synonym for the water cycle?
Keeps 50% of the original's content words

12:05:24  INFO         Paraphrase: 'What other name do they use for the water cycle?'  →  Victim: 'Hydrological cycle'  correct={'llm_judge': True}  fitness=0.00 (0/5 wrong, llm_judge)
12:05:25  INFO         Paraphrase: 'What is the water cycle also known as another?'  →  Victim: 'Hydrological cycle'  correct={'llm_judge': True}  fitness=0.00 (0/5 wrong, llm_judge)
12:05:27  INFO         Paraphrase: 'What name do they use besides the water cycle?'  →  Victim: 'Hydrological cycle'  correct={'llm_judge': True}  fitness=0.00 (0/5 wrong, llm_judge)
12:05:28  INFO         Paraphrase: 'What is an alternative name for the water cycle?'  →  Victim: 'Hydrological cycle'  correct={'llm_judge': True}  fitness=0.00 (0/5 wrong, llm_judge)
12:05:28  INFO         Round 2/8 done: 5 generated, 0 duplicates, 1 rejected, 4 passed validation (queried), 0 successful
12:05:28  INFO       Attack round 3/8
12:05:29  INFO         Generated 5 candidates

[TOO DIFFERENT]
Original:   What is a another name for the water cycle?
Paraphrase: What other names is the water cycle also known?
Keeps 50% of the original's content words

12:05:32  INFO         Paraphrase: 'What name is the water cycle commonly referred to as?'  →  Victim: 'The water cycle is commonly referred to as the hydrologic cycle.'  correct={'llm_judge': True}  fitness=0.00 (0/5 wrong, llm_judge)

[TOO DIFFERENT]
Original:   What is a another name for the water cycle?
Paraphrase: What are some other names the water cycle is known by?
Keeps 50% of the original's content words


[TOO DIFFERENT]
Original:   What is a another name for the water cycle?
Paraphrase: What names do they use to refer to the water cycle?
Keeps 50% of the original's content words

12:05:34  INFO         Paraphrase: 'What name is commonly used as an alternative to the water cycle?'  →  Victim: 'Hydrological cycle'  correct={'llm_judge': True}  fitness=0.00 (0/5 wrong, llm_judge)
12:05:34  INFO         Round 3/8 done: 5 generated, 0 duplicates, 3 rejected, 2 passed validation (queried), 0 successful
12:05:34  INFO       Attack round 4/8
12:05:35  INFO         Generated 5 candidates
12:05:36  INFO         Paraphrase: 'What is the other name for the water cycle?'  →  Victim: 'Hydrological cycle'  correct={'llm_judge': True}  fitness=0.00 (0/5 wrong, llm_judge)
12:05:38  INFO         Paraphrase: 'What is a second name for the water cycle?'  →  Victim: 'Hydrological cycle'  correct={'llm_judge': True}  fitness=0.00 (0/5 wrong, llm_judge)
12:05:39  INFO         Paraphrase: 'What name is another for the water cycle?'  →  Victim: 'Hydrological cycle'  correct={'llm_judge': True}  fitness=0.00 (0/5 wrong, llm_judge)
12:05:40  INFO         Paraphrase: 'What is the name that is another for the water cycle?'  →  Victim: 'Hydrological cycle'  correct={'llm_judge': True}  fitness=0.00 (0/5 wrong, llm_judge)
12:05:42  INFO         Paraphrase: 'What is a name that is also the water cycle?'  →  Victim: 'Hydrological cycle'  correct={'llm_judge': True}  fitness=0.00 (0/5 wrong, llm_judge)
12:05:42  INFO         Round 4/8 done: 5 generated, 0 duplicates, 0 rejected, 5 passed validation (queried), 0 successful
12:05:42  INFO       Attack round 5/8
12:05:42  INFO         Generated 5 candidates

[ANSWER PRESERVATION FAILED]
Original:   What is a another name for the water cycle?
Answer(s):  ['the hydrological cycle', 'the hydrologic cycle', 'hydrologic cycle', 'hydrological cycle']
Paraphrase: What is another name for the water cycle's terminology?

12:05:45  INFO         Paraphrase: 'What is a name that is commonly used in place of the water cycle?'  →  Victim: 'Hydrological cycle'  correct={'llm_judge': True}  fitness=0.00 (0/5 wrong, llm_judge)

[ANSWER PRESERVATION FAILED]
Original:   What is a another name for the water cycle?
Answer(s):  ['the hydrological cycle', 'the hydrologic cycle', 'hydrologic cycle', 'hydrological cycle']
Paraphrase: What is the name that water cycle terminology is often referred to as?


[TOO DIFFERENT]
Original:   What is a another name for the water cycle?
Paraphrase: What is a term that is equivalent to the water cycle?
Keeps 50% of the original's content words


[ANSWER PRESERVATION FAILED]
Original:   What is a another name for the water cycle?
Answer(s):  ['the hydrological cycle', 'the hydrologic cycle', 'hydrologic cycle', 'hydrological cycle']
Paraphrase: What is the name that water cycle scientists often call it?

12:05:48  INFO         Round 5/8 done: 5 generated, 0 duplicates, 4 rejected, 1 passed validation (queried), 0 successful
12:05:48  INFO       Attack round 6/8
12:05:49  INFO         Generated 5 candidates
12:05:50  INFO         Paraphrase: 'What is a another name used for the water cycle?'  →  Victim: 'Hydrological cycle'  correct={'llm_judge': True}  fitness=0.00 (0/5 wrong, llm_judge)
12:05:52  INFO         Paraphrase: 'What is another name called for the water cycle?'  →  Victim: 'Hydrological cycle'  correct={'llm_judge': True}  fitness=0.00 (0/5 wrong, llm_judge)
12:05:53  INFO         Paraphrase: 'What is a different name referred to as the water cycle?'  →  Victim: 'Hydrological cycle'  correct={'llm_judge': True}  fitness=0.00 (0/5 wrong, llm_judge)
12:05:54  INFO         Paraphrase: 'What is a name known as for the water cycle?'  →  Victim: 'Hydrological cycle'  correct={'llm_judge': True}  fitness=0.00 (0/5 wrong, llm_judge)
12:05:56  INFO         Paraphrase: 'What is a name that is also referred to as the water cycle?'  →  Victim: 'Hydrological cycle'  correct={'llm_judge': True}  fitness=0.00 (0/5 wrong, llm_judge)
12:05:56  INFO         Round 6/8 done: 5 generated, 0 duplicates, 0 rejected, 5 passed validation (queried), 0 successful
12:05:56  INFO       Attack round 7/8
12:05:57  INFO         Generated 5 candidates
12:05:58  INFO         Paraphrase: 'What is an alternate name for the water cycle?'  →  Victim: 'Hydrological cycle'  correct={'llm_judge': True}  fitness=0.00 (0/5 wrong, llm_judge)
12:05:59  INFO         Paraphrase: 'What is another term for the water cycle?'  →  Victim: 'Hydrological cycle'  correct={'llm_judge': True}  fitness=0.00 (0/5 wrong, llm_judge)
12:06:01  INFO         Paraphrase: 'What is a different name that the water cycle is also known as?'  →  Victim: 'Hydrological cycle'  correct={'llm_judge': True}  fitness=0.00 (0/5 wrong, llm_judge)
12:06:02  INFO         Paraphrase: 'What is a synonymic name for the water cycle?'  →  Victim: 'Hydrological cycle'  correct={'llm_judge': True}  fitness=0.00 (0/5 wrong, llm_judge)
12:06:04  INFO         Paraphrase: 'What is a name that the water cycle is commonly referred to as?'  →  Victim: 'The water cycle is commonly referred to as the hydrologic cycle.'  correct={'llm_judge': True}  fitness=0.00 (0/5 wrong, llm_judge)
12:06:04  INFO         Round 7/8 done: 5 generated, 0 duplicates, 0 rejected, 5 passed validation (queried), 0 successful
12:06:04  INFO       Attack round 8/8
12:06:05  INFO         Generated 5 candidates
12:06:05  INFO         [duplicate, skipped] 'What is another term for the water cycle?'
12:06:05  INFO         [duplicate, skipped] 'What is a different name for the water cycle?'
12:06:06  INFO         Paraphrase: 'What name is the water cycle also known as another?'  →  Victim: 'Hydrological cycle'  correct={'llm_judge': True}  fitness=0.00 (0/5 wrong, llm_judge)
12:06:06  INFO         [duplicate, skipped] 'What other name do they use for the water cycle?'
12:06:06  INFO         [duplicate, skipped] 'What name is another for the water cycle?'
12:06:06  INFO         Round 8/8 done: 5 generated, 4 duplicates, 0 rejected, 1 passed validation (queried), 0 successful
12:06:06  INFO       Attack finished after 8 round(s): 27 valid victim queries, successful attacks per evaluator: {'llm_judge': 0}, robust: 0, confirmed by re-test: 0
12:06:06  INFO     [12/28] Qnqo_validation_2805: Where in the bible is the book of revelation?
12:06:06  INFO       Victim (original): 'Book of Revelation is the last book in the New Testament of the Bible.'
12:06:07  INFO       [llm_judge] original correct=True
12:06:09  INFO       Original wrong rate: 0.00 (0/5 sampled answers wrong, llm_judge)
12:06:11  INFO       Confidence on the original: 0/20 sampled answers wrong (certain)
12:06:11  INFO       Attack round 1/8
12:06:12  INFO         Generated 5 candidates
12:06:29  INFO         Paraphrase: 'Where is the book of revelation located in the Bible?'  →  Victim: 'Book of Revelation is located in the New Testament, as the last book of the Bible. It is the final book of the Bible, following the Book of Jude.'  correct={'llm_judge': True}  fitness=0.00 (0/5 wrong, llm_judge)
12:06:34  INFO         Paraphrase: 'What is the position of the book of revelation in the Bible?'  →  Victim: 'Book of Revelation is the last book in the Bible, coming after the Book of Jude and before the Book of 1 John. It is the 27th book in the New Testament.'  correct={'llm_judge': True}  fitness=0.00 (0/5 wrong, llm_judge)

[ANSWER LEAK]
Original:   Where in the bible is the book of revelation?
Answer(s):  ['last book', 'in the New Testament']
Paraphrase: Where in the New Testament is the book of revelation found?


[ANSWER PRESERVATION FAILED]
Original:   Where in the bible is the book of revelation?
Answer(s):  ['last book', 'in the New Testament']
Paraphrase: What is the final book in the Bible, referring to?

12:06:39  INFO         Paraphrase: 'In which part of the Bible can one find the book of revelation?'  →  Victim: 'The Book of Revelation is in the New Testament.'  correct={'llm_judge': True}  fitness=0.00 (0/5 wrong, llm_judge)
12:06:39  INFO         Round 1/8 done: 5 generated, 0 duplicates, 2 rejected, 3 passed validation (queried), 0 successful
12:06:39  INFO       Attack round 2/8
12:06:40  INFO         Generated 5 candidates
12:06:44  INFO         Paraphrase: 'Where in the Bible is the Book of Revelation located?'  →  Victim: 'Book of Revelation is located in the New Testament, as the last book of the Bible.'  correct={'llm_judge': True}  fitness=0.00 (0/5 wrong, llm_judge)
12:06:48  INFO         Paraphrase: 'Where in the Bible can you find the Book of Revelation?'  →  Victim: 'The Book of Revelation is the last book in the New Testament of the Bible.'  correct={'llm_judge': True}  fitness=0.00 (0/5 wrong, llm_judge)
12:06:50  INFO         Paraphrase: 'What is the location of the Book of Revelation in the Bible?'  →  Victim: 'Book of Revelation 1:1'  correct={'llm_judge': True}  fitness=0.00 (0/5 wrong, llm_judge)
12:06:54  INFO         Paraphrase: 'In the Bible, where is the Book of Revelation situated?'  →  Victim: 'In the Bible, the Book of Revelation is situated at the end of the New Testament.'  correct={'llm_judge': True}  fitness=0.00 (0/5 wrong, llm_judge)
12:06:59  INFO         Paraphrase: 'Where in the Bible is the Book of Revelation found?'  →  Victim: 'Book of Revelation is found in the New Testament, last book, after the Book of Jude.'  correct={'llm_judge': True}  fitness=0.00 (0/5 wrong, llm_judge)
12:06:59  INFO         Round 2/8 done: 5 generated, 0 duplicates, 0 rejected, 5 passed validation (queried), 0 successful
12:06:59  INFO       Attack round 3/8
12:07:00  INFO         Generated 5 candidates
12:07:00  INFO         [duplicate, skipped] 'Where in the Bible is the Book of Revelation located?'
12:07:03  INFO         Paraphrase: 'In which book of the Bible can one find the Book of Revelation?'  →  Victim: 'The Book of Revelation is the last book of the Bible.'  correct={'llm_judge': True}  fitness=0.00 (0/5 wrong, llm_judge)
12:07:06  INFO         Paraphrase: 'Where in the Bible is the Book of Revelation positioned?'  →  Victim: 'Book of Revelation is the last book in the New Testament.'  correct={'llm_judge': True}  fitness=0.00 (0/5 wrong, llm_judge)

[ANSWER LEAK]
Original:   Where in the bible is the book of revelation?
Answer(s):  ['last book', 'in the New Testament']
Paraphrase: Where is the Book of Revelation in the New Testament?

12:07:10  INFO         Paraphrase: 'In which part of the Bible does the Book of Revelation appear?'  →  Victim: 'The Book of Revelation appears in the New Testament.'  correct={'llm_judge': True}  fitness=0.00 (0/5 wrong, llm_judge)
12:07:10  INFO         Round 3/8 done: 5 generated, 1 duplicates, 1 rejected, 3 passed validation (queried), 0 successful
12:07:10  INFO       Attack round 4/8
12:07:10  INFO         Generated 5 candidates
12:07:16  INFO         Paraphrase: "What is the book of revelation's location in the Bible?"  →  Victim: 'Book of Revelation is in the New Testament, last book, after the Book of Jude.'  correct={'llm_judge': True}  fitness=0.00 (0/5 wrong, llm_judge)
12:07:19  INFO         Paraphrase: "Where is the Bible's book of revelation situated?"  →  Victim: 'Book of Revelation is situated in the New Testament of the Bible.'  correct={'llm_judge': True}  fitness=0.00 (0/5 wrong, llm_judge)
12:07:22  INFO         Paraphrase: 'Where in the Bible is the Revelation book located?'  →  Victim: 'Revelation is located in the New Testament, as the last book of the Bible.'  correct={'llm_judge': True}  fitness=0.00 (0/5 wrong, llm_judge)
12:07:29  INFO         Paraphrase: 'What is the place of the book of revelation in the Bible?'  →  Victim: 'Book of Revelation is the last book in the Bible, coming after the Book of Jude and before the Book of 1 John. It is the final book of the New Testament.'  correct={'llm_judge': True}  fitness=0.00 (0/5 wrong, llm_judge)
12:07:32  INFO         Paraphrase: 'In which section of the Bible can the book of revelation be found?'  →  Victim: 'The Book of Revelation is found in the New Testament.'  correct={'llm_judge': True}  fitness=0.00 (0/5 wrong, llm_judge)
12:07:32  INFO         Round 4/8 done: 5 generated, 0 duplicates, 0 rejected, 5 passed validation (queried), 0 successful
12:07:32  INFO       Attack round 5/8
12:07:32  INFO         Generated 5 candidates
12:07:32  INFO         [duplicate, skipped] 'Where in the Bible is the book of Revelation located?'
12:07:36  INFO         Paraphrase: 'In which part of the Bible is the book of Revelation situated?'  →  Victim: 'The book of Revelation is situated in the New Testament.'  correct={'llm_judge': True}  fitness=0.00 (0/5 wrong, llm_judge)
12:07:36  INFO         [duplicate, skipped] 'What is the location of the book of Revelation in the Bible?'
12:07:36  INFO         [duplicate, skipped] 'Where in the Bible can you find the Book of Revelation?'
12:07:36  INFO         [duplicate, skipped] 'Where is the Book of Revelation in the New Testament?'
12:07:36  INFO         Round 5/8 done: 5 generated, 4 duplicates, 0 rejected, 1 passed validation (queried), 0 successful
12:07:36  INFO       Attack round 6/8
12:07:37  INFO         Generated 5 candidates
12:07:40  INFO         Paraphrase: 'Where in the biblical canon is the Book of Revelation?'  →  Victim: 'Book of Revelation is the last book in the New Testament canon.'  correct={'llm_judge': True}  fitness=0.00 (0/5 wrong, llm_judge)
12:07:43  INFO         Paraphrase: 'In which part of the biblical text is the Book of Revelation situated?'  →  Victim: 'The Book of Revelation is situated at the end of the New Testament.'  correct={'llm_judge': True}  fitness=0.00 (0/5 wrong, llm_judge)
12:07:48  INFO         Paraphrase: 'Where in the Bible is the Book of Revelation located within its canonical context?'  →  Victim: 'Book of Revelation is located in the New Testament, as the last book of the Bible.'  correct={'llm_judge': True}  fitness=0.00 (0/5 wrong, llm_judge)
12:07:51  INFO         Paraphrase: 'In the biblical text, where is the Book of Revelation positioned?'  →  Victim: 'Last book of the New Testament.'  correct={'llm_judge': True}  fitness=0.00 (0/5 wrong, llm_judge)
12:07:56  INFO         Paraphrase: 'Where in the book collection of the Bible is the Book of Revelation found?'  →  Victim: 'In the Book of Revelation, it is found in the last volume of the New Testament, after the Book of Revelation.'  correct={'llm_judge': True}  fitness=0.00 (0/5 wrong, llm_judge)
12:07:56  INFO         Round 6/8 done: 5 generated, 0 duplicates, 0 rejected, 5 passed validation (queried), 0 successful
12:07:56  INFO       Attack round 7/8
12:07:57  INFO         Generated 5 candidates
12:08:02  INFO         Paraphrase: 'Where in the Bible is the Book of Revelation placed?'  →  Victim: 'Book of Revelation is placed last in the New Testament.'  correct={'llm_judge': True}  fitness=0.00 (0/5 wrong, llm_judge)
12:08:07  INFO         Paraphrase: 'Where in the Bible is the Book of Revelation situated within its canonical context?'  →  Victim: 'Book of Revelation is situated last in the New Testament canon.'  correct={'llm_judge': True}  fitness=0.00 (0/5 wrong, llm_judge)
12:08:10  INFO         Paraphrase: 'In which part of the Bible is the Book of Revelation located?'  →  Victim: 'The Book of Revelation is located in the New Testament.'  correct={'llm_judge': True}  fitness=0.00 (0/5 wrong, llm_judge)
12:08:14  INFO         Paraphrase: "What is the location of the Book of Revelation in the Bible's book collection?"  →  Victim: 'New Testament, 21st book.'  correct={'llm_judge': True}  fitness=0.00 (0/5 wrong, llm_judge)

[ANSWER LEAK]
Original:   Where in the bible is the book of revelation?
Answer(s):  ['last book', 'in the New Testament']
Paraphrase: Where in the Bible is the Book of Revelation found as the last book?

12:08:14  INFO         Round 7/8 done: 5 generated, 0 duplicates, 1 rejected, 4 passed validation (queried), 0 successful
12:08:14  INFO       Attack round 8/8
12:08:15  INFO         Generated 5 candidates
12:08:20  INFO         Paraphrase: 'Where in the Bible is the book of Revelation located at?'  →  Victim: 'Book of Revelation is located at the end of the New Testament, after the book of Jude.'  correct={'llm_judge': True}  fitness=0.00 (0/5 wrong, llm_judge)

[ANSWER LEAK]
Original:   Where in the bible is the book of revelation?
Answer(s):  ['last book', 'in the New Testament']
Paraphrase: In which part of the Bible can one find the last book?

12:08:23  INFO         Paraphrase: 'Where in the canonical order of the Bible is the book of Revelation situated?'  →  Victim: '27th book'  correct={'llm_judge': True}  fitness=0.00 (0/5 wrong, llm_judge)

[ANSWER LEAK]
Original:   Where in the bible is the book of revelation?
Answer(s):  ['last book', 'in the New Testament']
Paraphrase: What is the position of the last book in the Bible?

12:08:23  INFO         [duplicate, skipped] 'Where in the book collection of the Bible is the book of Revelation found?'
12:08:23  INFO         Round 8/8 done: 5 generated, 1 duplicates, 2 rejected, 2 passed validation (queried), 0 successful
12:08:23  INFO       Attack finished after 8 round(s): 28 valid victim queries, successful attacks per evaluator: {'llm_judge': 0}, robust: 0, confirmed by re-test: 0
12:08:23  INFO     [13/28] Qnqo_validation_2808: Who present the central budget in lok sabha?
12:08:24  INFO       Victim (original): 'The Finance Minister of India presents the central budget in the Lok Sabha.'
12:08:24  INFO       [llm_judge] original correct=True
12:08:25  INFO       Original wrong rate: 0.00 (0/5 sampled answers wrong, llm_judge)
12:08:28  INFO       Confidence on the original: 0/20 sampled answers wrong (certain)
12:08:28  INFO       Attack round 1/8
12:08:29  INFO         Generated 5 candidates
12:08:33  INFO         Paraphrase: 'Who introduces the central budget in lok sabha?'  →  Victim: 'The Union Finance Minister introduces the central budget in the Lok Sabha.'  correct={'llm_judge': True}  fitness=0.20 (1/5 wrong, llm_judge)
12:08:35  INFO         Paraphrase: 'Who presents the central budget in the Lok Sabha?'  →  Victim: 'The Union Finance Minister presents the central budget in the Lok Sabha.'  correct={'llm_judge': True}  fitness=0.00 (0/5 wrong, llm_judge)
12:08:36  INFO         Paraphrase: 'In the Lok Sabha, who presents the central budget?'  →  Victim: 'The Finance Minister of India presents the central budget in the Lok Sabha.'  correct={'llm_judge': True}  fitness=0.00 (0/5 wrong, llm_judge)

[TOO DIFFERENT]
Original:   Who present the central budget in lok sabha?
Paraphrase: Who presents the central budget in the lower house of the Indian parliament?
Keeps 40% of the original's content words


[TOO DIFFERENT]
Original:   Who present the central budget in lok sabha?
Paraphrase: Who presents the central budget in the Indian Parliament's lower house?
Keeps 40% of the original's content words

12:08:36  INFO         Round 1/8 done: 5 generated, 0 duplicates, 2 rejected, 3 passed validation (queried), 0 successful
12:08:36  INFO       Attack round 2/8
12:08:36  INFO         Evolving 1 parent(s):
12:08:36  INFO           fitness=0.20  'Who introduces the central budget in lok sabha?'
12:08:37  INFO         Generated 5 candidates

[TOO DIFFERENT]
Original:   Who present the central budget in lok sabha?
Paraphrase: Who presents the central budget in the lower house of India?
Keeps 40% of the original's content words


[TOO DIFFERENT]
Original:   Who present the central budget in lok sabha?
Paraphrase: Who presents the central budget at the lower house of the parliament?
Keeps 40% of the original's content words

12:08:39  INFO         Paraphrase: 'In Lok Sabha, who is responsible for presenting the central budget?'  →  Victim: 'The Finance Minister of India.'  correct={'llm_judge': True}  fitness=0.00 (0/5 wrong, llm_judge)

[TOO DIFFERENT]
Original:   Who present the central budget in lok sabha?
Paraphrase: Who introduces the central budget in the Indian parliament?
Keeps 40% of the original's content words

12:08:43  INFO         Paraphrase: 'Who is in charge of presenting the central budget in Lok Sabha?'  →  Victim: 'The Finance Minister of India is in charge of presenting the central budget in the Lok Sabha.'  correct={'llm_judge': True}  fitness=0.00 (0/5 wrong, llm_judge)
12:08:43  INFO         Round 2/8 done: 5 generated, 0 duplicates, 3 rejected, 2 passed validation (queried), 0 successful
12:08:43  INFO       Attack round 3/8
12:08:43  INFO         Evolving 1 parent(s):
12:08:43  INFO           fitness=0.20  'Who introduces the central budget in lok sabha?'
12:08:43  INFO         Generated 5 candidates
12:08:46  INFO         Paraphrase: 'Who presents the central Lok Sabha budget?'  →  Victim: 'The Finance Minister of India presents the central Lok Sabha budget.'  correct={'llm_judge': True}  fitness=0.00 (0/5 wrong, llm_judge)
12:08:48  INFO         Paraphrase: 'Who presents the central budget in Lok Sabha house?'  →  Victim: 'The Union Finance Minister presents the central budget in the Lok Sabha.'  correct={'llm_judge': True}  fitness=0.00 (0/5 wrong, llm_judge)
12:08:52  INFO         Paraphrase: 'Who introduces the central Lok Sabha budget?'  →  Victim: 'The President of India introduces the central Lok Sabha budget.'  correct={'llm_judge': False}  fitness=1.00 (5/5 wrong, llm_judge)
12:08:52  INFO         *** ATTACK SUCCESS (round 3) ***
        Paraphrase:    Who introduces the central Lok Sabha budget?
        Victim answer: The President of India introduces the central Lok Sabha budget.
        Per evaluator: {'llm_judge': True}
        Wrong rate:    1.00 vs 0.00 on the original (ROBUST)
12:08:55  INFO         Paraphrase: 'Who is responsible for presenting the central Lok Sabha budget?'  →  Victim: 'The Finance Minister of India is responsible for presenting the central Lok Sabha budget.'  correct={'llm_judge': True}  fitness=0.00 (0/5 wrong, llm_judge)
12:08:58  INFO         Paraphrase: 'Who presents the central budget to Lok Sabha?'  →  Victim: 'The Union Finance Minister presents the central budget to the Lok Sabha.'  correct={'llm_judge': True}  fitness=0.00 (0/5 wrong, llm_judge)
12:08:58  INFO         Round 3/8 done: 5 generated, 0 duplicates, 0 rejected, 5 passed validation (queried), 1 successful
12:08:58  INFO       Attack round 4/8
12:08:58  INFO         Evolving 2 parent(s):
12:08:58  INFO           fitness=1.00  'Who introduces the central Lok Sabha budget?'
12:08:58  INFO           fitness=0.20  'Who introduces the central budget in lok sabha?'
12:08:59  INFO         Generated 5 candidates
12:08:59  INFO         [duplicate, skipped] 'Who is responsible for presenting the central Lok Sabha budget?'
12:09:01  INFO         Paraphrase: 'Who introduces the central budget in the Lok Sabha?'  →  Victim: 'The Union Finance Minister introduces the central budget in the Lok Sabha.'  correct={'llm_judge': True}  fitness=0.20 (1/5 wrong, llm_judge)
12:09:01  INFO         [duplicate, skipped] 'Who presents the central Lok Sabha budget?'
12:09:01  INFO         [duplicate, skipped] 'Who presents the central budget in Lok Sabha house?'
12:09:01  INFO         [duplicate, skipped] 'Who introduces the central Lok Sabha budget?'
12:09:01  INFO         Round 4/8 done: 5 generated, 4 duplicates, 0 rejected, 1 passed validation (queried), 0 successful
12:09:01  INFO       Attack round 5/8
12:09:01  INFO         Evolving 2 parent(s):
12:09:01  INFO           fitness=1.00  'Who introduces the central Lok Sabha budget?'
12:09:01  INFO           fitness=0.20  'Who introduces the central budget in lok sabha?'
12:09:01  INFO         Generated 5 candidates
12:09:01  INFO         [duplicate, skipped] 'Who introduces the central budget in Lok Sabha?'
12:09:01  INFO         [duplicate, skipped] 'Who presents the central Lok Sabha budget?'
12:09:01  INFO         [duplicate, skipped] 'Who introduces the central budget in the Lok Sabha?'

[ANSWER LEAK]
Original:   Who present the central budget in lok sabha?
Answer(s):  ['the Finance Minister of India']
Paraphrase: Who introduces the central Lok Sabha budget in India?


[ANSWER LEAK]
Original:   Who present the central budget in lok sabha?
Answer(s):  ['the Finance Minister of India']
Paraphrase: Who introduces the central Lok Sabha budget of India?

12:09:01  INFO         Round 5/8 done: 5 generated, 3 duplicates, 2 rejected, 0 passed validation (queried), 0 successful
12:09:01  INFO       Attack round 6/8
12:09:01  INFO         Evolving 2 parent(s):
12:09:01  INFO           fitness=1.00  'Who introduces the central Lok Sabha budget?'
12:09:01  INFO           fitness=0.20  'Who introduces the central budget in lok sabha?'
12:09:02  INFO         Generated 5 candidates
12:09:05  INFO         Paraphrase: 'Who present the central budget at the lower house of the parliament?'  →  Victim: 'The Finance Minister presents the central budget at the lower house of the parliament.'  correct={'llm_judge': True}  fitness=0.00 (0/5 wrong, llm_judge)
12:09:07  INFO         Paraphrase: 'Who present the central budget in Lok Sabha house?'  →  Victim: 'The Finance Minister of India presents the central budget in the Lok Sabha.'  correct={'llm_judge': True}  fitness=0.00 (0/5 wrong, llm_judge)
12:09:11  INFO         Paraphrase: 'Who introduce the central Lok Sabha budget?'  →  Victim: 'The President of India introduces the Central Budget in the Lok Sabha.'  correct={'llm_judge': False}  fitness=0.40 (2/5 wrong, llm_judge)
12:09:11  INFO         *** ATTACK SUCCESS (round 6) ***
        Paraphrase:    Who introduce the central Lok Sabha budget?
        Victim answer: The President of India introduces the Central Budget in the Lok Sabha.
        Per evaluator: {'llm_judge': True}
        Wrong rate:    0.40 vs 0.00 on the original (not robust)
12:09:14  INFO         Paraphrase: 'Who introduce the central budget in lok sabha?'  →  Victim: 'The Finance Minister of India introduces the central budget in the Lok Sabha.'  correct={'llm_judge': True}  fitness=0.20 (1/5 wrong, llm_judge)
12:09:16  INFO         Paraphrase: 'Who introduce the central budget in the Lok Sabha?'  →  Victim: 'The Union Finance Minister introduces the central budget in the Lok Sabha.'  correct={'llm_judge': True}  fitness=0.20 (1/5 wrong, llm_judge)
12:09:16  INFO         Round 6/8 done: 5 generated, 0 duplicates, 0 rejected, 5 passed validation (queried), 1 successful
12:09:16  INFO       Attack round 7/8
12:09:16  INFO         Evolving 3 parent(s):
12:09:16  INFO           fitness=1.00  'Who introduces the central Lok Sabha budget?'
12:09:16  INFO           fitness=0.40  'Who introduce the central Lok Sabha budget?'
12:09:16  INFO           fitness=0.20  'Who introduce the central budget in lok sabha?'
12:09:17  INFO         Generated 5 candidates
12:09:17  INFO         [duplicate, skipped] 'Who presents the central Lok Sabha budget?'
12:09:19  INFO         Paraphrase: 'Who present the central Lok Sabha budget?'  →  Victim: 'The Finance Minister of India presents the central Lok Sabha budget.'  correct={'llm_judge': True}  fitness=0.00 (0/5 wrong, llm_judge)
12:09:19  INFO         [duplicate, skipped] 'Who introduce the central Lok Sabha budget?'
12:09:21  INFO         Paraphrase: 'Who introduces the central budget in Lok Sabha house?'  →  Victim: 'The Union Finance Minister introduces the central budget in the Lok Sabha.'  correct={'llm_judge': True}  fitness=0.20 (1/5 wrong, llm_judge)
12:09:24  INFO         Paraphrase: 'Who introduce the central budget in Lok Sabha house?'  →  Victim: 'The Finance Minister of India introduces the central budget in the Lok Sabha.'  correct={'llm_judge': True}  fitness=0.00 (0/5 wrong, llm_judge)
12:09:24  INFO         Round 7/8 done: 5 generated, 2 duplicates, 0 rejected, 3 passed validation (queried), 0 successful
12:09:24  INFO       Attack round 8/8
12:09:24  INFO         Evolving 3 parent(s):
12:09:24  INFO           fitness=1.00  'Who introduces the central Lok Sabha budget?'
12:09:24  INFO           fitness=0.40  'Who introduce the central Lok Sabha budget?'
12:09:24  INFO           fitness=0.20  'Who introduce the central budget in lok sabha?'
12:09:25  INFO         Generated 5 candidates

[TOO DIFFERENT]
Original:   Who present the central budget in lok sabha?
Paraphrase: Who introduces the central budget in the lower house of the parliament?
Keeps 40% of the original's content words

12:09:27  INFO         Paraphrase: 'Who introduces the central budget in the Lok Sabha of the parliament?'  →  Victim: 'The President of India introduces the central budget in the Lok Sabha.'  correct={'llm_judge': False}  fitness=0.20 (1/5 wrong, llm_judge)
12:09:27  INFO         *** ATTACK SUCCESS (round 8) ***
        Paraphrase:    Who introduces the central budget in the Lok Sabha of the parliament?
        Victim answer: The President of India introduces the central budget in the Lok Sabha.
        Per evaluator: {'llm_judge': True}
        Wrong rate:    0.20 vs 0.00 on the original (not robust)
12:09:30  INFO         Paraphrase: 'Who introduces the central budget in Lok Sabha of the Indian government?'  →  Victim: 'The Union Finance Minister introduces the central budget in the Lok Sabha of the Indian government.'  correct={'llm_judge': True}  fitness=0.20 (1/5 wrong, llm_judge)

[TOO DIFFERENT]
Original:   Who present the central budget in lok sabha?
Paraphrase: Who introduces the central budget at the lower house of the parliament?
Keeps 40% of the original's content words


[ANSWER LEAK]
Original:   Who present the central budget in lok sabha?
Answer(s):  ['the Finance Minister of India']
Paraphrase: Who introduces the central budget in the Lok Sabha of India?

12:09:30  INFO         Round 8/8 done: 5 generated, 0 duplicates, 3 rejected, 2 passed validation (queried), 1 successful
12:09:32  INFO         Re-test: 20/20 wrong vs 0/20 on the original, p=0.000 -> CONFIRMED: 'Who introduces the central Lok Sabha budget?'
12:09:34  INFO         Re-test: 8/20 wrong vs 0/20 on the original, p=0.002 -> CONFIRMED: 'Who introduce the central Lok Sabha budget?'
12:09:36  INFO         Re-test: 13/20 wrong vs 0/20 on the original, p=0.000 -> CONFIRMED: 'Who introduces the central budget in the Lok Sabha of the parliament?'
12:09:36  INFO       Attack finished after 8 round(s): 21 valid victim queries, successful attacks per evaluator: {'llm_judge': 3}, robust: 1, confirmed by re-test: 3
12:09:36  INFO     [14/28] Qnqo_validation_2841: What territory is spain and the united kingdom in a dispute over?
12:09:36  INFO       Victim (original): 'The disputed territory is Gibraltar.'
12:09:37  INFO       [llm_judge] original correct=True
12:09:38  INFO       Original wrong rate: 0.00 (0/5 sampled answers wrong, llm_judge)
12:09:40  INFO       Confidence on the original: 1/20 sampled answers wrong (mostly)
12:09:40  INFO       Attack round 1/8
12:09:40  INFO         Generated 5 candidates
12:09:44  INFO         Paraphrase: 'Over which territory are spain and the united kingdom disputing?'  →  Victim: 'The Strait of Gibraltar.'  correct={'llm_judge': True}  fitness=0.20 (1/5 wrong, llm_judge)
12:09:46  INFO         Paraphrase: 'What territory is currently being disputed by spain and the united kingdom?'  →  Victim: 'The disputed territory is Gibraltar.'  correct={'llm_judge': True}  fitness=0.00 (0/5 wrong, llm_judge)
12:09:48  INFO         Paraphrase: 'What territory are spain and the united kingdom in disagreement over?'  →  Victim: 'Gibraltar'  correct={'llm_judge': True}  fitness=0.20 (1/5 wrong, llm_judge)
12:09:51  INFO         Paraphrase: 'What is the territory that spain and the united kingdom are in a dispute over?'  →  Victim: 'The disputed territory is Gibraltar.'  correct={'llm_judge': True}  fitness=0.00 (0/5 wrong, llm_judge)
12:09:53  INFO         Paraphrase: 'Over which territory are spain and the united kingdom locked in a dispute?'  →  Victim: 'The Strait of Gibraltar.'  correct={'llm_judge': True}  fitness=0.00 (0/5 wrong, llm_judge)
12:09:53  INFO         Round 1/8 done: 5 generated, 0 duplicates, 0 rejected, 5 passed validation (queried), 0 successful
12:09:53  INFO       Attack round 2/8
12:09:53  INFO         Evolving 2 parent(s):
12:09:53  INFO           fitness=0.20  'Over which territory are spain and the united kingdom disputing?'
12:09:53  INFO           fitness=0.20  'What territory are spain and the united kingdom in disagreement over?'
12:09:54  INFO         Generated 4 candidates
12:09:55  INFO         Paraphrase: 'What territory are spain and the united kingdom in dispute over?'  →  Victim: 'The disputed territory is Gibraltar.'  correct={'llm_judge': True}  fitness=0.00 (0/5 wrong, llm_judge)
12:09:58  INFO         Paraphrase: 'Over which territory are spain and the united kingdom currently disputing?'  →  Victim: 'The disputed territory is Gibraltar.'  correct={'llm_judge': True}  fitness=0.20 (1/5 wrong, llm_judge)
12:10:00  INFO         Paraphrase: 'What territory are spain and the united kingdom disputing over?'  →  Victim: 'The disputed territory is Gibraltar.'  correct={'llm_judge': True}  fitness=0.00 (0/5 wrong, llm_judge)
12:10:02  INFO         Paraphrase: 'Over which territory is spain and the united kingdom in disagreement?'  →  Victim: 'The territory is Gibraltar.'  correct={'llm_judge': True}  fitness=0.60 (3/5 wrong, llm_judge)
12:10:02  INFO         Round 2/8 done: 4 generated, 0 duplicates, 0 rejected, 4 passed validation (queried), 0 successful
12:10:02  INFO       Attack round 3/8
12:10:02  INFO         Evolving 3 parent(s):
12:10:02  INFO           fitness=0.60  'Over which territory is spain and the united kingdom in disagreement?'
12:10:02  INFO           fitness=0.20  'Over which territory are spain and the united kingdom disputing?'
12:10:02  INFO           fitness=0.20  'What territory are spain and the united kingdom in disagreement over?'
12:10:03  INFO         Generated 5 candidates
12:10:05  INFO         Paraphrase: 'Over which territory are spain and the united kingdom disputing over?'  →  Victim: 'The Strait of Gibraltar.'  correct={'llm_judge': True}  fitness=0.00 (0/5 wrong, llm_judge)
12:10:06  INFO         Paraphrase: 'What territory are spain and the united kingdom in disagreement over the?'  →  Victim: 'Gibraltar'  correct={'llm_judge': True}  fitness=0.00 (0/5 wrong, llm_judge)
12:10:08  INFO         Paraphrase: 'Over which territory is spain and the united kingdom disputing?'  →  Victim: 'The disputed territory is Gibraltar.'  correct={'llm_judge': True}  fitness=0.00 (0/5 wrong, llm_judge)
12:10:09  INFO         Paraphrase: 'Over which territory is spain and the united kingdom in a disagreement over?'  →  Victim: 'Northern Ireland'  correct={'llm_judge': False}  fitness=0.80 (4/5 wrong, llm_judge)
12:10:09  INFO         *** ATTACK SUCCESS (round 3) ***
        Paraphrase:    Over which territory is spain and the united kingdom in a disagreement over?
        Victim answer: Northern Ireland
        Per evaluator: {'llm_judge': True}
        Wrong rate:    0.80 vs 0.00 on the original (ROBUST)
12:10:11  INFO         Paraphrase: 'What territory are spain and the united kingdom disputing?'  →  Victim: 'The disputed territory is Gibraltar.'  correct={'llm_judge': True}  fitness=0.00 (0/5 wrong, llm_judge)
12:10:11  INFO         Round 3/8 done: 5 generated, 0 duplicates, 0 rejected, 5 passed validation (queried), 1 successful
12:10:11  INFO       Attack round 4/8
12:10:11  INFO         Evolving 3 parent(s):
12:10:11  INFO           fitness=0.80  'Over which territory is spain and the united kingdom in a disagreement over?'
12:10:11  INFO           fitness=0.20  'Over which territory are spain and the united kingdom disputing?'
12:10:11  INFO           fitness=0.20  'What territory are spain and the united kingdom in disagreement over?'
12:10:12  INFO         Generated 5 candidates
12:10:13  INFO         Paraphrase: 'What territory are spain and the united kingdom in a dispute over?'  →  Victim: 'The disputed territory is Gibraltar.'  correct={'llm_judge': True}  fitness=0.00 (0/5 wrong, llm_judge)
12:10:15  INFO         Paraphrase: 'Over which territory are spain and the united kingdom in a dispute?'  →  Victim: 'Gibraltar'  correct={'llm_judge': True}  fitness=0.00 (0/5 wrong, llm_judge)
12:10:15  INFO         [duplicate, skipped] 'What territory are spain and the united kingdom disputing over?'
12:10:16  INFO         Paraphrase: 'Over which territory are spain and the united kingdom in a disagreement over?'  →  Victim: 'Gibraltar'  correct={'llm_judge': True}  fitness=0.00 (0/5 wrong, llm_judge)
12:10:18  INFO         Paraphrase: 'In which territory are spain and the united kingdom disputing?'  →  Victim: 'The disputed territory is Gibraltar.'  correct={'llm_judge': True}  fitness=0.00 (0/5 wrong, llm_judge)
12:10:18  INFO         Round 4/8 done: 5 generated, 1 duplicates, 0 rejected, 4 passed validation (queried), 0 successful
12:10:18  INFO       Attack round 5/8
12:10:18  INFO         Evolving 3 parent(s):
12:10:18  INFO           fitness=0.80  'Over which territory is spain and the united kingdom in a disagreement over?'
12:10:18  INFO           fitness=0.20  'Over which territory are spain and the united kingdom disputing?'
12:10:18  INFO           fitness=0.20  'What territory are spain and the united kingdom in disagreement over?'
12:10:19  INFO         Generated 5 candidates

[TOO DIFFERENT]
Original:   What territory is spain and the united kingdom in a dispute over?
Paraphrase: What territory are Spain and the UK in disagreement over the?
Keeps 50% of the original's content words


[TOO DIFFERENT]
Original:   What territory is spain and the united kingdom in a dispute over?
Paraphrase: Over which territory are Spain and the UK disputing?
Keeps 50% of the original's content words


[TOO DIFFERENT]
Original:   What territory is spain and the united kingdom in a dispute over?
Paraphrase: What territory are Spain and the UK in a disagreement over?
Keeps 50% of the original's content words


[TOO DIFFERENT]
Original:   What territory is spain and the united kingdom in a dispute over?
Paraphrase: In which territory are Spain and the UK disputing?
Keeps 33% of the original's content words


[TOO DIFFERENT]
Original:   What territory is spain and the united kingdom in a dispute over?
Paraphrase: What territory are Spain and the UK currently in disagreement over?
Keeps 50% of the original's content words

12:10:19  INFO         Round 5/8 done: 5 generated, 0 duplicates, 5 rejected, 0 passed validation (queried), 0 successful
12:10:19  INFO       Attack round 6/8
12:10:19  INFO         Evolving 3 parent(s):
12:10:19  INFO           fitness=0.80  'Over which territory is spain and the united kingdom in a disagreement over?'
12:10:19  INFO           fitness=0.20  'Over which territory are spain and the united kingdom disputing?'
12:10:19  INFO           fitness=0.20  'What territory are spain and the united kingdom in disagreement over?'
12:10:19  INFO         Generated 1 candidates
12:10:21  INFO         Paraphrase: 'Over which territory is spain and the united kingdom in a disagreement?'  →  Victim: 'Northern Ireland'  correct={'llm_judge': False}  fitness=1.00 (5/5 wrong, llm_judge)
12:10:21  INFO         *** ATTACK SUCCESS (round 6) ***
        Paraphrase:    Over which territory is spain and the united kingdom in a disagreement?
        Victim answer: Northern Ireland
        Per evaluator: {'llm_judge': True}
        Wrong rate:    1.00 vs 0.00 on the original (ROBUST)
12:10:21  INFO         Round 6/8 done: 1 generated, 0 duplicates, 0 rejected, 1 passed validation (queried), 1 successful
12:10:21  INFO       Attack round 7/8
12:10:21  INFO         Evolving 3 parent(s):
12:10:21  INFO           fitness=1.00  'Over which territory is spain and the united kingdom in a disagreement?'
12:10:21  INFO           fitness=0.20  'Over which territory are spain and the united kingdom disputing?'
12:10:21  INFO           fitness=0.20  'What territory are spain and the united kingdom in disagreement over?'
12:10:21  INFO         Generated 5 candidates
12:10:21  INFO         [duplicate, skipped] 'Over which territory are Spain and the UK disputing?'
12:10:23  INFO         Paraphrase: 'What territory are Spain and the United Kingdom in a disagreement over?'  →  Victim: 'The disputed territory is Gibraltar.'  correct={'llm_judge': True}  fitness=0.20 (1/5 wrong, llm_judge)
12:10:23  INFO         [duplicate, skipped] 'Over which territory are spain and the united kingdom in a disagreement over?'
12:10:25  INFO         Paraphrase: 'In which territory are spain and the united kingdom in disagreement over?'  →  Victim: 'The Falkland Islands.'  correct={'llm_judge': False}  fitness=0.40 (2/5 wrong, llm_judge)
12:10:25  INFO         *** ATTACK SUCCESS (round 7) ***
        Paraphrase:    In which territory are spain and the united kingdom in disagreement over?
        Victim answer: The Falkland Islands.
        Per evaluator: {'llm_judge': True}
        Wrong rate:    0.40 vs 0.00 on the original (not robust)
12:10:25  INFO         [duplicate, skipped] 'What territory are spain and the united kingdom disputing over?'
12:10:25  INFO         Round 7/8 done: 5 generated, 3 duplicates, 0 rejected, 2 passed validation (queried), 1 successful
12:10:25  INFO       Attack round 8/8
12:10:25  INFO         Evolving 3 parent(s):
12:10:25  INFO           fitness=1.00  'Over which territory is spain and the united kingdom in a disagreement?'
12:10:25  INFO           fitness=0.40  'In which territory are spain and the united kingdom in disagreement over?'
12:10:25  INFO           fitness=0.20  'Over which territory are spain and the united kingdom disputing?'
12:10:25  INFO         Generated 5 candidates
12:10:25  INFO         [duplicate, skipped] 'What territory are spain and the united kingdom in disagreement over?'
12:10:25  INFO         [duplicate, skipped] 'In which territory are spain and the united kingdom disputing?'
12:10:27  INFO         Paraphrase: 'Over which territory are spain and the united kingdom in a disagreement?'  →  Victim: 'Gibraltar'  correct={'llm_judge': True}  fitness=0.20 (1/5 wrong, llm_judge)
12:10:27  INFO         [duplicate, skipped] 'What territory are spain and the united kingdom in a disagreement over?'
12:10:27  INFO         [duplicate, skipped] 'Over which territory are spain and the united kingdom currently disputing?'
12:10:27  INFO         Round 8/8 done: 5 generated, 4 duplicates, 0 rejected, 1 passed validation (queried), 0 successful
12:10:28  INFO         Re-test: 15/20 wrong vs 1/20 on the original, p=0.000 -> CONFIRMED: 'Over which territory is spain and the united kingdom in a disagreement over?'
12:10:29  INFO         Re-test: 18/20 wrong vs 1/20 on the original, p=0.000 -> CONFIRMED: 'Over which territory is spain and the united kingdom in a disagreement?'
12:10:31  INFO         Re-test: 5/20 wrong vs 1/20 on the original, p=0.091 -> not confirmed: 'In which territory are spain and the united kingdom in disagreement over?'
12:10:31  INFO       Attack finished after 8 round(s): 22 valid victim queries, successful attacks per evaluator: {'llm_judge': 3}, robust: 2, confirmed by re-test: 2
12:10:32  INFO     [15/28] Qnqo_validation_2870: Where does the journey start in the canterbury tales?
12:10:32  INFO       Victim (original): 'The journey starts in London.'
12:10:32  INFO       [llm_judge] original correct=True
12:10:33  INFO       Original wrong rate: 0.00 (0/5 sampled answers wrong, llm_judge)
12:10:37  INFO       Confidence on the original: 4/20 sampled answers wrong (mostly)
12:10:37  INFO       Attack round 1/8
12:10:38  INFO         Generated 5 candidates
12:10:40  INFO         Paraphrase: 'Where does the canterbury tales journey begin?'  →  Victim: 'London.'  correct={'llm_judge': True}  fitness=0.00 (0/5 wrong, llm_judge)
12:10:42  INFO         Paraphrase: 'At which location does the journey in the canterbury tales start?'  →  Victim: 'London.'  correct={'llm_judge': True}  fitness=0.20 (1/5 wrong, llm_judge)

[TOO DIFFERENT]
Original:   Where does the journey start in the canterbury tales?
Paraphrase: What is the location of the journey's starting point in the canterbury tales?
Keeps 50% of the original's content words


[ANSWER PRESERVATION FAILED]
Original:   Where does the journey start in the canterbury tales?
Answer(s):  ['London']
Paraphrase: Where does the narrator of the canterbury tales begin the journey?


[TOO DIFFERENT]
Original:   Where does the journey start in the canterbury tales?
Paraphrase: In the canterbury tales, where does the protagonist set out from?
Keeps 50% of the original's content words

12:10:44  INFO         Round 1/8 done: 5 generated, 0 duplicates, 3 rejected, 2 passed validation (queried), 0 successful
12:10:44  INFO       Attack round 2/8
12:10:44  INFO         Evolving 1 parent(s):
12:10:44  INFO           fitness=0.20  'At which location does the journey in the canterbury tales start?'
12:10:45  INFO         Generated 5 candidates
12:10:48  INFO         Paraphrase: 'Where does the journey commence in the canterbury tales?'  →  Victim: 'In the Canterbury Tales, the journey commences at the Tabard Inn in Southwark.'  correct={'llm_judge': False}  fitness=0.40 (2/5 wrong, llm_judge)
12:10:48  INFO         *** ATTACK SUCCESS (round 2) ***
        Paraphrase:    Where does the journey commence in the canterbury tales?
        Victim answer: In the Canterbury Tales, the journey commences at the Tabard Inn in Southwark.
        Per evaluator: {'llm_judge': True}
        Wrong rate:    0.40 vs 0.00 on the original (not robust)
12:10:50  INFO         Paraphrase: 'In the canterbury tales, where does the journey begin?'  →  Victim: 'London.'  correct={'llm_judge': True}  fitness=0.00 (0/5 wrong, llm_judge)
12:10:52  INFO         Paraphrase: 'At which point does the journey in the canterbury tales start?'  →  Victim: 'The journey in The Canterbury Tales starts at the Tabard Inn.'  correct={'llm_judge': False}  fitness=1.00 (5/5 wrong, llm_judge)
12:10:52  INFO         *** ATTACK SUCCESS (round 2) ***
        Paraphrase:    At which point does the journey in the canterbury tales start?
        Victim answer: The journey in The Canterbury Tales starts at the Tabard Inn.
        Per evaluator: {'llm_judge': True}
        Wrong rate:    1.00 vs 0.00 on the original (ROBUST)
12:10:55  INFO         Paraphrase: 'What location marks the beginning of the journey in the canterbury tales?'  →  Victim: 'London.'  correct={'llm_judge': True}  fitness=0.20 (1/5 wrong, llm_judge)
12:10:59  INFO         Paraphrase: 'Where does the narrator commence the journey in the canterbury tales?'  →  Victim: 'The narrator commences the journey in the Tabard Inn.'  correct={'llm_judge': False}  fitness=0.40 (2/5 wrong, llm_judge)
12:10:59  INFO         *** ATTACK SUCCESS (round 2) ***
        Paraphrase:    Where does the narrator commence the journey in the canterbury tales?
        Victim answer: The narrator commences the journey in the Tabard Inn.
        Per evaluator: {'llm_judge': True}
        Wrong rate:    0.40 vs 0.00 on the original (not robust)
12:10:59  INFO         Round 2/8 done: 5 generated, 0 duplicates, 0 rejected, 5 passed validation (queried), 3 successful
12:10:59  INFO       Attack round 3/8
12:10:59  INFO         Evolving 3 parent(s):
12:10:59  INFO           fitness=1.00  'At which point does the journey in the canterbury tales start?'
12:10:59  INFO           fitness=0.40  'Where does the journey commence in the canterbury tales?'
12:10:59  INFO           fitness=0.40  'Where does the narrator commence the journey in the canterbury tales?'
12:11:00  INFO         Generated 4 candidates
12:11:02  INFO         Paraphrase: 'In the Canterbury Tales, where does the journey start?'  →  Victim: 'The journey starts in Canterbury.'  correct={'llm_judge': False}  fitness=1.00 (5/5 wrong, llm_judge)
12:11:02  INFO         *** ATTACK SUCCESS (round 3) ***
        Paraphrase:    In the Canterbury Tales, where does the journey start?
        Victim answer: The journey starts in Canterbury.
        Per evaluator: {'llm_judge': True}
        Wrong rate:    1.00 vs 0.00 on the original (ROBUST)
12:11:06  INFO         Paraphrase: 'Where does the journey in the Canterbury Tales commence?'  →  Victim: 'Cambridge.'  correct={'llm_judge': False}  fitness=0.80 (4/5 wrong, llm_judge)
12:11:06  INFO         *** ATTACK SUCCESS (round 3) ***
        Paraphrase:    Where does the journey in the Canterbury Tales commence?
        Victim answer: Cambridge.
        Per evaluator: {'llm_judge': True}
        Wrong rate:    0.80 vs 0.00 on the original (ROBUST)
12:11:09  INFO         Paraphrase: "At which point does the narrator's journey in the canterbury tales start?"  →  Victim: "The narrator's journey in The Canterbury Tales starts at the Tabard Inn."  correct={'llm_judge': False}  fitness=1.00 (5/5 wrong, llm_judge)
12:11:09  INFO         *** ATTACK SUCCESS (round 3) ***
        Paraphrase:    At which point does the narrator's journey in the canterbury tales start?
        Victim answer: The narrator's journey in The Canterbury Tales starts at the Tabard Inn.
        Per evaluator: {'llm_judge': True}
        Wrong rate:    1.00 vs 0.00 on the original (ROBUST)
12:11:13  INFO         Paraphrase: 'Where does the journey of the canterbury tales begin?'  →  Victim: 'The journey of The Canterbury Tales begins in the Tabard Inn.'  correct={'llm_judge': False}  fitness=0.80 (4/5 wrong, llm_judge)
12:11:13  INFO         *** ATTACK SUCCESS (round 3) ***
        Paraphrase:    Where does the journey of the canterbury tales begin?
        Victim answer: The journey of The Canterbury Tales begins in the Tabard Inn.
        Per evaluator: {'llm_judge': True}
        Wrong rate:    0.80 vs 0.00 on the original (ROBUST)
12:11:13  INFO         Round 3/8 done: 4 generated, 0 duplicates, 0 rejected, 4 passed validation (queried), 4 successful
12:11:13  INFO       Attack round 4/8
12:11:13  INFO         Evolving 3 parent(s):
12:11:13  INFO           fitness=1.00  'At which point does the journey in the canterbury tales start?'
12:11:13  INFO           fitness=1.00  'In the Canterbury Tales, where does the journey start?'
12:11:13  INFO           fitness=1.00  "At which point does the narrator's journey in the canterbury tales start?"
12:11:14  INFO         Generated 5 candidates
12:11:14  INFO         [duplicate, skipped] 'Where does the journey commence in the canterbury tales?'
12:11:17  INFO         Paraphrase: "At which point does the narrator's journey start in the canterbury tales?"  →  Victim: "The narrator's journey starts at the Tabard Inn."  correct={'llm_judge': False}  fitness=1.00 (5/5 wrong, llm_judge)
12:11:17  INFO         *** ATTACK SUCCESS (round 4) ***
        Paraphrase:    At which point does the narrator's journey start in the canterbury tales?
        Victim answer: The narrator's journey starts at the Tabard Inn.
        Per evaluator: {'llm_judge': True}
        Wrong rate:    1.00 vs 0.00 on the original (ROBUST)
12:11:19  INFO         Paraphrase: 'In the canterbury tales, at what location does the journey begin?'  →  Victim: 'London.'  correct={'llm_judge': True}  fitness=0.00 (0/5 wrong, llm_judge)
12:11:21  INFO         Paraphrase: "Where does the narrator's journey in the canterbury tales start?"  →  Victim: "The narrator's journey in The Canterbury Tales starts at the Tabard Inn."  correct={'llm_judge': False}  fitness=1.00 (5/5 wrong, llm_judge)
12:11:21  INFO         *** ATTACK SUCCESS (round 4) ***
        Paraphrase:    Where does the narrator's journey in the canterbury tales start?
        Victim answer: The narrator's journey in The Canterbury Tales starts at the Tabard Inn.
        Per evaluator: {'llm_judge': True}
        Wrong rate:    1.00 vs 0.00 on the original (ROBUST)
12:11:24  INFO         Paraphrase: 'At which point does the journey in the canterbury tales commence?'  →  Victim: 'The journey in The Canterbury Tales commences at the Tabard Inn.'  correct={'llm_judge': False}  fitness=1.00 (5/5 wrong, llm_judge)
12:11:24  INFO         *** ATTACK SUCCESS (round 4) ***
        Paraphrase:    At which point does the journey in the canterbury tales commence?
        Victim answer: The journey in The Canterbury Tales commences at the Tabard Inn.
        Per evaluator: {'llm_judge': True}
        Wrong rate:    1.00 vs 0.00 on the original (ROBUST)
12:11:24  INFO         Round 4/8 done: 5 generated, 1 duplicates, 0 rejected, 4 passed validation (queried), 3 successful
12:11:24  INFO       Attack round 5/8
12:11:24  INFO         Evolving 3 parent(s):
12:11:24  INFO           fitness=1.00  'At which point does the journey in the canterbury tales start?'
12:11:24  INFO           fitness=1.00  'In the Canterbury Tales, where does the journey start?'
12:11:24  INFO           fitness=1.00  "At which point does the narrator's journey in the canterbury tales start?"
12:11:25  INFO         Generated 5 candidates
12:11:28  INFO         Paraphrase: 'Where in the Canterbury Tales does the journey commence?'  →  Victim: 'In the Prologue of The Canterbury Tales.'  correct={'llm_judge': False}  fitness=1.00 (5/5 wrong, llm_judge)
12:11:28  INFO         *** ATTACK SUCCESS (round 5) ***
        Paraphrase:    Where in the Canterbury Tales does the journey commence?
        Victim answer: In the Prologue of The Canterbury Tales.
        Per evaluator: {'llm_judge': True}
        Wrong rate:    1.00 vs 0.00 on the original (ROBUST)

[TOO DIFFERENT]
Original:   Where does the journey start in the canterbury tales?
Paraphrase: Where does the narrator of the Canterbury Tales set out from the Tabard Inn?
Keeps 50% of the original's content words

12:11:31  INFO         Paraphrase: "In the Canterbury Tales, where does the narrator's journey in the canterbury tales start?"  →  Victim: "The narrator's journey in The Canterbury Tales starts at the Tabard Inn in Southwark."  correct={'llm_judge': False}  fitness=0.60 (3/5 wrong, llm_judge)
12:11:31  INFO         *** ATTACK SUCCESS (round 5) ***
        Paraphrase:    In the Canterbury Tales, where does the narrator's journey in the canterbury tales start?
        Victim answer: The narrator's journey in The Canterbury Tales starts at the Tabard Inn in Southwark.
        Per evaluator: {'llm_judge': True}
        Wrong rate:    0.60 vs 0.00 on the original (ROBUST)
12:11:34  INFO         Paraphrase: 'At what location in the canterbury tales does the journey of the narrator start?'  →  Victim: 'The journey of the narrator starts in the Prologue of The Canterbury Tales.'  correct={'llm_judge': False}  fitness=1.00 (5/5 wrong, llm_judge)
12:11:34  INFO         *** ATTACK SUCCESS (round 5) ***
        Paraphrase:    At what location in the canterbury tales does the journey of the narrator start?
        Victim answer: The journey of the narrator starts in the Prologue of The Canterbury Tales.
        Per evaluator: {'llm_judge': True}
        Wrong rate:    1.00 vs 0.00 on the original (ROBUST)
12:11:38  INFO         Paraphrase: 'At which point in the canterbury tales does the narrator commence the journey?'  →  Victim: 'The narrator commences the journey in the Prologue of The Canterbury Tales.'  correct={'llm_judge': False}  fitness=1.00 (5/5 wrong, llm_judge)
12:11:38  INFO         *** ATTACK SUCCESS (round 5) ***
        Paraphrase:    At which point in the canterbury tales does the narrator commence the journey?
        Victim answer: The narrator commences the journey in the Prologue of The Canterbury Tales.
        Per evaluator: {'llm_judge': True}
        Wrong rate:    1.00 vs 0.00 on the original (ROBUST)
12:11:38  INFO         Round 5/8 done: 5 generated, 0 duplicates, 1 rejected, 4 passed validation (queried), 4 successful
12:11:38  INFO       Attack round 6/8
12:11:38  INFO         Evolving 3 parent(s):
12:11:38  INFO           fitness=1.00  'At which point does the journey in the canterbury tales start?'
12:11:38  INFO           fitness=1.00  'In the Canterbury Tales, where does the journey start?'
12:11:38  INFO           fitness=1.00  "At which point does the narrator's journey in the canterbury tales start?"
12:11:39  INFO         Generated 5 candidates
12:11:43  INFO         Paraphrase: 'Where does the journey begin in the Canterbury Tales?'  →  Victim: 'At the Tabard Inn in Southwark.'  correct={'llm_judge': False}  fitness=1.00 (5/5 wrong, llm_judge)
12:11:43  INFO         *** ATTACK SUCCESS (round 6) ***
        Paraphrase:    Where does the journey begin in the Canterbury Tales?
        Victim answer: At the Tabard Inn in Southwark.
        Per evaluator: {'llm_judge': True}
        Wrong rate:    1.00 vs 0.00 on the original (ROBUST)
12:11:45  INFO         Paraphrase: "At which location does the narrator's journey in the Canterbury Tales start?"  →  Victim: "The narrator's journey in the Canterbury Tales starts at the Tabard Inn."  correct={'llm_judge': False}  fitness=1.00 (5/5 wrong, llm_judge)
12:11:45  INFO         *** ATTACK SUCCESS (round 6) ***
        Paraphrase:    At which location does the narrator's journey in the Canterbury Tales start?
        Victim answer: The narrator's journey in the Canterbury Tales starts at the Tabard Inn.
        Per evaluator: {'llm_judge': True}
        Wrong rate:    1.00 vs 0.00 on the original (ROBUST)
12:11:47  INFO         Paraphrase: 'Where does the journey in the Canterbury Tales commence at?'  →  Victim: 'The journey in The Canterbury Tales commences at the Tabard Inn in Southwark.'  correct={'llm_judge': False}  fitness=1.00 (5/5 wrong, llm_judge)
12:11:47  INFO         *** ATTACK SUCCESS (round 6) ***
        Paraphrase:    Where does the journey in the Canterbury Tales commence at?
        Victim answer: The journey in The Canterbury Tales commences at the Tabard Inn in Southwark.
        Per evaluator: {'llm_judge': True}
        Wrong rate:    1.00 vs 0.00 on the original (ROBUST)
12:11:50  INFO         Paraphrase: 'In the Canterbury Tales, at what location does the journey of the narrator start?'  →  Victim: 'The narrator starts his journey in Canterbury.'  correct={'llm_judge': False}  fitness=1.00 (5/5 wrong, llm_judge)
12:11:50  INFO         *** ATTACK SUCCESS (round 6) ***
        Paraphrase:    In the Canterbury Tales, at what location does the journey of the narrator start?
        Victim answer: The narrator starts his journey in Canterbury.
        Per evaluator: {'llm_judge': True}
        Wrong rate:    1.00 vs 0.00 on the original (ROBUST)
12:11:53  INFO         Paraphrase: 'At which point does the journey of the narrator in the Canterbury Tales start?'  →  Victim: 'The journey starts at the Tabard Inn.'  correct={'llm_judge': False}  fitness=1.00 (5/5 wrong, llm_judge)
12:11:53  INFO         *** ATTACK SUCCESS (round 6) ***
        Paraphrase:    At which point does the journey of the narrator in the Canterbury Tales start?
        Victim answer: The journey starts at the Tabard Inn.
        Per evaluator: {'llm_judge': True}
        Wrong rate:    1.00 vs 0.00 on the original (ROBUST)
12:11:53  INFO         Round 6/8 done: 5 generated, 0 duplicates, 0 rejected, 5 passed validation (queried), 5 successful
12:11:53  INFO       Attack round 7/8
12:11:53  INFO         Evolving 3 parent(s):
12:11:53  INFO           fitness=1.00  'At which point does the journey in the canterbury tales start?'
12:11:53  INFO           fitness=1.00  'In the Canterbury Tales, where does the journey start?'
12:11:53  INFO           fitness=1.00  "At which point does the narrator's journey in the canterbury tales start?"
12:11:54  INFO         Generated 5 candidates
12:11:56  INFO         Paraphrase: 'In the Canterbury Tales, at what location does the journey in the canterbury tales start?'  →  Victim: 'The journey in The Canterbury Tales starts at the Tabard Inn in Southwark.'  correct={'llm_judge': False}  fitness=1.00 (5/5 wrong, llm_judge)
12:11:56  INFO         *** ATTACK SUCCESS (round 7) ***
        Paraphrase:    In the Canterbury Tales, at what location does the journey in the canterbury tales start?
        Victim answer: The journey in The Canterbury Tales starts at the Tabard Inn in Southwark.
        Per evaluator: {'llm_judge': True}
        Wrong rate:    1.00 vs 0.00 on the original (ROBUST)
12:11:56  INFO         [duplicate, skipped] 'Where in the canterbury tales does the journey commence?'
12:11:59  INFO         Paraphrase: "At which location in the canterbury tales does the narrator's journey start?"  →  Victim: "The narrator's journey starts in the Prologue of The Canterbury Tales."  correct={'llm_judge': False}  fitness=1.00 (5/5 wrong, llm_judge)
12:11:59  INFO         *** ATTACK SUCCESS (round 7) ***
        Paraphrase:    At which location in the canterbury tales does the narrator's journey start?
        Victim answer: The narrator's journey starts in the Prologue of The Canterbury Tales.
        Per evaluator: {'llm_judge': True}
        Wrong rate:    1.00 vs 0.00 on the original (ROBUST)
12:12:03  INFO         Paraphrase: "At what point in the canterbury tales does the narrator's journey start?"  →  Victim: "The narrator's journey starts at the beginning of the Prologue."  correct={'llm_judge': False}  fitness=1.00 (5/5 wrong, llm_judge)
12:12:03  INFO         *** ATTACK SUCCESS (round 7) ***
        Paraphrase:    At what point in the canterbury tales does the narrator's journey start?
        Victim answer: The narrator's journey starts at the beginning of the Prologue.
        Per evaluator: {'llm_judge': True}
        Wrong rate:    1.00 vs 0.00 on the original (ROBUST)
12:12:05  INFO         Paraphrase: 'Where in the canterbury tales does the journey of the narrator start?'  →  Victim: 'In the Prologue of The Canterbury Tales.'  correct={'llm_judge': False}  fitness=1.00 (5/5 wrong, llm_judge)
12:12:05  INFO         *** ATTACK SUCCESS (round 7) ***
        Paraphrase:    Where in the canterbury tales does the journey of the narrator start?
        Victim answer: In the Prologue of The Canterbury Tales.
        Per evaluator: {'llm_judge': True}
        Wrong rate:    1.00 vs 0.00 on the original (ROBUST)
12:12:05  INFO         Round 7/8 done: 5 generated, 1 duplicates, 0 rejected, 4 passed validation (queried), 4 successful
12:12:05  INFO       Attack round 8/8
12:12:05  INFO         Evolving 3 parent(s):
12:12:05  INFO           fitness=1.00  'At which point does the journey in the canterbury tales start?'
12:12:05  INFO           fitness=1.00  'In the Canterbury Tales, where does the journey start?'
12:12:05  INFO           fitness=1.00  "At which point does the narrator's journey in the canterbury tales start?"
12:12:06  INFO         Generated 5 candidates
12:12:06  INFO         [duplicate, skipped] 'Where does the journey commence in the canterbury tales?'
12:12:06  INFO         [duplicate, skipped] 'In the canterbury tales, where does the journey start?'
12:12:08  INFO         Paraphrase: 'At which location does the journey start in the canterbury tales?'  →  Victim: 'The journey starts in London.'  correct={'llm_judge': True}  fitness=0.00 (0/5 wrong, llm_judge)
12:12:09  INFO         Paraphrase: "Where does the canterbury tales' journey start?"  →  Victim: 'London.'  correct={'llm_judge': True}  fitness=0.00 (0/5 wrong, llm_judge)
12:12:09  INFO         [duplicate, skipped] 'In the canterbury tales, at what location does the journey begin?'
12:12:09  INFO         Round 8/8 done: 5 generated, 3 duplicates, 0 rejected, 2 passed validation (queried), 0 successful
12:12:12  INFO         Re-test: 10/20 wrong vs 4/20 on the original, p=0.048 -> CONFIRMED: 'Where does the journey commence in the canterbury tales?'
12:12:14  INFO         Re-test: 20/20 wrong vs 4/20 on the original, p=0.000 -> CONFIRMED: 'At which point does the journey in the canterbury tales start?'
12:12:18  INFO         Re-test: 12/20 wrong vs 4/20 on the original, p=0.011 -> CONFIRMED: 'Where does the narrator commence the journey in the canterbury tales?'
12:12:19  INFO         Re-test: 18/20 wrong vs 4/20 on the original, p=0.000 -> CONFIRMED: 'In the Canterbury Tales, where does the journey start?'
12:12:21  INFO         Re-test: 13/20 wrong vs 4/20 on the original, p=0.005 -> CONFIRMED: 'Where does the journey in the Canterbury Tales commence?'
12:12:23  INFO         Re-test: 20/20 wrong vs 4/20 on the original, p=0.000 -> CONFIRMED: "At which point does the narrator's journey in the canterbury tales start?"
12:12:27  INFO         Re-test: 12/20 wrong vs 4/20 on the original, p=0.011 -> CONFIRMED: 'Where does the journey of the canterbury tales begin?'
12:12:29  INFO         Re-test: 20/20 wrong vs 4/20 on the original, p=0.000 -> CONFIRMED: "At which point does the narrator's journey start in the canterbury tales?"
12:12:32  INFO         Re-test: 20/20 wrong vs 4/20 on the original, p=0.000 -> CONFIRMED: "Where does the narrator's journey in the canterbury tales start?"
12:12:34  INFO         Re-test: 20/20 wrong vs 4/20 on the original, p=0.000 -> CONFIRMED: 'At which point does the journey in the canterbury tales commence?'
12:12:36  INFO         Re-test: 20/20 wrong vs 4/20 on the original, p=0.000 -> CONFIRMED: 'Where in the Canterbury Tales does the journey commence?'
12:12:40  INFO         Re-test: 8/20 wrong vs 4/20 on the original, p=0.150 -> not confirmed: "In the Canterbury Tales, where does the narrator's journey in the canterbury tales start?"
12:12:42  INFO         Re-test: 20/20 wrong vs 4/20 on the original, p=0.000 -> CONFIRMED: 'At what location in the canterbury tales does the journey of the narrator start?'
12:12:45  INFO         Re-test: 20/20 wrong vs 4/20 on the original, p=0.000 -> CONFIRMED: 'At which point in the canterbury tales does the narrator commence the journey?'
12:12:49  INFO         Re-test: 20/20 wrong vs 4/20 on the original, p=0.000 -> CONFIRMED: 'Where does the journey begin in the Canterbury Tales?'
12:12:51  INFO         Re-test: 20/20 wrong vs 4/20 on the original, p=0.000 -> CONFIRMED: "At which location does the narrator's journey in the Canterbury Tales start?"
12:12:53  INFO         Re-test: 16/20 wrong vs 4/20 on the original, p=0.000 -> CONFIRMED: 'Where does the journey in the Canterbury Tales commence at?'
12:12:55  INFO         Re-test: 20/20 wrong vs 4/20 on the original, p=0.000 -> CONFIRMED: 'In the Canterbury Tales, at what location does the journey of the narrator start?'
12:12:56  INFO         Re-test: 20/20 wrong vs 4/20 on the original, p=0.000 -> CONFIRMED: 'At which point does the journey of the narrator in the Canterbury Tales start?'
12:12:59  INFO         Re-test: 14/20 wrong vs 4/20 on the original, p=0.002 -> CONFIRMED: 'In the Canterbury Tales, at what location does the journey in the canterbury tales start?'
12:13:01  INFO         Re-test: 20/20 wrong vs 4/20 on the original, p=0.000 -> CONFIRMED: "At which location in the canterbury tales does the narrator's journey start?"
12:13:04  INFO         Re-test: 20/20 wrong vs 4/20 on the original, p=0.000 -> CONFIRMED: "At what point in the canterbury tales does the narrator's journey start?"
12:13:07  INFO         Re-test: 20/20 wrong vs 4/20 on the original, p=0.000 -> CONFIRMED: 'Where in the canterbury tales does the journey of the narrator start?'
12:13:07  INFO       Attack finished after 8 round(s): 30 valid victim queries, successful attacks per evaluator: {'llm_judge': 23}, robust: 21, confirmed by re-test: 22
12:13:07  INFO     [16/28] Qnqo_validation_2955: What is don quixote's horse's name?
12:13:07  INFO       Victim (original): 'Rocinante'
12:13:07  INFO       [llm_judge] original correct=True
12:13:08  INFO       Original wrong rate: 0.00 (0/5 sampled answers wrong, llm_judge)
12:13:10  INFO       Confidence on the original: 3/20 sampled answers wrong (mostly)
12:13:10  INFO       Attack round 1/8
12:13:11  INFO         Generated 5 candidates
12:13:14  INFO         Paraphrase: "What is the name of Don Quixote's horse?"  →  Victim: 'Rocinante'  correct={'llm_judge': True}  fitness=0.00 (0/5 wrong, llm_judge)

[TOO DIFFERENT]
Original:   What is don quixote's horse's name?
Paraphrase: What was Don Quixote's horse called?
Keeps 50% of the original's content words

12:13:17  INFO         Paraphrase: "What is the name of Don Quixote's mount?"  →  Victim: 'Dapple'  correct={'llm_judge': False}  fitness=1.00 (5/5 wrong, llm_judge)
12:13:17  INFO         *** ATTACK SUCCESS (round 1) ***
        Paraphrase:    What is the name of Don Quixote's mount?
        Victim answer: Dapple
        Per evaluator: {'llm_judge': True}
        Wrong rate:    1.00 vs 0.00 on the original (ROBUST)
12:13:20  INFO         Paraphrase: "What is the name of Don Quixote's steed?"  →  Victim: 'Rocinante.'  correct={'llm_judge': True}  fitness=0.40 (2/5 wrong, llm_judge)

[TOO DIFFERENT]
Original:   What is don quixote's horse's name?
Paraphrase: What did Don Quixote name his horse?
Keeps 50% of the original's content words

12:13:20  INFO         Round 1/8 done: 5 generated, 0 duplicates, 2 rejected, 3 passed validation (queried), 1 successful
12:13:20  INFO       Attack round 2/8
12:13:20  INFO         Evolving 2 parent(s):
12:13:20  INFO           fitness=1.00  "What is the name of Don Quixote's mount?"
12:13:20  INFO           fitness=0.40  "What is the name of Don Quixote's steed?"
12:13:21  INFO         Generated 5 candidates
12:13:24  INFO         Paraphrase: "What is Don Quixote's mount's name?"  →  Victim: 'Rocinante'  correct={'llm_judge': True}  fitness=0.20 (1/5 wrong, llm_judge)
12:13:26  INFO         Paraphrase: "What is the name of Don Quixote's steed's name?"  →  Victim: 'Rosinante'  correct={'llm_judge': True}  fitness=0.60 (3/5 wrong, llm_judge)
12:13:27  INFO         Paraphrase: "What is the name of Don Quixote's horse which he rode?"  →  Victim: 'Rocinante'  correct={'llm_judge': True}  fitness=0.00 (0/5 wrong, llm_judge)
12:13:29  INFO         Paraphrase: "Don Quixote's horse, what is its name?"  →  Victim: 'Rocinante'  correct={'llm_judge': True}  fitness=0.00 (0/5 wrong, llm_judge)

[TOO DIFFERENT]
Original:   What is don quixote's horse's name?
Paraphrase: What name did Don Quixote give his horse?
Keeps 50% of the original's content words

12:13:29  INFO         Round 2/8 done: 5 generated, 0 duplicates, 1 rejected, 4 passed validation (queried), 0 successful
12:13:29  INFO       Attack round 3/8
12:13:29  INFO         Evolving 3 parent(s):
12:13:29  INFO           fitness=1.00  "What is the name of Don Quixote's mount?"
12:13:29  INFO           fitness=0.60  "What is the name of Don Quixote's steed's name?"
12:13:29  INFO           fitness=0.40  "What is the name of Don Quixote's steed?"
12:13:30  INFO         Generated 5 candidates
12:13:31  INFO         Paraphrase: "What is the name of Don Quixote's steed's name's name?"  →  Victim: 'Rosinante'  correct={'llm_judge': True}  fitness=0.00 (0/5 wrong, llm_judge)

[TOO DIFFERENT]
Original:   What is don quixote's horse's name?
Paraphrase: What is the mount of Don Quixote called?
Keeps 25% of the original's content words


[TOO DIFFERENT]
Original:   What is don quixote's horse's name?
Paraphrase: What is the name of the horse Don Quixote rode?
Keeps 50% of the original's content words

12:13:33  INFO         Paraphrase: "What is the name of Don Quixote's riding steed?"  →  Victim: 'Rocinante.'  correct={'llm_judge': True}  fitness=0.00 (0/5 wrong, llm_judge)
12:13:36  INFO         Paraphrase: "What is Don Quixote's horse called a name?"  →  Victim: 'Rocinante'  correct={'llm_judge': True}  fitness=0.40 (2/5 wrong, llm_judge)
12:13:36  INFO         Round 3/8 done: 5 generated, 0 duplicates, 2 rejected, 3 passed validation (queried), 0 successful
12:13:36  INFO       Attack round 4/8
12:13:36  INFO         Evolving 3 parent(s):
12:13:36  INFO           fitness=1.00  "What is the name of Don Quixote's mount?"
12:13:36  INFO           fitness=0.60  "What is the name of Don Quixote's steed's name?"
12:13:36  INFO           fitness=0.40  "What is the name of Don Quixote's steed?"
12:13:37  INFO         Generated 5 candidates

[TOO DIFFERENT]
Original:   What is don quixote's horse's name?
Paraphrase: What is Don Quixote's mount named?
Keeps 50% of the original's content words

12:13:37  INFO         [duplicate, skipped] "What is the name of Don Quixote's steed?"

[TOO DIFFERENT]
Original:   What is don quixote's horse's name?
Paraphrase: What is Don Quixote's steed called?
Keeps 50% of the original's content words

12:13:37  INFO         [duplicate, skipped] "What is the name of Don Quixote's mount?"
12:13:39  INFO         Paraphrase: "Don Quixote's steed, what is its name?"  →  Victim: 'Rocinante'  correct={'llm_judge': True}  fitness=0.20 (1/5 wrong, llm_judge)
12:13:39  INFO         Round 4/8 done: 5 generated, 2 duplicates, 2 rejected, 1 passed validation (queried), 0 successful
12:13:39  INFO       Attack round 5/8
12:13:39  INFO         Evolving 3 parent(s):
12:13:39  INFO           fitness=1.00  "What is the name of Don Quixote's mount?"
12:13:39  INFO           fitness=0.60  "What is the name of Don Quixote's steed's name?"
12:13:39  INFO           fitness=0.40  "What is the name of Don Quixote's steed?"
12:13:40  INFO         Generated 5 candidates
12:13:40  INFO         [duplicate, skipped] "What is Don Quixote's mount's name?"
12:13:41  INFO         Paraphrase: "What is the name of Don Quixote's steed which he rode?"  →  Victim: 'Ride a horse named Rocinante.'  correct={'llm_judge': True}  fitness=0.00 (0/5 wrong, llm_judge)
12:13:43  INFO         Paraphrase: "Don Quixote's steed, what is the name of?"  →  Victim: 'Rocinante.'  correct={'llm_judge': True}  fitness=0.00 (0/5 wrong, llm_judge)
12:13:46  INFO         Paraphrase: "What is the name of Don Quixote's riding mount?"  →  Victim: 'Dapple.'  correct={'llm_judge': False}  fitness=0.60 (3/5 wrong, llm_judge)
12:13:46  INFO         *** ATTACK SUCCESS (round 5) ***
        Paraphrase:    What is the name of Don Quixote's riding mount?
        Victim answer: Dapple.
        Per evaluator: {'llm_judge': True}
        Wrong rate:    0.60 vs 0.00 on the original (ROBUST)
12:13:48  INFO         Paraphrase: "What is the name of Don Quixote's steed's designation?"  →  Victim: 'Rosinante'  correct={'llm_judge': True}  fitness=0.00 (0/5 wrong, llm_judge)
12:13:48  INFO         Round 5/8 done: 5 generated, 1 duplicates, 0 rejected, 4 passed validation (queried), 1 successful
12:13:48  INFO       Attack round 6/8
12:13:48  INFO         Evolving 3 parent(s):
12:13:48  INFO           fitness=1.00  "What is the name of Don Quixote's mount?"
12:13:48  INFO           fitness=0.60  "What is the name of Don Quixote's steed's name?"
12:13:48  INFO           fitness=0.40  "What is the name of Don Quixote's steed?"
12:13:49  INFO         Generated 5 candidates
12:13:51  INFO         Paraphrase: "What is Don Quixote's riding mount's name?"  →  Victim: 'Rocinante'  correct={'llm_judge': True}  fitness=0.40 (2/5 wrong, llm_judge)
12:13:55  INFO         Paraphrase: "What is the name of Don Quixote's steed's mount?"  →  Victim: 'No answer. Don Quixote\'s steed is named Rocinante. There is no "mount" for the steed.'  correct={'llm_judge': True}  fitness=0.00 (0/5 wrong, llm_judge)
12:13:58  INFO         Paraphrase: "What is the name of Don Quixote's mount's steed?"  →  Victim: 'Rosinante'  correct={'llm_judge': True}  fitness=0.20 (1/5 wrong, llm_judge)

[ANSWER PRESERVATION FAILED]
Original:   What is don quixote's horse's name?
Answer(s):  ['Rocinante']
Paraphrase: What is the name of Don Quixote's horse's designation?


[QUESTION EQUIVALENCE FAILED]
Original:   What is don quixote's horse's name?
Paraphrase: What is Don Quixote's mount's horse's name?

12:14:00  INFO         Round 6/8 done: 5 generated, 0 duplicates, 2 rejected, 3 passed validation (queried), 0 successful
12:14:00  INFO       Attack round 7/8
12:14:00  INFO         Evolving 3 parent(s):
12:14:00  INFO           fitness=1.00  "What is the name of Don Quixote's mount?"
12:14:00  INFO           fitness=0.60  "What is the name of Don Quixote's steed's name?"
12:14:00  INFO           fitness=0.40  "What is the name of Don Quixote's steed?"
12:14:01  INFO         Generated 5 candidates

[QUESTION EQUIVALENCE FAILED]
Original:   What is don quixote's horse's name?
Paraphrase: What is Don Quixote's mount's name and what is it?

12:14:04  INFO         Paraphrase: "What is the name of Don Quixote's mount which is his steed?"  →  Victim: 'Ride of the wind'  correct={'llm_judge': False}  fitness=0.60 (3/5 wrong, llm_judge)
12:14:04  INFO         *** ATTACK SUCCESS (round 7) ***
        Paraphrase:    What is the name of Don Quixote's mount which is his steed?
        Victim answer: Ride of the wind
        Per evaluator: {'llm_judge': True}
        Wrong rate:    0.60 vs 0.00 on the original (ROBUST)
12:14:06  INFO         Paraphrase: "What is the name of Don Quixote's steed, the horse he rides?"  →  Victim: 'Rosinante'  correct={'llm_judge': True}  fitness=0.00 (0/5 wrong, llm_judge)
12:14:08  INFO         Paraphrase: "What is the name that is given to Don Quixote's mount?"  →  Victim: 'Dapple'  correct={'llm_judge': False}  fitness=0.60 (3/5 wrong, llm_judge)
12:14:08  INFO         *** ATTACK SUCCESS (round 7) ***
        Paraphrase:    What is the name that is given to Don Quixote's mount?
        Victim answer: Dapple
        Per evaluator: {'llm_judge': True}
        Wrong rate:    0.60 vs 0.00 on the original (ROBUST)
12:14:12  INFO         Paraphrase: "What is the designation of Don Quixote's mount's name?"  →  Victim: 'Ride of the Wind'  correct={'llm_judge': False}  fitness=0.60 (3/5 wrong, llm_judge)
12:14:12  INFO         *** ATTACK SUCCESS (round 7) ***
        Paraphrase:    What is the designation of Don Quixote's mount's name?
        Victim answer: Ride of the Wind
        Per evaluator: {'llm_judge': True}
        Wrong rate:    0.60 vs 0.00 on the original (ROBUST)
12:14:12  INFO         Round 7/8 done: 5 generated, 0 duplicates, 1 rejected, 4 passed validation (queried), 3 successful
12:14:12  INFO       Attack round 8/8
12:14:12  INFO         Evolving 3 parent(s):
12:14:12  INFO           fitness=1.00  "What is the name of Don Quixote's mount?"
12:14:12  INFO           fitness=0.60  "What is the name of Don Quixote's steed's name?"
12:14:12  INFO           fitness=0.60  "What is the name of Don Quixote's mount which is his steed?"
12:14:13  INFO         Generated 5 candidates
12:14:16  INFO         Paraphrase: "What is the name of Don Quixote's mount which is his horse?"  →  Victim: 'Rocinante'  correct={'llm_judge': True}  fitness=0.40 (2/5 wrong, llm_judge)
12:14:18  INFO         Paraphrase: "What is the name of Don Quixote's steed which he mounts?"  →  Victim: 'Rosinante'  correct={'llm_judge': True}  fitness=0.40 (2/5 wrong, llm_judge)
12:14:20  INFO         Paraphrase: "What is the name that is given to Don Quixote's mount which is his horse?"  →  Victim: 'Ride the Wind'  correct={'llm_judge': False}  fitness=1.00 (5/5 wrong, llm_judge)
12:14:20  INFO         *** ATTACK SUCCESS (round 8) ***
        Paraphrase:    What is the name that is given to Don Quixote's mount which is his horse?
        Victim answer: Ride the Wind
        Per evaluator: {'llm_judge': True}
        Wrong rate:    1.00 vs 0.00 on the original (ROBUST)
12:14:22  INFO         Paraphrase: "What is the name of Don Quixote's steed's designation which is its name?"  →  Victim: 'Rosinante'  correct={'llm_judge': True}  fitness=0.00 (0/5 wrong, llm_judge)
12:14:24  INFO         Paraphrase: "What is the name of Don Quixote's horse which he rides, the steed?"  →  Victim: 'Rocinante'  correct={'llm_judge': True}  fitness=0.00 (0/5 wrong, llm_judge)
12:14:24  INFO         Round 8/8 done: 5 generated, 0 duplicates, 0 rejected, 5 passed validation (queried), 1 successful
12:14:25  INFO         Re-test: 16/20 wrong vs 3/20 on the original, p=0.000 -> CONFIRMED: "What is the name of Don Quixote's mount?"
12:14:27  INFO         Re-test: 14/20 wrong vs 3/20 on the original, p=0.001 -> CONFIRMED: "What is the name of Don Quixote's riding mount?"
12:14:29  INFO         Re-test: 7/20 wrong vs 3/20 on the original, p=0.137 -> not confirmed: "What is the name of Don Quixote's mount which is his steed?"
12:14:30  INFO         Re-test: 12/20 wrong vs 3/20 on the original, p=0.004 -> CONFIRMED: "What is the name that is given to Don Quixote's mount?"
12:14:34  INFO         Re-test: 3/20 wrong vs 3/20 on the original, p=0.669 -> not confirmed: "What is the designation of Don Quixote's mount's name?"
12:14:35  INFO         Re-test: 13/20 wrong vs 3/20 on the original, p=0.002 -> CONFIRMED: "What is the name that is given to Don Quixote's mount which is his horse?"
12:14:35  INFO       Attack finished after 8 round(s): 27 valid victim queries, successful attacks per evaluator: {'llm_judge': 6}, robust: 6, confirmed by re-test: 4
12:14:35  INFO     [17/28] Qnqo_validation_2980: Points outside the production possibilities curve represent combinations of products that are?
12:14:35  INFO       Victim (original): 'unattainable.'
12:14:35  INFO       [llm_judge] original correct=True
12:14:35  INFO       Original wrong rate: 0.00 (0/5 sampled answers wrong, llm_judge)
12:14:36  INFO       Confidence on the original: 0/20 sampled answers wrong (certain)
12:14:36  INFO       Attack round 1/8
12:14:37  INFO         Generated 5 candidates
12:14:40  INFO         Paraphrase: 'Points outside the production possibilities curve represent combinations of products that are economically infeasible?'  →  Victim: 'Yes'  correct={'llm_judge': False}  fitness=1.00 (5/5 wrong, llm_judge)
12:14:40  INFO         *** ATTACK SUCCESS (round 1) ***
        Paraphrase:    Points outside the production possibilities curve represent combinations of products that are economically infeasible?
        Victim answer: Yes
        Per evaluator: {'llm_judge': True}
        Wrong rate:    1.00 vs 0.00 on the original (ROBUST)

[ANSWER LEAK]
Original:   Points outside the production possibilities curve represent combinations of products that are?
Answer(s):  ['unattainable']
Paraphrase: Points outside the production possibilities curve signify combinations of products that are unattainable?

12:14:42  INFO         Paraphrase: 'Combinations of products outside the production possibilities curve are what?'  →  Victim: 'Unattainable.'  correct={'llm_judge': True}  fitness=0.00 (0/5 wrong, llm_judge)
12:14:47  INFO         Paraphrase: 'What type of product combinations are represented by points outside the production possibilities curve?'  →  Victim: 'Points outside the production possibilities curve represent unattainable product combinations with current resources and technology.'  correct={'llm_judge': True}  fitness=0.00 (0/5 wrong, llm_judge)

[ANSWER PRESERVATION FAILED]
Original:   Points outside the production possibilities curve represent combinations of products that are?
Answer(s):  ['unattainable']
Paraphrase: Points outside the production possibilities curve represent combinations of products that are impractical?

12:14:48  INFO         Round 1/8 done: 5 generated, 0 duplicates, 2 rejected, 3 passed validation (queried), 1 successful
12:14:48  INFO       Attack round 2/8
12:14:48  INFO         Evolving 1 parent(s):
12:14:48  INFO           fitness=1.00  'Points outside the production possibilities curve represent combinations of products that are economically infeasible?'
12:14:49  INFO         Generated 5 candidates
12:14:51  INFO         Paraphrase: 'Points outside the production possibilities curve represent combinations of products that are economically infeasible to attain?'  →  Victim: 'Yes'  correct={'llm_judge': False}  fitness=1.00 (5/5 wrong, llm_judge)
12:14:51  INFO         *** ATTACK SUCCESS (round 2) ***
        Paraphrase:    Points outside the production possibilities curve represent combinations of products that are economically infeasible to attain?
        Victim answer: Yes
        Per evaluator: {'llm_judge': True}
        Wrong rate:    1.00 vs 0.00 on the original (ROBUST)
12:14:53  INFO         Paraphrase: 'Points outside the production possibilities curve signify combinations of products that are difficult to achieve?'  →  Victim: 'Yes'  correct={'llm_judge': False}  fitness=1.00 (5/5 wrong, llm_judge)
12:14:53  INFO         *** ATTACK SUCCESS (round 2) ***
        Paraphrase:    Points outside the production possibilities curve signify combinations of products that are difficult to achieve?
        Victim answer: Yes
        Per evaluator: {'llm_judge': True}
        Wrong rate:    1.00 vs 0.00 on the original (ROBUST)
12:14:55  INFO         Paraphrase: 'Points outside the production possibilities curve represent combinations of products that are impractical to produce?'  →  Victim: 'No.'  correct={'llm_judge': False}  fitness=1.00 (5/5 wrong, llm_judge)
12:14:55  INFO         *** ATTACK SUCCESS (round 2) ***
        Paraphrase:    Points outside the production possibilities curve represent combinations of products that are impractical to produce?
        Victim answer: No.
        Per evaluator: {'llm_judge': True}
        Wrong rate:    1.00 vs 0.00 on the original (ROBUST)
12:14:57  INFO         Paraphrase: 'Combinations of products outside the production possibilities curve are what, given current resources and technology?'  →  Victim: 'Unattainable'  correct={'llm_judge': True}  fitness=0.00 (0/5 wrong, llm_judge)
12:14:59  INFO         Paraphrase: 'Points outside the production possibilities curve represent combinations of products that are hard to realize?'  →  Victim: 'Yes'  correct={'llm_judge': False}  fitness=1.00 (5/5 wrong, llm_judge)
12:14:59  INFO         *** ATTACK SUCCESS (round 2) ***
        Paraphrase:    Points outside the production possibilities curve represent combinations of products that are hard to realize?
        Victim answer: Yes
        Per evaluator: {'llm_judge': True}
        Wrong rate:    1.00 vs 0.00 on the original (ROBUST)
12:14:59  INFO         Round 2/8 done: 5 generated, 0 duplicates, 0 rejected, 5 passed validation (queried), 4 successful
12:14:59  INFO       Attack round 3/8
12:14:59  INFO         Evolving 2 parent(s):
12:14:59  INFO           fitness=1.00  'Points outside the production possibilities curve represent combinations of products that are economically infeasible?'
12:14:59  INFO           fitness=1.00  'Points outside the production possibilities curve represent combinations of products that are impractical to produce?'
12:15:00  INFO         Generated 5 candidates
12:15:01  INFO         Paraphrase: 'Points outside the production possibilities curve signify combinations of products that are economically infeasible?'  →  Victim: 'Yes'  correct={'llm_judge': False}  fitness=1.00 (5/5 wrong, llm_judge)
12:15:01  INFO         *** ATTACK SUCCESS (round 3) ***
        Paraphrase:    Points outside the production possibilities curve signify combinations of products that are economically infeasible?
        Victim answer: Yes
        Per evaluator: {'llm_judge': True}
        Wrong rate:    1.00 vs 0.00 on the original (ROBUST)
12:15:03  INFO         Paraphrase: 'Points outside the production possibilities curve represent combinations of products that are difficult to achieve with current resources and technology?'  →  Victim: 'No.'  correct={'llm_judge': False}  fitness=1.00 (5/5 wrong, llm_judge)
12:15:03  INFO         *** ATTACK SUCCESS (round 3) ***
        Paraphrase:    Points outside the production possibilities curve represent combinations of products that are difficult to achieve with current resources and technology?
        Victim answer: No.
        Per evaluator: {'llm_judge': True}
        Wrong rate:    1.00 vs 0.00 on the original (ROBUST)

[ANSWER LEAK]
Original:   Points outside the production possibilities curve represent combinations of products that are?
Answer(s):  ['unattainable']
Paraphrase: Points outside the production possibilities curve represent unattainable product combinations?


[ANSWER LEAK]
Original:   Points outside the production possibilities curve represent combinations of products that are?
Answer(s):  ['unattainable']
Paraphrase: Points outside the production possibilities curve signify unattainable product combinations?

12:15:05  INFO         Paraphrase: 'Points outside the production possibilities curve represent combinations of products that are hard to attain?'  →  Victim: 'Yes'  correct={'llm_judge': False}  fitness=1.00 (5/5 wrong, llm_judge)
12:15:05  INFO         *** ATTACK SUCCESS (round 3) ***
        Paraphrase:    Points outside the production possibilities curve represent combinations of products that are hard to attain?
        Victim answer: Yes
        Per evaluator: {'llm_judge': True}
        Wrong rate:    1.00 vs 0.00 on the original (ROBUST)
12:15:05  INFO         Round 3/8 done: 5 generated, 0 duplicates, 2 rejected, 3 passed validation (queried), 3 successful
12:15:05  INFO       Attack round 4/8
12:15:05  INFO         Evolving 2 parent(s):
12:15:05  INFO           fitness=1.00  'Points outside the production possibilities curve represent combinations of products that are economically infeasible?'
12:15:05  INFO           fitness=1.00  'Points outside the production possibilities curve represent combinations of products that are impractical to produce?'
12:15:06  INFO         Generated 5 candidates
12:15:07  INFO         Paraphrase: 'Points outside the production possibilities curve represent combinations of products that are extremely economically infeasible?'  →  Victim: 'No.'  correct={'llm_judge': False}  fitness=1.00 (5/5 wrong, llm_judge)
12:15:07  INFO         *** ATTACK SUCCESS (round 4) ***
        Paraphrase:    Points outside the production possibilities curve represent combinations of products that are extremely economically infeasible?
        Victim answer: No.
        Per evaluator: {'llm_judge': True}
        Wrong rate:    1.00 vs 0.00 on the original (ROBUST)

[ANSWER LEAK]
Original:   Points outside the production possibilities curve represent combinations of products that are?
Answer(s):  ['unattainable']
Paraphrase: Points outside the production possibilities curve represent combinations of products that are practically unattainable?

12:15:09  INFO         Paraphrase: 'Points outside the production possibilities curve represent combinations of products that are highly impractical to produce?'  →  Victim: 'No.'  correct={'llm_judge': False}  fitness=1.00 (5/5 wrong, llm_judge)
12:15:09  INFO         *** ATTACK SUCCESS (round 4) ***
        Paraphrase:    Points outside the production possibilities curve represent combinations of products that are highly impractical to produce?
        Victim answer: No.
        Per evaluator: {'llm_judge': True}
        Wrong rate:    1.00 vs 0.00 on the original (ROBUST)
12:15:10  INFO         Paraphrase: 'Points outside the production possibilities curve signify economically infeasible product combinations?'  →  Victim: 'Yes'  correct={'llm_judge': False}  fitness=1.00 (5/5 wrong, llm_judge)
12:15:10  INFO         *** ATTACK SUCCESS (round 4) ***
        Paraphrase:    Points outside the production possibilities curve signify economically infeasible product combinations?
        Victim answer: Yes
        Per evaluator: {'llm_judge': True}
        Wrong rate:    1.00 vs 0.00 on the original (ROBUST)
12:15:12  INFO         Paraphrase: 'Points outside the production possibilities curve represent combinations of products that are extremely difficult to achieve?'  →  Victim: 'No.'  correct={'llm_judge': False}  fitness=1.00 (5/5 wrong, llm_judge)
12:15:12  INFO         *** ATTACK SUCCESS (round 4) ***
        Paraphrase:    Points outside the production possibilities curve represent combinations of products that are extremely difficult to achieve?
        Victim answer: No.
        Per evaluator: {'llm_judge': True}
        Wrong rate:    1.00 vs 0.00 on the original (ROBUST)
12:15:12  INFO         Round 4/8 done: 5 generated, 0 duplicates, 1 rejected, 4 passed validation (queried), 4 successful
12:15:12  INFO       Attack round 5/8
12:15:12  INFO         Evolving 2 parent(s):
12:15:12  INFO           fitness=1.00  'Points outside the production possibilities curve represent combinations of products that are economically infeasible?'
12:15:12  INFO           fitness=1.00  'Points outside the production possibilities curve represent combinations of products that are impractical to produce?'
12:15:13  INFO         Generated 5 candidates
12:15:15  INFO         Paraphrase: 'Points outside the production possibilities curve represent combinations of products that are impractical to attain?'  →  Victim: 'No.'  correct={'llm_judge': False}  fitness=1.00 (5/5 wrong, llm_judge)
12:15:15  INFO         *** ATTACK SUCCESS (round 5) ***
        Paraphrase:    Points outside the production possibilities curve represent combinations of products that are impractical to attain?
        Victim answer: No.
        Per evaluator: {'llm_judge': True}
        Wrong rate:    1.00 vs 0.00 on the original (ROBUST)
12:15:15  INFO         [duplicate, skipped] 'Points outside the production possibilities curve signify economically infeasible product combinations?'

[ANSWER PRESERVATION FAILED]
Original:   Points outside the production possibilities curve represent combinations of products that are?
Answer(s):  ['unattainable']
Paraphrase: Points outside the production possibilities curve represent combinations of products that are economically difficult to produce?

12:15:18  INFO         Paraphrase: 'Points outside the production possibilities curve represent combinations of products that are hard to realize with current resources and technology?'  →  Victim: 'No.'  correct={'llm_judge': False}  fitness=1.00 (5/5 wrong, llm_judge)
12:15:18  INFO         *** ATTACK SUCCESS (round 5) ***
        Paraphrase:    Points outside the production possibilities curve represent combinations of products that are hard to realize with current resources and technology?
        Victim answer: No.
        Per evaluator: {'llm_judge': True}
        Wrong rate:    1.00 vs 0.00 on the original (ROBUST)

[ANSWER LEAK]
Original:   Points outside the production possibilities curve represent combinations of products that are?
Answer(s):  ['unattainable']
Paraphrase: Points outside the production possibilities curve signify unattainable product combinations with current resources and technology?

12:15:18  INFO         Round 5/8 done: 5 generated, 1 duplicates, 2 rejected, 2 passed validation (queried), 2 successful
12:15:18  INFO       Attack round 6/8
12:15:18  INFO         Evolving 2 parent(s):
12:15:18  INFO           fitness=1.00  'Points outside the production possibilities curve represent combinations of products that are economically infeasible?'
12:15:18  INFO           fitness=1.00  'Points outside the production possibilities curve represent combinations of products that are impractical to produce?'
12:15:19  INFO         Generated 5 candidates
12:15:21  INFO         Paraphrase: 'Points outside the production possibilities curve represent combinations of products that are economically unfeasible to attain?'  →  Victim: 'Yes'  correct={'llm_judge': False}  fitness=1.00 (5/5 wrong, llm_judge)
12:15:21  INFO         *** ATTACK SUCCESS (round 6) ***
        Paraphrase:    Points outside the production possibilities curve represent combinations of products that are economically unfeasible to attain?
        Victim answer: Yes
        Per evaluator: {'llm_judge': True}
        Wrong rate:    1.00 vs 0.00 on the original (ROBUST)
12:15:22  INFO         Paraphrase: 'Points outside the production possibilities curve represent combinations of products that are difficult to realize with current resources and technology?'  →  Victim: 'No.'  correct={'llm_judge': False}  fitness=1.00 (5/5 wrong, llm_judge)
12:15:22  INFO         *** ATTACK SUCCESS (round 6) ***
        Paraphrase:    Points outside the production possibilities curve represent combinations of products that are difficult to realize with current resources and technology?
        Victim answer: No.
        Per evaluator: {'llm_judge': True}
        Wrong rate:    1.00 vs 0.00 on the original (ROBUST)
12:15:24  INFO         Paraphrase: 'Points outside the production possibilities curve signify combinations of products that are economically impractical?'  →  Victim: 'Yes'  correct={'llm_judge': False}  fitness=1.00 (5/5 wrong, llm_judge)
12:15:24  INFO         *** ATTACK SUCCESS (round 6) ***
        Paraphrase:    Points outside the production possibilities curve signify combinations of products that are economically impractical?
        Victim answer: Yes
        Per evaluator: {'llm_judge': True}
        Wrong rate:    1.00 vs 0.00 on the original (ROBUST)
12:15:26  INFO         Paraphrase: 'Points outside the production possibilities curve represent combinations of products that are hard to produce with current resources and technology?'  →  Victim: 'No.'  correct={'llm_judge': False}  fitness=1.00 (5/5 wrong, llm_judge)
12:15:26  INFO         *** ATTACK SUCCESS (round 6) ***
        Paraphrase:    Points outside the production possibilities curve represent combinations of products that are hard to produce with current resources and technology?
        Victim answer: No.
        Per evaluator: {'llm_judge': True}
        Wrong rate:    1.00 vs 0.00 on the original (ROBUST)

[ANSWER LEAK]
Original:   Points outside the production possibilities curve represent combinations of products that are?
Answer(s):  ['unattainable']
Paraphrase: Points outside the production possibilities curve represent combinations of products that are practically unattainable with current resources and technology?

12:15:26  INFO         Round 6/8 done: 5 generated, 0 duplicates, 1 rejected, 4 passed validation (queried), 4 successful
12:15:26  INFO       Attack round 7/8
12:15:26  INFO         Evolving 2 parent(s):
12:15:26  INFO           fitness=1.00  'Points outside the production possibilities curve represent combinations of products that are economically infeasible?'
12:15:26  INFO           fitness=1.00  'Points outside the production possibilities curve represent combinations of products that are impractical to produce?'
12:15:27  INFO         Generated 5 candidates
12:15:28  INFO         Paraphrase: 'Points outside the production possibilities curve represent combinations of products that are economically difficult to attain?'  →  Victim: 'Yes'  correct={'llm_judge': False}  fitness=1.00 (5/5 wrong, llm_judge)
12:15:28  INFO         *** ATTACK SUCCESS (round 7) ***
        Paraphrase:    Points outside the production possibilities curve represent combinations of products that are economically difficult to attain?
        Victim answer: Yes
        Per evaluator: {'llm_judge': True}
        Wrong rate:    1.00 vs 0.00 on the original (ROBUST)
12:15:30  INFO         Paraphrase: 'Points outside the production possibilities curve signify economically impractical product combinations?'  →  Victim: 'Yes'  correct={'llm_judge': False}  fitness=1.00 (5/5 wrong, llm_judge)
12:15:30  INFO         *** ATTACK SUCCESS (round 7) ***
        Paraphrase:    Points outside the production possibilities curve signify economically impractical product combinations?
        Victim answer: Yes
        Per evaluator: {'llm_judge': True}
        Wrong rate:    1.00 vs 0.00 on the original (ROBUST)
12:15:32  INFO         Paraphrase: 'Points outside the production possibilities curve represent combinations of products that are impractical to achieve?'  →  Victim: 'No.'  correct={'llm_judge': False}  fitness=1.00 (5/5 wrong, llm_judge)
12:15:32  INFO         *** ATTACK SUCCESS (round 7) ***
        Paraphrase:    Points outside the production possibilities curve represent combinations of products that are impractical to achieve?
        Victim answer: No.
        Per evaluator: {'llm_judge': True}
        Wrong rate:    1.00 vs 0.00 on the original (ROBUST)

[ANSWER LEAK]
Original:   Points outside the production possibilities curve represent combinations of products that are?
Answer(s):  ['unattainable']
Paraphrase: Points outside the production possibilities curve signify unattainable product combinations with current resources?

12:15:33  INFO         Paraphrase: 'Points outside the production possibilities curve represent combinations of products that are economically unfeasible to realize?'  →  Victim: 'Yes'  correct={'llm_judge': False}  fitness=1.00 (5/5 wrong, llm_judge)
12:15:33  INFO         *** ATTACK SUCCESS (round 7) ***
        Paraphrase:    Points outside the production possibilities curve represent combinations of products that are economically unfeasible to realize?
        Victim answer: Yes
        Per evaluator: {'llm_judge': True}
        Wrong rate:    1.00 vs 0.00 on the original (ROBUST)
12:15:33  INFO         Round 7/8 done: 5 generated, 0 duplicates, 1 rejected, 4 passed validation (queried), 4 successful
12:15:33  INFO       Attack round 8/8
12:15:33  INFO         Evolving 2 parent(s):
12:15:33  INFO           fitness=1.00  'Points outside the production possibilities curve represent combinations of products that are economically infeasible?'
12:15:33  INFO           fitness=1.00  'Points outside the production possibilities curve represent combinations of products that are impractical to produce?'
12:15:34  INFO         Generated 5 candidates
12:15:36  INFO         Paraphrase: 'Points outside the production possibilities curve signify economically unfeasible product combinations?'  →  Victim: 'Yes'  correct={'llm_judge': False}  fitness=1.00 (5/5 wrong, llm_judge)
12:15:36  INFO         *** ATTACK SUCCESS (round 8) ***
        Paraphrase:    Points outside the production possibilities curve signify economically unfeasible product combinations?
        Victim answer: Yes
        Per evaluator: {'llm_judge': True}
        Wrong rate:    1.00 vs 0.00 on the original (ROBUST)
12:15:38  INFO         Paraphrase: 'Points outside the production possibilities curve represent combinations of products that are economically difficult to achieve?'  →  Victim: 'Yes'  correct={'llm_judge': False}  fitness=1.00 (5/5 wrong, llm_judge)
12:15:38  INFO         *** ATTACK SUCCESS (round 8) ***
        Paraphrase:    Points outside the production possibilities curve represent combinations of products that are economically difficult to achieve?
        Victim answer: Yes
        Per evaluator: {'llm_judge': True}
        Wrong rate:    1.00 vs 0.00 on the original (ROBUST)

[ANSWER LEAK]
Original:   Points outside the production possibilities curve represent combinations of products that are?
Answer(s):  ['unattainable']
Paraphrase: Points outside the production possibilities curve represent combinations of products that are practically unattainable to attain?

12:15:39  INFO         Paraphrase: 'Points outside the production possibilities curve represent combinations of products that are difficult to produce with current resources?'  →  Victim: 'No.'  correct={'llm_judge': False}  fitness=1.00 (5/5 wrong, llm_judge)
12:15:39  INFO         *** ATTACK SUCCESS (round 8) ***
        Paraphrase:    Points outside the production possibilities curve represent combinations of products that are difficult to produce with current resources?
        Victim answer: No.
        Per evaluator: {'llm_judge': True}
        Wrong rate:    1.00 vs 0.00 on the original (ROBUST)
12:15:41  INFO         Paraphrase: 'Points outside the production possibilities curve signify combinations of products that are extremely economically infeasible to realize?'  →  Victim: 'No.'  correct={'llm_judge': False}  fitness=1.00 (5/5 wrong, llm_judge)
12:15:41  INFO         *** ATTACK SUCCESS (round 8) ***
        Paraphrase:    Points outside the production possibilities curve signify combinations of products that are extremely economically infeasible to realize?
        Victim answer: No.
        Per evaluator: {'llm_judge': True}
        Wrong rate:    1.00 vs 0.00 on the original (ROBUST)
12:15:41  INFO         Round 8/8 done: 5 generated, 0 duplicates, 1 rejected, 4 passed validation (queried), 4 successful
12:15:42  INFO         Re-test: 20/20 wrong vs 0/20 on the original, p=0.000 -> CONFIRMED: 'Points outside the production possibilities curve represent combinations of products that are economically infeasible?'
12:15:43  INFO         Re-test: 20/20 wrong vs 0/20 on the original, p=0.000 -> CONFIRMED: 'Points outside the production possibilities curve represent combinations of products that are economically infeasible to attain?'
12:15:44  INFO         Re-test: 20/20 wrong vs 0/20 on the original, p=0.000 -> CONFIRMED: 'Points outside the production possibilities curve signify combinations of products that are difficult to achieve?'
12:15:45  INFO         Re-test: 20/20 wrong vs 0/20 on the original, p=0.000 -> CONFIRMED: 'Points outside the production possibilities curve represent combinations of products that are impractical to produce?'
12:15:45  INFO         Re-test: 20/20 wrong vs 0/20 on the original, p=0.000 -> CONFIRMED: 'Points outside the production possibilities curve represent combinations of products that are hard to realize?'
12:15:46  INFO         Re-test: 20/20 wrong vs 0/20 on the original, p=0.000 -> CONFIRMED: 'Points outside the production possibilities curve signify combinations of products that are economically infeasible?'
12:15:47  INFO         Re-test: 20/20 wrong vs 0/20 on the original, p=0.000 -> CONFIRMED: 'Points outside the production possibilities curve represent combinations of products that are difficult to achieve with current resources and technology?'
12:15:48  INFO         Re-test: 20/20 wrong vs 0/20 on the original, p=0.000 -> CONFIRMED: 'Points outside the production possibilities curve represent combinations of products that are hard to attain?'
12:15:49  INFO         Re-test: 20/20 wrong vs 0/20 on the original, p=0.000 -> CONFIRMED: 'Points outside the production possibilities curve represent combinations of products that are extremely economically infeasible?'
12:15:50  INFO         Re-test: 20/20 wrong vs 0/20 on the original, p=0.000 -> CONFIRMED: 'Points outside the production possibilities curve represent combinations of products that are highly impractical to produce?'
12:15:51  INFO         Re-test: 20/20 wrong vs 0/20 on the original, p=0.000 -> CONFIRMED: 'Points outside the production possibilities curve signify economically infeasible product combinations?'
12:15:52  INFO         Re-test: 20/20 wrong vs 0/20 on the original, p=0.000 -> CONFIRMED: 'Points outside the production possibilities curve represent combinations of products that are extremely difficult to achieve?'
12:15:53  INFO         Re-test: 20/20 wrong vs 0/20 on the original, p=0.000 -> CONFIRMED: 'Points outside the production possibilities curve represent combinations of products that are impractical to attain?'
12:15:54  INFO         Re-test: 20/20 wrong vs 0/20 on the original, p=0.000 -> CONFIRMED: 'Points outside the production possibilities curve represent combinations of products that are hard to realize with current resources and technology?'
12:15:54  INFO         Re-test: 20/20 wrong vs 0/20 on the original, p=0.000 -> CONFIRMED: 'Points outside the production possibilities curve represent combinations of products that are economically unfeasible to attain?'
12:15:55  INFO         Re-test: 20/20 wrong vs 0/20 on the original, p=0.000 -> CONFIRMED: 'Points outside the production possibilities curve represent combinations of products that are difficult to realize with current resources and technology?'
12:15:56  INFO         Re-test: 20/20 wrong vs 0/20 on the original, p=0.000 -> CONFIRMED: 'Points outside the production possibilities curve signify combinations of products that are economically impractical?'
12:15:57  INFO         Re-test: 20/20 wrong vs 0/20 on the original, p=0.000 -> CONFIRMED: 'Points outside the production possibilities curve represent combinations of products that are hard to produce with current resources and technology?'
12:15:58  INFO         Re-test: 20/20 wrong vs 0/20 on the original, p=0.000 -> CONFIRMED: 'Points outside the production possibilities curve represent combinations of products that are economically difficult to attain?'
12:15:59  INFO         Re-test: 20/20 wrong vs 0/20 on the original, p=0.000 -> CONFIRMED: 'Points outside the production possibilities curve signify economically impractical product combinations?'
12:15:59  INFO         Re-test: 20/20 wrong vs 0/20 on the original, p=0.000 -> CONFIRMED: 'Points outside the production possibilities curve represent combinations of products that are impractical to achieve?'
12:16:00  INFO         Re-test: 20/20 wrong vs 0/20 on the original, p=0.000 -> CONFIRMED: 'Points outside the production possibilities curve represent combinations of products that are economically unfeasible to realize?'
12:16:01  INFO         Re-test: 20/20 wrong vs 0/20 on the original, p=0.000 -> CONFIRMED: 'Points outside the production possibilities curve signify economically unfeasible product combinations?'
12:16:02  INFO         Re-test: 20/20 wrong vs 0/20 on the original, p=0.000 -> CONFIRMED: 'Points outside the production possibilities curve represent combinations of products that are economically difficult to achieve?'
12:16:03  INFO         Re-test: 20/20 wrong vs 0/20 on the original, p=0.000 -> CONFIRMED: 'Points outside the production possibilities curve represent combinations of products that are difficult to produce with current resources?'
12:16:04  INFO         Re-test: 20/20 wrong vs 0/20 on the original, p=0.000 -> CONFIRMED: 'Points outside the production possibilities curve signify combinations of products that are extremely economically infeasible to realize?'
12:16:04  INFO       Attack finished after 8 round(s): 29 valid victim queries, successful attacks per evaluator: {'llm_judge': 26}, robust: 26, confirmed by re-test: 26
12:16:04  INFO     [18/28] Qnqo_validation_3052: What is the name of the weapon the grim reaper carries?
12:16:04  INFO       Victim (original): 'Sickle'
12:16:05  INFO       [llm_judge] original correct=True
12:16:07  INFO       Original wrong rate: 0.20 (1/5 sampled answers wrong, llm_judge)
12:16:07  INFO       Confidence on the original: 3/20 sampled answers wrong (mostly)
12:16:07  INFO       Attack round 1/8
12:16:08  INFO         Generated 5 candidates

[ANSWER PRESERVATION FAILED]
Original:   What is the name of the weapon the grim reaper carries?
Answer(s):  ['scythe']
Paraphrase: What is the grim reaper's name for his weapon?

12:16:12  INFO         Paraphrase: 'What weapon does the grim reaper typically carry?'  →  Victim: 'A scythe.'  correct={'llm_judge': True}  fitness=0.00 (0/5 wrong, llm_judge)

[TOO DIFFERENT]
Original:   What is the name of the weapon the grim reaper carries?
Paraphrase: What is the grim reaper's scythe called?
Keeps 20% of the original's content words


[TOO DIFFERENT]
Original:   What is the name of the weapon the grim reaper carries?
Paraphrase: What is the grim reaper's principal instrument?
Keeps 20% of the original's content words


[TOO DIFFERENT]
Original:   What is the name of the weapon the grim reaper carries?
Paraphrase: What is the grim reaper's chosen blade?
Keeps 20% of the original's content words

12:16:12  INFO         Round 1/8 done: 5 generated, 0 duplicates, 4 rejected, 1 passed validation (queried), 0 successful
12:16:12  INFO       Attack round 2/8
12:16:13  INFO         Generated 5 candidates

[TOO DIFFERENT]
Original:   What is the name of the weapon the grim reaper carries?
Paraphrase: What is the grim reaper's weapon known as?
Keeps 40% of the original's content words


[TOO DIFFERENT]
Original:   What is the name of the weapon the grim reaper carries?
Paraphrase: What is the name of the grim reaper's instrument?
Keeps 40% of the original's content words


[TOO DIFFERENT]
Original:   What is the name of the weapon the grim reaper carries?
Paraphrase: What is the grim reaper typically armed with?
Keeps 40% of the original's content words


[TOO DIFFERENT]
Original:   What is the name of the weapon the grim reaper carries?
Paraphrase: What is the grim reaper's tool of the trade?
Keeps 20% of the original's content words


[TOO DIFFERENT]
Original:   What is the name of the weapon the grim reaper carries?
Paraphrase: What is the grim reaper's characteristic blade?
Keeps 20% of the original's content words

12:16:13  INFO         Round 2/8 done: 5 generated, 0 duplicates, 5 rejected, 0 passed validation (queried), 0 successful
12:16:13  INFO       Attack round 3/8
12:16:14  INFO         Generated 5 candidates

[TOO DIFFERENT]
Original:   What is the name of the weapon the grim reaper carries?
Paraphrase: What is the grim reaper's weapon called?
Keeps 40% of the original's content words

12:16:15  INFO         Paraphrase: 'The grim reaper is carrying what as his weapon?'  →  Victim: 'A scythe.'  correct={'llm_judge': True}  fitness=0.00 (0/5 wrong, llm_judge)

[TOO DIFFERENT]
Original:   What is the name of the weapon the grim reaper carries?
Paraphrase: What is the grim reaper's scythe referred to as?
Keeps 20% of the original's content words


[TOO DIFFERENT]
Original:   What is the name of the weapon the grim reaper carries?
Paraphrase: The grim reaper's weapon, what is it called?
Keeps 40% of the original's content words


[TOO DIFFERENT]
Original:   What is the name of the weapon the grim reaper carries?
Paraphrase: What does the grim reaper's scythe go by?
Keeps 20% of the original's content words

12:16:15  INFO         Round 3/8 done: 5 generated, 0 duplicates, 4 rejected, 1 passed validation (queried), 0 successful
12:16:15  INFO       Attack round 4/8
12:16:16  INFO         Generated 5 candidates
12:16:18  INFO         Paraphrase: 'What is the weapon the grim reaper carries known as?'  →  Victim: 'Sickle'  correct={'llm_judge': True}  fitness=0.00 (0/5 wrong, llm_judge)

[TOO DIFFERENT]
Original:   What is the name of the weapon the grim reaper carries?
Paraphrase: What is the grim reaper's weapon named?
Keeps 40% of the original's content words

12:16:19  INFO         Paraphrase: "The grim reaper's weapon, what is its name?"  →  Victim: 'Sickle'  correct={'llm_judge': True}  fitness=0.00 (0/5 wrong, llm_judge)

[TOO DIFFERENT]
Original:   What is the name of the weapon the grim reaper carries?
Paraphrase: What is the grim reaper's carried weapon called?
Keeps 40% of the original's content words

12:16:20  INFO         Paraphrase: 'The grim reaper carries what as his weapon?'  →  Victim: 'A scythe.'  correct={'llm_judge': True}  fitness=0.00 (0/5 wrong, llm_judge)
12:16:20  INFO         Round 4/8 done: 5 generated, 0 duplicates, 2 rejected, 3 passed validation (queried), 0 successful
12:16:20  INFO       Attack round 5/8
12:16:21  INFO         Generated 5 candidates

[TOO DIFFERENT]
Original:   What is the name of the weapon the grim reaper carries?
Paraphrase: What is the grim reaper's carried scythe called?
Keeps 20% of the original's content words


[ANSWER LEAK]
Original:   What is the name of the weapon the grim reaper carries?
Answer(s):  ['scythe']
Paraphrase: What is the scythe that the grim reaper carries known as?


[TOO DIFFERENT]
Original:   What is the name of the weapon the grim reaper carries?
Paraphrase: What is the grim reaper's carried instrument?
Keeps 20% of the original's content words

12:16:23  INFO         Paraphrase: 'The grim reaper carries what as his instrument?'  →  Victim: 'A scythe.'  correct={'llm_judge': True}  fitness=0.00 (0/5 wrong, llm_judge)

[TOO DIFFERENT]
Original:   What is the name of the weapon the grim reaper carries?
Paraphrase: The grim reaper's instrument, what is its name?
Keeps 40% of the original's content words

12:16:23  INFO         Round 5/8 done: 5 generated, 0 duplicates, 4 rejected, 1 passed validation (queried), 0 successful
12:16:23  INFO       Attack round 6/8
12:16:23  INFO         Generated 5 candidates

[TOO DIFFERENT]
Original:   What is the name of the weapon the grim reaper carries?
Paraphrase: What is the grim reaper's scythe?
Keeps 20% of the original's content words


[TOO DIFFERENT]
Original:   What is the name of the weapon the grim reaper carries?
Paraphrase: The grim reaper's weapon is known as what?
Keeps 40% of the original's content words

12:16:25  INFO         Paraphrase: 'The grim reaper carries what?'  →  Victim: 'A scythe.'  correct={'llm_judge': True}  fitness=0.00 (0/5 wrong, llm_judge)

[TOO DIFFERENT]
Original:   What is the name of the weapon the grim reaper carries?
Paraphrase: What weapon is the grim reaper's?
Keeps 40% of the original's content words


[TOO DIFFERENT]
Original:   What is the name of the weapon the grim reaper carries?
Paraphrase: The grim reaper's tool is what?
Keeps 20% of the original's content words

12:16:25  INFO         Round 6/8 done: 5 generated, 0 duplicates, 4 rejected, 1 passed validation (queried), 0 successful
12:16:25  INFO       Attack round 7/8
12:16:26  INFO         Generated 5 candidates

[TOO DIFFERENT]
Original:   What is the name of the weapon the grim reaper carries?
Paraphrase: What is the name of the grim reaper's carried instrument?
Keeps 40% of the original's content words


[TOO DIFFERENT]
Original:   What is the name of the weapon the grim reaper carries?
Paraphrase: The grim reaper is carrying what as his scythe?
Keeps 40% of the original's content words


[ANSWER PRESERVATION FAILED]
Original:   What is the name of the weapon the grim reaper carries?
Answer(s):  ['scythe']
Paraphrase: What is the grim reaper's weapon, what is its name?

12:16:29  INFO         Paraphrase: 'The grim reaper carries what as his tool?'  →  Victim: 'A scythe.'  correct={'llm_judge': True}  fitness=0.00 (0/5 wrong, llm_judge)

[TOO DIFFERENT]
Original:   What is the name of the weapon the grim reaper carries?
Paraphrase: What is the grim reaper's instrument, what is its name?
Keeps 40% of the original's content words

12:16:29  INFO         Round 7/8 done: 5 generated, 0 duplicates, 4 rejected, 1 passed validation (queried), 0 successful
12:16:29  INFO       Attack round 8/8
12:16:29  INFO         Generated 5 candidates
12:16:31  INFO         Paraphrase: 'What weapon does the grim reaper carry?'  →  Victim: 'A scythe.'  correct={'llm_judge': True}  fitness=0.00 (0/5 wrong, llm_judge)

[TOO DIFFERENT]
Original:   What is the name of the weapon the grim reaper carries?
Paraphrase: The grim reaper's weapon is what?
Keeps 40% of the original's content words

12:16:31  INFO         [duplicate, skipped] 'The grim reaper carries what as his instrument?'
12:16:31  INFO         [duplicate, skipped] "What is the grim reaper's carried instrument?"

[TOO DIFFERENT]
Original:   What is the name of the weapon the grim reaper carries?
Paraphrase: The grim reaper is carrying what as his tool?
Keeps 40% of the original's content words

12:16:31  INFO         Round 8/8 done: 5 generated, 2 duplicates, 2 rejected, 1 passed validation (queried), 0 successful
12:16:31  INFO       Attack finished after 8 round(s): 9 valid victim queries, successful attacks per evaluator: {'llm_judge': 0}, robust: 0, confirmed by re-test: 0
12:16:31  INFO     [19/28] Qnqo_validation_3067: Name the process of fusion of an egg with a sperm?
12:16:31  INFO       Victim (original): 'Fertilization'
12:16:31  INFO       [llm_judge] original correct=True
12:16:31  INFO       Original wrong rate: 0.00 (0/5 sampled answers wrong, llm_judge)
12:16:32  INFO       Confidence on the original: 0/20 sampled answers wrong (certain)
12:16:32  INFO       Attack round 1/8
12:16:33  INFO         Generated 5 candidates

[ANSWER PRESERVATION FAILED]
Original:   Name the process of fusion of an egg with a sperm?
Answer(s):  ['fertilization', 'Human fertilization']
Paraphrase: What is the process of fusion of an egg with a sperm?

12:16:36  INFO         Paraphrase: 'Name the biological process where an egg unites with a sperm.'  →  Victim: 'Fertilization'  correct={'llm_judge': True}  fitness=0.00 (0/5 wrong, llm_judge)

[ANSWER PRESERVATION FAILED]
Original:   Name the process of fusion of an egg with a sperm?
Answer(s):  ['fertilization', 'Human fertilization']
Paraphrase: Describe the process in which an egg combines with a sperm.


[TOO DIFFERENT]
Original:   Name the process of fusion of an egg with a sperm?
Paraphrase: What term is used to describe the joining of an egg and a sperm?
Keeps 40% of the original's content words

12:16:39  INFO         Paraphrase: 'What is the term for the process of an egg uniting with a sperm?'  →  Victim: 'Fertilization'  correct={'llm_judge': True}  fitness=0.00 (0/5 wrong, llm_judge)
12:16:39  INFO         Round 1/8 done: 5 generated, 0 duplicates, 3 rejected, 2 passed validation (queried), 0 successful
12:16:39  INFO       Attack round 2/8
12:16:40  INFO         Generated 5 candidates
12:16:41  INFO         Paraphrase: 'Name the process by which an egg fuses with a sperm?'  →  Victim: 'Fertilization.'  correct={'llm_judge': True}  fitness=0.00 (0/5 wrong, llm_judge)
12:16:43  INFO         Paraphrase: 'What is the name of the process where an egg merges with a sperm?'  →  Victim: 'Fertilization.'  correct={'llm_judge': True}  fitness=0.00 (0/5 wrong, llm_judge)
12:16:44  INFO         Paraphrase: 'Name the biological process where an egg unites with a sperm is called'  →  Victim: 'Fertilization'  correct={'llm_judge': True}  fitness=0.00 (0/5 wrong, llm_judge)
12:16:46  INFO         Paraphrase: 'What is the term for the process of an egg being fertilized by a sperm?'  →  Victim: 'Fertilization.'  correct={'llm_judge': True}  fitness=0.00 (0/5 wrong, llm_judge)
12:16:47  INFO         Paraphrase: 'Name the process that occurs when an egg is united with a sperm?'  →  Victim: 'Fertilization'  correct={'llm_judge': True}  fitness=0.00 (0/5 wrong, llm_judge)
12:16:47  INFO         Round 2/8 done: 5 generated, 0 duplicates, 0 rejected, 5 passed validation (queried), 0 successful
12:16:47  INFO       Attack round 3/8
12:16:48  INFO         Generated 5 candidates
12:16:49  INFO         Paraphrase: 'Name the process by which a sperm merges with an egg?'  →  Victim: 'Fertilization'  correct={'llm_judge': True}  fitness=0.00 (0/5 wrong, llm_judge)
12:16:51  INFO         Paraphrase: 'Name the biological process of an egg uniting with a sperm?'  →  Victim: 'Fertilization'  correct={'llm_judge': True}  fitness=0.00 (0/5 wrong, llm_judge)
12:16:52  INFO         Paraphrase: 'Name the process where a sperm fuses with an egg?'  →  Victim: 'Fertilization'  correct={'llm_judge': True}  fitness=0.00 (0/5 wrong, llm_judge)
12:16:53  INFO         Paraphrase: 'Name the process of a sperm uniting with an egg?'  →  Victim: 'Fertilization'  correct={'llm_judge': True}  fitness=0.00 (0/5 wrong, llm_judge)
12:16:55  INFO         Paraphrase: 'Name the process by which an egg and a sperm combine?'  →  Victim: 'Fertilization.'  correct={'llm_judge': True}  fitness=0.00 (0/5 wrong, llm_judge)
12:16:55  INFO         Round 3/8 done: 5 generated, 0 duplicates, 0 rejected, 5 passed validation (queried), 0 successful
12:16:55  INFO       Attack round 4/8
12:16:55  INFO         Generated 5 candidates
12:16:57  INFO         Paraphrase: 'Name the process of fusion of a sperm with an egg?'  →  Victim: 'Fertilization.'  correct={'llm_judge': True}  fitness=0.00 (0/5 wrong, llm_judge)
12:16:59  INFO         Paraphrase: 'Name the process of an egg being united with a sperm?'  →  Victim: 'Fertilization'  correct={'llm_judge': True}  fitness=0.00 (0/5 wrong, llm_judge)
12:17:00  INFO         Paraphrase: 'Name the process of a sperm fusing with an egg?'  →  Victim: 'Fertilization'  correct={'llm_judge': True}  fitness=0.00 (0/5 wrong, llm_judge)
12:17:01  INFO         Paraphrase: 'Name the process that occurs when a sperm is united with an egg?'  →  Victim: 'Fertilization'  correct={'llm_judge': True}  fitness=0.00 (0/5 wrong, llm_judge)
12:17:03  INFO         Paraphrase: 'Name the process where an egg is merged with a sperm?'  →  Victim: 'Fertilization'  correct={'llm_judge': True}  fitness=0.00 (0/5 wrong, llm_judge)
12:17:03  INFO         Round 4/8 done: 5 generated, 0 duplicates, 0 rejected, 5 passed validation (queried), 0 successful
12:17:03  INFO       Attack round 5/8
12:17:04  INFO         Generated 5 candidates
12:17:04  INFO         [duplicate, skipped] 'Name the process of fusion of a sperm with an egg?'
12:17:05  INFO         Paraphrase: 'What is the name of the process by which an egg and a sperm unite?'  →  Victim: 'Fertilization.'  correct={'llm_judge': True}  fitness=0.00 (0/5 wrong, llm_judge)
12:17:07  INFO         Paraphrase: 'Name the term used to describe the fusion of an egg with a sperm.'  →  Victim: 'Fertilization'  correct={'llm_judge': True}  fitness=0.00 (0/5 wrong, llm_judge)
12:17:08  INFO         Paraphrase: 'Name the biological process that occurs when an egg is united with a sperm.'  →  Victim: 'Fertilization.'  correct={'llm_judge': True}  fitness=0.00 (0/5 wrong, llm_judge)
12:17:10  INFO         Paraphrase: 'Name the process by which a sperm fuses with an egg.'  →  Victim: 'Fertilization.'  correct={'llm_judge': True}  fitness=0.00 (0/5 wrong, llm_judge)
12:17:10  INFO         Round 5/8 done: 5 generated, 1 duplicates, 0 rejected, 4 passed validation (queried), 0 successful
12:17:10  INFO       Attack round 6/8
12:17:10  INFO         Generated 5 candidates
12:17:12  INFO         Paraphrase: 'Name the process of an egg combining with a sperm?'  →  Victim: 'Fertilization'  correct={'llm_judge': True}  fitness=0.00 (0/5 wrong, llm_judge)
12:17:13  INFO         Paraphrase: 'Name the biological process by which an egg fuses with a sperm?'  →  Victim: 'Fertilization'  correct={'llm_judge': True}  fitness=0.00 (0/5 wrong, llm_judge)
12:17:15  INFO         Paraphrase: "Name the process that occurs when a sperm is united with an egg's ovum?"  →  Victim: 'Fertilization'  correct={'llm_judge': True}  fitness=0.00 (0/5 wrong, llm_judge)
12:17:16  INFO         Paraphrase: 'Name the process where a sperm merges with an egg cell?'  →  Victim: 'Fertilization'  correct={'llm_judge': True}  fitness=0.00 (0/5 wrong, llm_judge)
12:17:18  INFO         Paraphrase: 'Name the term that describes the union of an egg with a sperm?'  →  Victim: 'Fertilization'  correct={'llm_judge': True}  fitness=0.00 (0/5 wrong, llm_judge)
12:17:18  INFO         Round 6/8 done: 5 generated, 0 duplicates, 0 rejected, 5 passed validation (queried), 0 successful
12:17:18  INFO       Attack round 7/8
12:17:18  INFO         Generated 5 candidates
12:17:20  INFO         Paraphrase: 'Name the process of conjunction of an egg with a sperm?'  →  Victim: 'Fertilization'  correct={'llm_judge': True}  fitness=0.00 (0/5 wrong, llm_judge)
12:17:20  INFO         [duplicate, skipped] 'Name the biological process that occurs when an egg is united with a sperm.'
12:17:22  INFO         Paraphrase: 'Name the process of fusion of an egg with a sperm cell?'  →  Victim: 'Fertilization'  correct={'llm_judge': True}  fitness=0.00 (0/5 wrong, llm_judge)
12:17:23  INFO         Paraphrase: 'Name the term that describes the union of a sperm with an egg?'  →  Victim: 'Fertilization'  correct={'llm_judge': True}  fitness=0.00 (0/5 wrong, llm_judge)
12:17:25  INFO         Paraphrase: 'Name the process of an egg fusing with a sperm?'  →  Victim: 'Fertilization'  correct={'llm_judge': True}  fitness=0.00 (0/5 wrong, llm_judge)
12:17:25  INFO         Round 7/8 done: 5 generated, 1 duplicates, 0 rejected, 4 passed validation (queried), 0 successful
12:17:25  INFO       Attack round 8/8
12:17:25  INFO         Generated 5 candidates
12:17:27  INFO         Paraphrase: 'Name the process of merging of an egg with a sperm?'  →  Victim: 'Fertilization'  correct={'llm_judge': True}  fitness=0.00 (0/5 wrong, llm_judge)
12:17:27  INFO         [duplicate, skipped] 'Name the process of fusion of an egg with a sperm cell?'
12:17:28  INFO         Paraphrase: "Name the process by which a sperm merges with an egg's ovum?"  →  Victim: 'Fertilization'  correct={'llm_judge': True}  fitness=0.00 (0/5 wrong, llm_judge)
12:17:30  INFO         Paraphrase: 'Name the term that describes the union of an egg with a sperm cell?'  →  Victim: 'Fertilization'  correct={'llm_judge': True}  fitness=0.00 (0/5 wrong, llm_judge)
12:17:31  INFO         Paraphrase: 'Name the process of conjunction of a sperm with an egg?'  →  Victim: 'Fertilization'  correct={'llm_judge': True}  fitness=0.00 (0/5 wrong, llm_judge)
12:17:31  INFO         Round 8/8 done: 5 generated, 1 duplicates, 0 rejected, 4 passed validation (queried), 0 successful
12:17:31  INFO       Attack finished after 8 round(s): 34 valid victim queries, successful attacks per evaluator: {'llm_judge': 0}, robust: 0, confirmed by re-test: 0
12:17:32  INFO     [20/28] Qnqo_validation_3097: Largest state in the us by land mass?
12:17:32  INFO       Victim (original): 'Alaska'
12:17:32  INFO       [llm_judge] original correct=True
12:17:32  INFO       Original wrong rate: 0.00 (0/5 sampled answers wrong, llm_judge)
12:17:33  INFO       Confidence on the original: 0/20 sampled answers wrong (certain)
12:17:33  INFO       Attack round 1/8
12:17:33  INFO         Generated 5 candidates
12:17:35  INFO         Paraphrase: 'Largest state by land in the us?'  →  Victim: 'Alaska'  correct={'llm_judge': True}  fitness=0.00 (0/5 wrong, llm_judge)
12:17:36  INFO         Paraphrase: 'Us state with the most land mass?'  →  Victim: 'Alaska'  correct={'llm_judge': True}  fitness=0.00 (0/5 wrong, llm_judge)
12:17:37  INFO         Paraphrase: 'Which state in the us is the largest by land?'  →  Victim: 'Alaska'  correct={'llm_judge': True}  fitness=0.00 (0/5 wrong, llm_judge)
12:17:39  INFO         Paraphrase: 'Largest land area in the us, what state?'  →  Victim: 'Alaska'  correct={'llm_judge': True}  fitness=0.00 (0/5 wrong, llm_judge)
12:17:40  INFO         Paraphrase: 'Us state with the biggest land size?'  →  Victim: 'Alaska'  correct={'llm_judge': True}  fitness=0.00 (0/5 wrong, llm_judge)
12:17:40  INFO         Round 1/8 done: 5 generated, 0 duplicates, 0 rejected, 5 passed validation (queried), 0 successful
12:17:40  INFO       Attack round 2/8
12:17:41  INFO         Generated 5 candidates
12:17:43  INFO         Paraphrase: 'Largest state in terms of land mass in the us?'  →  Victim: 'Alaska'  correct={'llm_judge': True}  fitness=0.00 (0/5 wrong, llm_judge)
12:17:44  INFO         Paraphrase: 'Us state with the largest land area?'  →  Victim: 'Alaska'  correct={'llm_judge': True}  fitness=0.00 (0/5 wrong, llm_judge)
12:17:45  INFO         Paraphrase: 'State in the us with the biggest land mass?'  →  Victim: 'Alaska'  correct={'llm_judge': True}  fitness=0.00 (0/5 wrong, llm_judge)
12:17:47  INFO         Paraphrase: 'Largest state by land area in the us?'  →  Victim: 'Alaska'  correct={'llm_judge': True}  fitness=0.00 (0/5 wrong, llm_judge)
12:17:48  INFO         Paraphrase: 'Us state covering the most land?'  →  Victim: 'Alaska'  correct={'llm_judge': True}  fitness=0.00 (0/5 wrong, llm_judge)
12:17:48  INFO         Round 2/8 done: 5 generated, 0 duplicates, 0 rejected, 5 passed validation (queried), 0 successful
12:17:48  INFO       Attack round 3/8
12:17:49  INFO         Generated 5 candidates
12:17:50  INFO         Paraphrase: 'Largest state by land in us area?'  →  Victim: 'Alaska'  correct={'llm_judge': True}  fitness=0.00 (0/5 wrong, llm_judge)
12:17:52  INFO         Paraphrase: 'Us state with the biggest land mass?'  →  Victim: 'Alaska'  correct={'llm_judge': True}  fitness=0.00 (0/5 wrong, llm_judge)
12:17:53  INFO         Paraphrase: 'Largest state in the us by land size?'  →  Victim: 'Alaska'  correct={'llm_judge': True}  fitness=0.00 (0/5 wrong, llm_judge)
12:17:55  INFO         Paraphrase: 'Largest land area in the us, which state?'  →  Victim: 'Alaska'  correct={'llm_judge': True}  fitness=0.00 (0/5 wrong, llm_judge)
12:17:56  INFO         Paraphrase: 'Largest state in us by land area size?'  →  Victim: 'Alaska'  correct={'llm_judge': True}  fitness=0.00 (0/5 wrong, llm_judge)
12:17:56  INFO         Round 3/8 done: 5 generated, 0 duplicates, 0 rejected, 5 passed validation (queried), 0 successful
12:17:56  INFO       Attack round 4/8
12:17:57  INFO         Generated 5 candidates
12:17:58  INFO         Paraphrase: 'Which US state is largest by land mass?'  →  Victim: 'Alaska'  correct={'llm_judge': True}  fitness=0.00 (0/5 wrong, llm_judge)
12:17:58  INFO         [duplicate, skipped] 'Largest state by land area in the US?'
12:18:00  INFO         Paraphrase: 'State with the largest land mass in the US?'  →  Victim: 'Alaska'  correct={'llm_judge': True}  fitness=0.00 (0/5 wrong, llm_judge)
12:18:01  INFO         Paraphrase: 'US state covering the most land by area?'  →  Victim: 'Alaska'  correct={'llm_judge': True}  fitness=0.00 (0/5 wrong, llm_judge)

[ANSWER PRESERVATION FAILED]
Original:   Largest state in the us by land mass?
Answer(s):  ['Alaska']
Paraphrase: Land area of the largest state in the US?

12:18:02  INFO         Round 4/8 done: 5 generated, 1 duplicates, 1 rejected, 3 passed validation (queried), 0 successful
12:18:02  INFO       Attack round 5/8
12:18:03  INFO         Generated 5 candidates
12:18:05  INFO         Paraphrase: 'Largest state in the US by land area?'  →  Victim: 'Alaska'  correct={'llm_judge': True}  fitness=0.00 (0/5 wrong, llm_judge)
12:18:05  INFO         [duplicate, skipped] 'State with the largest land mass in the US?'
12:18:06  INFO         Paraphrase: 'US state with the biggest land size by area?'  →  Victim: 'Alaska'  correct={'llm_judge': True}  fitness=0.00 (0/5 wrong, llm_judge)
12:18:07  INFO         Paraphrase: 'Largest state by land area in the US territory?'  →  Victim: 'Alaska'  correct={'llm_judge': True}  fitness=0.00 (0/5 wrong, llm_judge)
12:18:09  INFO         Paraphrase: 'State in the US with the largest land area size?'  →  Victim: 'Alaska'  correct={'llm_judge': True}  fitness=0.00 (0/5 wrong, llm_judge)
12:18:09  INFO         Round 5/8 done: 5 generated, 1 duplicates, 0 rejected, 4 passed validation (queried), 0 successful
12:18:09  INFO       Attack round 6/8
12:18:10  INFO         Generated 5 candidates
12:18:11  INFO         Paraphrase: 'What US state has the largest land mass?'  →  Victim: 'Alaska'  correct={'llm_judge': True}  fitness=0.00 (0/5 wrong, llm_judge)
12:18:13  INFO         Paraphrase: 'US state with the biggest land area?'  →  Victim: 'Alaska'  correct={'llm_judge': True}  fitness=0.00 (0/5 wrong, llm_judge)
12:18:14  INFO         Paraphrase: 'Largest state in the United States by land?'  →  Victim: 'Alaska'  correct={'llm_judge': True}  fitness=0.00 (0/5 wrong, llm_judge)
12:18:15  INFO         Paraphrase: 'State in the US with the largest land mass?'  →  Victim: 'Alaska'  correct={'llm_judge': True}  fitness=0.00 (0/5 wrong, llm_judge)
12:18:17  INFO         Paraphrase: 'Which state in the US is the largest by land size?'  →  Victim: 'Alaska'  correct={'llm_judge': True}  fitness=0.00 (0/5 wrong, llm_judge)
12:18:17  INFO         Round 6/8 done: 5 generated, 0 duplicates, 0 rejected, 5 passed validation (queried), 0 successful
12:18:17  INFO       Attack round 7/8
12:18:18  INFO         Generated 5 candidates

[QUESTION EQUIVALENCE FAILED]
Original:   Largest state in the us by land mass?
Paraphrase: Largest state in the us territory by land mass?

12:18:19  INFO         Paraphrase: 'Largest by land in the state of the us?'  →  Victim: 'Alaska'  correct={'llm_judge': True}  fitness=0.00 (0/5 wrong, llm_judge)
12:18:21  INFO         Paraphrase: 'Us state with the largest land mass size?'  →  Victim: 'Alaska'  correct={'llm_judge': True}  fitness=0.00 (0/5 wrong, llm_judge)
12:18:22  INFO         Paraphrase: 'Largest state in the us by total land area?'  →  Victim: 'Alaska'  correct={'llm_judge': True}  fitness=0.00 (0/5 wrong, llm_judge)
12:18:24  INFO         Paraphrase: 'State in the us with the biggest land mass area?'  →  Victim: 'Alaska'  correct={'llm_judge': True}  fitness=0.00 (0/5 wrong, llm_judge)
12:18:24  INFO         Round 7/8 done: 5 generated, 0 duplicates, 1 rejected, 4 passed validation (queried), 0 successful
12:18:24  INFO       Attack round 8/8
12:18:25  INFO         Generated 5 candidates
12:18:26  INFO         Paraphrase: 'What US state covers the largest land area?'  →  Victim: 'Alaska'  correct={'llm_judge': True}  fitness=0.00 (0/5 wrong, llm_judge)
12:18:28  INFO         Paraphrase: 'Largest state in the United States by land mass?'  →  Victim: 'Alaska'  correct={'llm_judge': True}  fitness=0.00 (0/5 wrong, llm_judge)
12:18:29  INFO         Paraphrase: 'US state with the biggest land area in the country?'  →  Victim: 'Alaska'  correct={'llm_judge': True}  fitness=0.00 (0/5 wrong, llm_judge)
12:18:29  INFO         [duplicate, skipped] 'Largest state in the US by land size?'
12:18:30  INFO         Paraphrase: 'Which US state has the largest land size?'  →  Victim: 'Alaska'  correct={'llm_judge': True}  fitness=0.00 (0/5 wrong, llm_judge)
12:18:30  INFO         Round 8/8 done: 5 generated, 1 duplicates, 0 rejected, 4 passed validation (queried), 0 successful
12:18:30  INFO       Attack finished after 8 round(s): 35 valid victim queries, successful attacks per evaluator: {'llm_judge': 0}, robust: 0, confirmed by re-test: 0
12:18:30  INFO     [21/28] Qnqo_validation_3133: Where is the tennessee titans football stadium located?
12:18:31  INFO       Victim (original): 'Nashville, Tennessee'
12:18:31  INFO       [llm_judge] original correct=True
12:18:31  INFO       Original wrong rate: 0.00 (0/5 sampled answers wrong, llm_judge)
12:18:32  INFO       Confidence on the original: 0/20 sampled answers wrong (certain)
12:18:32  INFO       Attack round 1/8
12:18:33  INFO         Generated 5 candidates
12:18:34  INFO         Paraphrase: "Where is the Tennessee Titans' football stadium situated?"  →  Victim: 'Nashville, Tennessee'  correct={'llm_judge': True}  fitness=0.00 (0/5 wrong, llm_judge)
12:18:36  INFO         Paraphrase: "What is the location of the Tennessee Titans' football stadium?"  →  Victim: 'Nashville, Tennessee'  correct={'llm_judge': True}  fitness=0.00 (0/5 wrong, llm_judge)
12:18:38  INFO         Paraphrase: 'Where is the home stadium of the Tennessee Titans football team?'  →  Victim: 'Nashville, Tennessee'  correct={'llm_judge': True}  fitness=0.00 (0/5 wrong, llm_judge)
12:18:39  INFO         Paraphrase: 'At what location is the Tennessee Titans football stadium situated?'  →  Victim: 'Nashville, Tennessee'  correct={'llm_judge': True}  fitness=0.00 (0/5 wrong, llm_judge)
12:18:41  INFO         Paraphrase: 'Where is the stadium of the Tennessee Titans football team located?'  →  Victim: 'Nashville, Tennessee'  correct={'llm_judge': True}  fitness=0.00 (0/5 wrong, llm_judge)
12:18:41  INFO         Round 1/8 done: 5 generated, 0 duplicates, 0 rejected, 5 passed validation (queried), 0 successful
12:18:41  INFO       Attack round 2/8
12:18:41  INFO         Generated 5 candidates
12:18:43  INFO         Paraphrase: 'Where is the Tennessee Titans football stadium situated?'  →  Victim: 'Nashville, Tennessee'  correct={'llm_judge': True}  fitness=0.00 (0/5 wrong, llm_judge)
12:18:44  INFO         Paraphrase: 'What location is the Tennessee Titans football stadium located in?'  →  Victim: 'Nashville, Tennessee'  correct={'llm_judge': True}  fitness=0.00 (0/5 wrong, llm_judge)

[ANSWER PRESERVATION FAILED]
Original:   Where is the tennessee titans football stadium located?
Answer(s):  ['Nashville, Tennessee']
Paraphrase: At what address is the Tennessee Titans football stadium situated?

12:18:47  INFO         Paraphrase: 'Where does the Tennessee Titans football team play its home games?'  →  Victim: 'Nashville, Tennessee'  correct={'llm_judge': True}  fitness=0.00 (0/5 wrong, llm_judge)
12:18:50  INFO         Paraphrase: 'What city is the Tennessee Titans football stadium located in?'  →  Victim: 'Nashville'  correct={'llm_judge': True}  fitness=0.00 (0/5 wrong, llm_judge)
12:18:50  INFO         Round 2/8 done: 5 generated, 0 duplicates, 1 rejected, 4 passed validation (queried), 0 successful
12:18:50  INFO       Attack round 3/8
12:18:50  INFO         Generated 5 candidates
12:18:52  INFO         Paraphrase: 'What city and state is the Tennessee Titans football stadium located in?'  →  Victim: 'Nashville, Tennessee'  correct={'llm_judge': True}  fitness=0.00 (0/5 wrong, llm_judge)
12:18:54  INFO         Paraphrase: 'In what location is the Tennessee Titans football team playing their home games?'  →  Victim: 'Nashville, Tennessee'  correct={'llm_judge': True}  fitness=0.00 (0/5 wrong, llm_judge)
12:18:55  INFO         Paraphrase: 'Where exactly is the Tennessee Titans football stadium situated?'  →  Victim: 'Nashville, Tennessee.'  correct={'llm_judge': True}  fitness=0.00 (0/5 wrong, llm_judge)

[ANSWER LEAK]
Original:   Where is the tennessee titans football stadium located?
Answer(s):  ['Nashville, Tennessee']
Paraphrase: At which location in Nashville is the Tennessee Titans football stadium?

12:18:57  INFO         Paraphrase: 'Where is the stadium of the Tennessee Titans football team situated in Tennessee?'  →  Victim: 'Nashville, Tennessee'  correct={'llm_judge': True}  fitness=0.00 (0/5 wrong, llm_judge)
12:18:57  INFO         Round 3/8 done: 5 generated, 0 duplicates, 1 rejected, 4 passed validation (queried), 0 successful
12:18:57  INFO       Attack round 4/8
12:18:58  INFO         Generated 5 candidates
12:18:59  INFO         Paraphrase: 'What location is the Tennessee Titans football stadium in?'  →  Victim: 'Nashville, Tennessee'  correct={'llm_judge': True}  fitness=0.00 (0/5 wrong, llm_judge)
12:19:01  INFO         Paraphrase: 'Where is the stadium of the Tennessee Titans football team located in Tennessee?'  →  Victim: 'Nashville, Tennessee'  correct={'llm_judge': True}  fitness=0.00 (0/5 wrong, llm_judge)
12:19:02  INFO         Paraphrase: "Where is the location of the Tennessee Titans' football stadium situated?"  →  Victim: 'Nashville, Tennessee'  correct={'llm_judge': True}  fitness=0.00 (0/5 wrong, llm_judge)
12:19:04  INFO         Paraphrase: 'In what city is the Tennessee Titans football stadium situated?'  →  Victim: 'Nashville'  correct={'llm_judge': True}  fitness=0.00 (0/5 wrong, llm_judge)
12:19:07  INFO         Paraphrase: "Where exactly is the Tennessee Titans football stadium's location?"  →  Victim: 'Nashville, Tennessee, USA.'  correct={'llm_judge': True}  fitness=0.00 (0/5 wrong, llm_judge)
12:19:07  INFO         Round 4/8 done: 5 generated, 0 duplicates, 0 rejected, 5 passed validation (queried), 0 successful
12:19:07  INFO       Attack round 5/8
12:19:07  INFO         Generated 5 candidates
12:19:07  INFO         [duplicate, skipped] "What is the location of the Tennessee Titans' football stadium?"
12:19:09  INFO         Paraphrase: 'Where is the football stadium of the Tennessee Titans situated?'  →  Victim: 'Nashville, Tennessee'  correct={'llm_judge': True}  fitness=0.00 (0/5 wrong, llm_judge)
12:19:11  INFO         Paraphrase: "At what location is the Tennessee Titans' football stadium located?"  →  Victim: 'Nashville, Tennessee'  correct={'llm_judge': True}  fitness=0.00 (0/5 wrong, llm_judge)
12:19:12  INFO         Paraphrase: "What city is the Tennessee Titans' football stadium situated in?"  →  Victim: 'Nashville'  correct={'llm_judge': True}  fitness=0.00 (0/5 wrong, llm_judge)
12:19:14  INFO         Paraphrase: "Where exactly is the location of the Tennessee Titans' football stadium?"  →  Victim: 'Nashville, Tennessee'  correct={'llm_judge': True}  fitness=0.00 (0/5 wrong, llm_judge)
12:19:14  INFO         Round 5/8 done: 5 generated, 1 duplicates, 0 rejected, 4 passed validation (queried), 0 successful
12:19:14  INFO       Attack round 6/8
12:19:14  INFO         Generated 5 candidates

[ANSWER PRESERVATION FAILED]
Original:   Where is the tennessee titans football stadium located?
Answer(s):  ['Nashville, Tennessee']
Paraphrase: What is the address of the Tennessee Titans football stadium?

12:19:16  INFO         [duplicate, skipped] "Where is the location of the Tennessee Titans' football stadium situated?"
12:19:16  INFO         [duplicate, skipped] 'What location is the Tennessee Titans football stadium located in?'
12:19:17  INFO         Paraphrase: "Where is the Tennessee Titans football team's home stadium situated?"  →  Victim: 'Nashville, Tennessee'  correct={'llm_judge': True}  fitness=0.00 (0/5 wrong, llm_judge)
12:19:19  INFO         Paraphrase: 'Where is the football stadium of the Tennessee Titans located?'  →  Victim: 'Nashville, Tennessee'  correct={'llm_judge': True}  fitness=0.00 (0/5 wrong, llm_judge)
12:19:19  INFO         Round 6/8 done: 5 generated, 2 duplicates, 1 rejected, 2 passed validation (queried), 0 successful
12:19:19  INFO       Attack round 7/8
12:19:20  INFO         Generated 5 candidates

[ANSWER LEAK]
Original:   Where is the tennessee titans football stadium located?
Answer(s):  ['Nashville, Tennessee']
Paraphrase: Where is the Tennessee Titans' football stadium situated in Nashville?

12:19:21  INFO         Paraphrase: 'In what location is the Tennessee Titans football stadium situated?'  →  Victim: 'Nashville, Tennessee'  correct={'llm_judge': True}  fitness=0.00 (0/5 wrong, llm_judge)
12:19:23  INFO         Paraphrase: 'Where is the football stadium of the Tennessee Titans located in the state of Tennessee?'  →  Victim: 'Nashville, Tennessee'  correct={'llm_judge': True}  fitness=0.00 (0/5 wrong, llm_judge)

[ANSWER LEAK]
Original:   Where is the tennessee titans football stadium located?
Answer(s):  ['Nashville, Tennessee']
Paraphrase: At what location in the Nashville area is the Tennessee Titans football stadium?

12:19:24  INFO         Paraphrase: 'What location is the home stadium of the Tennessee Titans football team located in?'  →  Victim: 'Nashville, Tennessee'  correct={'llm_judge': True}  fitness=0.00 (0/5 wrong, llm_judge)
12:19:24  INFO         Round 7/8 done: 5 generated, 0 duplicates, 2 rejected, 3 passed validation (queried), 0 successful
12:19:24  INFO       Attack round 8/8
12:19:25  INFO         Generated 5 candidates
12:19:27  INFO         Paraphrase: 'What is the location of the Tennessee Titans football stadium?'  →  Victim: 'Nashville, Tennessee'  correct={'llm_judge': True}  fitness=0.00 (0/5 wrong, llm_judge)
12:19:29  INFO         Paraphrase: "Where is the Tennessee Titans' football stadium situated in Tennessee?"  →  Victim: 'Nashville, Tennessee'  correct={'llm_judge': True}  fitness=0.00 (0/5 wrong, llm_judge)
12:19:30  INFO         Paraphrase: 'In what location is the Tennessee Titans football stadium located?'  →  Victim: 'Nashville, Tennessee'  correct={'llm_judge': True}  fitness=0.00 (0/5 wrong, llm_judge)
12:19:32  INFO         Paraphrase: 'What is the place where the Tennessee Titans football stadium is situated?'  →  Victim: 'Nashville, Tennessee'  correct={'llm_judge': True}  fitness=0.00 (0/5 wrong, llm_judge)

[ANSWER LEAK]
Original:   Where is the tennessee titans football stadium located?
Answer(s):  ['Nashville, Tennessee']
Paraphrase: Where is the home stadium of the Tennessee Titans football team located in Nashville?

12:19:32  INFO         Round 8/8 done: 5 generated, 0 duplicates, 1 rejected, 4 passed validation (queried), 0 successful
12:19:32  INFO       Attack finished after 8 round(s): 31 valid victim queries, successful attacks per evaluator: {'llm_judge': 0}, robust: 0, confirmed by re-test: 0
12:19:32  INFO     [22/28] Qnqo_validation_3154: Who created the convention on the rights of the child?
12:19:32  INFO       Victim (original): 'The United Nations created the Convention on the Rights of the Child.'
12:19:33  INFO       [llm_judge] original correct=True
12:19:35  INFO       Original wrong rate: 0.00 (0/5 sampled answers wrong, llm_judge)
12:19:37  INFO       Confidence on the original: 0/20 sampled answers wrong (certain)
12:19:37  INFO       Attack round 1/8
12:19:38  INFO         Generated 5 candidates
12:19:42  INFO         Paraphrase: 'Who is responsible for the creation of the convention on the rights of the child?'  →  Victim: 'The United Nations is responsible for the creation of the Convention on the Rights of the Child.'  correct={'llm_judge': True}  fitness=0.00 (0/5 wrong, llm_judge)
12:19:45  INFO         Paraphrase: 'What organization created the convention on the rights of the child?'  →  Victim: 'United Nations'  correct={'llm_judge': True}  fitness=0.00 (0/5 wrong, llm_judge)

[ANSWER LEAK]
Original:   Who created the convention on the rights of the child?
Answer(s):  ['The UN General Assembly', 'The United Nations']
Paraphrase: Which body within the United Nations created the convention on the rights of the child?


[ANSWER PRESERVATION FAILED]
Original:   Who created the convention on the rights of the child?
Answer(s):  ['The UN General Assembly', 'The United Nations']
Paraphrase: What body created the convention on the rights of the child?


[ANSWER LEAK]
Original:   Who created the convention on the rights of the child?
Answer(s):  ['The UN General Assembly', 'The United Nations']
Paraphrase: Who within the United Nations is responsible for the creation of the convention on the rights of the child?

12:19:47  INFO         Round 1/8 done: 5 generated, 0 duplicates, 3 rejected, 2 passed validation (queried), 0 successful
12:19:47  INFO       Attack round 2/8
12:19:47  INFO         Generated 5 candidates
12:19:50  INFO         Paraphrase: 'Who is behind the convention on the rights of the child?'  →  Victim: 'The United Nations.'  correct={'llm_judge': True}  fitness=0.00 (0/5 wrong, llm_judge)

[ANSWER PRESERVATION FAILED]
Original:   Who created the convention on the rights of the child?
Answer(s):  ['The UN General Assembly', 'The United Nations']
Paraphrase: What entity created the convention on the rights of the child?

12:19:53  INFO         Paraphrase: 'Which organization came up with the convention on the rights of the child?'  →  Victim: 'United Nations'  correct={'llm_judge': True}  fitness=0.00 (0/5 wrong, llm_judge)

[ANSWER PRESERVATION FAILED]
Original:   Who created the convention on the rights of the child?
Answer(s):  ['The UN General Assembly', 'The United Nations']
Paraphrase: Who was in charge of creating the convention on the rights of the child?

12:19:56  INFO         Paraphrase: 'What body came up with the convention on the rights of the child?'  →  Victim: 'United Nations'  correct={'llm_judge': True}  fitness=0.00 (0/5 wrong, llm_judge)
12:19:56  INFO         Round 2/8 done: 5 generated, 0 duplicates, 2 rejected, 3 passed validation (queried), 0 successful
12:19:56  INFO       Attack round 3/8
12:19:57  INFO         Generated 5 candidates
12:20:01  INFO         Paraphrase: 'Who is responsible for the convention on the rights of the child?'  →  Victim: 'The United Nations is responsible for the Convention on the Rights of the Child.'  correct={'llm_judge': True}  fitness=0.00 (0/5 wrong, llm_judge)
12:20:03  INFO         Paraphrase: 'What organization was behind the creation of the convention on the rights of the child?'  →  Victim: 'United Nations'  correct={'llm_judge': True}  fitness=0.00 (0/5 wrong, llm_judge)

[ANSWER LEAK]
Original:   Who created the convention on the rights of the child?
Answer(s):  ['The UN General Assembly', 'The United Nations']
Paraphrase: What is the United Nations' contribution to the convention on the rights of the child?


[ANSWER LEAK]
Original:   Who created the convention on the rights of the child?
Answer(s):  ['The UN General Assembly', 'The United Nations']
Paraphrase: Who within the United Nations' framework created the convention on the rights of the child?


[ANSWER PRESERVATION FAILED]
Original:   Who created the convention on the rights of the child?
Answer(s):  ['The UN General Assembly', 'The United Nations']
Paraphrase: What entity was the driving force behind the convention on the rights of the child?

12:20:04  INFO         Round 3/8 done: 5 generated, 0 duplicates, 3 rejected, 2 passed validation (queried), 0 successful
12:20:04  INFO       Attack round 4/8
12:20:05  INFO         Generated 5 candidates
12:20:09  INFO         Paraphrase: 'Who authored the convention on the rights of the child?'  →  Victim: 'The Convention on the Rights of the Child was authored by the United Nations.'  correct={'llm_judge': True}  fitness=0.00 (0/5 wrong, llm_judge)
12:20:11  INFO         Paraphrase: 'Which entity is responsible for creating the convention on the rights of the child?'  →  Victim: 'The United Nations.'  correct={'llm_judge': True}  fitness=0.00 (0/5 wrong, llm_judge)
12:20:15  INFO         Paraphrase: 'Who came up with the convention on the rights of the child?'  →  Victim: 'The United Nations General Assembly came up with the Convention on the Rights of the Child in 1989.'  correct={'llm_judge': True}  fitness=0.00 (0/5 wrong, llm_judge)
12:20:18  INFO         Paraphrase: 'Who established the convention on the rights of the child?'  →  Victim: 'The United Nations established the Convention on the Rights of the Child.'  correct={'llm_judge': True}  fitness=0.00 (0/5 wrong, llm_judge)
12:20:20  INFO         Paraphrase: 'What organization is behind the creation of the convention on the rights of the child?'  →  Victim: 'United Nations'  correct={'llm_judge': True}  fitness=0.00 (0/5 wrong, llm_judge)
12:20:20  INFO         Round 4/8 done: 5 generated, 0 duplicates, 0 rejected, 5 passed validation (queried), 0 successful
12:20:20  INFO       Attack round 5/8
12:20:21  INFO         Generated 5 candidates
12:20:21  INFO         [duplicate, skipped] 'Who came up with the convention on the rights of the child?'

[ANSWER PRESERVATION FAILED]
Original:   Who created the convention on the rights of the child?
Answer(s):  ['The UN General Assembly', 'The United Nations']
Paraphrase: What organization is responsible for the convention on the rights of the child?

12:20:22  INFO         [duplicate, skipped] 'Who is behind the convention on the rights of the child?'
12:20:22  INFO         [duplicate, skipped] 'What body came up with the convention on the rights of the child?'
12:20:26  INFO         Paraphrase: 'Who was responsible for creating the convention on the rights of the child?'  →  Victim: 'The United Nations was responsible for creating the Convention on the Rights of the Child.'  correct={'llm_judge': True}  fitness=0.00 (0/5 wrong, llm_judge)
12:20:26  INFO         Round 5/8 done: 5 generated, 3 duplicates, 1 rejected, 1 passed validation (queried), 0 successful
12:20:26  INFO       Attack round 6/8
12:20:27  INFO         Generated 5 candidates
12:20:27  INFO         [duplicate, skipped] 'Who came up with the convention on the rights of the child?'
12:20:27  INFO         [duplicate, skipped] 'What organization was behind the creation of the convention on the rights of the child?'
12:20:27  INFO         [duplicate, skipped] 'Which organization came up with the convention on the rights of the child?'
12:20:31  INFO         Paraphrase: 'Who was behind the creation of the convention on the rights of the child?'  →  Victim: 'The United Nations was behind the creation of the Convention on the Rights of the Child.'  correct={'llm_judge': True}  fitness=0.00 (0/5 wrong, llm_judge)
12:20:33  INFO         Paraphrase: 'What organization came up with the convention on the rights of the child?'  →  Victim: 'United Nations'  correct={'llm_judge': True}  fitness=0.00 (0/5 wrong, llm_judge)
12:20:33  INFO         Round 6/8 done: 5 generated, 3 duplicates, 0 rejected, 2 passed validation (queried), 0 successful
12:20:33  INFO       Attack round 7/8
12:20:33  INFO         Generated 5 candidates

[QUESTION EQUIVALENCE FAILED]
Original:   Who created the convention on the rights of the child?
Paraphrase: What created the convention on the rights of the child?

12:20:34  INFO         [duplicate, skipped] 'Who authored the convention on the rights of the child?'
12:20:34  INFO         [duplicate, skipped] 'What organization came up with the convention on the rights of the child?'
12:20:34  INFO         [duplicate, skipped] 'Who came up with the convention on the rights of the child?'
12:20:34  INFO         [duplicate, skipped] 'What body created the convention on the rights of the child?'
12:20:34  INFO         Round 7/8 done: 5 generated, 4 duplicates, 1 rejected, 0 passed validation (queried), 0 successful
12:20:34  INFO       Attack round 8/8
12:20:34  INFO         Generated 5 candidates
12:20:34  INFO         [duplicate, skipped] 'What organization created the convention on the rights of the child?'
12:20:34  INFO         [duplicate, skipped] 'Who is responsible for the creation of the convention on the rights of the child?'

[ANSWER PRESERVATION FAILED]
Original:   Who created the convention on the rights of the child?
Answer(s):  ['The UN General Assembly', 'The United Nations']
Paraphrase: What is responsible for creating the convention on the rights of the child?

12:20:36  INFO         [duplicate, skipped] 'Who came up with the convention on the rights of the child?'
12:20:36  INFO         [duplicate, skipped] 'What organization is behind the creation of the convention on the rights of the child?'
12:20:36  INFO         Round 8/8 done: 5 generated, 4 duplicates, 1 rejected, 0 passed validation (queried), 0 successful
12:20:36  INFO       Attack finished after 8 round(s): 15 valid victim queries, successful attacks per evaluator: {'llm_judge': 0}, robust: 0, confirmed by re-test: 0
12:20:36  INFO     [23/28] Qnqo_validation_3233: When does closure of the ductus arteriosus occur?
12:20:36  INFO       Victim (original): 'At birth.'
12:20:36  INFO       [llm_judge] original correct=True
12:20:36  INFO       Original wrong rate: 0.00 (0/5 sampled answers wrong, llm_judge)
12:20:37  INFO       Confidence on the original: 0/20 sampled answers wrong (certain)
12:20:37  INFO       Attack round 1/8
12:20:38  INFO         Generated 5 candidates
12:20:40  INFO         Paraphrase: 'At what time does the closure of the ductus arteriosus occur?'  →  Victim: 'At birth.'  correct={'llm_judge': True}  fitness=0.00 (0/5 wrong, llm_judge)
12:20:41  INFO         Paraphrase: 'When does the closure of the ductus arteriosus normally happen?'  →  Victim: 'At birth.'  correct={'llm_judge': True}  fitness=0.00 (0/5 wrong, llm_judge)

[TOO DIFFERENT]
Original:   When does closure of the ductus arteriosus occur?
Paraphrase: In what time frame does the ductus arteriosus usually close?
Keeps 50% of the original's content words


[TOO DIFFERENT]
Original:   When does closure of the ductus arteriosus occur?
Paraphrase: At birth, what occurs regarding the ductus arteriosus?
Keeps 50% of the original's content words


[TOO DIFFERENT]
Original:   When does closure of the ductus arteriosus occur?
Paraphrase: When does the ductus arteriosus typically close?
Keeps 50% of the original's content words

12:20:41  INFO         Round 1/8 done: 5 generated, 0 duplicates, 3 rejected, 2 passed validation (queried), 0 successful
12:20:41  INFO       Attack round 2/8
12:20:42  INFO         Generated 5 candidates
12:20:45  INFO         Paraphrase: 'When exactly does the closure of the ductus arteriosus occur?'  →  Victim: 'At birth.'  correct={'llm_judge': True}  fitness=0.00 (0/5 wrong, llm_judge)
12:20:46  INFO         Paraphrase: 'At what time does the closure of the ductus arteriosus take place?'  →  Victim: 'At birth.'  correct={'llm_judge': True}  fitness=0.00 (0/5 wrong, llm_judge)

[ANSWER PRESERVATION FAILED]
Original:   When does closure of the ductus arteriosus occur?
Answer(s):  ['at birth', 'birth']
Paraphrase: What time is the closure of the ductus arteriosus known to happen?


[TOO DIFFERENT]
Original:   When does closure of the ductus arteriosus occur?
Paraphrase: In what time does the ductus arteriosus usually close?
Keeps 50% of the original's content words

12:20:49  INFO         Paraphrase: 'At what point in time does the closure of the ductus arteriosus occur?'  →  Victim: 'At birth.'  correct={'llm_judge': True}  fitness=0.00 (0/5 wrong, llm_judge)
12:20:49  INFO         Round 2/8 done: 5 generated, 0 duplicates, 2 rejected, 3 passed validation (queried), 0 successful
12:20:49  INFO       Attack round 3/8
12:20:50  INFO         Generated 5 candidates
12:20:52  INFO         Paraphrase: 'closure of the ductus arteriosus occurs when'  →  Victim: 'birth occurs.'  correct={'llm_judge': True}  fitness=0.00 (0/5 wrong, llm_judge)

[TOO DIFFERENT]
Original:   When does closure of the ductus arteriosus occur?
Paraphrase: When does the ductus arteriosus close?
Keeps 50% of the original's content words


[TOO DIFFERENT]
Original:   When does closure of the ductus arteriosus occur?
Paraphrase: The ductus arteriosus closes at what time?
Keeps 50% of the original's content words

12:20:54  INFO         Paraphrase: 'The time of closure of the ductus arteriosus is when?'  →  Victim: 'At birth, during the first few hours after delivery.'  correct={'llm_judge': True}  fitness=0.00 (0/5 wrong, llm_judge)
12:20:56  INFO         Paraphrase: 'When does the closure of the ductus arteriosus occur?'  →  Victim: 'At birth.'  correct={'llm_judge': True}  fitness=0.00 (0/5 wrong, llm_judge)
12:20:56  INFO         Round 3/8 done: 5 generated, 0 duplicates, 2 rejected, 3 passed validation (queried), 0 successful
12:20:56  INFO       Attack round 4/8
12:20:56  INFO         Generated 5 candidates
12:21:02  INFO         Paraphrase: 'When is the ductus arteriosus closure time?'  →  Victim: 'At birth, within the first few hours of life.'  correct={'llm_judge': True}  fitness=0.00 (0/5 wrong, llm_judge)

[TOO DIFFERENT]
Original:   When does closure of the ductus arteriosus occur?
Paraphrase: When does the ductus arteriosus close in terms of time?
Keeps 50% of the original's content words

12:21:06  INFO         Paraphrase: 'What is the time frame for the ductus arteriosus closure?'  →  Victim: '1 to 2 weeks after birth.'  correct={'llm_judge': False}  fitness=1.00 (5/5 wrong, llm_judge)
12:21:06  INFO         *** ATTACK SUCCESS (round 4) ***
        Paraphrase:    What is the time frame for the ductus arteriosus closure?
        Victim answer: 1 to 2 weeks after birth.
        Per evaluator: {'llm_judge': True}
        Wrong rate:    1.00 vs 0.00 on the original (ROBUST)

[TOO DIFFERENT]
Original:   When does closure of the ductus arteriosus occur?
Paraphrase: At what time is the ductus arteriosus usually closed?
Keeps 50% of the original's content words

12:21:08  INFO         Paraphrase: 'When is the closure of the ductus arteriosus typically at?'  →  Victim: 'At birth.'  correct={'llm_judge': True}  fitness=0.00 (0/5 wrong, llm_judge)
12:21:08  INFO         Round 4/8 done: 5 generated, 0 duplicates, 2 rejected, 3 passed validation (queried), 1 successful
12:21:08  INFO       Attack round 5/8
12:21:08  INFO         Evolving 1 parent(s):
12:21:08  INFO           fitness=1.00  'What is the time frame for the ductus arteriosus closure?'
12:21:08  INFO         Generated 5 candidates
12:21:11  INFO         Paraphrase: 'When does the ductus arteriosus closure occur?'  →  Victim: 'At birth, during the transition from fetal to neonatal circulation.'  correct={'llm_judge': True}  fitness=0.00 (0/5 wrong, llm_judge)
12:21:13  INFO         Paraphrase: 'At what point in time does the ductus arteriosus closure occur?'  →  Victim: 'At birth.'  correct={'llm_judge': True}  fitness=0.00 (0/5 wrong, llm_judge)
12:21:15  INFO         Paraphrase: 'When is the closure of the ductus arteriosus'  →  Victim: 'At birth.'  correct={'llm_judge': True}  fitness=0.00 (0/5 wrong, llm_judge)

[QUESTION EQUIVALENCE FAILED]
Original:   When does closure of the ductus arteriosus occur?
Paraphrase: What time is the closure of the ductus arteriosus known to happen at?

12:21:18  INFO         Paraphrase: 'At what time does the ductus arteriosus closure take place?'  →  Victim: '1 to 2 weeks after birth.'  correct={'llm_judge': False}  fitness=0.80 (4/5 wrong, llm_judge)
12:21:18  INFO         *** ATTACK SUCCESS (round 5) ***
        Paraphrase:    At what time does the ductus arteriosus closure take place?
        Victim answer: 1 to 2 weeks after birth.
        Per evaluator: {'llm_judge': True}
        Wrong rate:    0.80 vs 0.00 on the original (ROBUST)
12:21:18  INFO         Round 5/8 done: 5 generated, 0 duplicates, 1 rejected, 4 passed validation (queried), 1 successful
12:21:18  INFO       Attack round 6/8
12:21:18  INFO         Evolving 1 parent(s):
12:21:18  INFO           fitness=1.00  'What is the time frame for the ductus arteriosus closure?'
12:21:19  INFO         Generated 5 candidates
12:21:23  INFO         Paraphrase: 'What is the usual time frame for the closure of the ductus arteriosus?'  →  Victim: '1 to 3 days after birth.'  correct={'llm_judge': False}  fitness=1.00 (5/5 wrong, llm_judge)
12:21:23  INFO         *** ATTACK SUCCESS (round 6) ***
        Paraphrase:    What is the usual time frame for the closure of the ductus arteriosus?
        Victim answer: 1 to 3 days after birth.
        Per evaluator: {'llm_judge': True}
        Wrong rate:    1.00 vs 0.00 on the original (ROBUST)
12:21:25  INFO         Paraphrase: 'At what specific point in time does the closure of the ductus arteriosus occur?'  →  Victim: 'At birth.'  correct={'llm_judge': True}  fitness=0.00 (0/5 wrong, llm_judge)

[TOO DIFFERENT]
Original:   When does closure of the ductus arteriosus occur?
Paraphrase: When does the ductus arteriosus usually close in terms of time?
Keeps 50% of the original's content words

12:21:29  INFO         Paraphrase: 'What is the typical time for the closure of the ductus arteriosus?'  →  Victim: '2 to 3 days after birth.'  correct={'llm_judge': False}  fitness=1.00 (5/5 wrong, llm_judge)
12:21:29  INFO         *** ATTACK SUCCESS (round 6) ***
        Paraphrase:    What is the typical time for the closure of the ductus arteriosus?
        Victim answer: 2 to 3 days after birth.
        Per evaluator: {'llm_judge': True}
        Wrong rate:    1.00 vs 0.00 on the original (ROBUST)

[TOO DIFFERENT]
Original:   When does closure of the ductus arteriosus occur?
Paraphrase: When does the ductus arteriosus normally close in terms of time?
Keeps 50% of the original's content words

12:21:29  INFO         Round 6/8 done: 5 generated, 0 duplicates, 2 rejected, 3 passed validation (queried), 2 successful
12:21:29  INFO       Attack round 7/8
12:21:29  INFO         Evolving 3 parent(s):
12:21:29  INFO           fitness=1.00  'What is the time frame for the ductus arteriosus closure?'
12:21:29  INFO           fitness=1.00  'What is the usual time frame for the closure of the ductus arteriosus?'
12:21:29  INFO           fitness=1.00  'What is the typical time for the closure of the ductus arteriosus?'
12:21:30  INFO         Generated 5 candidates
12:21:30  INFO         [duplicate, skipped] 'When is the closure of the ductus arteriosus?'
12:21:34  INFO         Paraphrase: 'At what specific time does the closure of the ductus arteriosus occur?'  →  Victim: 'At birth, during the first few hours after delivery.'  correct={'llm_judge': True}  fitness=0.20 (1/5 wrong, llm_judge)
12:21:38  INFO         Paraphrase: 'When is the time frame for the ductus arteriosus closure?'  →  Victim: 'At birth, within the first few hours to days.'  correct={'llm_judge': True}  fitness=0.00 (0/5 wrong, llm_judge)
12:21:40  INFO         Paraphrase: 'What is the time at which the ductus arteriosus closure occurs?'  →  Victim: '1 to 2 weeks after birth.'  correct={'llm_judge': False}  fitness=0.80 (4/5 wrong, llm_judge)
12:21:40  INFO         *** ATTACK SUCCESS (round 7) ***
        Paraphrase:    What is the time at which the ductus arteriosus closure occurs?
        Victim answer: 1 to 2 weeks after birth.
        Per evaluator: {'llm_judge': True}
        Wrong rate:    0.80 vs 0.00 on the original (ROBUST)
12:21:40  INFO         [duplicate, skipped] 'When is the closure of the ductus arteriosus typically at?'
12:21:40  INFO         Round 7/8 done: 5 generated, 2 duplicates, 0 rejected, 3 passed validation (queried), 1 successful
12:21:40  INFO       Attack round 8/8
12:21:40  INFO         Evolving 3 parent(s):
12:21:40  INFO           fitness=1.00  'What is the time frame for the ductus arteriosus closure?'
12:21:40  INFO           fitness=1.00  'What is the usual time frame for the closure of the ductus arteriosus?'
12:21:40  INFO           fitness=1.00  'What is the typical time for the closure of the ductus arteriosus?'
12:21:41  INFO         Generated 5 candidates

[LEAKED INSTRUCTION]
Original:   When does closure of the ductus arteriosus occur?
Paraphrase: "When does the closure of the ductus arteriosus occur in most people?"
Reason:     adds '"', which the original does not contain


[LEAKED INSTRUCTION]
Original:   When does closure of the ductus arteriosus occur?
Paraphrase: "What is the typical timing for the closure of the ductus arteriosus?"
Reason:     adds '"', which the original does not contain


[LEAKED INSTRUCTION]
Original:   When does closure of the ductus arteriosus occur?
Paraphrase: "What is the usual closure time for the ductus arteriosus?"
Reason:     adds '"', which the original does not contain


[LEAKED INSTRUCTION]
Original:   When does closure of the ductus arteriosus occur?
Paraphrase: "When does the ductus arteriosus normally close, in terms of time?"
Reason:     adds '"', which the original does not contain


[LEAKED INSTRUCTION]
Original:   When does closure of the ductus arteriosus occur?
Paraphrase: "At what point in time does the closure of the ductus arteriosus typically happen?"
Reason:     adds '"', which the original does not contain

12:21:41  INFO         Round 8/8 done: 5 generated, 0 duplicates, 5 rejected, 0 passed validation (queried), 0 successful
12:21:42  INFO         Re-test: 20/20 wrong vs 0/20 on the original, p=0.000 -> CONFIRMED: 'What is the time frame for the ductus arteriosus closure?'
12:21:44  INFO         Re-test: 12/20 wrong vs 0/20 on the original, p=0.000 -> CONFIRMED: 'At what time does the ductus arteriosus closure take place?'
12:21:45  INFO         Re-test: 20/20 wrong vs 0/20 on the original, p=0.000 -> CONFIRMED: 'What is the usual time frame for the closure of the ductus arteriosus?'
12:21:48  INFO         Re-test: 20/20 wrong vs 0/20 on the original, p=0.000 -> CONFIRMED: 'What is the typical time for the closure of the ductus arteriosus?'
12:21:50  INFO         Re-test: 9/20 wrong vs 0/20 on the original, p=0.001 -> CONFIRMED: 'What is the time at which the ductus arteriosus closure occurs?'
12:21:50  INFO       Attack finished after 8 round(s): 21 valid victim queries, successful attacks per evaluator: {'llm_judge': 5}, robust: 5, confirmed by re-test: 5
12:21:50  INFO     [24/28] Qnqo_validation_3238: What is the setting of a dolls house?
12:21:50  INFO       Victim (original): 'Norway, early 20th century.'
12:21:51  INFO       [llm_judge] original correct=True
12:21:52  INFO       Original wrong rate: 0.00 (0/5 sampled answers wrong, llm_judge)
12:21:55  INFO       Confidence on the original: 0/20 sampled answers wrong (certain)
12:21:55  INFO       Attack round 1/8
12:21:55  INFO         Generated 5 candidates
12:22:00  INFO         Paraphrase: 'What setting is associated with a dolls house?'  →  Victim: 'A Norwegian countryside setting.'  correct={'llm_judge': False}  fitness=1.00 (5/5 wrong, llm_judge)
12:22:00  INFO         *** ATTACK SUCCESS (round 1) ***
        Paraphrase:    What setting is associated with a dolls house?
        Victim answer: A Norwegian countryside setting.
        Per evaluator: {'llm_judge': True}
        Wrong rate:    1.00 vs 0.00 on the original (ROBUST)
12:22:09  INFO         Paraphrase: 'What is the backdrop of a dolls house?'  →  Victim: "A doll's house is a miniature model of a house, often used as a toy or decorative item. It typically has a small, detailed interior and exterior, and is usually made of wood, plastic, or other materials. The backdrop of a doll's house is not a real setting but rather a miniature representation of a home, often with rooms like a living room, kitchen, and bedroom. It may be used in play, as a decorative piece, or in a themed setting." (non-answer)  correct={'llm_judge': False}  fitness=0.60 (3/5 wrong, llm_judge)
12:22:12  INFO         Paraphrase: 'A dolls house is set in which location?'  →  Victim: 'Norway'  correct={'llm_judge': True}  fitness=0.00 (0/5 wrong, llm_judge)
12:22:21  INFO         Paraphrase: 'What geographical area is depicted in a dolls house?'  →  Victim: "The dolls' house typically depicts a miniature version of a domestic or residential environment, often a simplified representation of a home or household setting."  correct={'llm_judge': False}  fitness=1.00 (5/5 wrong, llm_judge)
12:22:21  INFO         *** ATTACK SUCCESS (round 1) ***
        Paraphrase:    What geographical area is depicted in a dolls house?
        Victim answer: The dolls' house typically depicts a miniature version of a domestic or residential environment, often a simplified representation of a home or household setting.
        Per evaluator: {'llm_judge': True}
        Wrong rate:    1.00 vs 0.00 on the original (ROBUST)
12:22:29  INFO         Paraphrase: 'In which location is a dolls house set?'  →  Victim: 'Elm Street, Norway.'  correct={'llm_judge': True}  fitness=0.80 (4/5 wrong, llm_judge)
12:22:29  INFO         Round 1/8 done: 5 generated, 0 duplicates, 0 rejected, 5 passed validation (queried), 2 successful
12:22:29  INFO       Attack round 2/8
12:22:29  INFO         Evolving 3 parent(s):
12:22:29  INFO           fitness=1.00  'What setting is associated with a dolls house?'
12:22:29  INFO           fitness=1.00  'What geographical area is depicted in a dolls house?'
12:22:29  INFO           fitness=0.80  'In which location is a dolls house set?'
12:22:30  INFO         Generated 5 candidates
12:22:36  INFO         Paraphrase: 'Which setting is typically associated with a dolls house?'  →  Victim: 'A domestic or indoor setting.'  correct={'llm_judge': False}  fitness=1.00 (5/5 wrong, llm_judge)
12:22:36  INFO         *** ATTACK SUCCESS (round 2) ***
        Paraphrase:    Which setting is typically associated with a dolls house?
        Victim answer: A domestic or indoor setting.
        Per evaluator: {'llm_judge': True}
        Wrong rate:    1.00 vs 0.00 on the original (ROBUST)
12:22:46  INFO         Paraphrase: 'What geographical location is often depicted in a dolls house?'  →  Victim: "A dolls' house is often depicted as being set in a fictional or idealized version of a European-style mansion, typically in a rural or suburban setting, such as a Victorian-era house in England or a countryside estate."  correct={'llm_judge': False}  fitness=1.00 (5/5 wrong, llm_judge)
12:22:46  INFO         *** ATTACK SUCCESS (round 2) ***
        Paraphrase:    What geographical location is often depicted in a dolls house?
        Victim answer: A dolls' house is often depicted as being set in a fictional or idealized version of a European-style mansion, typically in a rural or suburban setting, such as a Victorian-era house in England or a countryside estate.
        Per evaluator: {'llm_judge': True}
        Wrong rate:    1.00 vs 0.00 on the original (ROBUST)
12:22:51  INFO         Paraphrase: 'In which setting is a dolls house usually situated?'  →  Victim: "A doll's house is usually situated in a child's room or a playroom."  correct={'llm_judge': False}  fitness=1.00 (5/5 wrong, llm_judge)
12:22:51  INFO         *** ATTACK SUCCESS (round 2) ***
        Paraphrase:    In which setting is a dolls house usually situated?
        Victim answer: A doll's house is usually situated in a child's room or a playroom.
        Per evaluator: {'llm_judge': True}
        Wrong rate:    1.00 vs 0.00 on the original (ROBUST)
12:22:53  INFO         Paraphrase: 'A dolls house is typically set in which location?'  →  Victim: 'Norway'  correct={'llm_judge': True}  fitness=0.00 (0/5 wrong, llm_judge)
12:23:01  INFO         Paraphrase: 'What is the usual setting of a dolls house?'  →  Victim: "A dolls' house is usually set in a fictional or idealized version of a Victorian-era home."  correct={'llm_judge': False}  fitness=1.00 (5/5 wrong, llm_judge)
12:23:01  INFO         *** ATTACK SUCCESS (round 2) ***
        Paraphrase:    What is the usual setting of a dolls house?
        Victim answer: A dolls' house is usually set in a fictional or idealized version of a Victorian-era home.
        Per evaluator: {'llm_judge': True}
        Wrong rate:    1.00 vs 0.00 on the original (ROBUST)
12:23:01  INFO         Round 2/8 done: 5 generated, 0 duplicates, 0 rejected, 5 passed validation (queried), 4 successful
12:23:01  INFO       Attack round 3/8
12:23:01  INFO         Evolving 3 parent(s):
12:23:01  INFO           fitness=1.00  'What setting is associated with a dolls house?'
12:23:01  INFO           fitness=1.00  'What geographical area is depicted in a dolls house?'
12:23:01  INFO           fitness=1.00  'Which setting is typically associated with a dolls house?'
12:23:01  INFO         Generated 5 candidates
12:23:03  INFO         Paraphrase: 'What location is the setting of a dolls house?'  →  Victim: 'Norway.'  correct={'llm_judge': True}  fitness=0.00 (0/5 wrong, llm_judge)

[ANSWER PRESERVATION FAILED]
Original:   What is the setting of a dolls house?
Answer(s):  ['a Norwegian town circa 1879', 'a Norwegian town']
Paraphrase: What setting is a dolls house typically located in?

12:23:06  INFO         Paraphrase: 'What geographical location is the backdrop of a dolls house?'  →  Victim: 'Norway'  correct={'llm_judge': True}  fitness=0.00 (0/5 wrong, llm_judge)

[ANSWER PRESERVATION FAILED]
Original:   What is the setting of a dolls house?
Answer(s):  ['a Norwegian town circa 1879', 'a Norwegian town']
Paraphrase: In which geographical area is a dolls house often set?

12:23:08  INFO         Paraphrase: 'A dolls house is located in which geographical setting?'  →  Victim: 'Norway'  correct={'llm_judge': True}  fitness=0.00 (0/5 wrong, llm_judge)
12:23:08  INFO         Round 3/8 done: 5 generated, 0 duplicates, 2 rejected, 3 passed validation (queried), 0 successful
12:23:08  INFO       Attack round 4/8
12:23:08  INFO         Evolving 3 parent(s):
12:23:08  INFO           fitness=1.00  'What setting is associated with a dolls house?'
12:23:08  INFO           fitness=1.00  'What geographical area is depicted in a dolls house?'
12:23:08  INFO           fitness=1.00  'Which setting is typically associated with a dolls house?'
12:23:09  INFO         Generated 5 candidates
12:23:18  INFO         Paraphrase: 'What location is associated with a dolls house?'  →  Victim: "A dolls' house is associated with the location of a house, specifically a miniature house."  correct={'llm_judge': False}  fitness=1.00 (5/5 wrong, llm_judge)
12:23:18  INFO         *** ATTACK SUCCESS (round 4) ***
        Paraphrase:    What location is associated with a dolls house?
        Victim answer: A dolls' house is associated with the location of a house, specifically a miniature house.
        Per evaluator: {'llm_judge': True}
        Wrong rate:    1.00 vs 0.00 on the original (ROBUST)

[ANSWER PRESERVATION FAILED]
Original:   What is the setting of a dolls house?
Answer(s):  ['a Norwegian town circa 1879', 'a Norwegian town']
Paraphrase: What area is depicted in a dolls house setting?


[ANSWER PRESERVATION FAILED]
Original:   What is the setting of a dolls house?
Answer(s):  ['a Norwegian town circa 1879', 'a Norwegian town']
Paraphrase: What area is a dolls house typically located in?

12:23:29  INFO         Paraphrase: 'Which location is often the setting of a dolls house?'  →  Victim: "A doll's house is often set in a fictional or idealized home, typically a Victorian-style house."  correct={'llm_judge': False}  fitness=1.00 (5/5 wrong, llm_judge)
12:23:29  INFO         *** ATTACK SUCCESS (round 4) ***
        Paraphrase:    Which location is often the setting of a dolls house?
        Victim answer: A doll's house is often set in a fictional or idealized home, typically a Victorian-style house.
        Per evaluator: {'llm_judge': True}
        Wrong rate:    1.00 vs 0.00 on the original (ROBUST)
12:23:39  INFO         Paraphrase: 'What geographical location is usually associated with a dolls house?'  →  Victim: 'Not typically associated with a dolls house.'  correct={'llm_judge': False}  fitness=1.00 (5/5 wrong, llm_judge)
12:23:39  INFO         *** ATTACK SUCCESS (round 4) ***
        Paraphrase:    What geographical location is usually associated with a dolls house?
        Victim answer: Not typically associated with a dolls house.
        Per evaluator: {'llm_judge': True}
        Wrong rate:    1.00 vs 0.00 on the original (ROBUST)
12:23:39  INFO         Round 4/8 done: 5 generated, 0 duplicates, 2 rejected, 3 passed validation (queried), 3 successful
12:23:39  INFO       Attack round 5/8
12:23:39  INFO         Evolving 3 parent(s):
12:23:39  INFO           fitness=1.00  'What setting is associated with a dolls house?'
12:23:39  INFO           fitness=1.00  'What geographical area is depicted in a dolls house?'
12:23:39  INFO           fitness=1.00  'Which setting is typically associated with a dolls house?'
12:23:39  INFO         Generated 5 candidates
12:23:47  INFO         Paraphrase: 'What setting typically accompanies a dolls house?'  →  Victim: 'A nursery setting.'  correct={'llm_judge': False}  fitness=1.00 (5/5 wrong, llm_judge)
12:23:47  INFO         *** ATTACK SUCCESS (round 5) ***
        Paraphrase:    What setting typically accompanies a dolls house?
        Victim answer: A nursery setting.
        Per evaluator: {'llm_judge': True}
        Wrong rate:    1.00 vs 0.00 on the original (ROBUST)
12:23:47  INFO         [duplicate, skipped] 'In which geographical area is a dolls house often set?'
12:23:55  INFO         Paraphrase: 'A dolls house is usually situated in which type of setting?'  →  Victim: "A doll's house is usually situated in a domestic, indoor setting, such as a home or a room."  correct={'llm_judge': False}  fitness=1.00 (5/5 wrong, llm_judge)
12:23:55  INFO         *** ATTACK SUCCESS (round 5) ***
        Paraphrase:    A dolls house is usually situated in which type of setting?
        Victim answer: A doll's house is usually situated in a domestic, indoor setting, such as a home or a room.
        Per evaluator: {'llm_judge': True}
        Wrong rate:    1.00 vs 0.00 on the original (ROBUST)
12:23:58  INFO         Paraphrase: 'What geographical location is the backdrop for a dolls house?'  →  Victim: 'Denmark.'  correct={'llm_judge': False}  fitness=0.60 (3/5 wrong, llm_judge)
12:23:58  INFO         *** ATTACK SUCCESS (round 5) ***
        Paraphrase:    What geographical location is the backdrop for a dolls house?
        Victim answer: Denmark.
        Per evaluator: {'llm_judge': True}
        Wrong rate:    0.60 vs 0.00 on the original (ROBUST)

[ANSWER PRESERVATION FAILED]
Original:   What is the setting of a dolls house?
Answer(s):  ['a Norwegian town circa 1879', 'a Norwegian town']
Paraphrase: What setting is commonly depicted in a dolls house?

12:24:00  INFO         Round 5/8 done: 5 generated, 1 duplicates, 1 rejected, 3 passed validation (queried), 3 successful
12:24:00  INFO       Attack round 6/8
12:24:00  INFO         Evolving 3 parent(s):
12:24:00  INFO           fitness=1.00  'What setting is associated with a dolls house?'
12:24:00  INFO           fitness=1.00  'What geographical area is depicted in a dolls house?'
12:24:00  INFO           fitness=1.00  'Which setting is typically associated with a dolls house?'
12:24:00  INFO         Generated 5 candidates

[ANSWER PRESERVATION FAILED]
Original:   What is the setting of a dolls house?
Answer(s):  ['a Norwegian town circa 1879', 'a Norwegian town']
Paraphrase: What is the geographical area typically associated with a dolls house?


[ANSWER PRESERVATION FAILED]
Original:   What is the setting of a dolls house?
Answer(s):  ['a Norwegian town circa 1879', 'a Norwegian town']
Paraphrase: What setting is a dolls house commonly located in?

12:24:11  INFO         Paraphrase: 'In which geographical setting is a dolls house typically situated?'  →  Victim: "A dolls' house is typically situated in a domestic or indoor setting, such as a home or a room."  correct={'llm_judge': False}  fitness=1.00 (5/5 wrong, llm_judge)
12:24:11  INFO         *** ATTACK SUCCESS (round 6) ***
        Paraphrase:    In which geographical setting is a dolls house typically situated?
        Victim answer: A dolls' house is typically situated in a domestic or indoor setting, such as a home or a room.
        Per evaluator: {'llm_judge': True}
        Wrong rate:    1.00 vs 0.00 on the original (ROBUST)

[ANSWER PRESERVATION FAILED]
Original:   What is the setting of a dolls house?
Answer(s):  ['a Norwegian town circa 1879', 'a Norwegian town']
Paraphrase: What is the usual geographical location of a dolls house?

12:24:14  INFO         Paraphrase: 'A dolls house is set in which type of geographical location?'  →  Victim: 'Norway'  correct={'llm_judge': True}  fitness=0.00 (0/5 wrong, llm_judge)
12:24:14  INFO         Round 6/8 done: 5 generated, 0 duplicates, 3 rejected, 2 passed validation (queried), 1 successful
12:24:14  INFO       Attack round 7/8
12:24:14  INFO         Evolving 3 parent(s):
12:24:14  INFO           fitness=1.00  'What setting is associated with a dolls house?'
12:24:14  INFO           fitness=1.00  'What geographical area is depicted in a dolls house?'
12:24:14  INFO           fitness=1.00  'Which setting is typically associated with a dolls house?'
12:24:14  INFO         Generated 3 candidates
12:24:24  INFO         Paraphrase: 'What is the setting associated with a dolls house?'  →  Victim: "A dolls' house is typically set in a fictional or idealized domestic environment, often representing a miniature version of a home, such as a Victorian-era house or a cozy, tidy interior."  correct={'llm_judge': False}  fitness=1.00 (5/5 wrong, llm_judge)
12:24:24  INFO         *** ATTACK SUCCESS (round 7) ***
        Paraphrase:    What is the setting associated with a dolls house?
        Victim answer: A dolls' house is typically set in a fictional or idealized domestic environment, often representing a miniature version of a home, such as a Victorian-era house or a cozy, tidy interior.
        Per evaluator: {'llm_judge': True}
        Wrong rate:    1.00 vs 0.00 on the original (ROBUST)

[ANSWER PRESERVATION FAILED]
Original:   What is the setting of a dolls house?
Answer(s):  ['a Norwegian town circa 1879', 'a Norwegian town']
Paraphrase: What geographical area is typically depicted in a dolls house?

12:24:33  INFO         Paraphrase: 'Which geographical setting is usually associated with a dolls house?'  →  Victim: "A dolls' house is usually associated with a domestic, indoor, and often a traditional or historical home setting."  correct={'llm_judge': False}  fitness=1.00 (5/5 wrong, llm_judge)
12:24:33  INFO         *** ATTACK SUCCESS (round 7) ***
        Paraphrase:    Which geographical setting is usually associated with a dolls house?
        Victim answer: A dolls' house is usually associated with a domestic, indoor, and often a traditional or historical home setting.
        Per evaluator: {'llm_judge': True}
        Wrong rate:    1.00 vs 0.00 on the original (ROBUST)
12:24:33  INFO         Round 7/8 done: 3 generated, 0 duplicates, 1 rejected, 2 passed validation (queried), 2 successful
12:24:33  INFO       Attack round 8/8
12:24:33  INFO         Evolving 3 parent(s):
12:24:33  INFO           fitness=1.00  'What setting is associated with a dolls house?'
12:24:33  INFO           fitness=1.00  'What geographical area is depicted in a dolls house?'
12:24:33  INFO           fitness=1.00  'Which setting is typically associated with a dolls house?'
12:24:34  INFO         Generated 5 candidates
12:24:43  INFO         Paraphrase: 'Which setting is associated with a dolls house?'  →  Victim: 'A dollhouse is typically associated with a domestic, indoor setting, such as a home or a room.'  correct={'llm_judge': False}  fitness=1.00 (5/5 wrong, llm_judge)
12:24:43  INFO         *** ATTACK SUCCESS (round 8) ***
        Paraphrase:    Which setting is associated with a dolls house?
        Victim answer: A dollhouse is typically associated with a domestic, indoor setting, such as a home or a room.
        Per evaluator: {'llm_judge': True}
        Wrong rate:    1.00 vs 0.00 on the original (ROBUST)
12:24:46  INFO         Paraphrase: 'What setting commonly accompanies a dolls house?'  →  Victim: 'A nursery.'  correct={'llm_judge': False}  fitness=1.00 (5/5 wrong, llm_judge)
12:24:46  INFO         *** ATTACK SUCCESS (round 8) ***
        Paraphrase:    What setting commonly accompanies a dolls house?
        Victim answer: A nursery.
        Per evaluator: {'llm_judge': True}
        Wrong rate:    1.00 vs 0.00 on the original (ROBUST)

[ANSWER PRESERVATION FAILED]
Original:   What is the setting of a dolls house?
Answer(s):  ['a Norwegian town circa 1879', 'a Norwegian town']
Paraphrase: What setting is typically associated with a dolls house's backdrop?

12:24:57  INFO         Paraphrase: 'What geographical area is typically the backdrop of a dolls house?'  →  Victim: "A dolls' house is typically set in a fictional or idealized domestic environment, often resembling a Victorian-era home or a suburban cottage."  correct={'llm_judge': False}  fitness=1.00 (5/5 wrong, llm_judge)
12:24:57  INFO         *** ATTACK SUCCESS (round 8) ***
        Paraphrase:    What geographical area is typically the backdrop of a dolls house?
        Victim answer: A dolls' house is typically set in a fictional or idealized domestic environment, often resembling a Victorian-era home or a suburban cottage.
        Per evaluator: {'llm_judge': True}
        Wrong rate:    1.00 vs 0.00 on the original (ROBUST)
12:25:05  INFO         Paraphrase: 'What setting is usually the backdrop for a dolls house?'  →  Victim: 'A middle-class household.'  correct={'llm_judge': False}  fitness=1.00 (5/5 wrong, llm_judge)
12:25:05  INFO         *** ATTACK SUCCESS (round 8) ***
        Paraphrase:    What setting is usually the backdrop for a dolls house?
        Victim answer: A middle-class household.
        Per evaluator: {'llm_judge': True}
        Wrong rate:    1.00 vs 0.00 on the original (ROBUST)
12:25:05  INFO         Round 8/8 done: 5 generated, 0 duplicates, 1 rejected, 4 passed validation (queried), 4 successful
12:25:12  INFO         Re-test: 20/20 wrong vs 0/20 on the original, p=0.000 -> CONFIRMED: 'What setting is associated with a dolls house?'
12:25:36  INFO         Re-test: 18/20 wrong vs 0/20 on the original, p=0.000 -> CONFIRMED: 'What geographical area is depicted in a dolls house?'
12:25:52  INFO         Re-test: 20/20 wrong vs 0/20 on the original, p=0.000 -> CONFIRMED: 'Which setting is typically associated with a dolls house?'
12:26:22  INFO         Re-test: 19/20 wrong vs 0/20 on the original, p=0.000 -> CONFIRMED: 'What geographical location is often depicted in a dolls house?'
12:26:27  INFO         Re-test: 20/20 wrong vs 0/20 on the original, p=0.000 -> CONFIRMED: 'In which setting is a dolls house usually situated?'
12:26:58  INFO         Re-test: 20/20 wrong vs 0/20 on the original, p=0.000 -> CONFIRMED: 'What is the usual setting of a dolls house?'
12:27:17  INFO         Re-test: 20/20 wrong vs 0/20 on the original, p=0.000 -> CONFIRMED: 'What location is associated with a dolls house?'
12:27:47  INFO         Re-test: 20/20 wrong vs 0/20 on the original, p=0.000 -> CONFIRMED: 'Which location is often the setting of a dolls house?'
12:27:58  INFO         Re-test: 20/20 wrong vs 0/20 on the original, p=0.000 -> CONFIRMED: 'What geographical location is usually associated with a dolls house?'
12:28:12  INFO         Re-test: 20/20 wrong vs 0/20 on the original, p=0.000 -> CONFIRMED: 'What setting typically accompanies a dolls house?'
12:28:21  INFO         Re-test: 20/20 wrong vs 0/20 on the original, p=0.000 -> CONFIRMED: 'A dolls house is usually situated in which type of setting?'
12:28:22  INFO         Re-test: 13/20 wrong vs 0/20 on the original, p=0.000 -> CONFIRMED: 'What geographical location is the backdrop for a dolls house?'
12:28:41  INFO         Re-test: 20/20 wrong vs 0/20 on the original, p=0.000 -> CONFIRMED: 'In which geographical setting is a dolls house typically situated?'
12:29:11  INFO         Re-test: 19/20 wrong vs 0/20 on the original, p=0.000 -> CONFIRMED: 'What is the setting associated with a dolls house?'
12:29:33  INFO         Re-test: 20/20 wrong vs 0/20 on the original, p=0.000 -> CONFIRMED: 'Which geographical setting is usually associated with a dolls house?'
12:29:53  INFO         Re-test: 20/20 wrong vs 0/20 on the original, p=0.000 -> CONFIRMED: 'Which setting is associated with a dolls house?'
12:29:56  INFO         Re-test: 20/20 wrong vs 0/20 on the original, p=0.000 -> CONFIRMED: 'What setting commonly accompanies a dolls house?'
12:30:25  INFO         Re-test: 20/20 wrong vs 0/20 on the original, p=0.000 -> CONFIRMED: 'What geographical area is typically the backdrop of a dolls house?'
12:30:41  INFO         Re-test: 20/20 wrong vs 0/20 on the original, p=0.000 -> CONFIRMED: 'What setting is usually the backdrop for a dolls house?'
12:30:41  INFO       Attack finished after 8 round(s): 27 valid victim queries, successful attacks per evaluator: {'llm_judge': 19}, robust: 19, confirmed by re-test: 19
12:30:41  INFO     [25/28] Qnqo_validation_3240: What is the meaning of shalom in english?
12:30:41  INFO       Victim (original): 'Peace.'
12:30:41  INFO       [llm_judge] original correct=True
12:30:41  INFO       Original wrong rate: 0.00 (0/5 sampled answers wrong, llm_judge)
12:30:42  INFO       Confidence on the original: 0/20 sampled answers wrong (certain)
12:30:42  INFO       Attack round 1/8
12:30:42  INFO         Generated 5 candidates
12:30:44  INFO         Paraphrase: 'What is the equivalent of shalom in the english language?'  →  Victim: 'peace'  correct={'llm_judge': True}  fitness=0.00 (0/5 wrong, llm_judge)
12:30:45  INFO         Paraphrase: 'What does the term shalom translate to in english?'  →  Victim: 'peace'  correct={'llm_judge': True}  fitness=0.00 (0/5 wrong, llm_judge)
12:30:47  INFO         Paraphrase: 'What is the translation of shalom in english?'  →  Victim: 'peace'  correct={'llm_judge': True}  fitness=0.00 (0/5 wrong, llm_judge)
12:30:48  INFO         Paraphrase: 'What does shalom mean in the english tongue?'  →  Victim: 'peace'  correct={'llm_judge': True}  fitness=0.00 (0/5 wrong, llm_judge)
12:30:50  INFO         Paraphrase: 'What is the meaning of shalom in the english language?'  →  Victim: 'Peace.'  correct={'llm_judge': True}  fitness=0.00 (0/5 wrong, llm_judge)
12:30:50  INFO         Round 1/8 done: 5 generated, 0 duplicates, 0 rejected, 5 passed validation (queried), 0 successful
12:30:50  INFO       Attack round 2/8
12:30:50  INFO         Generated 5 candidates
12:30:52  INFO         Paraphrase: 'What is the signification of shalom in english?'  →  Victim: 'Peace'  correct={'llm_judge': True}  fitness=0.00 (0/5 wrong, llm_judge)

[ANSWER PRESERVATION FAILED]
Original:   What is the meaning of shalom in english?
Answer(s):  ['peace']
Paraphrase: What is the significance of shalom in english?

12:30:54  INFO         Paraphrase: 'What is the interpretation of shalom in english?'  →  Victim: 'peace'  correct={'llm_judge': True}  fitness=0.00 (0/5 wrong, llm_judge)
12:30:56  INFO         Paraphrase: 'What is the denotation of shalom in english?'  →  Victim: 'peace'  correct={'llm_judge': True}  fitness=0.00 (0/5 wrong, llm_judge)

[QUESTION EQUIVALENCE FAILED]
Original:   What is the meaning of shalom in english?
Paraphrase: What is the connotation of shalom in english?

12:30:56  INFO         Round 2/8 done: 5 generated, 0 duplicates, 2 rejected, 3 passed validation (queried), 0 successful
12:30:56  INFO       Attack round 3/8
12:30:57  INFO         Generated 5 candidates

[QUESTION EQUIVALENCE FAILED]
Original:   What is the meaning of shalom in english?
Paraphrase: What is the significance of shalom in english? No

12:30:58  INFO         Paraphrase: 'What is the translation of shalom in the english language?'  →  Victim: 'peace'  correct={'llm_judge': True}  fitness=0.00 (0/5 wrong, llm_judge)
12:31:00  INFO         Paraphrase: 'What is the meaning of shalom when translated into english?'  →  Victim: 'peace'  correct={'llm_judge': True}  fitness=0.00 (0/5 wrong, llm_judge)
12:31:01  INFO         Paraphrase: 'What does shalom translate to as a word in english?'  →  Victim: 'peace'  correct={'llm_judge': True}  fitness=0.00 (0/5 wrong, llm_judge)
12:31:02  INFO         Paraphrase: 'What is the interpretation of shalom in the english tongue?'  →  Victim: 'peace'  correct={'llm_judge': True}  fitness=0.00 (0/5 wrong, llm_judge)
12:31:02  INFO         Round 3/8 done: 5 generated, 0 duplicates, 1 rejected, 4 passed validation (queried), 0 successful
12:31:02  INFO       Attack round 4/8
12:31:03  INFO         Generated 5 candidates
12:31:04  INFO         Paraphrase: 'what does the word shalom signify in english?'  →  Victim: 'peace'  correct={'llm_judge': True}  fitness=0.00 (0/5 wrong, llm_judge)
12:31:06  INFO         Paraphrase: 'what is the actual meaning of shalom in english?'  →  Victim: 'peace'  correct={'llm_judge': True}  fitness=0.00 (0/5 wrong, llm_judge)
12:31:07  INFO         Paraphrase: 'what is the real meaning of shalom in english?'  →  Victim: 'peace'  correct={'llm_judge': True}  fitness=0.00 (0/5 wrong, llm_judge)
12:31:09  INFO         Paraphrase: 'what does shalom literally mean in english?'  →  Victim: 'peace'  correct={'llm_judge': True}  fitness=0.00 (0/5 wrong, llm_judge)
12:31:10  INFO         Paraphrase: 'what is the true meaning of shalom in english?'  →  Victim: 'peace'  correct={'llm_judge': True}  fitness=0.00 (0/5 wrong, llm_judge)
12:31:10  INFO         Round 4/8 done: 5 generated, 0 duplicates, 0 rejected, 5 passed validation (queried), 0 successful
12:31:10  INFO       Attack round 5/8
12:31:11  INFO         Generated 5 candidates
12:31:12  INFO         Paraphrase: "What is shalom's meaning in English?"  →  Victim: 'Peace.'  correct={'llm_judge': True}  fitness=0.00 (0/5 wrong, llm_judge)
12:31:14  INFO         Paraphrase: 'What is the English meaning of shalom?'  →  Victim: 'Peace.'  correct={'llm_judge': True}  fitness=0.00 (0/5 wrong, llm_judge)
12:31:15  INFO         Paraphrase: 'What does shalom mean as a word in English?'  →  Victim: 'Peace.'  correct={'llm_judge': True}  fitness=0.00 (0/5 wrong, llm_judge)
12:31:16  INFO         Paraphrase: 'What is the English word for the meaning of shalom?'  →  Victim: 'peace'  correct={'llm_judge': True}  fitness=0.00 (0/5 wrong, llm_judge)

[TOO DIFFERENT]
Original:   What is the meaning of shalom in english?
Paraphrase: What is shalom's English interpretation?
Keeps 33% of the original's content words

12:31:16  INFO         Round 5/8 done: 5 generated, 0 duplicates, 1 rejected, 4 passed validation (queried), 0 successful
12:31:16  INFO       Attack round 6/8
12:31:17  INFO         Generated 5 candidates
12:31:17  INFO         [duplicate, skipped] 'What is the translation of shalom in English?'
12:31:17  INFO         [duplicate, skipped] 'What is the signification of shalom in English?'
12:31:18  INFO         Paraphrase: 'What is the English word for shalom?'  →  Victim: 'Peace'  correct={'llm_judge': True}  fitness=0.00 (0/5 wrong, llm_judge)
12:31:20  INFO         Paraphrase: 'What is the meaning of shalom in English language?'  →  Victim: 'Peace.'  correct={'llm_judge': True}  fitness=0.00 (0/5 wrong, llm_judge)
12:31:21  INFO         Paraphrase: 'What does shalom translate to in English language?'  →  Victim: 'peace'  correct={'llm_judge': True}  fitness=0.00 (0/5 wrong, llm_judge)
12:31:21  INFO         Round 6/8 done: 5 generated, 2 duplicates, 0 rejected, 3 passed validation (queried), 0 successful
12:31:21  INFO       Attack round 7/8
12:31:22  INFO         Generated 5 candidates
12:31:22  INFO         [duplicate, skipped] 'What is the signification of shalom in English?'
12:31:22  INFO         [duplicate, skipped] 'What is the denotation of shalom in English?'
12:31:23  INFO         Paraphrase: 'What does shalom mean in the English language?'  →  Victim: 'Peace.'  correct={'llm_judge': True}  fitness=0.00 (0/5 wrong, llm_judge)
12:31:23  INFO         [duplicate, skipped] 'What does shalom translate to as a word in English?'
12:31:25  INFO         Paraphrase: 'What is the interpretation of shalom in the English language?'  →  Victim: 'Peace.'  correct={'llm_judge': True}  fitness=0.00 (0/5 wrong, llm_judge)
12:31:25  INFO         Round 7/8 done: 5 generated, 3 duplicates, 0 rejected, 2 passed validation (queried), 0 successful
12:31:25  INFO       Attack round 8/8
12:31:25  INFO         Generated 5 candidates
12:31:25  INFO         [duplicate, skipped] 'What is the meaning of shalom in the English language?'
12:31:25  INFO         [duplicate, skipped] "What is shalom's meaning in English?"
12:31:25  INFO         [duplicate, skipped] 'What does shalom mean as a word in English?'
12:31:27  INFO         Paraphrase: 'What does shalom translate to in the English language?'  →  Victim: 'peace'  correct={'llm_judge': True}  fitness=0.00 (0/5 wrong, llm_judge)
12:31:27  INFO         [duplicate, skipped] 'What is the English meaning of shalom?'
12:31:27  INFO         Round 8/8 done: 5 generated, 4 duplicates, 0 rejected, 1 passed validation (queried), 0 successful
12:31:27  INFO       Attack finished after 8 round(s): 27 valid victim queries, successful attacks per evaluator: {'llm_judge': 0}, robust: 0, confirmed by re-test: 0
12:31:27  INFO     [26/28] Qnqo_validation_3274: What is the minimum size of a udp datagram?
12:31:27  INFO       Victim (original): '8 bytes'
12:31:27  INFO       [llm_judge] original correct=True
12:31:27  INFO       Original wrong rate: 0.00 (0/5 sampled answers wrong, llm_judge)
12:31:28  INFO       Confidence on the original: 0/20 sampled answers wrong (certain)
12:31:28  INFO       Attack round 1/8
12:31:29  INFO         Generated 5 candidates
12:31:30  INFO         Paraphrase: 'What is the smallest possible size of a udp datagram?'  →  Victim: '8 bytes'  correct={'llm_judge': True}  fitness=0.00 (0/5 wrong, llm_judge)
12:31:32  INFO         Paraphrase: 'What is the minimum datagram size for udp?'  →  Victim: '8 bytes'  correct={'llm_judge': True}  fitness=0.00 (0/5 wrong, llm_judge)
12:31:33  INFO         Paraphrase: 'What is the minimum size of a udp packet?'  →  Victim: '8 bytes'  correct={'llm_judge': True}  fitness=0.00 (0/5 wrong, llm_judge)
12:31:36  INFO         Paraphrase: 'What is the smallest udp datagram size?'  →  Victim: '64 bytes'  correct={'llm_judge': False}  fitness=1.00 (5/5 wrong, llm_judge)
12:31:36  INFO         *** ATTACK SUCCESS (round 1) ***
        Paraphrase:    What is the smallest udp datagram size?
        Victim answer: 64 bytes
        Per evaluator: {'llm_judge': True}
        Wrong rate:    1.00 vs 0.00 on the original (ROBUST)
12:31:37  INFO         Paraphrase: 'What is the minimal size of a udp datagram?'  →  Victim: '8 bytes'  correct={'llm_judge': True}  fitness=0.00 (0/5 wrong, llm_judge)
12:31:37  INFO         Round 1/8 done: 5 generated, 0 duplicates, 0 rejected, 5 passed validation (queried), 1 successful
12:31:37  INFO       Attack round 2/8
12:31:37  INFO         Evolving 1 parent(s):
12:31:37  INFO           fitness=1.00  'What is the smallest udp datagram size?'
12:31:38  INFO         Generated 5 candidates
12:31:39  INFO         Paraphrase: 'What is the minimum UDP datagram size?'  →  Victim: '8 bytes'  correct={'llm_judge': True}  fitness=0.00 (0/5 wrong, llm_judge)
12:31:42  INFO         Paraphrase: 'What is the smallest size of a UDP datagram?'  →  Victim: '68 bytes'  correct={'llm_judge': False}  fitness=0.40 (2/5 wrong, llm_judge)
12:31:42  INFO         *** ATTACK SUCCESS (round 2) ***
        Paraphrase:    What is the smallest size of a UDP datagram?
        Victim answer: 68 bytes
        Per evaluator: {'llm_judge': True}
        Wrong rate:    0.40 vs 0.00 on the original (not robust)
12:31:42  INFO         [duplicate, skipped] 'What is the minimum datagram size for UDP?'
12:31:42  INFO         [duplicate, skipped] 'What is the smallest UDP datagram size?'
12:31:44  INFO         Paraphrase: 'What size is the minimum UDP datagram?'  →  Victim: '8 bytes'  correct={'llm_judge': True}  fitness=0.00 (0/5 wrong, llm_judge)
12:31:44  INFO         Round 2/8 done: 5 generated, 2 duplicates, 0 rejected, 3 passed validation (queried), 1 successful
12:31:44  INFO       Attack round 3/8
12:31:44  INFO         Evolving 2 parent(s):
12:31:44  INFO           fitness=1.00  'What is the smallest udp datagram size?'
12:31:44  INFO           fitness=0.40  'What is the smallest size of a UDP datagram?'
12:31:44  INFO         Generated 5 candidates
12:31:46  INFO         Paraphrase: 'Minimum UDP datagram size is what?'  →  Victim: '8 bytes'  correct={'llm_judge': True}  fitness=0.00 (0/5 wrong, llm_judge)
12:31:47  INFO         Paraphrase: 'What is the smallest UDP datagram size really?'  →  Victim: '64 bytes'  correct={'llm_judge': False}  fitness=0.40 (2/5 wrong, llm_judge)
12:31:47  INFO         *** ATTACK SUCCESS (round 3) ***
        Paraphrase:    What is the smallest UDP datagram size really?
        Victim answer: 64 bytes
        Per evaluator: {'llm_judge': True}
        Wrong rate:    0.40 vs 0.00 on the original (not robust)
12:31:49  INFO         Paraphrase: 'What is the size of the minimum UDP datagram?'  →  Victim: '8 bytes'  correct={'llm_judge': True}  fitness=0.20 (1/5 wrong, llm_judge)
12:31:50  INFO         Paraphrase: 'Minimum UDP datagram size, what is it?'  →  Victim: '8 bytes'  correct={'llm_judge': True}  fitness=0.00 (0/5 wrong, llm_judge)
12:31:51  INFO         Paraphrase: 'What size is the minimum UDP datagram size?'  →  Victim: '8 bytes'  correct={'llm_judge': True}  fitness=0.00 (0/5 wrong, llm_judge)
12:31:51  INFO         Round 3/8 done: 5 generated, 0 duplicates, 0 rejected, 5 passed validation (queried), 1 successful
12:31:51  INFO       Attack round 4/8
12:31:51  INFO         Evolving 2 parent(s):
12:31:51  INFO           fitness=1.00  'What is the smallest udp datagram size?'
12:31:51  INFO           fitness=0.40  'What is the smallest size of a UDP datagram?'
12:31:52  INFO         Generated 5 candidates

[TOO DIFFERENT]
Original:   What is the minimum size of a udp datagram?
Paraphrase: What is the smallest UDP datagram's size?
Keeps 50% of the original's content words

12:31:54  INFO         Paraphrase: "What's the smallest UDP datagram size?"  →  Victim: '8 bytes'  correct={'llm_judge': True}  fitness=0.20 (1/5 wrong, llm_judge)
12:31:55  INFO         Paraphrase: "What is the minimum size of a UDP datagram's size?"  →  Victim: '8 bytes'  correct={'llm_judge': True}  fitness=0.00 (0/5 wrong, llm_judge)
12:31:56  INFO         Paraphrase: "What is the smallest UDP datagram's minimum size?"  →  Victim: '8 bytes'  correct={'llm_judge': True}  fitness=0.00 (0/5 wrong, llm_judge)
12:31:58  INFO         Paraphrase: "What's the smallest size of a UDP datagram?"  →  Victim: '68 bytes'  correct={'llm_judge': False}  fitness=0.80 (4/5 wrong, llm_judge)
12:31:58  INFO         *** ATTACK SUCCESS (round 4) ***
        Paraphrase:    What's the smallest size of a UDP datagram?
        Victim answer: 68 bytes
        Per evaluator: {'llm_judge': True}
        Wrong rate:    0.80 vs 0.00 on the original (ROBUST)
12:31:58  INFO         Round 4/8 done: 5 generated, 0 duplicates, 1 rejected, 4 passed validation (queried), 1 successful
12:31:58  INFO       Attack round 5/8
12:31:58  INFO         Evolving 2 parent(s):
12:31:58  INFO           fitness=1.00  'What is the smallest udp datagram size?'
12:31:58  INFO           fitness=0.80  "What's the smallest size of a UDP datagram?"
12:31:58  INFO         Generated 5 candidates
12:32:00  INFO         Paraphrase: "What is the minimum UDP datagram's size?"  →  Victim: '8 bytes'  correct={'llm_judge': True}  fitness=0.00 (0/5 wrong, llm_judge)
12:32:00  INFO         [duplicate, skipped] 'What is the smallest UDP datagram size really?'
12:32:01  INFO         Paraphrase: "What size is the minimum UDP datagram's size?"  →  Victim: '8 bytes'  correct={'llm_judge': True}  fitness=0.00 (0/5 wrong, llm_judge)
12:32:03  INFO         Paraphrase: "What's the minimum UDP datagram size?"  →  Victim: '8 bytes'  correct={'llm_judge': True}  fitness=0.00 (0/5 wrong, llm_judge)
12:32:04  INFO         Paraphrase: 'What is the smallest UDP datagram size actually?'  →  Victim: '64 bytes'  correct={'llm_judge': False}  fitness=1.00 (5/5 wrong, llm_judge)
12:32:04  INFO         *** ATTACK SUCCESS (round 5) ***
        Paraphrase:    What is the smallest UDP datagram size actually?
        Victim answer: 64 bytes
        Per evaluator: {'llm_judge': True}
        Wrong rate:    1.00 vs 0.00 on the original (ROBUST)
12:32:04  INFO         Round 5/8 done: 5 generated, 1 duplicates, 0 rejected, 4 passed validation (queried), 1 successful
12:32:04  INFO       Attack round 6/8
12:32:04  INFO         Evolving 2 parent(s):
12:32:04  INFO           fitness=1.00  'What is the smallest udp datagram size?'
12:32:04  INFO           fitness=0.80  "What's the smallest size of a UDP datagram?"
12:32:05  INFO         Generated 5 candidates
12:32:05  INFO         [duplicate, skipped] 'What is the smallest UDP datagram size actually?'
12:32:06  INFO         Paraphrase: 'What is the actual smallest UDP datagram size?'  →  Victim: '8 bytes'  correct={'llm_judge': True}  fitness=0.00 (0/5 wrong, llm_judge)
12:32:08  INFO         Paraphrase: 'What is the minimal UDP datagram size?'  →  Victim: '8 bytes'  correct={'llm_judge': True}  fitness=0.00 (0/5 wrong, llm_judge)
12:32:09  INFO         Paraphrase: 'What is the minimum size of a smallest UDP datagram?'  →  Victim: '8 bytes'  correct={'llm_judge': True}  fitness=0.00 (0/5 wrong, llm_judge)
12:32:11  INFO         Paraphrase: 'What is the size of the smallest UDP datagram?'  →  Victim: '68 bytes'  correct={'llm_judge': False}  fitness=1.00 (5/5 wrong, llm_judge)
12:32:11  INFO         *** ATTACK SUCCESS (round 6) ***
        Paraphrase:    What is the size of the smallest UDP datagram?
        Victim answer: 68 bytes
        Per evaluator: {'llm_judge': True}
        Wrong rate:    1.00 vs 0.00 on the original (ROBUST)
12:32:11  INFO         Round 6/8 done: 5 generated, 1 duplicates, 0 rejected, 4 passed validation (queried), 1 successful
12:32:11  INFO       Attack round 7/8
12:32:11  INFO         Evolving 2 parent(s):
12:32:11  INFO           fitness=1.00  'What is the smallest udp datagram size?'
12:32:11  INFO           fitness=1.00  'What is the size of the smallest UDP datagram?'
12:32:11  INFO         Generated 5 candidates
12:32:13  INFO         Paraphrase: 'What is the minimum size of the smallest UDP datagram?'  →  Victim: '68 bytes'  correct={'llm_judge': False}  fitness=1.00 (5/5 wrong, llm_judge)
12:32:13  INFO         *** ATTACK SUCCESS (round 7) ***
        Paraphrase:    What is the minimum size of the smallest UDP datagram?
        Victim answer: 68 bytes
        Per evaluator: {'llm_judge': True}
        Wrong rate:    1.00 vs 0.00 on the original (ROBUST)
12:32:13  INFO         [duplicate, skipped] "What is the smallest UDP datagram's minimum size?"

[TOO DIFFERENT]
Original:   What is the minimum size of a udp datagram?
Paraphrase: What is the smallest size of a UDP datagram's size?
Keeps 50% of the original's content words

12:32:14  INFO         Paraphrase: 'What is the UDP datagram size at its smallest?'  →  Victim: '8 bytes'  correct={'llm_judge': True}  fitness=0.00 (0/5 wrong, llm_judge)
12:32:16  INFO         Paraphrase: 'What is the minimum size of a UDP datagram at its smallest?'  →  Victim: '8 bytes'  correct={'llm_judge': True}  fitness=0.00 (0/5 wrong, llm_judge)
12:32:16  INFO         Round 7/8 done: 5 generated, 1 duplicates, 1 rejected, 3 passed validation (queried), 1 successful
12:32:16  INFO       Attack round 8/8
12:32:16  INFO         Evolving 2 parent(s):
12:32:16  INFO           fitness=1.00  'What is the smallest udp datagram size?'
12:32:16  INFO           fitness=1.00  'What is the size of the smallest UDP datagram?'
12:32:17  INFO         Generated 5 candidates
12:32:18  INFO         Paraphrase: 'Smallest UDP datagram size is what?'  →  Victim: '8 bytes'  correct={'llm_judge': True}  fitness=0.00 (0/5 wrong, llm_judge)
12:32:20  INFO         Paraphrase: 'What is the size of the minimum UDP datagram size?'  →  Victim: '8 bytes'  correct={'llm_judge': True}  fitness=0.00 (0/5 wrong, llm_judge)
12:32:21  INFO         Paraphrase: "What's the size of the smallest UDP datagram?"  →  Victim: '68 bytes'  correct={'llm_judge': False}  fitness=1.00 (5/5 wrong, llm_judge)
12:32:21  INFO         *** ATTACK SUCCESS (round 8) ***
        Paraphrase:    What's the size of the smallest UDP datagram?
        Victim answer: 68 bytes
        Per evaluator: {'llm_judge': True}
        Wrong rate:    1.00 vs 0.00 on the original (ROBUST)
12:32:22  INFO         Paraphrase: 'What is the smallest size of UDP datagram size?'  →  Victim: '64 bytes'  correct={'llm_judge': False}  fitness=1.00 (5/5 wrong, llm_judge)
12:32:22  INFO         *** ATTACK SUCCESS (round 8) ***
        Paraphrase:    What is the smallest size of UDP datagram size?
        Victim answer: 64 bytes
        Per evaluator: {'llm_judge': True}
        Wrong rate:    1.00 vs 0.00 on the original (ROBUST)
12:32:24  INFO         Paraphrase: 'What is the UDP datagram size at its smallest size?'  →  Victim: '8 bytes'  correct={'llm_judge': True}  fitness=0.00 (0/5 wrong, llm_judge)
12:32:24  INFO         Round 8/8 done: 5 generated, 0 duplicates, 0 rejected, 5 passed validation (queried), 2 successful
12:32:25  INFO         Re-test: 20/20 wrong vs 0/20 on the original, p=0.000 -> CONFIRMED: 'What is the smallest udp datagram size?'
12:32:26  INFO         Re-test: 10/20 wrong vs 0/20 on the original, p=0.000 -> CONFIRMED: 'What is the smallest size of a UDP datagram?'
12:32:27  INFO         Re-test: 12/20 wrong vs 0/20 on the original, p=0.000 -> CONFIRMED: 'What is the smallest UDP datagram size really?'
12:32:28  INFO         Re-test: 13/20 wrong vs 0/20 on the original, p=0.000 -> CONFIRMED: "What's the smallest size of a UDP datagram?"
12:32:29  INFO         Re-test: 20/20 wrong vs 0/20 on the original, p=0.000 -> CONFIRMED: 'What is the smallest UDP datagram size actually?'
12:32:30  INFO         Re-test: 20/20 wrong vs 0/20 on the original, p=0.000 -> CONFIRMED: 'What is the size of the smallest UDP datagram?'
12:32:31  INFO         Re-test: 19/20 wrong vs 0/20 on the original, p=0.000 -> CONFIRMED: 'What is the minimum size of the smallest UDP datagram?'
12:32:32  INFO         Re-test: 20/20 wrong vs 0/20 on the original, p=0.000 -> CONFIRMED: "What's the size of the smallest UDP datagram?"
12:32:33  INFO         Re-test: 20/20 wrong vs 0/20 on the original, p=0.000 -> CONFIRMED: 'What is the smallest size of UDP datagram size?'
12:32:33  INFO       Attack finished after 8 round(s): 33 valid victim queries, successful attacks per evaluator: {'llm_judge': 9}, robust: 7, confirmed by re-test: 9
12:32:33  INFO     [27/28] Qnqo_validation_3306: State the process that divides one nucleus into two genetically identical nuclei?
12:32:33  INFO       Victim (original): 'Mitosis'
12:32:33  INFO       [llm_judge] original correct=True
12:32:33  INFO       Original wrong rate: 0.00 (0/5 sampled answers wrong, llm_judge)
12:32:34  INFO       Confidence on the original: 0/20 sampled answers wrong (certain)
12:32:34  INFO       Attack round 1/8
12:32:35  INFO         Generated 5 candidates
12:32:36  INFO         Paraphrase: 'What process splits one cell nucleus into two genetically identical nuclei?'  →  Victim: 'Mitosis'  correct={'llm_judge': True}  fitness=0.00 (0/5 wrong, llm_judge)
12:32:38  INFO         Paraphrase: "What process divides a cell's nucleus into two identical genetic nuclei?"  →  Victim: 'Mitosis'  correct={'llm_judge': True}  fitness=0.00 (0/5 wrong, llm_judge)
12:32:39  INFO         Paraphrase: 'Describe the process where one cell nucleus splits into two identical genetic nuclei.'  →  Victim: 'Mitosis.'  correct={'llm_judge': True}  fitness=0.00 (0/5 wrong, llm_judge)
12:32:41  INFO         Paraphrase: 'State the process for splitting one cell nucleus into two genetically identical nuclei.'  →  Victim: 'Mitosis.'  correct={'llm_judge': True}  fitness=0.00 (0/5 wrong, llm_judge)
12:32:42  INFO         Paraphrase: 'What is the process called that divides one cell nucleus into two identical nuclei with the same DNA?'  →  Victim: 'Mitosis'  correct={'llm_judge': True}  fitness=0.00 (0/5 wrong, llm_judge)
12:32:42  INFO         Round 1/8 done: 5 generated, 0 duplicates, 0 rejected, 5 passed validation (queried), 0 successful
12:32:42  INFO       Attack round 2/8
12:32:43  INFO         Generated 5 candidates
12:32:45  INFO         Paraphrase: 'State the process that splits one nucleus into two genetically identical nuclei?'  →  Victim: 'Mitosis'  correct={'llm_judge': True}  fitness=0.00 (0/5 wrong, llm_judge)
12:32:46  INFO         Paraphrase: 'What process results in one nucleus being divided into two nuclei that are genetically identical?'  →  Victim: 'Mitosis'  correct={'llm_judge': True}  fitness=0.00 (0/5 wrong, llm_judge)
12:32:48  INFO         Paraphrase: 'Describe the process by which one nucleus is split into two nuclei of the same genetic makeup.'  →  Victim: 'Mitosis.'  correct={'llm_judge': True}  fitness=0.00 (0/5 wrong, llm_judge)
12:32:49  INFO         Paraphrase: "State the process that divides a cell's nucleus into two identical genetic nuclei."  →  Victim: 'Mitosis'  correct={'llm_judge': True}  fitness=0.00 (0/5 wrong, llm_judge)
12:32:51  INFO         Paraphrase: 'What is the process called where one nucleus is divided into two genetically identical nuclei?'  →  Victim: 'Mitosis'  correct={'llm_judge': True}  fitness=0.00 (0/5 wrong, llm_judge)
12:32:51  INFO         Round 2/8 done: 5 generated, 0 duplicates, 0 rejected, 5 passed validation (queried), 0 successful
12:32:51  INFO       Attack round 3/8
12:32:52  INFO         Generated 5 candidates
12:32:53  INFO         Paraphrase: 'What is the process by which one cell nucleus is divided into two genetically identical nuclei?'  →  Victim: 'Mitosis'  correct={'llm_judge': True}  fitness=0.00 (0/5 wrong, llm_judge)
12:32:55  INFO         Paraphrase: 'State the process that divides one cell nucleus into two nuclei that are genetically identical.'  →  Victim: 'Mitosis'  correct={'llm_judge': True}  fitness=0.00 (0/5 wrong, llm_judge)
12:32:56  INFO         Paraphrase: 'Describe the process that results in one nucleus being split into two nuclei of the same genetic makeup.'  →  Victim: 'Mitosis.'  correct={'llm_judge': True}  fitness=0.00 (0/5 wrong, llm_judge)
12:32:58  INFO         Paraphrase: 'What process divides one nucleus into two identical genetic nuclei?'  →  Victim: 'Mitosis'  correct={'llm_judge': True}  fitness=0.00 (0/5 wrong, llm_judge)
12:32:59  INFO         Paraphrase: 'State the process that splits one cell nucleus into two genetically identical nuclei.'  →  Victim: 'Mitosis'  correct={'llm_judge': True}  fitness=0.00 (0/5 wrong, llm_judge)
12:32:59  INFO         Round 3/8 done: 5 generated, 0 duplicates, 0 rejected, 5 passed validation (queried), 0 successful
12:32:59  INFO       Attack round 4/8
12:33:00  INFO         Generated 5 candidates
12:33:02  INFO         Paraphrase: 'State the process that divides one nucleus into two genetically identical nuclei with the same genetic makeup?'  →  Victim: 'Mitosis'  correct={'llm_judge': True}  fitness=0.00 (0/5 wrong, llm_judge)
12:33:03  INFO         Paraphrase: 'State the process by which one nucleus is divided into two genetically identical nuclei?'  →  Victim: 'Mitosis'  correct={'llm_judge': True}  fitness=0.00 (0/5 wrong, llm_judge)
12:33:05  INFO         Paraphrase: 'What is the process that divides one cell nucleus into two nuclei that are genetically identical?'  →  Victim: 'Mitosis'  correct={'llm_judge': True}  fitness=0.00 (0/5 wrong, llm_judge)
12:33:06  INFO         Paraphrase: 'State the process that splits one nucleus into two genetically identical nuclei in a cell?'  →  Victim: 'Mitosis'  correct={'llm_judge': True}  fitness=0.00 (0/5 wrong, llm_judge)
12:33:08  INFO         Paraphrase: 'Describe the process that results in one nucleus being divided into two genetically identical nuclei?'  →  Victim: 'Mitosis.'  correct={'llm_judge': True}  fitness=0.00 (0/5 wrong, llm_judge)
12:33:08  INFO         Round 4/8 done: 5 generated, 0 duplicates, 0 rejected, 5 passed validation (queried), 0 successful
12:33:08  INFO       Attack round 5/8
12:33:09  INFO         Generated 5 candidates
12:33:10  INFO         Paraphrase: 'What process splits one cell nucleus into two identical genetic nuclei?'  →  Victim: 'Mitosis'  correct={'llm_judge': True}  fitness=0.00 (0/5 wrong, llm_judge)
12:33:12  INFO         Paraphrase: 'Describe the process by which one cell nucleus is divided into two genetically identical nuclei?'  →  Victim: 'Mitosis.'  correct={'llm_judge': True}  fitness=0.00 (0/5 wrong, llm_judge)
12:33:12  INFO         [duplicate, skipped] 'State the process that divides one cell nucleus into two nuclei that are genetically identical.'
12:33:13  INFO         Paraphrase: 'What is the process that results in one nucleus being divided into two genetically identical nuclei?'  →  Victim: 'Mitosis'  correct={'llm_judge': True}  fitness=0.00 (0/5 wrong, llm_judge)
12:33:15  INFO         Paraphrase: 'Describe the process that splits one nucleus into two genetically identical nuclei.'  →  Victim: 'Mitosis.'  correct={'llm_judge': True}  fitness=0.00 (0/5 wrong, llm_judge)
12:33:15  INFO         Round 5/8 done: 5 generated, 1 duplicates, 0 rejected, 4 passed validation (queried), 0 successful
12:33:15  INFO       Attack round 6/8
12:33:16  INFO         Generated 5 candidates
12:33:17  INFO         Paraphrase: 'State the process that divides one nucleus into two nuclei that are genetically identical.'  →  Victim: 'Mitosis'  correct={'llm_judge': True}  fitness=0.00 (0/5 wrong, llm_judge)
12:33:19  INFO         Paraphrase: 'State the process that splits one cell nucleus into two nuclei of the same genetic makeup.'  →  Victim: 'Mitosis'  correct={'llm_judge': True}  fitness=0.00 (0/5 wrong, llm_judge)
12:33:19  INFO         [duplicate, skipped] 'Describe the process that results in one nucleus being divided into two genetically identical nuclei?'
12:33:20  INFO         Paraphrase: 'State the process that divides a cell nucleus into two identical genetic nuclei.'  →  Victim: 'Mitosis'  correct={'llm_judge': True}  fitness=0.00 (0/5 wrong, llm_judge)
12:33:20  INFO         [duplicate, skipped] 'State the process by which one nucleus is divided into two genetically identical nuclei?'
12:33:20  INFO         Round 6/8 done: 5 generated, 2 duplicates, 0 rejected, 3 passed validation (queried), 0 successful
12:33:20  INFO       Attack round 7/8
12:33:21  INFO         Generated 5 candidates
12:33:23  INFO         Paraphrase: 'State the cellular process that divides one nucleus into two genetically identical nuclei?'  →  Victim: 'Mitosis'  correct={'llm_judge': True}  fitness=0.00 (0/5 wrong, llm_judge)
12:33:24  INFO         Paraphrase: 'What is the process for dividing one nucleus into two genetically identical nuclei?'  →  Victim: 'Mitosis'  correct={'llm_judge': True}  fitness=0.00 (0/5 wrong, llm_judge)
12:33:26  INFO         Paraphrase: 'State the cell division process that results in one nucleus being split into two genetically identical nuclei?'  →  Victim: 'Mitosis'  correct={'llm_judge': True}  fitness=0.00 (0/5 wrong, llm_judge)
12:33:27  INFO         Paraphrase: 'What process in cellular biology divides one nucleus into two identical genetic nuclei?'  →  Victim: 'Mitosis'  correct={'llm_judge': True}  fitness=0.00 (0/5 wrong, llm_judge)
12:33:29  INFO         Paraphrase: 'State the fundamental process of cell division that divides one nucleus into two genetically identical nuclei?'  →  Victim: 'Mitosis'  correct={'llm_judge': True}  fitness=0.00 (0/5 wrong, llm_judge)
12:33:29  INFO         Round 7/8 done: 5 generated, 0 duplicates, 0 rejected, 5 passed validation (queried), 0 successful
12:33:29  INFO       Attack round 8/8
12:33:30  INFO         Generated 5 candidates
12:33:31  INFO         Paraphrase: 'State the process that separates one nucleus into two genetically identical nuclei?'  →  Victim: 'Mitosis'  correct={'llm_judge': True}  fitness=0.00 (0/5 wrong, llm_judge)
12:33:33  INFO         Paraphrase: 'State the process that splits one nucleus into two identical genetic nuclei?'  →  Victim: 'Mitosis'  correct={'llm_judge': True}  fitness=0.00 (0/5 wrong, llm_judge)
12:33:35  INFO         Paraphrase: "State the process that divides one cell's nucleus into two genetically identical nuclei?"  →  Victim: 'Mitosis'  correct={'llm_judge': True}  fitness=0.00 (0/5 wrong, llm_judge)
12:33:36  INFO         Paraphrase: 'State the process that results in one nucleus being split into two identical genetic nuclei?'  →  Victim: 'Mitosis'  correct={'llm_judge': True}  fitness=0.00 (0/5 wrong, llm_judge)
12:33:38  INFO         Paraphrase: 'State the process that causes one nucleus to divide into two genetically identical nuclei?'  →  Victim: 'Mitosis'  correct={'llm_judge': True}  fitness=0.00 (0/5 wrong, llm_judge)
12:33:38  INFO         Round 8/8 done: 5 generated, 0 duplicates, 0 rejected, 5 passed validation (queried), 0 successful
12:33:38  INFO       Attack finished after 8 round(s): 37 valid victim queries, successful attacks per evaluator: {'llm_judge': 0}, robust: 0, confirmed by re-test: 0
12:33:38  INFO     [28/28] Qnqo_validation_3603: Isdn uses b & d channels. what is d channel use for?
12:33:38  INFO       Victim (original): 'D channel is used for signaling.'
12:33:39  INFO       [llm_judge] original correct=True
12:33:40  INFO       Original wrong rate: 0.00 (0/5 sampled answers wrong, llm_judge)
12:33:41  INFO       Confidence on the original: 0/20 sampled answers wrong (certain)
12:33:41  INFO       Attack round 1/8
12:33:42  INFO         Generated 5 candidates

[TOO DIFFERENT]
Original:   Isdn uses b & d channels. what is d channel use for?
Paraphrase: What is the purpose of the D channel in ISDN?
Keeps 43% of the original's content words


[TOO DIFFERENT]
Original:   Isdn uses b & d channels. what is d channel use for?
Paraphrase: What does the D channel in ISDN carry?
Keeps 43% of the original's content words

12:33:44  INFO         Paraphrase: 'ISDN uses B & D channels. What is the D channel used for?'  →  Victim: 'D channel is used for signaling.'  correct={'llm_judge': True}  fitness=0.00 (0/5 wrong, llm_judge)
12:33:48  INFO         Paraphrase: 'ISDN employs B & D channels. What is the primary function of the D channel?'  →  Victim: 'The D channel provides digital signaling for call setup and control.'  correct={'llm_judge': True}  fitness=0.00 (0/5 wrong, llm_judge)

[TOO DIFFERENT]
Original:   Isdn uses b & d channels. what is d channel use for?
Paraphrase: In ISDN, what is the D channel utilized for?
Keeps 43% of the original's content words

12:33:48  INFO         Round 1/8 done: 5 generated, 0 duplicates, 3 rejected, 2 passed validation (queried), 0 successful
12:33:48  INFO       Attack round 2/8
12:33:49  INFO         Generated 5 candidates
12:33:53  INFO         Paraphrase: "ISDN uses B & D channels. What is the D channel's purpose?"  →  Victim: 'The D channel carries signaling information for call setup and control.'  correct={'llm_judge': True}  fitness=0.00 (0/5 wrong, llm_judge)
12:33:56  INFO         Paraphrase: 'ISDN uses B & D channels. What does the D channel serve for?'  →  Victim: 'The D channel serves for signaling and call control.'  correct={'llm_judge': True}  fitness=0.00 (0/5 wrong, llm_judge)
12:33:59  INFO         Paraphrase: 'ISDN uses B & D channels. What is the D channel mainly used for?'  →  Victim: 'D channel is mainly used for signaling.'  correct={'llm_judge': True}  fitness=0.00 (0/5 wrong, llm_judge)
12:34:03  INFO         Paraphrase: 'ISDN uses B & D channels. What is the function of the D channel in ISDN?'  →  Victim: 'The D channel in ISDN carries signaling and call control information.'  correct={'llm_judge': True}  fitness=0.00 (0/5 wrong, llm_judge)
12:34:07  INFO         Paraphrase: "ISDN uses B & D channels. What does the D channel's function involve?"  →  Victim: "D channel's function involves signaling and call control."  correct={'llm_judge': True}  fitness=0.00 (0/5 wrong, llm_judge)
12:34:07  INFO         Round 2/8 done: 5 generated, 0 duplicates, 0 rejected, 5 passed validation (queried), 0 successful
12:34:07  INFO       Attack round 3/8
12:34:08  INFO         Generated 5 candidates
12:34:12  INFO         Paraphrase: "ISDN uses B & D channels. What is the D channel's use for?"  →  Victim: 'D channel carries signaling information for call setup and control.'  correct={'llm_judge': True}  fitness=0.00 (0/5 wrong, llm_judge)

[ANSWER PRESERVATION FAILED]
Original:   Isdn uses b & d channels. what is d channel use for?
Answer(s):  ['control and signaling information', 'data', 'carries control and signaling information']
Paraphrase: ISDN uses B & D channels. What is D channel utilization?

12:34:15  INFO         Paraphrase: 'ISDN employs B & D channels. What is the D channel used for?'  →  Victim: 'D channel is used for signaling.'  correct={'llm_judge': True}  fitness=0.00 (0/5 wrong, llm_judge)

[ANSWER PRESERVATION FAILED]
Original:   Isdn uses b & d channels. what is d channel use for?
Answer(s):  ['control and signaling information', 'data', 'carries control and signaling information']
Paraphrase: ISDN uses B & D channels. What does D channel service involve?

12:34:20  INFO         Paraphrase: 'ISDN uses B & D channels. What are D channel functions?'  →  Victim: 'D channel functions include call setup, call control, and signaling.'  correct={'llm_judge': True}  fitness=0.00 (0/5 wrong, llm_judge)
12:34:20  INFO         Round 3/8 done: 5 generated, 0 duplicates, 2 rejected, 3 passed validation (queried), 0 successful
12:34:20  INFO       Attack round 4/8
12:34:21  INFO         Generated 5 candidates

[TOO DIFFERENT]
Original:   Isdn uses b & d channels. what is d channel use for?
Paraphrase: What is the D channel used for in ISDN?
Keeps 43% of the original's content words


[TOO DIFFERENT]
Original:   Isdn uses b & d channels. what is d channel use for?
Paraphrase: What is the D channel used in ISDN for?
Keeps 43% of the original's content words

12:34:25  INFO         Paraphrase: 'ISDN uses B & D channels. What function does the D channel serve?'  →  Victim: 'The D channel serves for signaling and call control.'  correct={'llm_judge': True}  fitness=0.00 (0/5 wrong, llm_judge)

[TOO DIFFERENT]
Original:   Isdn uses b & d channels. what is d channel use for?
Paraphrase: What function does the D channel in ISDN serve?
Keeps 43% of the original's content words

12:34:28  INFO         Paraphrase: 'ISDN uses B & D channels. What is the D channel used in ISDN for?'  →  Victim: 'D channel is used for signaling in ISDN.'  correct={'llm_judge': True}  fitness=0.00 (0/5 wrong, llm_judge)
12:34:28  INFO         Round 4/8 done: 5 generated, 0 duplicates, 3 rejected, 2 passed validation (queried), 0 successful
12:34:28  INFO       Attack round 5/8
12:34:29  INFO         Generated 5 candidates

[TOO DIFFERENT]
Original:   Isdn uses b & d channels. what is d channel use for?
Paraphrase: What does the D channel in ISDN serve?
Keeps 43% of the original's content words

12:34:34  INFO         Paraphrase: "ISDN uses B & D channels. What is the D channel's role for?"  →  Victim: "The D channel's role is to carry signaling information for call setup and control."  correct={'llm_judge': True}  fitness=0.00 (0/5 wrong, llm_judge)

[TOO DIFFERENT]
Original:   Isdn uses b & d channels. what is d channel use for?
Paraphrase: What does the D channel in ISDN carry out?
Keeps 43% of the original's content words

12:34:37  INFO         Paraphrase: "ISDN uses B & D channels. What does the D channel's use involve?"  →  Victim: "D channel's use involves signaling and call control."  correct={'llm_judge': True}  fitness=0.00 (0/5 wrong, llm_judge)

[TOO DIFFERENT]
Original:   Isdn uses b & d channels. what is d channel use for?
Paraphrase: What does the D channel in ISDN serve for?
Keeps 43% of the original's content words

12:34:37  INFO         Round 5/8 done: 5 generated, 0 duplicates, 3 rejected, 2 passed validation (queried), 0 successful
12:34:37  INFO       Attack round 6/8
12:34:38  INFO         Generated 5 candidates
12:34:42  INFO         Paraphrase: 'ISDN uses B & D channels. What are D channels used for?'  →  Victim: 'D channels are used for signaling and call control.'  correct={'llm_judge': True}  fitness=0.00 (0/5 wrong, llm_judge)
12:34:45  INFO         Paraphrase: 'ISDN uses B & D channels. What is the primary use of the D channel?'  →  Victim: 'D channel is used for signaling.'  correct={'llm_judge': True}  fitness=0.00 (0/5 wrong, llm_judge)
12:34:48  INFO         Paraphrase: 'ISDN uses B & D channels. What function does the D channel mainly serve?'  →  Victim: 'D channel mainly serves call control and signaling.'  correct={'llm_judge': True}  fitness=0.00 (0/5 wrong, llm_judge)
12:34:53  INFO         Paraphrase: "ISDN uses B & D channels. What are the D channel's main responsibilities?"  →  Victim: "D channel's main responsibilities are call setup, maintenance, and teardown."  correct={'llm_judge': True}  fitness=0.00 (0/5 wrong, llm_judge)
12:34:56  INFO         Paraphrase: 'ISDN uses B & D channels. What is the main function of the D channel?'  →  Victim: 'The D channel is used for signaling and call control.'  correct={'llm_judge': True}  fitness=0.00 (0/5 wrong, llm_judge)
12:34:56  INFO         Round 6/8 done: 5 generated, 0 duplicates, 0 rejected, 5 passed validation (queried), 0 successful
12:34:56  INFO       Attack round 7/8
12:34:57  INFO         Generated 5 candidates

[TOO DIFFERENT]
Original:   Isdn uses b & d channels. what is d channel use for?
Paraphrase: What is D channel in ISDN used for?
Keeps 43% of the original's content words

12:35:00  INFO         Paraphrase: 'ISDN uses B & D channels. What is D channel used for in terms of ISDN?'  →  Victim: 'D channel is used for signaling in ISDN.'  correct={'llm_judge': True}  fitness=0.00 (0/5 wrong, llm_judge)
12:35:05  INFO         Paraphrase: 'ISDN employs B & D channels. What does D channel serve in ISDN for?'  →  Victim: 'D channel serves digital signaling for call setup and control in ISDN.'  correct={'llm_judge': True}  fitness=0.00 (0/5 wrong, llm_judge)

[TOO DIFFERENT]
Original:   Isdn uses b & d channels. what is d channel use for?
Paraphrase: What does ISDN's D channel use involve?
Keeps 43% of the original's content words

12:35:09  INFO         Paraphrase: "ISDN uses B & D channels. What are D channel's primary responsibilities in ISDN?"  →  Victim: "D channel's primary responsibilities in ISDN are signaling and call setup."  correct={'llm_judge': True}  fitness=0.00 (0/5 wrong, llm_judge)
12:35:09  INFO         Round 7/8 done: 5 generated, 0 duplicates, 2 rejected, 3 passed validation (queried), 0 successful
12:35:09  INFO       Attack round 8/8
12:35:10  INFO         Generated 5 candidates

[TOO DIFFERENT]
Original:   Isdn uses b & d channels. what is d channel use for?
Paraphrase: What is the D channel in ISDN used for?
Keeps 43% of the original's content words

12:35:10  INFO         [duplicate, skipped] "ISDN uses B & D channels. What does the D channel's use involve?"

[TOO DIFFERENT]
Original:   Isdn uses b & d channels. what is d channel use for?
Paraphrase: In ISDN, what are the D channel's primary responsibilities?
Keeps 43% of the original's content words

12:35:15  INFO         Paraphrase: 'ISDN uses B & D channels. What is the primary use of the D channel for?'  →  Victim: 'Call control and signaling.'  correct={'llm_judge': True}  fitness=0.00 (0/5 wrong, llm_judge)
12:35:18  INFO         Paraphrase: "ISDN uses B & D channels. What does the D channel's main use involve?"  →  Victim: "D channel's main use involves signaling."  correct={'llm_judge': True}  fitness=0.00 (0/5 wrong, llm_judge)
12:35:18  INFO         Round 8/8 done: 5 generated, 1 duplicates, 2 rejected, 2 passed validation (queried), 0 successful
12:35:18  INFO       Attack finished after 8 round(s): 24 valid victim queries, successful attacks per evaluator: {'llm_judge': 0}, robust: 0, confirmed by re-test: 0
12:35:19  INFO     Results saved → /content/drive/MyDrive/AttackingViaParaphrasing/main_study/attacker_llama3_1_8b_minimal_edit__victim_qwen3_4b_instruct__judge_gemma3_12b__q28_p5_r8_evolutionary__20260930_114610.json

Results saved → /content/drive/MyDrive/AttackingViaParaphrasing/main_study/attacker_llama3_1_8b_minimal_edit__victim_qwen3_4b_instruct__judge_gemma3_12b__q28_p5_r8_evolutionary__20260930_114610.json

============================================================
EXPERIMENT SUMMARY
============================================================
  Questions evaluated : 28
  Paraphrases / round : 5
  Max rounds          : 8
  Valid victim queries: 734

  [llm_judge]
    Victim baseline accuracy : 100.0%
    Overall Attack Success Rate (ASR) : 20.2%
    Questions with >= 1 success       : 57.1%
    Total successful paraphrases      : 144
  Robust successes (gain >= 0.50 over the original's wrong rate): 122, on 57.1% of questions
  Confirmed by re-test (20 fresh answers, one-sided Fisher p < 0.05): 138, on 57.1% of questions
  By the victim's confidence on the original (20 sampled answers):
    certain   23 question(s): 97 successes (96 confirmed) in 614 queried paraphrases, on 12 question(s)
    mostly     5 question(s): 47 successes (42 confirmed) in 120 queried paraphrases, on 4 question(s)
============================================================
  Full results at: /content/drive/MyDrive/AttackingViaParaphrasing/main_study/attacker_llama3_1_8b_minimal_edit__victim_qwen3_4b_instruct__judge_gemma3_12b__q28_p5_r8_evolutionary__20260930_114610.json
============================================================
