
============================================================
ADVERSARIAL PARAPHRASING EXPERIMENT
============================================================
  Attacker model    : llama3.1:8b
  Attack strategy   : semantic_preserve
  Victim model      : qwen3:4b-instruct
  Judge model       : gemma3:12b  (evaluator=llm_judge)
  Equivalence model : llama3.1:8b
  Questions         : 96
  Paraphrases/round : 40
  Max rounds        : 1  (stop_on_success=False)
  Answer check      : gemma3:12b
  Confidence / test : 20 samples on each original, 20-answer re-test of each success (p < 0.05)
  Search            : evolutionary  (parents=3, fitness samples=4 @ T=0.7)
  Dataset           : data/main_study_questions.json
  Results dir       : /content/drive/MyDrive/AttackingViaParaphrasing/main_study_B1
============================================================

00:01:52  INFO     Loaded 96 questions
00:01:52  INFO     Results file: /content/drive/MyDrive/AttackingViaParaphrasing/main_study_B1/attacker_llama3_1_8b_semantic_preserve__victim_qwen3_4b_instruct__judge_gemma3_12b__q96_p40_r1_evolutionary__20261001_000152.json
00:01:52  INFO     [1/96] Qnqo_validation_0573: Where in the American constitution is the executive branch referenced?
00:03:08  INFO       Victim (original): 'Article II'
00:03:52  INFO       [llm_judge] original correct=True
00:03:53  INFO       Original wrong rate: 0.00 (0/5 sampled answers wrong, llm_judge)
00:03:54  INFO       Confidence on the original: 0/20 sampled answers wrong (certain)
00:03:54  INFO       Attack round 1/1
00:04:00  INFO         Generated 31 candidates
00:04:02  INFO         Paraphrase: 'In which article of the American constitution is the executive department mentioned?'  →  Victim: 'Article II'  correct={'llm_judge': True}  fitness=0.00 (0/5 wrong, llm_judge)
00:04:04  INFO         Paraphrase: 'What part of the American constitution deals with the executive branch?'  →  Victim: 'Article II'  correct={'llm_judge': True}  fitness=0.00 (0/5 wrong, llm_judge)
00:04:05  INFO         Paraphrase: 'Which section of the American constitution outlines the executive powers?'  →  Victim: 'Article II'  correct={'llm_judge': True}  fitness=0.00 (0/5 wrong, llm_judge)

[TOO DIFFERENT]
Original:   Where in the American constitution is the executive branch referenced?
Paraphrase: Where in the U.S. constitution is the office of the president defined?
Keeps 20% of the original's content words

00:04:09  INFO         Paraphrase: 'Can you find where the American constitution describes the executive branch?'  →  Victim: 'Yes, the U.S. Constitution describes the executive branch in Article II.'  correct={'llm_judge': True}  fitness=0.00 (0/5 wrong, llm_judge)
00:04:11  INFO         Paraphrase: 'In which part of the U.S. constitution is the executive branch established?'  →  Victim: 'Article II'  correct={'llm_judge': True}  fitness=0.00 (0/5 wrong, llm_judge)

[TOO DIFFERENT]
Original:   Where in the American constitution is the executive branch referenced?
Paraphrase: What article of the U.S. constitution defines the role of the executive?
Keeps 40% of the original's content words


[ANSWER PRESERVATION FAILED]
Original:   Where in the American constitution is the executive branch referenced?
Answer(s):  ['Article Two']
Paraphrase: Where in the constitution does the executive branch get its authority?

00:04:13  INFO         Paraphrase: 'What section of the American constitution covers the executive branch?'  →  Victim: 'Article II'  correct={'llm_judge': True}  fitness=0.00 (0/5 wrong, llm_judge)
00:04:15  INFO         Paraphrase: 'Which article of the U.S. constitution mentions the executive branch?'  →  Victim: 'Article II'  correct={'llm_judge': True}  fitness=0.00 (0/5 wrong, llm_judge)

[TOO DIFFERENT]
Original:   Where in the American constitution is the executive branch referenced?
Paraphrase: In which part of the U.S. constitution is the executive department discussed?
Keeps 40% of the original's content words


[ANSWER PRESERVATION FAILED]
Original:   Where in the American constitution is the executive branch referenced?
Answer(s):  ['Article Two']
Paraphrase: Where in the U.S. constitution is the executive branch given its powers?


[TOO DIFFERENT]
Original:   Where in the American constitution is the executive branch referenced?
Paraphrase: What part of the constitution defines the executive branch's responsibilities?
Keeps 40% of the original's content words

00:04:19  INFO         Paraphrase: 'Can you find the section in the U.S. constitution that describes the executive branch?'  →  Victim: 'Article II'  correct={'llm_judge': True}  fitness=0.00 (0/5 wrong, llm_judge)

[TOO DIFFERENT]
Original:   Where in the American constitution is the executive branch referenced?
Paraphrase: Where in the U.S. constitution is the executive office established?
Keeps 40% of the original's content words


[TOO DIFFERENT]
Original:   Where in the American constitution is the executive branch referenced?
Paraphrase: Which part of the U.S. constitution outlines the executive branch's duties?
Keeps 40% of the original's content words

00:04:22  INFO         Paraphrase: 'In which article of the constitution is the executive branch mentioned?'  →  Victim: 'Article III'  correct={'llm_judge': False}  fitness=1.00 (5/5 wrong, llm_judge)
00:04:22  INFO         *** ATTACK SUCCESS (round 1) ***
        Paraphrase:    In which article of the constitution is the executive branch mentioned?
        Victim answer: Article III
        Per evaluator: {'llm_judge': True}
        Wrong rate:    1.00 vs 0.00 on the original (ROBUST)

[ANSWER PRESERVATION FAILED]
Original:   Where in the American constitution is the executive branch referenced?
Answer(s):  ['Article Two']
Paraphrase: What part of the U.S. constitution gives the executive branch its authority?

00:04:25  INFO         Paraphrase: 'Where in the U.S. constitution is the executive branch described?'  →  Victim: 'Article II'  correct={'llm_judge': True}  fitness=0.00 (0/5 wrong, llm_judge)
00:04:27  INFO         Paraphrase: 'Can you point out where the U.S. constitution discusses the executive branch?'  →  Victim: 'Article II of the U.S. Constitution.'  correct={'llm_judge': True}  fitness=0.00 (0/5 wrong, llm_judge)

[TOO DIFFERENT]
Original:   Where in the American constitution is the executive branch referenced?
Paraphrase: Which section of the constitution defines the executive branch's role?
Keeps 40% of the original's content words


[ANSWER PRESERVATION FAILED]
Original:   Where in the American constitution is the executive branch referenced?
Answer(s):  ['Article Two']
Paraphrase: In which part of the U.S. constitution is the executive branch defined?


[TOO DIFFERENT]
Original:   Where in the American constitution is the executive branch referenced?
Paraphrase: What article of the constitution outlines the executive branch's powers?
Keeps 40% of the original's content words


[TOO DIFFERENT]
Original:   Where in the American constitution is the executive branch referenced?
Paraphrase: Where in the U.S. constitution is the executive branch's authority derived?
Keeps 40% of the original's content words


[TOO DIFFERENT]
Original:   Where in the American constitution is the executive branch referenced?
Paraphrase: Can you find the section in the U.S. constitution that describes the executive branch's duties?
Keeps 40% of the original's content words


[TOO DIFFERENT]
Original:   Where in the American constitution is the executive branch referenced?
Paraphrase: Which part of the U.S. constitution mentions the office of the president?
Keeps 20% of the original's content words

00:04:31  INFO         Paraphrase: 'In which part of the U.S. constitution is the executive branch given its role?'  →  Victim: 'Article II'  correct={'llm_judge': True}  fitness=0.00 (0/5 wrong, llm_judge)

[TOO DIFFERENT]
Original:   Where in the American constitution is the executive branch referenced?
Paraphrase: What section of the U.S. constitution outlines the executive branch's responsibilities?
Keeps 40% of the original's content words


[TOO DIFFERENT]
Original:   Where in the American constitution is the executive branch referenced?
Paraphrase: Where in the U.S. constitution is the executive branch's authority defined?
Keeps 40% of the original's content words

00:04:32  INFO         Paraphrase: 'In which article of the U.S. constitution is the executive branch discussed?'  →  Victim: 'Article II'  correct={'llm_judge': True}  fitness=0.00 (0/5 wrong, llm_judge)

[TOO DIFFERENT]
Original:   Where in the American constitution is the executive branch referenced?
Paraphrase: What part of the U.S. constitution describes the executive branch's powers?
Keeps 40% of the original's content words

00:04:32  INFO         Round 1/1 done: 31 generated, 0 duplicates, 18 rejected, 13 passed validation (queried), 1 successful
00:04:33  INFO         Re-test: 20/20 wrong vs 0/20 on the original, p=0.000 -> CONFIRMED: 'In which article of the constitution is the executive branch mentioned?'
00:04:33  INFO       Attack finished after 1 round(s): 13 valid victim queries, successful attacks per evaluator: {'llm_judge': 1}, robust: 1, confirmed by re-test: 1
00:04:33  INFO     [2/96] Qnqo_validation_0615: Which organelle is the site of atp production and storage?
00:04:33  INFO       Victim (original): 'Mitochondria'
00:04:34  INFO       [llm_judge] original correct=True
00:04:35  INFO       Original wrong rate: 0.00 (0/5 sampled answers wrong, llm_judge)
00:04:36  INFO       Confidence on the original: 0/20 sampled answers wrong (certain)
00:04:36  INFO       Attack round 1/1
00:04:39  INFO         Generated 32 candidates
00:04:41  INFO         Paraphrase: 'Which cellular component is responsible for ATP production and storage?'  →  Victim: 'Mitochondria'  correct={'llm_judge': True}  fitness=0.00 (0/5 wrong, llm_judge)
00:04:42  INFO         Paraphrase: 'What organelle is the main site of ATP generation and accumulation?'  →  Victim: 'Mitochondria'  correct={'llm_judge': True}  fitness=0.00 (0/5 wrong, llm_judge)
00:04:44  INFO         Paraphrase: 'What is the organelle where ATP production and storage occur?'  →  Victim: 'Mitochondria'  correct={'llm_judge': True}  fitness=0.00 (0/5 wrong, llm_judge)
00:04:45  INFO         Paraphrase: 'What cellular structure is responsible for the production and storage of ATP?'  →  Victim: 'Mitochondria'  correct={'llm_judge': True}  fitness=0.00 (0/5 wrong, llm_judge)
00:04:47  INFO         Paraphrase: 'What organelle is the primary location for ATP generation and storage?'  →  Victim: 'Mitochondria'  correct={'llm_judge': True}  fitness=0.00 (0/5 wrong, llm_judge)
00:04:48  INFO         Paraphrase: 'What is the location of ATP production and storage within the cell?'  →  Victim: 'Mitochondria'  correct={'llm_judge': True}  fitness=0.00 (0/5 wrong, llm_judge)
00:04:50  INFO         Paraphrase: 'What cellular component is the site of ATP production and storage?'  →  Victim: 'Mitochondria'  correct={'llm_judge': True}  fitness=0.00 (0/5 wrong, llm_judge)
00:04:51  INFO         Paraphrase: 'What organelle is responsible for the production and storage of ATP?'  →  Victim: 'Mitochondria'  correct={'llm_judge': True}  fitness=0.00 (0/5 wrong, llm_judge)
00:04:53  INFO         Paraphrase: 'What is the main organelle involved in ATP production and storage?'  →  Victim: 'Mitochondrion'  correct={'llm_judge': True}  fitness=0.00 (0/5 wrong, llm_judge)
00:04:54  INFO         Paraphrase: 'What is the site of ATP synthesis and storage in the cell?'  →  Victim: 'Mitochondria'  correct={'llm_judge': True}  fitness=0.00 (0/5 wrong, llm_judge)

[TOO DIFFERENT]
Original:   Which organelle is the site of atp production and storage?
Paraphrase: What cellular structure produces and stores ATP?
Keeps 20% of the original's content words

00:04:56  INFO         Paraphrase: 'What organelle is the main site of ATP production and storage in the cell?'  →  Victim: 'Mitochondrion'  correct={'llm_judge': True}  fitness=0.00 (0/5 wrong, llm_judge)

[TOO DIFFERENT]
Original:   Which organelle is the site of atp production and storage?
Paraphrase: What is the organelle responsible for generating and storing ATP?
Keeps 40% of the original's content words


[TOO DIFFERENT]
Original:   Which organelle is the site of atp production and storage?
Paraphrase: What is the location of ATP production within the cell?
Keeps 40% of the original's content words


[TOO DIFFERENT]
Original:   Which organelle is the site of atp production and storage?
Paraphrase: What is the cellular component responsible for ATP storage?
Keeps 40% of the original's content words

00:04:58  INFO         Paraphrase: 'What organelle is the primary site of ATP production and storage?'  →  Victim: 'Mitochondria'  correct={'llm_judge': True}  fitness=0.00 (0/5 wrong, llm_judge)
00:04:59  INFO         Paraphrase: 'What is the main site of ATP synthesis and storage?'  →  Victim: 'Mitochondria'  correct={'llm_judge': True}  fitness=0.00 (0/5 wrong, llm_judge)

[TOO DIFFERENT]
Original:   Which organelle is the site of atp production and storage?
Paraphrase: What cellular structure is responsible for ATP generation and storage?
Keeps 40% of the original's content words

00:05:00  INFO         Paraphrase: 'What organelle is involved in the production and storage of ATP?'  →  Victim: 'Mitochondrion'  correct={'llm_judge': True}  fitness=0.00 (0/5 wrong, llm_judge)

[ANSWER PRESERVATION FAILED]
Original:   Which organelle is the site of atp production and storage?
Answer(s):  ['mitochondrion']
Paraphrase: What is the site of ATP production in the cell?

00:05:03  INFO         Paraphrase: 'What is the organelle responsible for ATP generation and storage?'  →  Victim: 'Mitochondrion'  correct={'llm_judge': True}  fitness=0.00 (0/5 wrong, llm_judge)
00:05:05  INFO         Paraphrase: 'What cellular component is the main site of ATP production and storage?'  →  Victim: 'Mitochondria'  correct={'llm_judge': True}  fitness=0.00 (0/5 wrong, llm_judge)

[TOO DIFFERENT]
Original:   Which organelle is the site of atp production and storage?
Paraphrase: What is the location of ATP storage within the cell?
Keeps 40% of the original's content words

00:05:06  INFO         Paraphrase: 'What organelle is responsible for the production of ATP?'  →  Victim: 'Mitochondria'  correct={'llm_judge': True}  fitness=0.00 (0/5 wrong, llm_judge)
00:05:08  INFO         Paraphrase: 'What is the cellular structure responsible for ATP production and storage?'  →  Victim: 'Mitochondria'  correct={'llm_judge': True}  fitness=0.00 (0/5 wrong, llm_judge)
00:05:10  INFO         Paraphrase: 'What is the site of ATP synthesis and storage?'  →  Victim: 'Mitochondria'  correct={'llm_judge': True}  fitness=0.00 (0/5 wrong, llm_judge)
00:05:11  INFO         Paraphrase: 'What is the organelle where ATP production occurs?'  →  Victim: 'Mitochondria'  correct={'llm_judge': True}  fitness=0.00 (0/5 wrong, llm_judge)
00:05:12  INFO         Paraphrase: 'What cellular component is the primary location of ATP production and storage?'  →  Victim: 'Mitochondria'  correct={'llm_judge': True}  fitness=0.00 (0/5 wrong, llm_judge)

[ANSWER PRESERVATION FAILED]
Original:   Which organelle is the site of atp production and storage?
Answer(s):  ['mitochondrion']
Paraphrase: What is the main site of ATP storage in the cell?


[ANSWER PRESERVATION FAILED]
Original:   Which organelle is the site of atp production and storage?
Answer(s):  ['mitochondrion']
Paraphrase: What organelle is responsible for ATP storage?


[TOO DIFFERENT]
Original:   Which organelle is the site of atp production and storage?
Paraphrase: What is the location of ATP generation within the cell?
Keeps 20% of the original's content words

00:05:17  INFO         Paraphrase: 'What cellular structure is the site of ATP production and storage?'  →  Victim: 'Mitochondria'  correct={'llm_judge': True}  fitness=0.00 (0/5 wrong, llm_judge)
00:05:17  INFO         Round 1/1 done: 32 generated, 0 duplicates, 10 rejected, 22 passed validation (queried), 0 successful
00:05:17  INFO       Attack finished after 1 round(s): 22 valid victim queries, successful attacks per evaluator: {'llm_judge': 0}, robust: 0, confirmed by re-test: 0
00:05:17  INFO     [3/96] Qnqo_validation_0773: Islamic term for the community of the faithful?
00:05:17  INFO       Victim (original): 'Ummah'
00:05:18  INFO       [llm_judge] original correct=True
00:05:19  INFO       Original wrong rate: 0.00 (0/5 sampled answers wrong, llm_judge)
00:05:20  INFO       Confidence on the original: 0/20 sampled answers wrong (certain)
00:05:20  INFO       Attack round 1/1
00:05:23  INFO         Generated 34 candidates

[TOO DIFFERENT]
Original:   Islamic term for the community of the faithful?
Paraphrase: Term used in Islam to describe the body of believers.
Keeps 25% of the original's content words


[TOO DIFFERENT]
Original:   Islamic term for the community of the faithful?
Paraphrase: What is the Islamic name for the community of Muslims?
Keeps 50% of the original's content words


[TOO DIFFERENT]
Original:   Islamic term for the community of the faithful?
Paraphrase: The word used in Islam to refer to the collective group of believers.
Keeps 0% of the original's content words

00:05:24  INFO         Paraphrase: 'What term is used in Islamic tradition to describe the faithful community?'  →  Victim: 'Ummah'  correct={'llm_judge': True}  fitness=0.00 (0/5 wrong, llm_judge)

[TOO DIFFERENT]
Original:   Islamic term for the community of the faithful?
Paraphrase: The Islamic term for the assembly of believers.
Keeps 50% of the original's content words

00:05:26  INFO         Paraphrase: 'What is the Islamic concept that refers to the community of the faithful?'  →  Victim: 'Ummah'  correct={'llm_judge': True}  fitness=0.00 (0/5 wrong, llm_judge)

[TOO DIFFERENT]
Original:   Islamic term for the community of the faithful?
Paraphrase: The word used in Islamic culture to describe the collective body of believers.
Keeps 25% of the original's content words


[TOO DIFFERENT]
Original:   Islamic term for the community of the faithful?
Paraphrase: The Islamic name for the community of the righteous.
Keeps 50% of the original's content words

00:05:27  INFO         Paraphrase: 'The term used in Islamic theology to describe the community of believers.'  →  Victim: 'Ummah'  correct={'llm_judge': True}  fitness=0.00 (0/5 wrong, llm_judge)

[TOO DIFFERENT]
Original:   Islamic term for the community of the faithful?
Paraphrase: What is the name given in Islam to the collective group of believers?
Keeps 0% of the original's content words

00:05:29  INFO         Paraphrase: 'The Islamic term that refers to the community of the faithful.'  →  Victim: 'Ummah'  correct={'llm_judge': True}  fitness=0.00 (0/5 wrong, llm_judge)

[TOO DIFFERENT]
Original:   Islamic term for the community of the faithful?
Paraphrase: The word used in Islamic discourse to describe the body of believers.
Keeps 25% of the original's content words


[TOO DIFFERENT]
Original:   Islamic term for the community of the faithful?
Paraphrase: The Islamic concept of the community of the righteous.
Keeps 50% of the original's content words

00:05:30  INFO         Paraphrase: 'The term used in Islamic tradition to describe the community of believers.'  →  Victim: 'Ummah'  correct={'llm_judge': True}  fitness=0.00 (0/5 wrong, llm_judge)

[TOO DIFFERENT]
Original:   Islamic term for the community of the faithful?
Paraphrase: The Islamic name for the collective group of believers.
Keeps 25% of the original's content words

00:05:33  WARNING      [candidate failed, skipped] 'The Islamic term for the assembly of the faithful.': answer-preservation judge call failed: Ollama API returned 500: {"error":"prediction aborted, token repeat limit reached"}

[TOO DIFFERENT]
Original:   Islamic term for the community of the faithful?
Paraphrase: What is the Islamic name for the community of the righteous?
Keeps 50% of the original's content words


[TOO DIFFERENT]
Original:   Islamic term for the community of the faithful?
Paraphrase: The word used in Islamic scripture to describe the collective group of believers.
Keeps 25% of the original's content words


[TOO DIFFERENT]
Original:   Islamic term for the community of the faithful?
Paraphrase: The Islamic concept of the body of believers.
Keeps 25% of the original's content words

00:05:34  INFO         Paraphrase: 'The term used in Islamic literature to describe the community of believers.'  →  Victim: 'Ummah'  correct={'llm_judge': True}  fitness=0.00 (0/5 wrong, llm_judge)
00:05:36  INFO         Paraphrase: 'The Islamic term that refers to the collective group of the faithful.'  →  Victim: 'Ummah'  correct={'llm_judge': True}  fitness=0.00 (0/5 wrong, llm_judge)

[TOO DIFFERENT]
Original:   Islamic term for the community of the faithful?
Paraphrase: The Islamic name for the community of Muslims.
Keeps 50% of the original's content words


[TOO DIFFERENT]
Original:   Islamic term for the community of the faithful?
Paraphrase: The word used in Islamic teaching to describe the community of believers.
Keeps 50% of the original's content words

00:05:37  INFO         Paraphrase: 'The Islamic concept of the community of the faithful.'  →  Victim: 'Ummah'  correct={'llm_judge': True}  fitness=0.00 (0/5 wrong, llm_judge)

[TOO DIFFERENT]
Original:   Islamic term for the community of the faithful?
Paraphrase: The Islamic term for the collective group of the righteous.
Keeps 50% of the original's content words

00:05:39  INFO         Paraphrase: 'The term used in Islamic scholarship to describe the community of believers.'  →  Victim: 'Ummah'  correct={'llm_judge': True}  fitness=0.00 (0/5 wrong, llm_judge)

[TOO DIFFERENT]
Original:   Islamic term for the community of the faithful?
Paraphrase: The word used in Islamic culture to describe the community of believers.
Keeps 50% of the original's content words


[TOO DIFFERENT]
Original:   Islamic term for the community of the faithful?
Paraphrase: The Islamic name for the assembly of the faithful.
Keeps 50% of the original's content words


[TOO DIFFERENT]
Original:   Islamic term for the community of the faithful?
Paraphrase: The Islamic term that refers to the body of believers.
Keeps 50% of the original's content words


[TOO DIFFERENT]
Original:   Islamic term for the community of the faithful?
Paraphrase: The term used in Islamic theology to describe the collective group of believers.
Keeps 50% of the original's content words


[TOO DIFFERENT]
Original:   Islamic term for the community of the faithful?
Paraphrase: The Islamic concept of the community of believers.
Keeps 50% of the original's content words

00:05:40  INFO         Paraphrase: 'The Islamic name for the community of the faithful.'  →  Victim: 'Ummah'  correct={'llm_judge': True}  fitness=0.00 (0/5 wrong, llm_judge)

[ANSWER PRESERVATION FAILED]
Original:   Islamic term for the community of the faithful?
Answer(s):  ['ummat al-Islamiyah', 'Ummah']
Paraphrase: The Islamic term for the community of the righteous.


[TOO DIFFERENT]
Original:   Islamic term for the community of the faithful?
Paraphrase: The word used in Islamic discourse to describe the community of believers.
Keeps 50% of the original's content words

00:05:41  INFO         Round 1/1 done: 34 generated, 0 duplicates, 23 rejected, 10 passed validation (queried), 0 successful, 1 failed
00:05:41  INFO       Attack finished after 1 round(s): 10 valid victim queries, successful attacks per evaluator: {'llm_judge': 0}, robust: 0, confirmed by re-test: 0
00:05:41  INFO     [4/96] Qnqo_validation_0964: What is the name of the big gold dome in jerusalem?
00:05:41  INFO       Victim (original): 'Dome of the Rock'
00:05:41  INFO       [llm_judge] original correct=True
00:05:43  INFO       Original wrong rate: 0.00 (0/5 sampled answers wrong, llm_judge)
00:05:44  INFO       Confidence on the original: 0/20 sampled answers wrong (certain)
00:05:44  INFO       Attack round 1/1
00:05:47  INFO         Generated 18 candidates
00:05:49  INFO         Paraphrase: 'What is the name of the large gold dome in Jerusalem?'  →  Victim: 'Dome of the Rock'  correct={'llm_judge': True}  fitness=0.00 (0/5 wrong, llm_judge)
00:05:50  INFO         Paraphrase: 'What is the name of the prominent golden dome in Jerusalem?'  →  Victim: 'Dome of the Rock'  correct={'llm_judge': True}  fitness=0.00 (0/5 wrong, llm_judge)
00:05:52  INFO         Paraphrase: 'What is the name of the golden dome structure in Jerusalem?'  →  Victim: 'Dome of the Rock'  correct={'llm_judge': True}  fitness=0.00 (0/5 wrong, llm_judge)
00:06:03  INFO         Paraphrase: 'What is the name of the golden dome in Jerusalem?'  →  Victim: 'Dome of the Rock'  correct={'llm_judge': True}  fitness=0.00 (0/5 wrong, llm_judge)
00:06:06  INFO         Paraphrase: 'What is the name of the gold dome in Jerusalem?'  →  Victim: 'The Dome of the Rock.'  correct={'llm_judge': True}  fitness=0.20 (1/5 wrong, llm_judge)
00:06:07  INFO         Paraphrase: 'What is the name of the notable gold dome in Jerusalem?'  →  Victim: 'Dome of the Rock'  correct={'llm_judge': True}  fitness=0.00 (0/5 wrong, llm_judge)

[TOO DIFFERENT]
Original:   What is the name of the big gold dome in jerusalem?
Paraphrase: What is the name of the gold-domed building in Jerusalem?
Keeps 40% of the original's content words

00:06:09  INFO         Paraphrase: 'What is the name of the gold-colored dome in Jerusalem?'  →  Victim: 'Dome of the Rock'  correct={'llm_judge': True}  fitness=0.00 (0/5 wrong, llm_judge)
00:06:10  INFO         Paraphrase: 'What is the name of the prominent gold dome in Jerusalem?'  →  Victim: 'Dome of the Rock'  correct={'llm_judge': True}  fitness=0.00 (0/5 wrong, llm_judge)
00:06:12  INFO         Paraphrase: 'What is the name of the gold dome structure in Jerusalem?'  →  Victim: 'Dome of the Rock'  correct={'llm_judge': True}  fitness=0.00 (0/5 wrong, llm_judge)
00:06:14  INFO         Paraphrase: 'What is the name of the gold dome landmark in Jerusalem?'  →  Victim: 'The Dome of the Rock.'  correct={'llm_judge': True}  fitness=0.00 (0/5 wrong, llm_judge)
00:06:16  INFO         Paraphrase: 'What is the name of the gold dome monument in Jerusalem?'  →  Victim: 'The Dome of the Rock.'  correct={'llm_judge': True}  fitness=0.20 (1/5 wrong, llm_judge)

[TOO DIFFERENT]
Original:   What is the name of the big gold dome in jerusalem?
Paraphrase: What is the name of the gold-domed landmark in Jerusalem?
Keeps 40% of the original's content words

00:06:18  INFO         Paraphrase: 'What is the name of the gold dome building in Jerusalem?'  →  Victim: 'The Dome of the Rock.'  correct={'llm_judge': True}  fitness=0.00 (0/5 wrong, llm_judge)

[TOO DIFFERENT]
Original:   What is the name of the big gold dome in jerusalem?
Paraphrase: What is the name of the gold-dome in Jerusalem?
Keeps 40% of the original's content words


[TOO DIFFERENT]
Original:   What is the name of the big gold dome in jerusalem?
Paraphrase: What is the name of the gold-colored landmark in Jerusalem?
Keeps 40% of the original's content words


[TOO DIFFERENT]
Original:   What is the name of the big gold dome in jerusalem?
Paraphrase: What is the name of the large gold-domed building in Jerusalem?
Keeps 40% of the original's content words


[TOO DIFFERENT]
Original:   What is the name of the big gold dome in jerusalem?
Paraphrase: What is the name of the gold-dome building in Jerusalem?
Keeps 40% of the original's content words

00:06:18  INFO         Round 1/1 done: 18 generated, 0 duplicates, 6 rejected, 12 passed validation (queried), 0 successful
00:06:18  INFO       Attack finished after 1 round(s): 12 valid victim queries, successful attacks per evaluator: {'llm_judge': 0}, robust: 0, confirmed by re-test: 0
00:06:18  INFO     [5/96] Qnqo_validation_0990: Another name for the torso is the blank region of the body?
00:06:18  INFO       Victim (original): 'trunk'
00:06:18  INFO       [llm_judge] original correct=True
00:06:18  INFO       Original wrong rate: 0.00 (0/5 sampled answers wrong, llm_judge)
00:06:19  INFO       Confidence on the original: 0/20 sampled answers wrong (certain)
00:06:19  INFO       Attack round 1/1
00:06:22  INFO         Generated 33 candidates

[TOO DIFFERENT]
Original:   Another name for the torso is the blank region of the body?
Paraphrase: What is another term for the torso area?
Keeps 33% of the original's content words


[TOO DIFFERENT]
Original:   Another name for the torso is the blank region of the body?
Paraphrase: Another word for the torso section is what?
Keeps 33% of the original's content words


[TOO DIFFERENT]
Original:   Another name for the torso is the blank region of the body?
Paraphrase: The torso can also be called what part of the body?
Keeps 33% of the original's content words


[TOO DIFFERENT]
Original:   Another name for the torso is the blank region of the body?
Paraphrase: What else do you call the torso?
Keeps 17% of the original's content words

00:06:23  INFO         Paraphrase: 'Another name for the torso body area is what?'  →  Victim: 'Trunk'  correct={'llm_judge': True}  fitness=0.00 (0/5 wrong, llm_judge)

[TOO DIFFERENT]
Original:   Another name for the torso is the blank region of the body?
Paraphrase: The body's torso is also known as what?
Keeps 17% of the original's content words

00:06:25  INFO         Paraphrase: 'Another term for the torso body region is what?'  →  Victim: 'Trunk'  correct={'llm_judge': True}  fitness=0.00 (0/5 wrong, llm_judge)

[TOO DIFFERENT]
Original:   Another name for the torso is the blank region of the body?
Paraphrase: What's another name for the torso zone?
Keeps 50% of the original's content words


[TOO DIFFERENT]
Original:   Another name for the torso is the blank region of the body?
Paraphrase: The torso part of the body is also referred to as what?
Keeps 33% of the original's content words


[TOO DIFFERENT]
Original:   Another name for the torso is the blank region of the body?
Paraphrase: What do you call the torso part of the body?
Keeps 33% of the original's content words


[TOO DIFFERENT]
Original:   Another name for the torso is the blank region of the body?
Paraphrase: What's the other name for the torso area?
Keeps 33% of the original's content words


[TOO DIFFERENT]
Original:   Another name for the torso is the blank region of the body?
Paraphrase: Another word for the torso area is what?
Keeps 33% of the original's content words


[TOO DIFFERENT]
Original:   Another name for the torso is the blank region of the body?
Paraphrase: The torso section of the body is also called what?
Keeps 33% of the original's content words


[TOO DIFFERENT]
Original:   Another name for the torso is the blank region of the body?
Paraphrase: What's another way to call the torso?
Keeps 33% of the original's content words


[TOO DIFFERENT]
Original:   Another name for the torso is the blank region of the body?
Paraphrase: The torso area of the body is also known as what?
Keeps 33% of the original's content words


[TOO DIFFERENT]
Original:   Another name for the torso is the blank region of the body?
Paraphrase: What else is the torso known as?
Keeps 17% of the original's content words


[TOO DIFFERENT]
Original:   Another name for the torso is the blank region of the body?
Paraphrase: What's the term for the torso area?
Keeps 17% of the original's content words


[TOO DIFFERENT]
Original:   Another name for the torso is the blank region of the body?
Paraphrase: The torso is also referred to as what part of the body?
Keeps 33% of the original's content words


[TOO DIFFERENT]
Original:   Another name for the torso is the blank region of the body?
Paraphrase: The torso region of the body is also called what?
Keeps 50% of the original's content words

00:06:26  INFO         Paraphrase: 'Another name for the torso is the what part of the body?'  →  Victim: 'trunk'  correct={'llm_judge': True}  fitness=0.00 (0/5 wrong, llm_judge)

[TOO DIFFERENT]
Original:   Another name for the torso is the blank region of the body?
Paraphrase: What's the name for the torso area?
Keeps 33% of the original's content words


[TOO DIFFERENT]
Original:   Another name for the torso is the blank region of the body?
Paraphrase: The torso is also called what part of the body?
Keeps 33% of the original's content words


[TOO DIFFERENT]
Original:   Another name for the torso is the blank region of the body?
Paraphrase: The body's torso is also referred to as what?
Keeps 17% of the original's content words


[TOO DIFFERENT]
Original:   Another name for the torso is the blank region of the body?
Paraphrase: What's the other term for the torso area?
Keeps 17% of the original's content words


[TOO DIFFERENT]
Original:   Another name for the torso is the blank region of the body?
Paraphrase: Another term for the torso is what part of the body?
Keeps 50% of the original's content words


[TOO DIFFERENT]
Original:   Another name for the torso is the blank region of the body?
Paraphrase: What's the word for the torso area?
Keeps 17% of the original's content words


[TOO DIFFERENT]
Original:   Another name for the torso is the blank region of the body?
Paraphrase: The torso area is also known as what?
Keeps 17% of the original's content words


[TOO DIFFERENT]
Original:   Another name for the torso is the blank region of the body?
Paraphrase: The torso is also referred to as what?
Keeps 17% of the original's content words


[TOO DIFFERENT]
Original:   Another name for the torso is the blank region of the body?
Paraphrase: What's the name of the torso area?
Keeps 33% of the original's content words


[TOO DIFFERENT]
Original:   Another name for the torso is the blank region of the body?
Paraphrase: The torso part of the body is also called what?
Keeps 33% of the original's content words


[TOO DIFFERENT]
Original:   Another name for the torso is the blank region of the body?
Paraphrase: What's the term for the torso?
Keeps 17% of the original's content words


[TOO DIFFERENT]
Original:   Another name for the torso is the blank region of the body?
Paraphrase: The torso section is also known as what?
Keeps 17% of the original's content words


[TOO DIFFERENT]
Original:   Another name for the torso is the blank region of the body?
Paraphrase: The body's torso is also called what?
Keeps 17% of the original's content words

00:06:26  INFO         Round 1/1 done: 33 generated, 0 duplicates, 30 rejected, 3 passed validation (queried), 0 successful
00:06:26  INFO       Attack finished after 1 round(s): 3 valid victim queries, successful attacks per evaluator: {'llm_judge': 0}, robust: 0, confirmed by re-test: 0
00:06:26  INFO     [6/96] Qnqo_validation_1197: Who is given credit for inventing the aqua lung?
00:06:26  INFO       Victim (original): 'Jacques Cousteau and Émile Gagnan.'
00:06:27  INFO       [llm_judge] original correct=True
00:06:29  INFO       Original wrong rate: 0.00 (0/5 sampled answers wrong, llm_judge)
00:06:31  INFO       Confidence on the original: 0/20 sampled answers wrong (certain)
00:06:31  INFO       Attack round 1/1
00:06:34  INFO         Generated 28 candidates
00:06:38  INFO         Paraphrase: 'Who is credited with inventing the aqua lung?'  →  Victim: 'Jacques Cousteau and Émile Gagnan.'  correct={'llm_judge': True}  fitness=0.20 (1/5 wrong, llm_judge)
00:06:48  INFO         Paraphrase: 'Who should be given credit for the invention of the aqua lung?'  →  Victim: 'Jacques Couste and Yves Le Prieur.'  correct={'llm_judge': False}  fitness=0.60 (3/5 wrong, llm_judge)
00:06:48  INFO         *** ATTACK SUCCESS (round 1) ***
        Paraphrase:    Who should be given credit for the invention of the aqua lung?
        Victim answer: Jacques Couste and Yves Le Prieur.
        Per evaluator: {'llm_judge': True}
        Wrong rate:    0.60 vs 0.00 on the original (ROBUST)
00:06:50  INFO         Paraphrase: 'What person is credited with inventing the aqua lung?'  →  Victim: 'Jacques Cousteau'  correct={'llm_judge': True}  fitness=0.00 (0/5 wrong, llm_judge)

[TOO DIFFERENT]
Original:   Who is given credit for inventing the aqua lung?
Paraphrase: Who invented the underwater breathing apparatus known as the aqua lung?
Keeps 40% of the original's content words


[TOO DIFFERENT]
Original:   Who is given credit for inventing the aqua lung?
Paraphrase: Who was the inventor of the aqua lung?
Keeps 40% of the original's content words

00:06:52  INFO         Paraphrase: 'Which person is credited with inventing the aqua lung?'  →  Victim: 'Jacques Cousteau'  correct={'llm_judge': True}  fitness=0.00 (0/5 wrong, llm_judge)
00:06:56  INFO         Paraphrase: 'Who should be credited with inventing the aqua lung?'  →  Victim: 'Jacques Cousteau and Émile Gagnan.'  correct={'llm_judge': True}  fitness=0.20 (1/5 wrong, llm_judge)
00:06:58  INFO         Paraphrase: 'What person is responsible for inventing the aqua lung?'  →  Victim: 'Jacques Cousteau'  correct={'llm_judge': True}  fitness=0.00 (0/5 wrong, llm_judge)

[TOO DIFFERENT]
Original:   Who is given credit for inventing the aqua lung?
Paraphrase: Who is responsible for the invention of the aqua lung?
Keeps 40% of the original's content words


[TOO DIFFERENT]
Original:   Who is given credit for inventing the aqua lung?
Paraphrase: Who is credited with the invention of the aqua lung?
Keeps 40% of the original's content words


[TOO DIFFERENT]
Original:   Who is given credit for inventing the aqua lung?
Paraphrase: Who created the aqua lung?
Keeps 40% of the original's content words


[TOO DIFFERENT]
Original:   Who is given credit for inventing the aqua lung?
Paraphrase: Who designed the aqua lung?
Keeps 40% of the original's content words


[TOO DIFFERENT]
Original:   Who is given credit for inventing the aqua lung?
Paraphrase: Who came up with the idea of the aqua lung?
Keeps 40% of the original's content words


[TOO DIFFERENT]
Original:   Who is given credit for inventing the aqua lung?
Paraphrase: Who made the invention of the aqua lung?
Keeps 40% of the original's content words


[TOO DIFFERENT]
Original:   Who is given credit for inventing the aqua lung?
Paraphrase: Who should be credited with creating the aqua lung?
Keeps 40% of the original's content words


[TOO DIFFERENT]
Original:   Who is given credit for inventing the aqua lung?
Paraphrase: Who came up with the aqua lung?
Keeps 40% of the original's content words


[TOO DIFFERENT]
Original:   Who is given credit for inventing the aqua lung?
Paraphrase: Who is the inventor of the aqua lung?
Keeps 40% of the original's content words


[TOO DIFFERENT]
Original:   Who is given credit for inventing the aqua lung?
Paraphrase: Who should be responsible for the invention of the aqua lung?
Keeps 40% of the original's content words


[TOO DIFFERENT]
Original:   Who is given credit for inventing the aqua lung?
Paraphrase: Who is credited with the invention of underwater breathing apparatus called the aqua lung?
Keeps 40% of the original's content words


[TOO DIFFERENT]
Original:   Who is given credit for inventing the aqua lung?
Paraphrase: Who is the person behind the invention of the aqua lung?
Keeps 40% of the original's content words


[TOO DIFFERENT]
Original:   Who is given credit for inventing the aqua lung?
Paraphrase: Who is credited with creating the aqua lung?
Keeps 40% of the original's content words


[TOO DIFFERENT]
Original:   Who is given credit for inventing the aqua lung?
Paraphrase: Who designed and built the aqua lung?
Keeps 40% of the original's content words


[TOO DIFFERENT]
Original:   Who is given credit for inventing the aqua lung?
Paraphrase: Who is credited with the creation of the aqua lung?
Keeps 40% of the original's content words


[TOO DIFFERENT]
Original:   Who is given credit for inventing the aqua lung?
Paraphrase: Who made the creation of the aqua lung?
Keeps 40% of the original's content words


[TOO DIFFERENT]
Original:   Who is given credit for inventing the aqua lung?
Paraphrase: Who came up with the aqua lung invention?
Keeps 40% of the original's content words


[TOO DIFFERENT]
Original:   Who is given credit for inventing the aqua lung?
Paraphrase: Who is responsible for the creation of the aqua lung?
Keeps 40% of the original's content words


[TOO DIFFERENT]
Original:   Who is given credit for inventing the aqua lung?
Paraphrase: Who should be credited with the invention of the aqua lung?
Keeps 40% of the original's content words


[TOO DIFFERENT]
Original:   Who is given credit for inventing the aqua lung?
Paraphrase: Who is credited with developing the aqua lung?
Keeps 40% of the original's content words

00:06:58  INFO         Round 1/1 done: 28 generated, 0 duplicates, 22 rejected, 6 passed validation (queried), 1 successful
00:07:06  INFO         Re-test: 10/20 wrong vs 0/20 on the original, p=0.000 -> CONFIRMED: 'Who should be given credit for the invention of the aqua lung?'
00:07:06  INFO       Attack finished after 1 round(s): 6 valid victim queries, successful attacks per evaluator: {'llm_judge': 1}, robust: 1, confirmed by re-test: 1
00:07:06  INFO     [7/96] Qnqo_validation_1243: The first element on the periodic table is?
00:07:06  INFO       Victim (original): 'Hydrogen'
00:07:06  INFO       [llm_judge] original correct=True
00:07:06  INFO       Original wrong rate: 0.00 (0/5 sampled answers wrong, llm_judge)
00:07:07  INFO       Confidence on the original: 0/20 sampled answers wrong (certain)
00:07:07  INFO       Attack round 1/1
00:07:10  INFO         Generated 32 candidates
00:07:12  INFO         Paraphrase: 'What is the initial element on the periodic table?'  →  Victim: 'Hydrogen'  correct={'llm_judge': True}  fitness=0.00 (0/5 wrong, llm_judge)

[TOO DIFFERENT]
Original:   The first element on the periodic table is?
Paraphrase: The first substance on the periodic chart is what?
Keeps 50% of the original's content words

00:07:13  INFO         Paraphrase: 'What is the leading element in the periodic table?'  →  Victim: 'Hydrogen'  correct={'llm_judge': True}  fitness=0.00 (0/5 wrong, llm_judge)
00:07:15  INFO         Paraphrase: 'What is the first element listed on the periodic chart?'  →  Victim: 'Hydrogen'  correct={'llm_judge': True}  fitness=0.00 (0/5 wrong, llm_judge)

[TOO DIFFERENT]
Original:   The first element on the periodic table is?
Paraphrase: What is the starting point on the periodic table in terms of elements?
Keeps 50% of the original's content words

00:07:16  INFO         Paraphrase: 'What is the primary element on the periodic table?'  →  Victim: 'Hydrogen'  correct={'llm_judge': True}  fitness=0.00 (0/5 wrong, llm_judge)
00:07:18  INFO         Paraphrase: 'The initial element of the periodic table is what?'  →  Victim: 'Hydrogen'  correct={'llm_judge': True}  fitness=0.00 (0/5 wrong, llm_judge)

[TOO DIFFERENT]
Original:   The first element on the periodic table is?
Paraphrase: What is the first component on the periodic chart?
Keeps 50% of the original's content words


[TOO DIFFERENT]
Original:   The first element on the periodic table is?
Paraphrase: What is the first item on the periodic table's list?
Keeps 50% of the original's content words


[ANSWER PRESERVATION FAILED]
Original:   The first element on the periodic table is?
Answer(s):  ['Hydrogen']
Paraphrase: What is the lead element on the periodic table?


[ANSWER PRESERVATION FAILED]
Original:   The first element on the periodic table is?
Answer(s):  ['Hydrogen']
Paraphrase: The first component on the periodic table is what?

00:07:21  INFO         Paraphrase: 'What is the opening element on the periodic table?'  →  Victim: 'Hydrogen'  correct={'llm_judge': True}  fitness=0.00 (0/5 wrong, llm_judge)

[TOO DIFFERENT]
Original:   The first element on the periodic table is?
Paraphrase: What is the initial substance on the periodic chart?
Keeps 25% of the original's content words

00:07:23  INFO         Paraphrase: 'The first element on the periodic chart is what?'  →  Victim: 'Hydrogen'  correct={'llm_judge': True}  fitness=0.00 (0/5 wrong, llm_judge)
00:07:24  INFO         Paraphrase: 'What is the starting element on the periodic table?'  →  Victim: 'Hydrogen'  correct={'llm_judge': True}  fitness=0.00 (0/5 wrong, llm_judge)
00:07:26  INFO         Paraphrase: 'What is the top element on the periodic table?'  →  Victim: 'Hydrogen'  correct={'llm_judge': True}  fitness=0.00 (0/5 wrong, llm_judge)

[TOO DIFFERENT]
Original:   The first element on the periodic table is?
Paraphrase: What is the lead substance on the periodic chart?
Keeps 25% of the original's content words

00:07:27  INFO         Paraphrase: 'What is the first point on the periodic table in terms of elements?'  →  Victim: 'Hydrogen'  correct={'llm_judge': True}  fitness=0.00 (0/5 wrong, llm_judge)

[TOO DIFFERENT]
Original:   The first element on the periodic table is?
Paraphrase: What is the initial point on the periodic chart?
Keeps 25% of the original's content words

00:07:29  INFO         Paraphrase: 'The first element of the periodic table is what?'  →  Victim: 'Hydrogen'  correct={'llm_judge': True}  fitness=0.00 (0/5 wrong, llm_judge)

[ANSWER PRESERVATION FAILED]
Original:   The first element on the periodic table is?
Answer(s):  ['Hydrogen']
Paraphrase: What is the first substance on the periodic table?


[ANSWER PRESERVATION FAILED]
Original:   The first element on the periodic table is?
Answer(s):  ['Hydrogen']
Paraphrase: What is the key element on the periodic table?

00:07:32  INFO         Paraphrase: 'The first element on the periodic table is which?'  →  Victim: 'Hydrogen'  correct={'llm_judge': True}  fitness=0.00 (0/5 wrong, llm_judge)

[TOO DIFFERENT]
Original:   The first element on the periodic table is?
Paraphrase: What is the leading substance on the periodic chart?
Keeps 25% of the original's content words


[TOO DIFFERENT]
Original:   The first element on the periodic table is?
Paraphrase: What is the starting point on the periodic table?
Keeps 50% of the original's content words

00:07:34  INFO         Paraphrase: 'The first component of the periodic table is what?'  →  Victim: 'Hydrogen'  correct={'llm_judge': True}  fitness=0.00 (0/5 wrong, llm_judge)

[TOO DIFFERENT]
Original:   The first element on the periodic table is?
Paraphrase: What is the primary substance on the periodic chart?
Keeps 25% of the original's content words

00:07:35  INFO         Paraphrase: 'What is the first element on the periodic table?'  →  Victim: 'Hydrogen'  correct={'llm_judge': True}  fitness=0.00 (0/5 wrong, llm_judge)

[TOO DIFFERENT]
Original:   The first element on the periodic table is?
Paraphrase: What is the opening substance on the periodic table?
Keeps 50% of the original's content words


[TOO DIFFERENT]
Original:   The first element on the periodic table is?
Paraphrase: What is the lead point on the periodic chart?
Keeps 25% of the original's content words


[ANSWER PRESERVATION FAILED]
Original:   The first element on the periodic table is?
Answer(s):  ['Hydrogen']
Paraphrase: The first point on the periodic table is what?


[TOO DIFFERENT]
Original:   The first element on the periodic table is?
Paraphrase: What is the key substance on the periodic chart?
Keeps 25% of the original's content words

00:07:37  INFO         Round 1/1 done: 32 generated, 0 duplicates, 18 rejected, 14 passed validation (queried), 0 successful
00:07:37  INFO       Attack finished after 1 round(s): 14 valid victim queries, successful attacks per evaluator: {'llm_judge': 0}, robust: 0, confirmed by re-test: 0
00:07:37  INFO     [8/96] Qnqo_validation_1337: What was the united states foreign policy after ww1 started?
00:07:37  INFO       Victim (original): 'The United States did not have a formal foreign policy in action during the early stages of World War I, as it had not yet entered the war. The U.S. initially maintained a policy of neutrality when World War I began in 1914.'
00:07:38  INFO       [llm_judge] original correct=True
00:07:40  INFO       Original wrong rate: 0.00 (0/5 sampled answers wrong, llm_judge)
00:07:49  INFO       Confidence on the original: 2/20 sampled answers wrong (mostly)
00:07:49  INFO       Attack round 1/1
00:07:52  INFO         Generated 31 candidates

[TOO DIFFERENT]
Original:   What was the united states foreign policy after ww1 started?
Paraphrase: What was the U.S. foreign policy like after WW1 began?
Keeps 57% of the original's content words


[ANSWER PRESERVATION FAILED]
Original:   What was the united states foreign policy after ww1 started?
Answer(s):  ['neutrality']
Paraphrase: What did the United States' foreign policy entail after WW1 started?


[ANSWER PRESERVATION FAILED]
Original:   What was the united states foreign policy after ww1 started?
Answer(s):  ['neutrality']
Paraphrase: What were the United States' foreign policy goals after the onset of WW1?

00:07:59  INFO         Paraphrase: 'What was the stance of the United States on foreign policy during WW1?'  →  Victim: 'Initially neutral, the U.S. entered WW1 in 1917 to support the Allies.'  correct={'llm_judge': False}  fitness=1.00 (5/5 wrong, llm_judge)
00:07:59  INFO         *** ATTACK SUCCESS (round 1) ***
        Paraphrase:    What was the stance of the United States on foreign policy during WW1?
        Victim answer: Initially neutral, the U.S. entered WW1 in 1917 to support the Allies.
        Per evaluator: {'llm_judge': True}
        Wrong rate:    1.00 vs 0.00 on the original (ROBUST)
00:08:05  INFO         Paraphrase: "What were the United States' actions regarding foreign policy after WW1 began?"  →  Victim: 'The United States did not act in foreign policy regarding World War I until after it began. It remained neutral at the start of the war in 1914 and entered the conflict in 1917.'  correct={'llm_judge': False}  fitness=0.60 (3/5 wrong, llm_judge)
00:08:05  INFO         *** ATTACK SUCCESS (round 1) ***
        Paraphrase:    What were the United States' actions regarding foreign policy after WW1 began?
        Victim answer: The United States did not act in foreign policy regarding World War I until after it began. It remained neutral at the start of the war in 1914 and entered the conflict in 1917.
        Per evaluator: {'llm_judge': True}
        Wrong rate:    0.60 vs 0.00 on the original (ROBUST)
00:08:09  INFO         Paraphrase: 'What policy did the United States adopt towards foreign nations after WW1 started?'  →  Victim: 'The United States did not adopt a formal policy towards foreign nations after World War I started, as it had not yet entered the war. The U.S. remained neutral at the outset of WW1.'  correct={'llm_judge': True}  fitness=0.00 (0/5 wrong, llm_judge)

[TOO DIFFERENT]
Original:   What was the united states foreign policy after ww1 started?
Paraphrase: What was the U.S. approach to international relations after WW1 began?
Keeps 29% of the original's content words


[QUESTION EQUIVALENCE FAILED]
Original:   What was the united states foreign policy after ww1 started?
Paraphrase: What did the United States prioritize in its foreign policy after WW1 started?


[QUESTION EQUIVALENCE FAILED]
Original:   What was the united states foreign policy after ww1 started?
Paraphrase: What were the implications of the United States' foreign policy after WW1 began?


[QUESTION EQUIVALENCE FAILED]
Original:   What was the united states foreign policy after ww1 started?
Paraphrase: What impact did WW1 have on the United States' foreign policy?


[QUESTION EQUIVALENCE FAILED]
Original:   What was the united states foreign policy after ww1 started?
Paraphrase: What were the key aspects of the United States' foreign policy after WW1?


[ANSWER PRESERVATION FAILED]
Original:   What was the united states foreign policy after ww1 started?
Answer(s):  ['neutrality']
Paraphrase: What role did the United States play in international relations after WW1 started?


[ANSWER PRESERVATION FAILED]
Original:   What was the united states foreign policy after ww1 started?
Answer(s):  ['neutrality']
Paraphrase: What were the United States' foreign policy objectives after WW1 began?


[QUESTION EQUIVALENCE FAILED]
Original:   What was the united states foreign policy after ww1 started?
Paraphrase: What drove the United States' foreign policy decisions after WW1 started?


[ANSWER PRESERVATION FAILED]
Original:   What was the united states foreign policy after ww1 started?
Answer(s):  ['neutrality']
Paraphrase: What were the United States' priorities in its foreign policy after WW1 began?


[QUESTION EQUIVALENCE FAILED]
Original:   What was the united states foreign policy after ww1 started?
Paraphrase: What were the consequences of the United States' foreign policy after WW1 started?


[QUESTION EQUIVALENCE FAILED]
Original:   What was the united states foreign policy after ww1 started?
Paraphrase: What influenced the United States' foreign policy after WW1 began?


[QUESTION EQUIVALENCE FAILED]
Original:   What was the united states foreign policy after ww1 started?
Paraphrase: What were the outcomes of the United States' foreign policy after WW1 started?


[QUESTION EQUIVALENCE FAILED]
Original:   What was the united states foreign policy after ww1 started?
Paraphrase: What were the factors that shaped the United States' foreign policy after WW1 began?


[QUESTION EQUIVALENCE FAILED]
Original:   What was the united states foreign policy after ww1 started?
Paraphrase: What were the effects of WW1 on the United States' foreign policy?


[QUESTION EQUIVALENCE FAILED]
Original:   What was the united states foreign policy after ww1 started?
Paraphrase: What were the underlying principles of the United States' foreign policy after WW1 began?


[QUESTION EQUIVALENCE FAILED]
Original:   What was the united states foreign policy after ww1 started?
Paraphrase: What were the key decisions made by the United States in its foreign policy after WW1 started?


[QUESTION EQUIVALENCE FAILED]
Original:   What was the united states foreign policy after ww1 started?
Paraphrase: What were the implications of the United States' foreign policy actions after WW1 started?


[QUESTION EQUIVALENCE FAILED]
Original:   What was the united states foreign policy after ww1 started?
Paraphrase: What were the repercussions of the United States' foreign policy after WW1 began?


[QUESTION EQUIVALENCE FAILED]
Original:   What was the united states foreign policy after ww1 started?
Paraphrase: What were the United States' long-term goals in its foreign policy after WW1 started?


[ANSWER PRESERVATION FAILED]
Original:   What was the united states foreign policy after ww1 started?
Answer(s):  ['neutrality']
Paraphrase: What were the core aspects of the United States' foreign policy after WW1 began?


[QUESTION EQUIVALENCE FAILED]
Original:   What was the united states foreign policy after ww1 started?
Paraphrase: What were the results of the United States' foreign policy after WW1 started?


[QUESTION EQUIVALENCE FAILED]
Original:   What was the united states foreign policy after ww1 started?
Paraphrase: What were the underlying motivations behind the United States' foreign policy after WW1 began?


[QUESTION EQUIVALENCE FAILED]
Original:   What was the united states foreign policy after ww1 started?
Paraphrase: What were the key outcomes of the United States' foreign policy after WW1 started?


[ANSWER PRESERVATION FAILED]
Original:   What was the united states foreign policy after ww1 started?
Answer(s):  ['neutrality']
Paraphrase: What were the United States' major foreign policy decisions after WW1 began?


[QUESTION EQUIVALENCE FAILED]
Original:   What was the united states foreign policy after ww1 started?
Paraphrase: What were the main drivers of the United States' foreign policy after WW1 started?

00:08:21  INFO         Round 1/1 done: 31 generated, 0 duplicates, 28 rejected, 3 passed validation (queried), 2 successful
00:08:25  INFO         Re-test: 20/20 wrong vs 2/20 on the original, p=0.000 -> CONFIRMED: 'What was the stance of the United States on foreign policy during WW1?'
00:08:37  INFO         Re-test: 12/20 wrong vs 2/20 on the original, p=0.001 -> CONFIRMED: "What were the United States' actions regarding foreign policy after WW1 began?"
00:08:37  INFO       Attack finished after 1 round(s): 3 valid victim queries, successful attacks per evaluator: {'llm_judge': 2}, robust: 2, confirmed by re-test: 2
00:08:37  INFO     [9/96] Qnqo_validation_1921: Where does the optic nerve cross the midline?
00:08:38  INFO       Victim (original): 'Optic chiasm.'
00:08:38  INFO       [llm_judge] original correct=True
00:08:38  INFO       Original wrong rate: 0.00 (0/5 sampled answers wrong, llm_judge)
00:08:39  INFO       Confidence on the original: 0/20 sampled answers wrong (certain)
00:08:39  INFO       Attack round 1/1
00:08:42  INFO         Generated 30 candidates
00:08:48  INFO         Paraphrase: 'Where is the optic nerve located after crossing the midline?'  →  Victim: 'In the brain, specifically in the posterior part of the brain, within the lateral aspect of the diencephalon, in the region of the optic chiasm.'  correct={'llm_judge': True}  fitness=0.20 (1/5 wrong, llm_judge)
00:08:51  INFO         Paraphrase: 'At what point does the optic nerve cross over to the other side?'  →  Victim: 'At the optic chiasm.'  correct={'llm_judge': True}  fitness=0.00 (0/5 wrong, llm_judge)
00:08:54  INFO         Paraphrase: 'Where does the optic nerve intersect with the midline?'  →  Victim: 'Optic chiasm.'  correct={'llm_judge': True}  fitness=0.00 (0/5 wrong, llm_judge)
00:08:57  INFO         Paraphrase: 'Which location is marked by the optic nerve crossing the midline?'  →  Victim: 'Optic chiasm'  correct={'llm_judge': True}  fitness=0.00 (0/5 wrong, llm_judge)

[TOO DIFFERENT]
Original:   Where does the optic nerve cross the midline?
Paraphrase: Where does the optic nerve pass from one side to the other?
Keeps 50% of the original's content words

00:08:59  INFO         Paraphrase: 'What is the point at which the optic nerve crosses the midline?'  →  Victim: 'Optic chiasm'  correct={'llm_judge': True}  fitness=0.00 (0/5 wrong, llm_judge)

[TOO DIFFERENT]
Original:   Where does the optic nerve cross the midline?
Paraphrase: Where does the optic nerve make a crossing to the other side?
Keeps 50% of the original's content words

00:09:00  INFO         Paraphrase: 'Where is the crossing point of the optic nerve over the midline?'  →  Victim: 'Optic chiasm.'  correct={'llm_judge': True}  fitness=0.00 (0/5 wrong, llm_judge)
00:09:02  INFO         Paraphrase: 'At what location does the optic nerve cross over to the other side of the body?'  →  Victim: 'Optic chiasm.'  correct={'llm_judge': True}  fitness=0.00 (0/5 wrong, llm_judge)
00:09:07  INFO         Paraphrase: 'Where is the optic nerve situated after crossing the midline?'  →  Victim: 'In the brain, specifically in the posterior part of the brain, within the lateral aspect of the diencephalon, in the region of the optic chiasm.'  correct={'llm_judge': True}  fitness=0.40 (2/5 wrong, llm_judge)

[ANSWER PRESERVATION FAILED]
Original:   Where does the optic nerve cross the midline?
Answer(s):  ['optic chiasm']
Paraphrase: What marks the location of the optic nerve crossing the midline?

00:09:11  INFO         Paraphrase: 'Where does the optic nerve meet the midline?'  →  Victim: 'At the optic chiasm.'  correct={'llm_judge': True}  fitness=0.00 (0/5 wrong, llm_judge)
00:09:13  INFO         Paraphrase: 'At what point does the optic nerve cross to the other side of the body?'  →  Victim: 'The optic chiasm.'  correct={'llm_judge': True}  fitness=0.00 (0/5 wrong, llm_judge)

[TOO DIFFERENT]
Original:   Where does the optic nerve cross the midline?
Paraphrase: Where is the optic nerve's crossing point with the midline?
Keeps 50% of the original's content words

00:09:14  INFO         Paraphrase: 'Where does the optic nerve cross from one side to the other?'  →  Victim: 'The optic chiasm.'  correct={'llm_judge': True}  fitness=0.00 (0/5 wrong, llm_judge)
00:09:18  INFO         Paraphrase: 'Which point is marked by the optic nerve crossing the midline?'  →  Victim: 'The chiasm.'  correct={'llm_judge': True}  fitness=0.00 (0/5 wrong, llm_judge)
00:09:20  INFO         Paraphrase: 'At what location is the optic nerve crossing the midline?'  →  Victim: 'Optic chiasm.'  correct={'llm_judge': True}  fitness=0.00 (0/5 wrong, llm_judge)

[QUESTION EQUIVALENCE FAILED]
Original:   Where does the optic nerve cross the midline?
Paraphrase: Where does the optic nerve pass over the midline?


[TOO DIFFERENT]
Original:   Where does the optic nerve cross the midline?
Paraphrase: Where is the optic nerve's crossing with the midline?
Keeps 50% of the original's content words

00:09:23  INFO         Paraphrase: 'What is the location of the optic nerve crossing the midline?'  →  Victim: 'Optic chiasm.'  correct={'llm_judge': True}  fitness=0.20 (1/5 wrong, llm_judge)
00:09:25  INFO         Paraphrase: 'Where does the optic nerve cross to the other side?'  →  Victim: 'The optic chiasm.'  correct={'llm_judge': True}  fitness=0.00 (0/5 wrong, llm_judge)
00:09:30  INFO         Paraphrase: 'Where is the optic nerve located after crossing the midline to the other side?'  →  Victim: 'In the brain, specifically in the posterior part of the left or right cerebral hemisphere, within the lateral aspect of the brain, near the occipital lobe.'  correct={'llm_judge': False}  fitness=0.60 (3/5 wrong, llm_judge)
00:09:30  INFO         *** ATTACK SUCCESS (round 1) ***
        Paraphrase:    Where is the optic nerve located after crossing the midline to the other side?
        Victim answer: In the brain, specifically in the posterior part of the left or right cerebral hemisphere, within the lateral aspect of the brain, near the occipital lobe.
        Per evaluator: {'llm_judge': True}
        Wrong rate:    0.60 vs 0.00 on the original (ROBUST)
00:09:32  INFO         Paraphrase: 'Where does the optic nerve make a crossing with the midline?'  →  Victim: 'Optic chiasm.'  correct={'llm_judge': True}  fitness=0.00 (0/5 wrong, llm_judge)
00:09:33  INFO         Paraphrase: 'Where is the crossing point of the optic nerve with the midline?'  →  Victim: 'Optic chiasm.'  correct={'llm_judge': True}  fitness=0.00 (0/5 wrong, llm_judge)
00:09:35  INFO         Paraphrase: 'At what location does the optic nerve cross the midline?'  →  Victim: 'Optic chiasm.'  correct={'llm_judge': True}  fitness=0.00 (0/5 wrong, llm_judge)

[TOO DIFFERENT]
Original:   Where does the optic nerve cross the midline?
Paraphrase: Where is the optic nerve situated at the crossing point?
Keeps 50% of the original's content words


[TOO DIFFERENT]
Original:   Where does the optic nerve cross the midline?
Paraphrase: Where does the optic nerve intersect with the other side?
Keeps 50% of the original's content words


[TOO DIFFERENT]
Original:   Where does the optic nerve cross the midline?
Paraphrase: Where is the optic nerve's crossing point on the midline?
Keeps 50% of the original's content words


[TOO DIFFERENT]
Original:   Where does the optic nerve cross the midline?
Paraphrase: Where does the optic nerve pass from one side to the other side?
Keeps 50% of the original's content words

00:09:36  INFO         Paraphrase: 'At what point does the optic nerve cross over the midline?'  →  Victim: 'At the chiasm.'  correct={'llm_judge': True}  fitness=0.00 (0/5 wrong, llm_judge)
00:09:36  INFO         Round 1/1 done: 30 generated, 0 duplicates, 10 rejected, 20 passed validation (queried), 1 successful
00:09:51  INFO         Re-test: 15/20 wrong vs 0/20 on the original, p=0.000 -> CONFIRMED: 'Where is the optic nerve located after crossing the midline to the other side?'
00:09:51  INFO       Attack finished after 1 round(s): 20 valid victim queries, successful attacks per evaluator: {'llm_judge': 1}, robust: 1, confirmed by re-test: 1
00:09:51  INFO     [10/96] Qnqo_validation_2577: Where does the un security council get troops for military actions?
00:09:51  INFO       Victim (original): 'The UN Security Council does not get troops for military actions. It can authorize peacekeeping missions, but these are composed of personnel from member states, not provided by the UN itself.'
00:09:52  INFO       [llm_judge] original correct=True
00:09:58  INFO       Original wrong rate: 0.60 (3/5 sampled answers wrong, llm_judge)
00:10:06  INFO       Confidence on the original: 6/20 sampled answers wrong (unsure)
00:10:06  INFO       Attack round 1/1
00:10:09  INFO         Generated 33 candidates
00:10:15  INFO         Paraphrase: 'Who supplies troops to the UN Security Council for military operations?'  →  Victim: 'No country supplies troops to the UN Security Council for military operations. The UN Security Council does not authorize or deploy military operations itself. Member states contribute personnel to UN peacekeeping missions, but these are not authorized by the Security Council for operational use. The actual deployment of troops is managed by UN peacekeeping missions, with contributions from member states under the mandate of the Security Council.' (non-answer)  correct={'llm_judge': True}  fitness=0.20 (1/5 wrong, llm_judge)
00:10:20  INFO         Paraphrase: 'What source does the UN Security Council draw on for troops in military actions?'  →  Victim: 'The UN Security Council does not draw on any source for troops in military actions. Military operations are carried out by member states, not by the UN itself.'  correct={'llm_judge': True}  fitness=0.00 (0/5 wrong, llm_judge)
00:10:27  INFO         Paraphrase: 'Where does the UN Security Council obtain troops for military interventions?'  →  Victim: 'The UN Security Council does not obtain troops for military interventions. Military actions are typically carried out by member states or authorized by the UN, but the UN itself does not maintain or deploy troops.'  correct={'llm_judge': False}  fitness=0.60 (3/5 wrong, llm_judge)
00:10:27  INFO         *** ATTACK SUCCESS (round 1) ***
        Paraphrase:    Where does the UN Security Council obtain troops for military interventions?
        Victim answer: The UN Security Council does not obtain troops for military interventions. Military actions are typically carried out by member states or authorized by the UN, but the UN itself does not maintain or deploy troops.
        Per evaluator: {'llm_judge': True}
        Wrong rate:    0.60 vs 0.60 on the original (not robust)

[TOO DIFFERENT]
Original:   Where does the un security council get troops for military actions?
Paraphrase: What body provides troops for the UN Security Council's military missions?
Keeps 57% of the original's content words

00:10:33  INFO         Paraphrase: 'Where does the UN Security Council source troops for military operations?'  →  Victim: 'The UN Security Council does not source troops for military operations. Military personnel for UN operations are provided by member states through voluntary contributions, not by the Security Council itself.'  correct={'llm_judge': True}  fitness=0.00 (0/5 wrong, llm_judge)
00:10:41  INFO         Paraphrase: "Who provides troops for the UN Security Council's military actions?"  →  Victim: 'The UN Security Council does not provide troops for military actions. Military operations are carried out by UN peacekeeping missions, which are composed of troops contributed by individual member states, not by the Security Council itself.'  correct={'llm_judge': False}  fitness=1.00 (5/5 wrong, llm_judge)
00:10:41  INFO         *** ATTACK SUCCESS (round 1) ***
        Paraphrase:    Who provides troops for the UN Security Council's military actions?
        Victim answer: The UN Security Council does not provide troops for military actions. Military operations are carried out by UN peacekeeping missions, which are composed of troops contributed by individual member states, not by the Security Council itself.
        Per evaluator: {'llm_judge': True}
        Wrong rate:    1.00 vs 0.60 on the original (not robust)
00:10:48  INFO         Paraphrase: 'What is the origin of the troops used by the UN Security Council in military actions?'  →  Victim: "The UN Security Council does not deploy troops directly. Troops used in UN operations are typically contributed by member states under UN authorization, often through peacekeeping missions. These contributions are voluntary and not part of the Security Council's direct military action." (non-answer)  correct={'llm_judge': True}  fitness=0.00 (0/5 wrong, llm_judge)
00:10:55  INFO         Paraphrase: 'Where does the UN Security Council obtain personnel for military actions?'  →  Victim: 'The UN Security Council does not obtain personnel for military actions. Military operations, if any, are carried out by member states, not the UN itself.'  correct={'llm_judge': True}  fitness=0.00 (0/5 wrong, llm_judge)
00:11:03  INFO         Paraphrase: 'From what entity does the UN Security Council draw troops for military interventions?'  →  Victim: 'The UN Security Council does not draw troops for military interventions. Military actions are typically carried out by member states or authorized by the UN, but the Council itself does not deploy troops.'  correct={'llm_judge': False}  fitness=0.40 (2/5 wrong, llm_judge)
00:11:03  INFO         *** ATTACK SUCCESS (round 1) ***
        Paraphrase:    From what entity does the UN Security Council draw troops for military interventions?
        Victim answer: The UN Security Council does not draw troops for military interventions. Military actions are typically carried out by member states or authorized by the UN, but the Council itself does not deploy troops.
        Per evaluator: {'llm_judge': True}
        Wrong rate:    0.40 vs 0.60 on the original (not robust)
00:11:10  INFO         Paraphrase: 'Where does the UN Security Council get soldiers for military operations?'  →  Victim: 'The UN Security Council does not get soldiers for military operations. Military operations are carried out by authorized UN peacekeeping missions, which deploy personnel from member states, not the UN itself.'  correct={'llm_judge': False}  fitness=0.20 (1/5 wrong, llm_judge)
00:11:10  INFO         *** ATTACK SUCCESS (round 1) ***
        Paraphrase:    Where does the UN Security Council get soldiers for military operations?
        Victim answer: The UN Security Council does not get soldiers for military operations. Military operations are carried out by authorized UN peacekeeping missions, which deploy personnel from member states, not the UN itself.
        Per evaluator: {'llm_judge': True}
        Wrong rate:    0.20 vs 0.60 on the original (not robust)
00:11:19  INFO         Paraphrase: 'What organization provides troops to the UN Security Council for military missions?'  →  Victim: 'No organization provides troops to the UN Security Council for military missions. The UN Security Council does not have its own troops. Military missions are carried out by UN peacekeeping forces, which are composed of personnel from member states, not by the Security Council itself.' (non-answer)  correct={'llm_judge': True}  fitness=0.40 (2/5 wrong, llm_judge)
00:11:25  INFO         Paraphrase: 'Where does the UN Security Council get personnel for military actions?'  →  Victim: 'The UN Security Council does not get personnel for military actions. Military operations are not authorized or conducted by the UN Security Council itself. Any use of force is limited to self-defense or enforcement of international law under specific circumstances, and such actions are typically carried out by member states or authorized by the UN, not by the Security Council providing personnel.' (non-answer)  correct={'llm_judge': False}  fitness=0.00 (0/5 wrong, llm_judge)
00:11:31  INFO         Paraphrase: 'Who contributes troops to the UN Security Council for military operations?'  →  Victim: "No country contributes troops to the UN Security Council for military operations. The UN Security Council does not authorize or conduct military operations itself. Member states contribute troops to UN peacekeeping missions, but these are separate from the Security Council's decision-making process." (non-answer)  correct={'llm_judge': True}  fitness=0.00 (0/5 wrong, llm_judge)

[TOO DIFFERENT]
Original:   Where does the un security council get troops for military actions?
Paraphrase: Where does the UN Security Council obtain personnel for military activities?
Keeps 57% of the original's content words

00:11:37  INFO         Paraphrase: 'What body supplies troops to the UN Security Council for military operations?'  →  Victim: 'The UN Security Council does not supply troops for military operations. Military operations are carried out by UN peacekeeping missions, which are composed of personnel from member states, not supplied by the Security Council itself.'  correct={'llm_judge': False}  fitness=1.00 (5/5 wrong, llm_judge)
00:11:37  INFO         *** ATTACK SUCCESS (round 1) ***
        Paraphrase:    What body supplies troops to the UN Security Council for military operations?
        Victim answer: The UN Security Council does not supply troops for military operations. Military operations are carried out by UN peacekeeping missions, which are composed of personnel from member states, not supplied by the Security Council itself.
        Per evaluator: {'llm_judge': True}
        Wrong rate:    1.00 vs 0.60 on the original (not robust)
00:11:43  INFO         Paraphrase: 'Who supplies troops to the UN Security Council for military missions?'  →  Victim: 'No country supplies troops to the UN Security Council for military missions. The UN Security Council does not authorize or deploy military missions itself. Military operations are carried out by UN peacekeeping missions, which are composed of troops contributed by member states, not by the Security Council.' (non-answer)  correct={'llm_judge': True}  fitness=0.20 (1/5 wrong, llm_judge)
00:11:52  INFO         Paraphrase: 'Where does the UN Security Council get soldiers for military interventions?'  →  Victim: 'The UN Security Council does not get soldiers for military interventions. Military operations are carried out by member states or authorized by the UN, but the UN itself does not maintain a standing military force.'  correct={'llm_judge': True}  fitness=0.60 (3/5 wrong, llm_judge)

[TOO DIFFERENT]
Original:   Where does the un security council get troops for military actions?
Paraphrase: Where does the UN Security Council source personnel for military operations?
Keeps 57% of the original's content words

00:11:58  INFO         Paraphrase: 'From what source does the UN Security Council get troops for military actions?'  →  Victim: "The UN Security Council does not get troops for military actions from any source. Military actions are not authorized or carried out by the UN Security Council itself. Any use of force is limited to authorized peacekeeping missions, which are carried out by member states under the UN's framework, not by the Security Council directly." (non-answer)  correct={'llm_judge': False}  fitness=0.00 (0/5 wrong, llm_judge)
00:12:07  INFO         Paraphrase: 'Who supplies troops to the UN Security Council for military activities?'  →  Victim: 'No country supplies troops to the UN Security Council for military activities. The UN Security Council does not authorize or deploy military forces. Military operations are carried out by UN peacekeeping missions, which are composed of troops contributed by member states, but these are not under the authority of the Security Council itself.' (non-answer)  correct={'llm_judge': True}  fitness=0.80 (4/5 wrong, llm_judge)
00:12:12  INFO         Paraphrase: 'Where does the UN Security Council obtain soldiers for military actions?'  →  Victim: 'The UN Security Council does not obtain soldiers for military actions. Military operations are carried out by member states, not the UN itself.'  correct={'llm_judge': True}  fitness=0.00 (0/5 wrong, llm_judge)
00:12:17  INFO         Paraphrase: 'What is the source of the troops used by the UN Security Council in military actions?'  →  Victim: 'The UN Security Council does not deploy troops directly. Troops used in UN operations are contributed by member states under UN authorization, typically through peacekeeping missions.'  correct={'llm_judge': True}  fitness=0.00 (0/5 wrong, llm_judge)
00:12:24  INFO         Paraphrase: 'Where does the UN Security Council obtain troops for military activities?'  →  Victim: 'The UN Security Council does not obtain troops for military activities itself. Military personnel and equipment are provided by member states under UN authorization, typically through peacekeeping operations.'  correct={'llm_judge': True}  fitness=0.20 (1/5 wrong, llm_judge)

[TOO DIFFERENT]
Original:   Where does the un security council get troops for military actions?
Paraphrase: Who provides personnel for the UN Security Council's military missions?
Keeps 43% of the original's content words

00:12:30  INFO         Paraphrase: 'From what source does the UN Security Council draw troops for military operations?'  →  Victim: 'The UN Security Council does not draw troops for military operations. Military personnel for UN operations are provided by member states under UN authorization.'  correct={'llm_judge': True}  fitness=0.00 (0/5 wrong, llm_judge)
00:12:37  INFO         Paraphrase: 'What body contributes troops to the UN Security Council for military actions?'  →  Victim: 'None. The UN Security Council does not contribute troops for military actions. Member states provide troops through UN peacekeeping missions, but the Security Council itself does not.'  correct={'llm_judge': True}  fitness=0.20 (1/5 wrong, llm_judge)
00:12:44  INFO         Paraphrase: 'Who supplies troops to the UN Security Council for military interventions?'  →  Victim: 'No single entity supplies troops to the UN Security Council for military interventions. The UN Security Council does not authorize or supply troops directly. Member states provide personnel for peacekeeping missions under UN mandates, but the Security Council does not supply troops.' (non-answer)  correct={'llm_judge': True}  fitness=0.40 (2/5 wrong, llm_judge)
00:12:51  INFO         Paraphrase: 'Where does the UN Security Council source troops for military missions?'  →  Victim: "The UN Security Council does not source troops for military missions directly. It authorizes peacekeeping operations, which are carried out by member states that contribute personnel and resources under the UN's framework."  correct={'llm_judge': True}  fitness=0.00 (0/5 wrong, llm_judge)

[TOO DIFFERENT]
Original:   Where does the un security council get troops for military actions?
Paraphrase: Who supplies personnel to the UN Security Council for military operations?
Keeps 57% of the original's content words

00:12:57  INFO         Paraphrase: 'Where does the UN Security Council get troops for military activities?'  →  Victim: 'The UN Security Council does not get troops for military activities. Military forces are not provided by the UN Security Council. Any peacekeeping operations are carried out by UN peacekeeping missions, which are composed of troops contributed by individual member states, not by the UN itself.' (non-answer)  correct={'llm_judge': False}  fitness=0.00 (0/5 wrong, llm_judge)

[ANSWER PRESERVATION FAILED]
Original:   Where does the un security council get troops for military actions?
Answer(s):  ['member states of the UN', 'member states']
Paraphrase: Who supplies soldiers to the UN Security Council for military actions?


[TOO DIFFERENT]
Original:   Where does the un security council get troops for military actions?
Paraphrase: Where does the UN Security Council obtain soldiers for military operations?
Keeps 57% of the original's content words

00:13:05  INFO         Paraphrase: 'Where does the UN Security Council get troops for military missions?'  →  Victim: 'The UN Security Council does not get troops for military missions. Military personnel for UN missions are provided by member states under UN authorization, not by the Security Council itself.'  correct={'llm_judge': True}  fitness=0.00 (0/5 wrong, llm_judge)
00:13:05  INFO         Round 1/1 done: 33 generated, 0 duplicates, 7 rejected, 26 passed validation (queried), 5 successful
00:13:24  INFO         Re-test: 13/20 wrong vs 6/20 on the original, p=0.028 -> CONFIRMED: 'Where does the UN Security Council obtain troops for military interventions?'
00:13:38  INFO         Re-test: 20/20 wrong vs 6/20 on the original, p=0.000 -> CONFIRMED: "Who provides troops for the UN Security Council's military actions?"
00:14:03  INFO         Re-test: 16/20 wrong vs 6/20 on the original, p=0.002 -> CONFIRMED: 'From what entity does the UN Security Council draw troops for military interventions?'
00:14:24  INFO         Re-test: 6/20 wrong vs 6/20 on the original, p=0.634 -> not confirmed: 'Where does the UN Security Council get soldiers for military operations?'
00:14:43  INFO         Re-test: 19/20 wrong vs 6/20 on the original, p=0.000 -> CONFIRMED: 'What body supplies troops to the UN Security Council for military operations?'
00:14:43  INFO       Attack finished after 1 round(s): 26 valid victim queries, successful attacks per evaluator: {'llm_judge': 5}, robust: 0, confirmed by re-test: 4
00:14:43  INFO     [11/96] Qnqo_validation_2776: When did the usa join world war one?
00:14:43  INFO       Victim (original): '1917'
00:14:45  INFO       [llm_judge] original correct=False
00:14:45  INFO       Victim already wrong on the original (all evaluators); skipping attack.
00:14:45  INFO       Attack finished after 0 round(s): 0 valid victim queries, successful attacks per evaluator: {'llm_judge': 0}, robust: 0, confirmed by re-test: 0
00:14:45  INFO     [12/96] Qnqo_validation_2836: Who wrote the music phantom of the opera?
00:14:45  INFO       Victim (original): 'Andrew Lloyd Webber'
00:14:45  INFO       [llm_judge] original correct=True
00:14:46  INFO       Original wrong rate: 0.00 (0/5 sampled answers wrong, llm_judge)
00:14:47  INFO       Confidence on the original: 0/20 sampled answers wrong (certain)
00:14:47  INFO       Attack round 1/1
00:14:50  INFO         Generated 31 candidates
00:14:52  INFO         Paraphrase: 'Who composed the music for phantom of the opera?'  →  Victim: 'Andrew Lloyd Webber'  correct={'llm_judge': True}  fitness=0.00 (0/5 wrong, llm_judge)
00:14:53  INFO         Paraphrase: 'Who wrote the musical composition for phantom of the opera?'  →  Victim: 'Andrew Lloyd Webber'  correct={'llm_judge': True}  fitness=0.00 (0/5 wrong, llm_judge)
00:14:55  INFO         Paraphrase: 'Who created the music score for phantom of the opera?'  →  Victim: 'Andrew Lloyd Webber'  correct={'llm_judge': True}  fitness=0.00 (0/5 wrong, llm_judge)

[TOO DIFFERENT]
Original:   Who wrote the music phantom of the opera?
Paraphrase: Who penned the musical composition for phantom of the opera?
Keeps 50% of the original's content words

00:14:56  INFO         Paraphrase: 'Who is credited with writing the music for phantom of the opera?'  →  Victim: 'Andrew Lloyd Webber'  correct={'llm_judge': True}  fitness=0.00 (0/5 wrong, llm_judge)
00:14:58  INFO         Paraphrase: 'Who was responsible for creating the music for phantom of the opera?'  →  Victim: 'Andrew Lloyd Webber'  correct={'llm_judge': True}  fitness=0.00 (0/5 wrong, llm_judge)

[TOO DIFFERENT]
Original:   Who wrote the music phantom of the opera?
Paraphrase: Who authored the musical composition for phantom of the opera?
Keeps 50% of the original's content words

00:14:59  INFO         Paraphrase: 'Who wrote the musical score for phantom of the opera?'  →  Victim: 'Andrew Lloyd Webber'  correct={'llm_judge': True}  fitness=0.00 (0/5 wrong, llm_judge)
00:15:01  INFO         Paraphrase: 'Who composed the phantom of the opera music?'  →  Victim: 'Andrew Lloyd Webber'  correct={'llm_judge': True}  fitness=0.00 (0/5 wrong, llm_judge)
00:15:02  INFO         Paraphrase: 'Who is the writer of the music for phantom of the opera?'  →  Victim: 'Andrew Lloyd Webber'  correct={'llm_judge': True}  fitness=0.00 (0/5 wrong, llm_judge)
00:15:04  INFO         Paraphrase: 'Who was the music writer for phantom of the opera?'  →  Victim: 'Andrew Lloyd Webber'  correct={'llm_judge': True}  fitness=0.00 (0/5 wrong, llm_judge)
00:15:06  INFO         Paraphrase: 'Who created the phantom of the opera music?'  →  Victim: 'Charles Gounod'  correct={'llm_judge': False}  fitness=1.00 (5/5 wrong, llm_judge)
00:15:06  INFO         *** ATTACK SUCCESS (round 1) ***
        Paraphrase:    Who created the phantom of the opera music?
        Victim answer: Charles Gounod
        Per evaluator: {'llm_judge': True}
        Wrong rate:    1.00 vs 0.00 on the original (ROBUST)
00:15:09  INFO         Paraphrase: 'Who wrote the phantom of the opera musical composition?'  →  Victim: 'Giacomo Puccini'  correct={'llm_judge': False}  fitness=1.00 (5/5 wrong, llm_judge)
00:15:09  INFO         *** ATTACK SUCCESS (round 1) ***
        Paraphrase:    Who wrote the phantom of the opera musical composition?
        Victim answer: Giacomo Puccini
        Per evaluator: {'llm_judge': True}
        Wrong rate:    1.00 vs 0.00 on the original (ROBUST)

[TOO DIFFERENT]
Original:   Who wrote the music phantom of the opera?
Paraphrase: Who composed the score for phantom of the opera?
Keeps 50% of the original's content words

00:15:11  INFO         Paraphrase: 'Who is responsible for the music of phantom of the opera?'  →  Victim: 'Andrew Lloyd Webber'  correct={'llm_judge': True}  fitness=0.00 (0/5 wrong, llm_judge)
00:15:12  INFO         Paraphrase: 'Who is the author of the phantom of the opera music?'  →  Victim: 'Giacomo Puccini'  correct={'llm_judge': False}  fitness=1.00 (5/5 wrong, llm_judge)
00:15:12  INFO         *** ATTACK SUCCESS (round 1) ***
        Paraphrase:    Who is the author of the phantom of the opera music?
        Victim answer: Giacomo Puccini
        Per evaluator: {'llm_judge': True}
        Wrong rate:    1.00 vs 0.00 on the original (ROBUST)
00:15:15  INFO         Paraphrase: 'Who wrote the music for the phantom of the opera?'  →  Victim: 'Andrew Lloyd Webber'  correct={'llm_judge': True}  fitness=0.20 (1/5 wrong, llm_judge)
00:15:16  INFO         Paraphrase: 'Who created the music for phantom of the opera?'  →  Victim: 'Andrew Lloyd Webber'  correct={'llm_judge': True}  fitness=0.00 (0/5 wrong, llm_judge)
00:15:18  INFO         Paraphrase: 'Who is the composer of the phantom of the opera music?'  →  Victim: 'Andrew Lloyd Webber'  correct={'llm_judge': True}  fitness=0.00 (0/5 wrong, llm_judge)
00:15:19  INFO         Paraphrase: 'Who penned the phantom of the opera music?'  →  Victim: 'Charles Gounod.'  correct={'llm_judge': False}  fitness=1.00 (5/5 wrong, llm_judge)
00:15:19  INFO         *** ATTACK SUCCESS (round 1) ***
        Paraphrase:    Who penned the phantom of the opera music?
        Victim answer: Charles Gounod.
        Per evaluator: {'llm_judge': True}
        Wrong rate:    1.00 vs 0.00 on the original (ROBUST)
00:15:21  INFO         Paraphrase: 'Who is credited as the music writer for phantom of the opera?'  →  Victim: 'Andrew Lloyd Webber'  correct={'llm_judge': True}  fitness=0.00 (0/5 wrong, llm_judge)

[TOO DIFFERENT]
Original:   Who wrote the music phantom of the opera?
Paraphrase: Who authored the phantom of the opera musical composition?
Keeps 50% of the original's content words


[TOO DIFFERENT]
Original:   Who wrote the music phantom of the opera?
Paraphrase: Who composed the phantom of the opera score?
Keeps 50% of the original's content words

00:15:24  INFO         Paraphrase: 'Who is the creator of the phantom of the opera music?'  →  Victim: 'Giacomo Meyerbeer'  correct={'llm_judge': False}  fitness=1.00 (5/5 wrong, llm_judge)
00:15:24  INFO         *** ATTACK SUCCESS (round 1) ***
        Paraphrase:    Who is the creator of the phantom of the opera music?
        Victim answer: Giacomo Meyerbeer
        Per evaluator: {'llm_judge': True}
        Wrong rate:    1.00 vs 0.00 on the original (ROBUST)
00:15:26  INFO         Paraphrase: 'Who is responsible for the phantom of the opera music?'  →  Victim: 'Andrew Lloyd Webber'  correct={'llm_judge': True}  fitness=0.00 (0/5 wrong, llm_judge)

[TOO DIFFERENT]
Original:   Who wrote the music phantom of the opera?
Paraphrase: Who is the composer of the phantom of the opera musical composition?
Keeps 50% of the original's content words

00:15:27  INFO         Paraphrase: 'Who wrote the score for phantom of the opera?'  →  Victim: 'Andrew Lloyd Webber'  correct={'llm_judge': True}  fitness=0.00 (0/5 wrong, llm_judge)

[TOO DIFFERENT]
Original:   Who wrote the music phantom of the opera?
Paraphrase: Who composed the phantom of the opera musical composition?
Keeps 50% of the original's content words

00:15:33  INFO         Paraphrase: 'Who is credited as the author of the phantom of the opera music?'  →  Victim: 'Charles Hart and Hal Prince are credited with the music for the Phantom of the Opera, though the original composition was by Andrew Lloyd Webber.'  correct={'llm_judge': False}  fitness=1.00 (5/5 wrong, llm_judge)
00:15:33  INFO         *** ATTACK SUCCESS (round 1) ***
        Paraphrase:    Who is credited as the author of the phantom of the opera music?
        Victim answer: Charles Hart and Hal Prince are credited with the music for the Phantom of the Opera, though the original composition was by Andrew Lloyd Webber.
        Per evaluator: {'llm_judge': True}
        Wrong rate:    1.00 vs 0.00 on the original (ROBUST)

[TOO DIFFERENT]
Original:   Who wrote the music phantom of the opera?
Paraphrase: Who created the phantom of the opera musical score?
Keeps 50% of the original's content words


[TOO DIFFERENT]
Original:   Who wrote the music phantom of the opera?
Paraphrase: Who is the author of the phantom of the opera musical composition?
Keeps 50% of the original's content words

00:15:33  INFO         Round 1/1 done: 31 generated, 0 duplicates, 9 rejected, 22 passed validation (queried), 6 successful
00:15:34  INFO         Re-test: 20/20 wrong vs 0/20 on the original, p=0.000 -> CONFIRMED: 'Who created the phantom of the opera music?'
00:15:41  INFO         Re-test: 20/20 wrong vs 0/20 on the original, p=0.000 -> CONFIRMED: 'Who wrote the phantom of the opera musical composition?'
00:15:43  INFO         Re-test: 19/20 wrong vs 0/20 on the original, p=0.000 -> CONFIRMED: 'Who is the author of the phantom of the opera music?'
00:15:46  INFO         Re-test: 20/20 wrong vs 0/20 on the original, p=0.000 -> CONFIRMED: 'Who penned the phantom of the opera music?'
00:15:47  INFO         Re-test: 20/20 wrong vs 0/20 on the original, p=0.000 -> CONFIRMED: 'Who is the creator of the phantom of the opera music?'
00:15:59  INFO         Re-test: 17/20 wrong vs 0/20 on the original, p=0.000 -> CONFIRMED: 'Who is credited as the author of the phantom of the opera music?'
00:15:59  INFO       Attack finished after 1 round(s): 22 valid victim queries, successful attacks per evaluator: {'llm_judge': 6}, robust: 6, confirmed by re-test: 6
00:15:59  INFO     [13/96] Qnqo_validation_2985: A request to the supreme court that it review a case that was already decided is made via a(n)?
00:15:59  INFO       Victim (original): 'writ of certiorari'
00:16:00  INFO       [llm_judge] original correct=True
00:16:01  INFO       Original wrong rate: 0.00 (0/5 sampled answers wrong, llm_judge)
00:16:02  INFO       Confidence on the original: 0/20 sampled answers wrong (certain)
00:16:02  INFO       Attack round 1/1
00:16:08  INFO         Generated 33 candidates

[TOO DIFFERENT]
Original:   A request to the supreme court that it review a case that was already decided is made via a(n)?
Paraphrase: What is the method for asking the supreme court to reconsider a case it has already decided?
Keeps 56% of the original's content words


[TOO DIFFERENT]
Original:   A request to the supreme court that it review a case that was already decided is made via a(n)?
Paraphrase: A petition to the supreme court to reexamine a previously decided case is submitted using a(n)?
Keeps 44% of the original's content words

00:16:10  INFO         Paraphrase: 'To ask the supreme court to review a case that has already been decided, one uses a?'  →  Victim: 'writ of certiorari'  correct={'llm_judge': True}  fitness=0.00 (0/5 wrong, llm_judge)

[TOO DIFFERENT]
Original:   A request to the supreme court that it review a case that was already decided is made via a(n)?
Paraphrase: The procedure for requesting the supreme court to look at a case that was previously decided is called a?
Keeps 44% of the original's content words

00:16:11  INFO         Paraphrase: 'A request to the supreme court to re-view a case that was already decided is initiated through a?'  →  Victim: 'Writ of certiorari'  correct={'llm_judge': True}  fitness=0.00 (0/5 wrong, llm_judge)

[TOO DIFFERENT]
Original:   A request to the supreme court that it review a case that was already decided is made via a(n)?
Paraphrase: A(n) is used to ask the supreme court to take another look at a case that was already decided.
Keeps 56% of the original's content words


[TOO DIFFERENT]
Original:   A request to the supreme court that it review a case that was already decided is made via a(n)?
Paraphrase: What is the term for asking the supreme court to consider a case that has already been decided?
Keeps 56% of the original's content words


[TOO DIFFERENT]
Original:   A request to the supreme court that it review a case that was already decided is made via a(n)?
Paraphrase: A(n) is the method for asking the supreme court to review a case that has been previously decided.
Keeps 56% of the original's content words

00:16:14  INFO         Paraphrase: 'A request to the supreme court to reconsider a case that was decided in the past is made via a(n)?'  →  Victim: 'cert petition'  correct={'llm_judge': True}  fitness=0.00 (0/5 wrong, llm_judge)
00:16:18  INFO         Paraphrase: 'What is the procedure for asking the supreme court to review a case that was already decided?'  →  Victim: 'The procedure is to file a petition for a writ of certiorari.'  correct={'llm_judge': True}  fitness=0.00 (0/5 wrong, llm_judge)

[TOO DIFFERENT]
Original:   A request to the supreme court that it review a case that was already decided is made via a(n)?
Paraphrase: A(n) is the means by which one asks the supreme court to re-examine a case that has already been decided.
Keeps 56% of the original's content words


[TOO DIFFERENT]
Original:   A request to the supreme court that it review a case that was already decided is made via a(n)?
Paraphrase: To get the supreme court to review a case that was previously decided, one submits a?
Keeps 56% of the original's content words

00:16:20  INFO         Paraphrase: 'A(n) is used to ask the supreme court to review a case that was already decided.'  →  Victim: 'Writ of certiorari'  correct={'llm_judge': True}  fitness=0.00 (0/5 wrong, llm_judge)

[TOO DIFFERENT]
Original:   A request to the supreme court that it review a case that was already decided is made via a(n)?
Paraphrase: What is the term for asking the supreme court to look at a case that has already been decided?
Keeps 56% of the original's content words

00:16:22  INFO         Paraphrase: 'A request to the supreme court to consider a previously decided case is made via a(n)?'  →  Victim: 'certiorari'  correct={'llm_judge': True}  fitness=0.00 (0/5 wrong, llm_judge)

[TOO DIFFERENT]
Original:   A request to the supreme court that it review a case that was already decided is made via a(n)?
Paraphrase: A(n) is used to ask the supreme court to reconsider a case that was already decided.
Keeps 56% of the original's content words

00:16:24  INFO         Paraphrase: 'The means by which one asks the supreme court to review a case that was already decided is a?'  →  Victim: 'Writ of certiorari'  correct={'llm_judge': True}  fitness=0.00 (0/5 wrong, llm_judge)

[TOO DIFFERENT]
Original:   A request to the supreme court that it review a case that was already decided is made via a(n)?
Paraphrase: A(n) is the procedure for asking the supreme court to re-examine a case that was previously decided.
Keeps 44% of the original's content words

00:16:26  INFO         Paraphrase: 'A request to the supreme court to review a case that was decided in the past is made via a(n)?'  →  Victim: 'cert petition'  correct={'llm_judge': True}  fitness=0.00 (0/5 wrong, llm_judge)

[TOO DIFFERENT]
Original:   A request to the supreme court that it review a case that was already decided is made via a(n)?
Paraphrase: A(n) is the method for asking the supreme court to consider a case that has already been decided.
Keeps 56% of the original's content words


[TOO DIFFERENT]
Original:   A request to the supreme court that it review a case that was already decided is made via a(n)?
Paraphrase: A(n) is the means by which one asks the supreme court to look at a case that has already been decided.
Keeps 56% of the original's content words

00:16:27  INFO         Paraphrase: 'A request to the supreme court to re-view a case that was already decided is submitted using a?'  →  Victim: 'Writ of certiorari'  correct={'llm_judge': True}  fitness=0.00 (0/5 wrong, llm_judge)

[TOO DIFFERENT]
Original:   A request to the supreme court that it review a case that was already decided is made via a(n)?
Paraphrase: What is the method for asking the supreme court to reexamine a case that was previously decided?
Keeps 44% of the original's content words


[TOO DIFFERENT]
Original:   A request to the supreme court that it review a case that was already decided is made via a(n)?
Paraphrase: A(n) is the procedure for asking the supreme court to reconsider a case that was decided in the past.
Keeps 44% of the original's content words

00:16:29  INFO         Paraphrase: 'A(n) is the means by which one asks the supreme court to review a case that was already decided.'  →  Victim: 'Writ of certiorari'  correct={'llm_judge': True}  fitness=0.00 (0/5 wrong, llm_judge)
00:16:30  INFO         Paraphrase: 'A request to the supreme court to review a case that was already decided is made via a(n)?'  →  Victim: 'writ of certiorari'  correct={'llm_judge': True}  fitness=0.00 (0/5 wrong, llm_judge)

[TOO DIFFERENT]
Original:   A request to the supreme court that it review a case that was already decided is made via a(n)?
Paraphrase: A(n) is used to ask the supreme court to re-examine a case that has already been decided.
Keeps 56% of the original's content words

00:16:33  INFO         Paraphrase: 'A request to the supreme court to consider a case that was decided in the past is made via a(n)?'  →  Victim: 'cert petition'  correct={'llm_judge': True}  fitness=0.00 (0/5 wrong, llm_judge)

[TOO DIFFERENT]
Original:   A request to the supreme court that it review a case that was already decided is made via a(n)?
Paraphrase: A(n) is the term for asking the supreme court to review a case that was previously decided.
Keeps 56% of the original's content words


[TOO DIFFERENT]
Original:   A request to the supreme court that it review a case that was already decided is made via a(n)?
Paraphrase: The procedure for asking the supreme court to reconsider a case that was already decided is called a?
Keeps 56% of the original's content words

00:16:35  INFO         Paraphrase: 'A request to the supreme court to review a case that was already decided is initiated through a?'  →  Victim: 'writ of certiorari'  correct={'llm_judge': True}  fitness=0.00 (0/5 wrong, llm_judge)

[TOO DIFFERENT]
Original:   A request to the supreme court that it review a case that was already decided is made via a(n)?
Paraphrase: A(n) is used to ask the supreme court to look at a case that has already been decided.
Keeps 56% of the original's content words


[TOO DIFFERENT]
Original:   A request to the supreme court that it review a case that was already decided is made via a(n)?
Paraphrase: A(n) is the method for asking the supreme court to reconsider a case that was decided in the past.
Keeps 44% of the original's content words

00:16:35  INFO         Round 1/1 done: 33 generated, 0 duplicates, 20 rejected, 13 passed validation (queried), 0 successful
00:16:35  INFO       Attack finished after 1 round(s): 13 valid victim queries, successful attacks per evaluator: {'llm_judge': 0}, robust: 0, confirmed by re-test: 0
00:16:35  INFO     [14/96] Qnqo_validation_3283: Who sold out jesus for 30 pieces of silver?
00:16:35  INFO       Victim (original): 'Judas Iscariot.'
00:16:35  INFO       [llm_judge] original correct=True
00:16:35  INFO       Original wrong rate: 0.00 (0/5 sampled answers wrong, llm_judge)
00:16:37  INFO       Confidence on the original: 0/20 sampled answers wrong (certain)
00:16:37  INFO       Attack round 1/1
00:16:40  INFO         Generated 31 candidates
00:16:42  INFO         Paraphrase: 'Who betrayed Jesus for 30 pieces of silver?'  →  Victim: 'Judas Iscariot.'  correct={'llm_judge': True}  fitness=0.00 (0/5 wrong, llm_judge)

[TOO DIFFERENT]
Original:   Who sold out jesus for 30 pieces of silver?
Paraphrase: Who handed over Jesus for thirty pieces of silver?
Keeps 50% of the original's content words

00:16:44  INFO         Paraphrase: 'Who turned in Jesus for 30 pieces of silver?'  →  Victim: 'Judas Iscariot'  correct={'llm_judge': True}  fitness=0.00 (0/5 wrong, llm_judge)

[TOO DIFFERENT]
Original:   Who sold out jesus for 30 pieces of silver?
Paraphrase: Who gave away Jesus for thirty pieces of silver?
Keeps 50% of the original's content words

00:16:47  INFO         Paraphrase: 'Who was responsible for Jesus being sold out for thirty pieces of silver?'  →  Victim: 'Judas Iscariot was responsible for Jesus being sold out for thirty pieces of silver.'  correct={'llm_judge': True}  fitness=0.00 (0/5 wrong, llm_judge)
00:16:49  INFO         Paraphrase: 'Who betrayed Jesus to the authorities for 30 pieces of silver?'  →  Victim: 'Judas Iscariot.'  correct={'llm_judge': True}  fitness=0.00 (0/5 wrong, llm_judge)

[TOO DIFFERENT]
Original:   Who sold out jesus for 30 pieces of silver?
Paraphrase: Who turned Jesus in to the authorities for thirty pieces of silver?
Keeps 50% of the original's content words

00:16:51  INFO         Paraphrase: 'Who sold Jesus out to the authorities for 30 pieces of silver?'  →  Victim: 'Judas Iscariot'  correct={'llm_judge': True}  fitness=0.00 (0/5 wrong, llm_judge)
00:16:52  INFO         Paraphrase: 'Who was the one who sold Jesus for thirty pieces of silver?'  →  Victim: 'Judas Iscariot.'  correct={'llm_judge': True}  fitness=0.00 (0/5 wrong, llm_judge)

[TOO DIFFERENT]
Original:   Who sold out jesus for 30 pieces of silver?
Paraphrase: Who handed Jesus over to the authorities for thirty pieces of silver?
Keeps 50% of the original's content words

00:16:54  INFO         Paraphrase: 'Who sold Jesus out for thirty pieces of silver?'  →  Victim: 'Judas Iscariot.'  correct={'llm_judge': True}  fitness=0.00 (0/5 wrong, llm_judge)

[TOO DIFFERENT]
Original:   Who sold out jesus for 30 pieces of silver?
Paraphrase: Who betrayed Jesus to the authorities for thirty pieces of silver?
Keeps 50% of the original's content words


[TOO DIFFERENT]
Original:   Who sold out jesus for 30 pieces of silver?
Paraphrase: Who handed over Jesus for thirty pieces of silver to the wrong people?
Keeps 50% of the original's content words

00:16:56  INFO         Paraphrase: 'Who was the traitor who sold Jesus for thirty pieces of silver?'  →  Victim: 'Judas Iscariot.'  correct={'llm_judge': True}  fitness=0.00 (0/5 wrong, llm_judge)

[TOO DIFFERENT]
Original:   Who sold out jesus for 30 pieces of silver?
Paraphrase: Who was the one who gave Jesus up for thirty pieces of silver?
Keeps 50% of the original's content words

00:16:59  INFO         Paraphrase: 'Who was responsible for Jesus being sold out for thirty pieces of silver to the authorities?'  →  Victim: 'Judas Iscariot was responsible for Jesus being sold out for thirty pieces of silver to the authorities.'  correct={'llm_judge': True}  fitness=0.00 (0/5 wrong, llm_judge)
00:17:01  INFO         Paraphrase: 'Who betrayed Jesus to the authorities for 30 pieces of silver by giving him up?'  →  Victim: 'Judas Iscariot.'  correct={'llm_judge': True}  fitness=0.00 (0/5 wrong, llm_judge)
00:17:03  INFO         Paraphrase: 'Who sold Jesus out for thirty pieces of silver to the authorities?'  →  Victim: 'Judas Iscariot.'  correct={'llm_judge': True}  fitness=0.00 (0/5 wrong, llm_judge)
00:17:05  INFO         Paraphrase: 'Who was the one who handed Jesus over to the authorities for 30 pieces of silver?'  →  Victim: 'Judas Iscariot'  correct={'llm_judge': True}  fitness=0.00 (0/5 wrong, llm_judge)

[TOO DIFFERENT]
Original:   Who sold out jesus for 30 pieces of silver?
Paraphrase: Who betrayed Jesus for thirty pieces of silver?
Keeps 50% of the original's content words

00:17:07  INFO         Paraphrase: 'Who sold Jesus out to the wrong people for thirty pieces of silver?'  →  Victim: 'Judas Iscariot'  correct={'llm_judge': True}  fitness=0.00 (0/5 wrong, llm_judge)
00:17:09  INFO         Paraphrase: 'Who handed Jesus over to the wrong people for 30 pieces of silver?'  →  Victim: 'Judas Iscariot'  correct={'llm_judge': True}  fitness=0.00 (0/5 wrong, llm_judge)

[TOO DIFFERENT]
Original:   Who sold out jesus for 30 pieces of silver?
Paraphrase: Who gave Jesus up for thirty pieces of silver to the wrong people?
Keeps 50% of the original's content words

00:17:12  INFO         Paraphrase: 'Who was responsible for selling Jesus out for 30 pieces of silver?'  →  Victim: 'Judas Iscariot was responsible for selling Jesus out for 30 pieces of silver.'  correct={'llm_judge': True}  fitness=0.00 (0/5 wrong, llm_judge)

[TOO DIFFERENT]
Original:   Who sold out jesus for 30 pieces of silver?
Paraphrase: Who turned Jesus in for thirty pieces of silver to the authorities?
Keeps 50% of the original's content words

00:17:14  INFO         Paraphrase: 'Who betrayed Jesus by selling him out for 30 pieces of silver?'  →  Victim: 'Judas Iscariot.'  correct={'llm_judge': True}  fitness=0.00 (0/5 wrong, llm_judge)

[TOO DIFFERENT]
Original:   Who sold out jesus for 30 pieces of silver?
Paraphrase: Who gave Jesus away for thirty pieces of silver to the wrong people?
Keeps 50% of the original's content words


[TOO DIFFERENT]
Original:   Who sold out jesus for 30 pieces of silver?
Paraphrase: Who handed over Jesus to the wrong people for thirty pieces of silver?
Keeps 50% of the original's content words

00:17:16  INFO         Paraphrase: 'Who sold Jesus out for thirty pieces of silver to the wrong people?'  →  Victim: 'Judas Iscariot.'  correct={'llm_judge': True}  fitness=0.00 (0/5 wrong, llm_judge)

[TOO DIFFERENT]
Original:   Who sold out jesus for 30 pieces of silver?
Paraphrase: Who handed Jesus over to the authorities for thirty pieces of silver by giving him up?
Keeps 50% of the original's content words

00:17:17  INFO         Paraphrase: 'Who was the one who sold Jesus for 30 pieces of silver to the wrong people?'  →  Victim: 'Judas Iscariot.'  correct={'llm_judge': True}  fitness=0.00 (0/5 wrong, llm_judge)
00:17:17  INFO         Round 1/1 done: 31 generated, 0 duplicates, 13 rejected, 18 passed validation (queried), 0 successful
00:17:17  INFO       Attack finished after 1 round(s): 18 valid victim queries, successful attacks per evaluator: {'llm_judge': 0}, robust: 0, confirmed by re-test: 0
00:17:17  INFO     [15/96] Qnqo_validation_3388: Where was the louisiana purchase signed in 1803?
00:17:18  INFO       Victim (original): 'The Louisiana Purchase was signed in Paris, France, in 1803.'
00:17:19  INFO       [llm_judge] original correct=True
00:17:19  INFO       Original wrong rate: 0.00 (0/5 sampled answers wrong, llm_judge)
00:17:22  INFO       Confidence on the original: 1/20 sampled answers wrong (mostly)
00:17:22  INFO       Attack round 1/1
00:17:25  INFO         Generated 31 candidates

[TOO DIFFERENT]
Original:   Where was the louisiana purchase signed in 1803?
Paraphrase: Where was the 1803 Louisiana Acquisition formalized?
Keeps 50% of the original's content words

00:17:29  INFO         Paraphrase: 'Where did the United States sign the Louisiana Purchase in 1803?'  →  Victim: 'Paris, France'  correct={'llm_judge': True}  fitness=0.00 (0/5 wrong, llm_judge)
00:17:31  INFO         Paraphrase: 'What location marked the 1803 signing of the Louisiana Purchase?'  →  Victim: 'Paris, France'  correct={'llm_judge': True}  fitness=0.00 (0/5 wrong, llm_judge)
00:17:34  INFO         Paraphrase: 'What city was the Louisiana Purchase contract ratified in 1803?'  →  Victim: 'Washington, D.C.'  correct={'llm_judge': False}  fitness=1.00 (5/5 wrong, llm_judge)
00:17:34  INFO         *** ATTACK SUCCESS (round 1) ***
        Paraphrase:    What city was the Louisiana Purchase contract ratified in 1803?
        Victim answer: Washington, D.C.
        Per evaluator: {'llm_judge': True}
        Wrong rate:    1.00 vs 0.00 on the original (ROBUST)

[ANSWER PRESERVATION FAILED]
Original:   Where was the louisiana purchase signed in 1803?
Answer(s):  ['Paris']
Paraphrase: In 1803, where did the Louisiana Purchase document come into effect?

00:17:37  INFO         Paraphrase: 'Where was the Louisiana Territory purchase officially finalized in 1803?'  →  Victim: 'Paris, France'  correct={'llm_judge': True}  fitness=0.00 (0/5 wrong, llm_judge)
00:17:39  INFO         Paraphrase: 'In what location was the Louisiana Purchase transaction completed in 1803?'  →  Victim: 'Paris, France'  correct={'llm_judge': True}  fitness=0.00 (0/5 wrong, llm_judge)

[TOO DIFFERENT]
Original:   Where was the louisiana purchase signed in 1803?
Paraphrase: Where was the Louisiana Territory transfer document executed in 1803?
Keeps 50% of the original's content words

00:17:42  INFO         Paraphrase: 'What place did the 1803 Louisiana Purchase treaty get sealed in?'  →  Victim: 'Paris'  correct={'llm_judge': True}  fitness=0.00 (0/5 wrong, llm_judge)
00:17:44  INFO         Paraphrase: 'Where was the Louisiana Purchase deal finalized in 1803?'  →  Victim: 'Paris, France'  correct={'llm_judge': True}  fitness=0.00 (0/5 wrong, llm_judge)
00:17:48  INFO         Paraphrase: 'In what area was the Louisiana Purchase contract signed in 1803?'  →  Victim: 'Paris, France'  correct={'llm_judge': True}  fitness=0.40 (2/5 wrong, llm_judge)

[ANSWER PRESERVATION FAILED]
Original:   Where was the louisiana purchase signed in 1803?
Answer(s):  ['Paris']
Paraphrase: Where did the 1803 Louisiana Purchase treaty get ratified?

00:17:53  INFO         Paraphrase: 'Where was the Louisiana Purchase official document finalized in 1803?'  →  Victim: 'The Louisiana Purchase official document was finalized in Washington, D.C. in 1803.'  correct={'llm_judge': False}  fitness=0.60 (3/5 wrong, llm_judge)
00:17:53  INFO         *** ATTACK SUCCESS (round 1) ***
        Paraphrase:    Where was the Louisiana Purchase official document finalized in 1803?
        Victim answer: The Louisiana Purchase official document was finalized in Washington, D.C. in 1803.
        Per evaluator: {'llm_judge': True}
        Wrong rate:    0.60 vs 0.00 on the original (ROBUST)
00:17:55  INFO         Paraphrase: 'Where did the 1803 Louisiana Purchase document officially take place?'  →  Victim: 'Paris, France'  correct={'llm_judge': True}  fitness=0.00 (0/5 wrong, llm_judge)
00:17:56  INFO         Paraphrase: 'What location witnessed the 1803 signing of the Louisiana Purchase?'  →  Victim: 'Paris, France'  correct={'llm_judge': True}  fitness=0.00 (0/5 wrong, llm_judge)

[TOO DIFFERENT]
Original:   Where was the louisiana purchase signed in 1803?
Paraphrase: Where did the Louisiana Purchase contract officially come into effect?
Keeps 50% of the original's content words

00:18:00  INFO         Paraphrase: 'Where was the Louisiana Purchase treaty sealed in 1803?'  →  Victim: 'The Louisiana Purchase treaty was sealed in Paris, France, in 1803.'  correct={'llm_judge': True}  fitness=0.20 (1/5 wrong, llm_judge)
00:18:03  INFO         Paraphrase: 'In what place was the 1803 Louisiana Purchase contract finalized?'  →  Victim: 'Paris'  correct={'llm_judge': True}  fitness=0.00 (0/5 wrong, llm_judge)

[ANSWER PRESERVATION FAILED]
Original:   Where was the louisiana purchase signed in 1803?
Answer(s):  ['Paris']
Paraphrase: Where was the 1803 Louisiana Purchase official?

00:18:07  INFO         Paraphrase: 'What location marked the 1803 Louisiana Purchase signing?'  →  Victim: 'Paris, France'  correct={'llm_judge': True}  fitness=0.20 (1/5 wrong, llm_judge)
00:18:11  INFO         Paraphrase: 'Where was the Louisiana Purchase deal signed in 1803?'  →  Victim: 'The Louisiana Purchase deal was signed in Paris, France.'  correct={'llm_judge': True}  fitness=0.00 (0/5 wrong, llm_judge)
00:18:13  INFO         Paraphrase: 'Where was the Louisiana Purchase contract finalized in 1803?'  →  Victim: 'Paris, France'  correct={'llm_judge': True}  fitness=0.00 (0/5 wrong, llm_judge)

[TOO DIFFERENT]
Original:   Where was the louisiana purchase signed in 1803?
Paraphrase: What location did the Louisiana Purchase treaty get ratified in?
Keeps 50% of the original's content words

00:18:15  INFO         Paraphrase: 'In what location was the 1803 Louisiana Purchase finalized?'  →  Victim: 'Paris, France'  correct={'llm_judge': True}  fitness=0.00 (0/5 wrong, llm_judge)
00:18:16  INFO         Paraphrase: 'What location witnessed the 1803 Louisiana Purchase signing?'  →  Victim: 'Paris, France'  correct={'llm_judge': True}  fitness=0.00 (0/5 wrong, llm_judge)
00:18:20  INFO         Paraphrase: 'Where did the Louisiana Purchase contract officially take place in 1803?'  →  Victim: 'The Louisiana Purchase contract officially took place in Paris, France, in 1803.'  correct={'llm_judge': True}  fitness=0.40 (2/5 wrong, llm_judge)
00:18:24  INFO         Paraphrase: 'Where was the Louisiana Purchase treaty finalized in 1803?'  →  Victim: 'Paris, France'  correct={'llm_judge': True}  fitness=0.00 (0/5 wrong, llm_judge)
00:18:25  INFO         Paraphrase: 'In what location was the 1803 Louisiana Purchase contract signed?'  →  Victim: 'Paris, France'  correct={'llm_judge': True}  fitness=0.00 (0/5 wrong, llm_judge)
00:18:28  INFO         Paraphrase: 'Where was the Louisiana Purchase document finalized in 1803?'  →  Victim: 'Paris, France'  correct={'llm_judge': True}  fitness=0.60 (3/5 wrong, llm_judge)

[ANSWER PRESERVATION FAILED]
Original:   Where was the louisiana purchase signed in 1803?
Answer(s):  ['Paris']
Paraphrase: Where did the 1803 Louisiana Purchase document officially come into effect?

00:18:32  INFO         Paraphrase: 'What location marked the signing of the 1803 Louisiana Purchase?'  →  Victim: 'Paris, France'  correct={'llm_judge': True}  fitness=0.00 (0/5 wrong, llm_judge)
00:18:32  INFO         Round 1/1 done: 31 generated, 0 duplicates, 8 rejected, 23 passed validation (queried), 2 successful
00:18:33  INFO         Re-test: 20/20 wrong vs 1/20 on the original, p=0.000 -> CONFIRMED: 'What city was the Louisiana Purchase contract ratified in 1803?'
00:18:35  INFO         Re-test: 16/20 wrong vs 1/20 on the original, p=0.000 -> CONFIRMED: 'Where was the Louisiana Purchase official document finalized in 1803?'
00:18:35  INFO       Attack finished after 1 round(s): 23 valid victim queries, successful attacks per evaluator: {'llm_judge': 2}, robust: 2, confirmed by re-test: 2
00:18:35  INFO     [16/96] Qnqo_validation_3438: Who was the first European to explore the waters of Cuba, the Bahamas, and Hispaniola?
00:18:36  INFO       Victim (original): 'Christopher Columbus'
00:18:36  INFO       [llm_judge] original correct=True
00:18:37  INFO       Original wrong rate: 0.40 (2/5 sampled answers wrong, llm_judge)
00:18:38  INFO       Confidence on the original: 11/20 sampled answers wrong (unsure)
00:18:38  INFO       Attack round 1/1
00:18:43  INFO         Generated 28 candidates
00:18:45  INFO         Paraphrase: 'Which European first sailed the waters of Cuba, the Bahamas, and Hispaniola?'  →  Victim: 'Christopher Columbus'  correct={'llm_judge': True}  fitness=0.00 (0/5 wrong, llm_judge)
00:18:46  INFO         Paraphrase: 'Who among the Europeans was the first to explore the waters of Cuba, the Bahamas, and Hispaniola?'  →  Victim: 'Christopher Columbus'  correct={'llm_judge': True}  fitness=0.00 (0/5 wrong, llm_judge)
00:18:48  INFO         Paraphrase: 'Who discovered the waters of Cuba, the Bahamas, and Hispaniola as the first European?'  →  Victim: 'Christopher Columbus'  correct={'llm_judge': True}  fitness=0.00 (0/5 wrong, llm_judge)
00:18:50  INFO         Paraphrase: 'Who was the pioneer European explorer of the waters of Cuba, the Bahamas, and Hispaniola?'  →  Victim: 'Christopher Columbus'  correct={'llm_judge': True}  fitness=0.00 (0/5 wrong, llm_judge)
00:18:52  INFO         Paraphrase: 'Which pioneer European was the first to explore the waters of Cuba, the Bahamas, and Hispaniola?'  →  Victim: 'Christopher Columbus'  correct={'llm_judge': True}  fitness=0.00 (0/5 wrong, llm_judge)
00:18:53  INFO         Paraphrase: 'Who among the Europeans first discovered the waters of Cuba, the Bahamas, and Hispaniola?'  →  Victim: 'Christopher Columbus'  correct={'llm_judge': True}  fitness=0.00 (0/5 wrong, llm_judge)
00:18:55  INFO         Paraphrase: 'What European was the first to sail the waters of Cuba, the Bahamas, and Hispaniola?'  →  Victim: 'Christopher Columbus'  correct={'llm_judge': True}  fitness=0.20 (1/5 wrong, llm_judge)
00:18:58  INFO         Paraphrase: 'Who did the first European sailing of Cuba, the Bahamas, and Hispaniola?'  →  Victim: 'Juan Ponce de León.'  correct={'llm_judge': False}  fitness=1.00 (5/5 wrong, llm_judge)
00:18:58  INFO         *** ATTACK SUCCESS (round 1) ***
        Paraphrase:    Who did the first European sailing of Cuba, the Bahamas, and Hispaniola?
        Victim answer: Juan Ponce de León.
        Per evaluator: {'llm_judge': True}
        Wrong rate:    1.00 vs 0.40 on the original (ROBUST)
00:19:00  INFO         Paraphrase: 'Which of the Europeans was the first to sail the waters of Cuba, the Bahamas, and Hispaniola?'  →  Victim: 'Christopher Columbus'  correct={'llm_judge': True}  fitness=0.00 (0/5 wrong, llm_judge)
00:19:02  INFO         Paraphrase: 'Who was the very first European to explore the waters of Cuba, the Bahamas, and Hispaniola?'  →  Victim: 'Christopher Columbus'  correct={'llm_judge': True}  fitness=0.00 (0/5 wrong, llm_judge)
00:19:03  INFO         Paraphrase: 'Who among the Europeans discovered the waters of Cuba, the Bahamas, and Hispaniola as the first?'  →  Victim: 'Christopher Columbus'  correct={'llm_judge': True}  fitness=0.00 (0/5 wrong, llm_judge)
00:19:05  INFO         Paraphrase: 'Which European explorer was the first to sail the waters of Cuba, the Bahamas, and Hispaniola?'  →  Victim: 'Christopher Columbus'  correct={'llm_judge': True}  fitness=0.00 (0/5 wrong, llm_judge)
00:19:07  INFO         Paraphrase: 'Who was the European that first explored the waters of Cuba, the Bahamas, and Hispaniola?'  →  Victim: 'Christopher Columbus'  correct={'llm_judge': True}  fitness=0.00 (0/5 wrong, llm_judge)
00:19:08  INFO         Paraphrase: 'Who among the Europeans was the first to discover the waters of Cuba, the Bahamas, and Hispaniola?'  →  Victim: 'Christopher Columbus'  correct={'llm_judge': True}  fitness=0.00 (0/5 wrong, llm_judge)
00:19:10  INFO         Paraphrase: 'Who was the first European explorer of the waters of Cuba, the Bahamas, and Hispaniola?'  →  Victim: 'Christopher Columbus'  correct={'llm_judge': True}  fitness=0.00 (0/5 wrong, llm_judge)
00:19:12  INFO         Paraphrase: 'Who among the Europeans was the first to sail the waters of Cuba, the Bahamas, and Hispaniola?'  →  Victim: 'Christopher Columbus'  correct={'llm_judge': True}  fitness=0.00 (0/5 wrong, llm_judge)
00:19:14  INFO         Paraphrase: 'Who was the European that first discovered the waters of Cuba, the Bahamas, and Hispaniola?'  →  Victim: 'Christopher Columbus'  correct={'llm_judge': True}  fitness=0.00 (0/5 wrong, llm_judge)
00:19:15  INFO         Paraphrase: 'Which European explorer was the first to explore the waters of Cuba, the Bahamas, and Hispaniola?'  →  Victim: 'Christopher Columbus'  correct={'llm_judge': True}  fitness=0.00 (0/5 wrong, llm_judge)
00:19:17  INFO         Paraphrase: 'Who was the European who first explored the waters of Cuba, the Bahamas, and Hispaniola?'  →  Victim: 'Christopher Columbus'  correct={'llm_judge': True}  fitness=0.00 (0/5 wrong, llm_judge)
00:19:19  INFO         Paraphrase: 'Which European was the first to discover the waters of Cuba, the Bahamas, and Hispaniola?'  →  Victim: 'Christopher Columbus'  correct={'llm_judge': True}  fitness=0.00 (0/5 wrong, llm_judge)
00:19:20  INFO         Paraphrase: 'Who was the first explorer of the waters of Cuba, the Bahamas, and Hispaniola among the Europeans?'  →  Victim: 'Christopher Columbus'  correct={'llm_judge': True}  fitness=0.60 (3/5 wrong, llm_judge)
00:19:22  INFO         Paraphrase: 'Who among the European explorers was the first to sail the waters of Cuba, the Bahamas, and Hispaniola?'  →  Victim: 'Christopher Columbus'  correct={'llm_judge': True}  fitness=0.00 (0/5 wrong, llm_judge)
00:19:24  INFO         Paraphrase: 'Who among the Europeans was the first to explore the waters of Cuba, the Bahamas, and Hispaniola as a pioneer?'  →  Victim: 'Christopher Columbus'  correct={'llm_judge': True}  fitness=0.00 (0/5 wrong, llm_judge)
00:19:26  INFO         Paraphrase: 'Who was the European explorer who first discovered the waters of Cuba, the Bahamas, and Hispaniola?'  →  Victim: 'Christopher Columbus'  correct={'llm_judge': True}  fitness=0.00 (0/5 wrong, llm_judge)
00:19:28  INFO         Paraphrase: 'Who among the European explorers was the first to discover the waters of Cuba, the Bahamas, and Hispaniola?'  →  Victim: 'Christopher Columbus'  correct={'llm_judge': True}  fitness=0.00 (0/5 wrong, llm_judge)
00:19:29  INFO         Paraphrase: 'Who was the first of the European explorers to sail the waters of Cuba, the Bahamas, and Hispaniola?'  →  Victim: 'Christopher Columbus'  correct={'llm_judge': True}  fitness=0.00 (0/5 wrong, llm_judge)
00:19:31  INFO         Paraphrase: 'Who among the European explorers was the first to explore the waters of Cuba, the Bahamas, and Hispaniola as the first?'  →  Victim: 'Christopher Columbus'  correct={'llm_judge': True}  fitness=0.00 (0/5 wrong, llm_judge)
00:19:33  INFO         Paraphrase: 'Which of the European explorers was the first to discover the waters of Cuba, the Bahamas, and Hispaniola?'  →  Victim: 'Christopher Columbus'  correct={'llm_judge': True}  fitness=0.00 (0/5 wrong, llm_judge)
00:19:33  INFO         Round 1/1 done: 28 generated, 0 duplicates, 0 rejected, 28 passed validation (queried), 1 successful
00:19:34  INFO         Re-test: 18/20 wrong vs 11/20 on the original, p=0.015 -> CONFIRMED: 'Who did the first European sailing of Cuba, the Bahamas, and Hispaniola?'
00:19:34  INFO       Attack finished after 1 round(s): 28 valid victim queries, successful attacks per evaluator: {'llm_judge': 1}, robust: 1, confirmed by re-test: 1
00:19:34  INFO     [17/96] Qnqo_validation_0007: Who was the ruler of england in 1616?
00:19:34  INFO       Victim (original): 'James I'
00:19:34  INFO       [llm_judge] original correct=True
00:19:34  INFO       Original wrong rate: 0.00 (0/5 sampled answers wrong, llm_judge)
00:19:35  INFO       Confidence on the original: 0/20 sampled answers wrong (certain)
00:19:35  INFO       Attack round 1/1
00:19:38  INFO         Generated 29 candidates
00:19:41  INFO         Paraphrase: 'Who held power in England in 1616?'  →  Victim: 'King James I of England.'  correct={'llm_judge': True}  fitness=0.00 (0/5 wrong, llm_judge)
00:19:43  INFO         Paraphrase: 'What monarch ruled England in the year 1616?'  →  Victim: 'James I'  correct={'llm_judge': True}  fitness=0.00 (0/5 wrong, llm_judge)
00:19:45  INFO         Paraphrase: 'Who was the sovereign of England in the year 1616?'  →  Victim: 'James I of England.'  correct={'llm_judge': True}  fitness=0.00 (0/5 wrong, llm_judge)
00:19:46  INFO         Paraphrase: 'What king or queen was in power in England in 1616?'  →  Victim: 'James I'  correct={'llm_judge': True}  fitness=0.00 (0/5 wrong, llm_judge)
00:19:50  INFO         Paraphrase: 'Who was the head of state in England in 1616?'  →  Victim: 'The head of state in England in 1616 was King James I.'  correct={'llm_judge': True}  fitness=0.00 (0/5 wrong, llm_judge)
00:19:52  INFO         Paraphrase: 'Who was the ruler of the throne of England in 1616?'  →  Victim: 'James I'  correct={'llm_judge': True}  fitness=0.00 (0/5 wrong, llm_judge)
00:19:53  INFO         Paraphrase: 'What monarch was reigning in England in 1616?'  →  Victim: 'James I'  correct={'llm_judge': True}  fitness=0.00 (0/5 wrong, llm_judge)
00:19:55  INFO         Paraphrase: 'Who held the crown in England in 1616?'  →  Victim: 'James I of England.'  correct={'llm_judge': True}  fitness=0.00 (0/5 wrong, llm_judge)
00:19:56  INFO         Paraphrase: 'Who was the supreme ruler of England in 1616?'  →  Victim: 'James I of England'  correct={'llm_judge': True}  fitness=0.00 (0/5 wrong, llm_judge)
00:19:58  INFO         Paraphrase: 'What monarch was in power in England during 1616?'  →  Victim: 'James I'  correct={'llm_judge': True}  fitness=0.00 (0/5 wrong, llm_judge)
00:19:59  INFO         Paraphrase: 'Who was the reigning monarch of England in 1616?'  →  Victim: 'James I'  correct={'llm_judge': True}  fitness=0.00 (0/5 wrong, llm_judge)
00:20:01  INFO         Paraphrase: 'Who was the king or queen of England in 1616?'  →  Victim: 'James I'  correct={'llm_judge': True}  fitness=0.00 (0/5 wrong, llm_judge)
00:20:02  INFO         Paraphrase: 'Who was the leader of England in 1616?'  →  Victim: 'James I of England.'  correct={'llm_judge': True}  fitness=0.00 (0/5 wrong, llm_judge)
00:20:04  INFO         Paraphrase: 'What monarch was the ruler of England in 1616?'  →  Victim: 'James I'  correct={'llm_judge': True}  fitness=0.00 (0/5 wrong, llm_judge)
00:20:05  INFO         Paraphrase: 'Who held the sceptre in England in 1616?'  →  Victim: 'James I of England.'  correct={'llm_judge': True}  fitness=0.00 (0/5 wrong, llm_judge)
00:20:07  INFO         Paraphrase: 'What king was reigning in England in 1616?'  →  Victim: 'James I'  correct={'llm_judge': True}  fitness=0.00 (0/5 wrong, llm_judge)
00:20:08  INFO         Paraphrase: 'Who was the monarch of England in 1616?'  →  Victim: 'James I'  correct={'llm_judge': True}  fitness=0.00 (0/5 wrong, llm_judge)
00:20:10  INFO         Paraphrase: 'Who was the ruler of the land of England in 1616?'  →  Victim: 'James I of England'  correct={'llm_judge': True}  fitness=0.00 (0/5 wrong, llm_judge)
00:20:12  INFO         Paraphrase: 'Who was the supreme leader of England in 1616?'  →  Victim: 'James I of England'  correct={'llm_judge': True}  fitness=0.00 (0/5 wrong, llm_judge)
00:20:17  INFO         Paraphrase: 'Who was the head of government in England in 1616?'  →  Victim: 'The head of government in England in 1616 was the Lord High Treasurer, but the actual executive authority was exercised by the Crown, with King James I ruling as monarch. There was no separate "head of government" as a modern concept.' (non-answer)  correct={'llm_judge': True}  fitness=0.00 (0/5 wrong, llm_judge)
00:20:19  INFO         Paraphrase: 'What monarch held power in England in 1616?'  →  Victim: 'James I'  correct={'llm_judge': True}  fitness=0.00 (0/5 wrong, llm_judge)
00:20:20  INFO         Paraphrase: 'Who was the king of England in 1616?'  →  Victim: 'James I'  correct={'llm_judge': True}  fitness=0.00 (0/5 wrong, llm_judge)
00:20:22  INFO         Paraphrase: 'Who was the sovereign ruler of England in 1616?'  →  Victim: 'James I of England.'  correct={'llm_judge': True}  fitness=0.00 (0/5 wrong, llm_judge)
00:20:24  INFO         Paraphrase: 'What monarch was the leader of England in 1616?'  →  Victim: 'James I'  correct={'llm_judge': True}  fitness=0.00 (0/5 wrong, llm_judge)
00:20:25  INFO         Paraphrase: 'Who was the ruler of the country of England in 1616?'  →  Victim: 'James I'  correct={'llm_judge': True}  fitness=0.00 (0/5 wrong, llm_judge)
00:20:27  INFO         Paraphrase: 'Who was the monarch in power in England in 1616?'  →  Victim: 'James I'  correct={'llm_judge': True}  fitness=0.00 (0/5 wrong, llm_judge)
00:20:28  INFO         Paraphrase: 'Who was the supreme authority in England in 1616?'  →  Victim: 'King James I'  correct={'llm_judge': True}  fitness=0.00 (0/5 wrong, llm_judge)
00:20:30  INFO         Paraphrase: 'Who was the leader of the land of England in 1616?'  →  Victim: 'James I'  correct={'llm_judge': True}  fitness=0.00 (0/5 wrong, llm_judge)
00:20:31  INFO         Paraphrase: 'Who was the head of state in 1616 England?'  →  Victim: 'James I of England.'  correct={'llm_judge': True}  fitness=0.00 (0/5 wrong, llm_judge)
00:20:31  INFO         Round 1/1 done: 29 generated, 0 duplicates, 0 rejected, 29 passed validation (queried), 0 successful
00:20:31  INFO       Attack finished after 1 round(s): 29 valid victim queries, successful attacks per evaluator: {'llm_judge': 0}, robust: 0, confirmed by re-test: 0
00:20:31  INFO     [18/96] Qnqo_validation_0028: Who plays joker in batman the dark knight?
00:20:32  INFO       Victim (original): 'Heath Ledger.'
00:20:32  INFO       [llm_judge] original correct=True
00:20:33  INFO       Original wrong rate: 0.00 (0/5 sampled answers wrong, llm_judge)
00:20:34  INFO       Confidence on the original: 0/20 sampled answers wrong (certain)
00:20:34  INFO       Attack round 1/1
00:20:38  INFO         Generated 33 candidates
00:20:40  INFO         Paraphrase: 'Who portrays the joker in the batman film the dark knight?'  →  Victim: 'Heath Ledger'  correct={'llm_judge': True}  fitness=0.00 (0/5 wrong, llm_judge)
00:20:42  INFO         Paraphrase: 'Who acts as the joker in the movie batman the dark knight?'  →  Victim: 'Heath Ledger.'  correct={'llm_judge': True}  fitness=0.00 (0/5 wrong, llm_judge)
00:20:43  INFO         Paraphrase: 'Who plays the role of joker in batman the dark knight?'  →  Victim: 'Heath Ledger'  correct={'llm_judge': True}  fitness=0.00 (0/5 wrong, llm_judge)
00:20:45  INFO         Paraphrase: 'Who portrays the character of joker in batman the dark knight?'  →  Victim: 'Heath Ledger'  correct={'llm_judge': True}  fitness=0.00 (0/5 wrong, llm_judge)
00:20:46  INFO         Paraphrase: 'Who performs as the joker in the film batman the dark knight?'  →  Victim: 'Heath Ledger'  correct={'llm_judge': True}  fitness=0.00 (0/5 wrong, llm_judge)
00:20:48  INFO         Paraphrase: 'Who is playing the part of joker in the movie batman the dark knight?'  →  Victim: 'Heath Ledger.'  correct={'llm_judge': True}  fitness=0.00 (0/5 wrong, llm_judge)
00:20:50  INFO         Paraphrase: 'Who takes on the role of joker in batman the dark knight?'  →  Victim: 'Heath Ledger.'  correct={'llm_judge': True}  fitness=0.00 (0/5 wrong, llm_judge)
00:20:51  INFO         Paraphrase: 'Who is the actor who plays the joker in batman the dark knight?'  →  Victim: 'Heath Ledger.'  correct={'llm_judge': True}  fitness=0.00 (0/5 wrong, llm_judge)
00:20:58  INFO         Paraphrase: 'Who acts as the comedian in batman the dark knight?'  →  Victim: 'Joan Cusack does not act as the comedian in Batman The Dark Knight. The correct answer is: None.'  correct={'llm_judge': False}  fitness=1.00 (5/5 wrong, llm_judge)
00:20:58  INFO         *** ATTACK SUCCESS (round 1) ***
        Paraphrase:    Who acts as the comedian in batman the dark knight?
        Victim answer: Joan Cusack does not act as the comedian in Batman The Dark Knight. The correct answer is: None.
        Per evaluator: {'llm_judge': True}
        Wrong rate:    1.00 vs 0.00 on the original (ROBUST)
00:21:00  INFO         Paraphrase: 'Who plays the villain joker in batman the dark knight?'  →  Victim: 'Heath Ledger.'  correct={'llm_judge': True}  fitness=0.00 (0/5 wrong, llm_judge)
00:21:02  INFO         Paraphrase: 'Who takes on the character of joker in batman the dark knight?'  →  Victim: 'Heath Ledger.'  correct={'llm_judge': True}  fitness=0.00 (0/5 wrong, llm_judge)
00:21:04  INFO         Paraphrase: 'Who is the person playing joker in the film batman the dark knight?'  →  Victim: 'Heath Ledger.'  correct={'llm_judge': True}  fitness=0.00 (0/5 wrong, llm_judge)
00:21:05  INFO         Paraphrase: 'Who has the role of joker in batman the dark knight?'  →  Victim: 'Heath Ledger.'  correct={'llm_judge': True}  fitness=0.00 (0/5 wrong, llm_judge)
00:21:07  INFO         Paraphrase: 'Who portrays joker in the movie batman the dark knight?'  →  Victim: 'Heath Ledger'  correct={'llm_judge': True}  fitness=0.00 (0/5 wrong, llm_judge)
00:21:08  INFO         Paraphrase: 'Who acts out the role of joker in batman the dark knight?'  →  Victim: 'Heath Ledger.'  correct={'llm_judge': True}  fitness=0.00 (0/5 wrong, llm_judge)
00:21:10  INFO         Paraphrase: 'Who portrays the villain joker in batman the dark knight?'  →  Victim: 'Heath Ledger.'  correct={'llm_judge': True}  fitness=0.00 (0/5 wrong, llm_judge)
00:21:11  INFO         Paraphrase: 'Who acts as the person who plays joker in batman the dark knight?'  →  Victim: 'Heath Ledger.'  correct={'llm_judge': True}  fitness=0.00 (0/5 wrong, llm_judge)

[ANSWER PRESERVATION FAILED]
Original:   Who plays joker in batman the dark knight?
Answer(s):  ['Ledger', 'Heath Ledger']
Paraphrase: Who is the comedian joker in the movie batman the dark knight?

00:21:14  INFO         Paraphrase: 'Who plays the character joker in batman the dark knight?'  →  Victim: 'Heath Ledger.'  correct={'llm_judge': True}  fitness=0.00 (0/5 wrong, llm_judge)
00:21:16  INFO         Paraphrase: 'Who performs as the character joker in batman the dark knight?'  →  Victim: 'Heath Ledger.'  correct={'llm_judge': True}  fitness=0.00 (0/5 wrong, llm_judge)
00:21:17  INFO         Paraphrase: 'Who takes on the part of joker in the film batman the dark knight?'  →  Victim: 'Heath Ledger'  correct={'llm_judge': True}  fitness=0.00 (0/5 wrong, llm_judge)
00:21:19  INFO         Paraphrase: 'Who plays the part of joker in the movie batman the dark knight?'  →  Victim: 'Heath Ledger'  correct={'llm_judge': True}  fitness=0.00 (0/5 wrong, llm_judge)
00:21:21  INFO         Paraphrase: 'Who has the role of joker in the film batman the dark knight?'  →  Victim: 'Heath Ledger.'  correct={'llm_judge': True}  fitness=0.00 (0/5 wrong, llm_judge)
00:21:22  INFO         Paraphrase: 'Who is the person who plays joker in the film batman the dark knight?'  →  Victim: 'Heath Ledger.'  correct={'llm_judge': True}  fitness=0.00 (0/5 wrong, llm_judge)
00:21:24  INFO         Paraphrase: 'Who acts out the part of joker in batman the dark knight?'  →  Victim: 'Heath Ledger'  correct={'llm_judge': True}  fitness=0.00 (0/5 wrong, llm_judge)

[QUESTION EQUIVALENCE FAILED]
Original:   Who plays joker in batman the dark knight?
Paraphrase: Who portrays the person who plays joker in batman the dark knight?

00:21:25  INFO         Paraphrase: 'Who takes on the character of joker in the film batman the dark knight?'  →  Victim: 'Heath Ledger.'  correct={'llm_judge': True}  fitness=0.00 (0/5 wrong, llm_judge)
00:21:27  INFO         Paraphrase: 'Who performs as joker in the film batman the dark knight?'  →  Victim: 'Heath Ledger'  correct={'llm_judge': True}  fitness=0.00 (0/5 wrong, llm_judge)
00:21:29  INFO         Paraphrase: 'Who is the one who plays joker in batman the dark knight?'  →  Victim: 'Heath Ledger.'  correct={'llm_judge': True}  fitness=0.00 (0/5 wrong, llm_judge)
00:21:30  INFO         Paraphrase: 'Who has the role of the joker in batman the dark knight?'  →  Victim: 'Heath Ledger.'  correct={'llm_judge': True}  fitness=0.00 (0/5 wrong, llm_judge)
00:21:32  INFO         Paraphrase: 'Who takes on the role of the joker in batman the dark knight?'  →  Victim: 'Heath Ledger.'  correct={'llm_judge': True}  fitness=0.00 (0/5 wrong, llm_judge)
00:21:33  INFO         Paraphrase: 'Who is the one who plays the joker in the movie batman the dark knight?'  →  Victim: 'Heath Ledger.'  correct={'llm_judge': True}  fitness=0.00 (0/5 wrong, llm_judge)
00:21:35  INFO         Paraphrase: 'Who acts out the role of the joker in batman the dark knight?'  →  Victim: 'Heath Ledger.'  correct={'llm_judge': True}  fitness=0.00 (0/5 wrong, llm_judge)
00:21:35  INFO         Round 1/1 done: 33 generated, 0 duplicates, 2 rejected, 31 passed validation (queried), 1 successful
00:21:47  INFO         Re-test: 19/20 wrong vs 0/20 on the original, p=0.000 -> CONFIRMED: 'Who acts as the comedian in batman the dark knight?'
00:21:47  INFO       Attack finished after 1 round(s): 31 valid victim queries, successful attacks per evaluator: {'llm_judge': 1}, robust: 1, confirmed by re-test: 1
00:21:47  INFO     [19/96] Qnqo_validation_0030: When was the first hunger games book published?
00:21:47  INFO       Victim (original): '2008'
00:21:47  INFO       [llm_judge] original correct=True
00:21:48  INFO       Original wrong rate: 0.00 (0/5 sampled answers wrong, llm_judge)
00:21:51  INFO       Confidence on the original: 0/20 sampled answers wrong (certain)
00:21:51  INFO       Attack round 1/1
00:21:55  INFO         Generated 36 candidates

[TOO DIFFERENT]
Original:   When was the first hunger games book published?
Paraphrase: What was the publication date of the initial Hunger Games novel?
Keeps 40% of the original's content words

00:21:57  INFO         Paraphrase: 'When did the first Hunger Games book hit the bookshelves?'  →  Victim: '2008'  correct={'llm_judge': True}  fitness=0.00 (0/5 wrong, llm_judge)

[ANSWER PRESERVATION FAILED]
Original:   When was the first hunger games book published?
Answer(s):  ['September 14, 2008', '2008']
Paraphrase: At what time did the first Hunger Games book go to print?

00:22:00  INFO         Paraphrase: 'What was the release date of the first Hunger Games novel?'  →  Victim: 'April 30, 2008'  correct={'llm_judge': True}  fitness=0.00 (0/5 wrong, llm_judge)
00:22:05  INFO         Paraphrase: 'On which date was the first Hunger Games book published?'  →  Victim: 'April 15, 2008'  correct={'llm_judge': True}  fitness=0.00 (0/5 wrong, llm_judge)
00:22:07  INFO         Paraphrase: 'When was the initial Hunger Games book launched?'  →  Victim: '2008'  correct={'llm_judge': True}  fitness=0.00 (0/5 wrong, llm_judge)
00:22:08  INFO         Paraphrase: 'When did the first Hunger Games book see the light of day?'  →  Victim: '2008'  correct={'llm_judge': True}  fitness=0.00 (0/5 wrong, llm_judge)
00:22:10  INFO         Paraphrase: 'What was the publication year of the first Hunger Games novel?'  →  Victim: '2008'  correct={'llm_judge': True}  fitness=0.00 (0/5 wrong, llm_judge)
00:22:11  INFO         Paraphrase: 'When was the first Hunger Games book put into circulation?'  →  Victim: '2008'  correct={'llm_judge': True}  fitness=0.00 (0/5 wrong, llm_judge)
00:22:13  INFO         Paraphrase: 'In which year was the first Hunger Games book published?'  →  Victim: '2008'  correct={'llm_judge': True}  fitness=0.00 (0/5 wrong, llm_judge)
00:22:14  INFO         Paraphrase: 'What was the release year of the first Hunger Games novel?'  →  Victim: '2008'  correct={'llm_judge': True}  fitness=0.00 (0/5 wrong, llm_judge)
00:22:16  INFO         Paraphrase: 'When did the first Hunger Games book reach the stores?'  →  Victim: '2008'  correct={'llm_judge': True}  fitness=0.00 (0/5 wrong, llm_judge)
00:22:17  INFO         Paraphrase: 'On which date was the first Hunger Games novel published?'  →  Victim: 'April 30, 2008'  correct={'llm_judge': True}  fitness=0.00 (0/5 wrong, llm_judge)

[QUESTION EQUIVALENCE FAILED]
Original:   When was the first hunger games book published?
Paraphrase: At what time was the first Hunger Games book published?

00:22:19  INFO         Paraphrase: 'When was the first Hunger Games novel put to print?'  →  Victim: '2008'  correct={'llm_judge': True}  fitness=0.00 (0/5 wrong, llm_judge)
00:22:21  INFO         Paraphrase: 'When did the first Hunger Games book become available?'  →  Victim: '2008'  correct={'llm_judge': True}  fitness=0.00 (0/5 wrong, llm_judge)

[TOO DIFFERENT]
Original:   When was the first hunger games book published?
Paraphrase: What was the publication date of the inaugural Hunger Games novel?
Keeps 40% of the original's content words

00:22:22  INFO         Paraphrase: 'When did the first Hunger Games book hit the market?'  →  Victim: '2008'  correct={'llm_judge': True}  fitness=0.00 (0/5 wrong, llm_judge)
00:22:24  INFO         Paraphrase: 'In which year was the first Hunger Games book released?'  →  Victim: '2008'  correct={'llm_judge': True}  fitness=0.00 (0/5 wrong, llm_judge)

[TOO DIFFERENT]
Original:   When was the first hunger games book published?
Paraphrase: What was the release date of the inaugural Hunger Games novel?
Keeps 40% of the original's content words

00:22:25  INFO         Paraphrase: 'When did the first Hunger Games novel go on sale?'  →  Victim: '2008'  correct={'llm_judge': True}  fitness=0.00 (0/5 wrong, llm_judge)
00:22:27  INFO         Paraphrase: 'On which date was the first Hunger Games book released?'  →  Victim: 'April 30, 2008'  correct={'llm_judge': True}  fitness=0.00 (0/5 wrong, llm_judge)
00:22:28  INFO         Paraphrase: 'When was the first Hunger Games book put into the marketplace?'  →  Victim: '2008'  correct={'llm_judge': True}  fitness=0.00 (0/5 wrong, llm_judge)
00:22:33  INFO         Paraphrase: 'At what time was the inaugural Hunger Games novel published?'  →  Victim: 'April 16, 2008.'  correct={'llm_judge': True}  fitness=0.00 (0/5 wrong, llm_judge)

[TOO DIFFERENT]
Original:   When was the first hunger games book published?
Paraphrase: What was the publication year of the inaugural Hunger Games novel?
Keeps 40% of the original's content words

00:22:35  INFO         Paraphrase: 'When did the first Hunger Games novel hit the shelves?'  →  Victim: '2008'  correct={'llm_judge': True}  fitness=0.00 (0/5 wrong, llm_judge)
00:22:36  INFO         Paraphrase: 'In which year was the first Hunger Games novel published?'  →  Victim: '2008'  correct={'llm_judge': True}  fitness=0.00 (0/5 wrong, llm_judge)

[TOO DIFFERENT]
Original:   When was the first hunger games book published?
Paraphrase: When was the inaugural Hunger Games novel put to print?
Keeps 40% of the original's content words

00:22:38  INFO         Paraphrase: 'When did the first Hunger Games book become available for purchase?'  →  Victim: '2008'  correct={'llm_judge': True}  fitness=0.00 (0/5 wrong, llm_judge)

[TOO DIFFERENT]
Original:   When was the first hunger games book published?
Paraphrase: What was the release year of the inaugural Hunger Games novel?
Keeps 40% of the original's content words


[ANSWER PRESERVATION FAILED]
Original:   When was the first hunger games book published?
Answer(s):  ['September 14, 2008', '2008']
Paraphrase: At what time was the first Hunger Games book released?

00:22:41  INFO         Paraphrase: 'When was the first Hunger Games novel put into circulation?'  →  Victim: '2008'  correct={'llm_judge': True}  fitness=0.00 (0/5 wrong, llm_judge)
00:22:42  INFO         Paraphrase: 'When did the first Hunger Games book hit the bookstores?'  →  Victim: '2008'  correct={'llm_judge': True}  fitness=0.00 (0/5 wrong, llm_judge)
00:22:44  INFO         Paraphrase: 'When did the first Hunger Games book reach the market?'  →  Victim: '2008'  correct={'llm_judge': True}  fitness=0.00 (0/5 wrong, llm_judge)
00:22:45  INFO         Paraphrase: 'On which date was the inaugural Hunger Games novel published?'  →  Victim: 'April 30, 2008.'  correct={'llm_judge': True}  fitness=0.00 (0/5 wrong, llm_judge)
00:22:47  INFO         Paraphrase: 'When was the first Hunger Games novel put on sale?'  →  Victim: '2008'  correct={'llm_judge': True}  fitness=0.00 (0/5 wrong, llm_judge)
00:22:47  INFO         Round 1/1 done: 36 generated, 0 duplicates, 9 rejected, 27 passed validation (queried), 0 successful
00:22:47  INFO       Attack finished after 1 round(s): 27 valid victim queries, successful attacks per evaluator: {'llm_judge': 0}, robust: 0, confirmed by re-test: 0
00:22:47  INFO     [20/96] Qnqo_validation_0095: Where is the tibia and fibula bone located?
00:22:47  INFO       Victim (original): 'In the lower leg, below the knee and above the ankle.'
00:22:48  INFO       [llm_judge] original correct=True
00:22:49  INFO       Original wrong rate: 0.00 (0/5 sampled answers wrong, llm_judge)
00:22:52  INFO       Confidence on the original: 2/20 sampled answers wrong (mostly)
00:22:52  INFO       Attack round 1/1
00:22:55  INFO         Generated 32 candidates

[TOO DIFFERENT]
Original:   Where is the tibia and fibula bone located?
Paraphrase: Where are the tibia and fibula situated?
Keeps 50% of the original's content words


[TOO DIFFERENT]
Original:   Where is the tibia and fibula bone located?
Paraphrase: Where is the tibia and fibula positioned?
Keeps 50% of the original's content words


[TOO DIFFERENT]
Original:   Where is the tibia and fibula bone located?
Paraphrase: What is the location of the tibia and fibula?
Keeps 50% of the original's content words


[TOO DIFFERENT]
Original:   Where is the tibia and fibula bone located?
Paraphrase: Where are the lower leg bones found?
Keeps 0% of the original's content words


[TOO DIFFERENT]
Original:   Where is the tibia and fibula bone located?
Paraphrase: Where are the tibia and fibula situated in the body?
Keeps 50% of the original's content words

00:22:57  INFO         Paraphrase: 'Where is the tibia and fibula located on the human body?'  →  Victim: 'In the lower leg, below the knee and above the ankle.'  correct={'llm_judge': True}  fitness=0.00 (0/5 wrong, llm_judge)

[TOO DIFFERENT]
Original:   Where is the tibia and fibula bone located?
Paraphrase: What is the position of the tibia and fibula?
Keeps 50% of the original's content words


[TOO DIFFERENT]
Original:   Where is the tibia and fibula bone located?
Paraphrase: Where are the bones in the lower leg located?
Keeps 25% of the original's content words

00:23:00  INFO         Paraphrase: 'Where are the tibia and fibula bones located?'  →  Victim: 'In the lower leg, below the knee and above the ankle.'  correct={'llm_judge': True}  fitness=0.20 (1/5 wrong, llm_judge)

[TOO DIFFERENT]
Original:   Where is the tibia and fibula bone located?
Paraphrase: What is the location of the tibia and fibula in the human body?
Keeps 50% of the original's content words


[TOO DIFFERENT]
Original:   Where is the tibia and fibula bone located?
Paraphrase: Where are the bones in the lower limb located?
Keeps 25% of the original's content words


[TOO DIFFERENT]
Original:   Where is the tibia and fibula bone located?
Paraphrase: Where is the tibia and fibula positioned in the body?
Keeps 50% of the original's content words


[TOO DIFFERENT]
Original:   Where is the tibia and fibula bone located?
Paraphrase: Where are the tibia and fibula bones situated?
Keeps 50% of the original's content words


[TOO DIFFERENT]
Original:   Where is the tibia and fibula bone located?
Paraphrase: Where are the lower leg bones located?
Keeps 25% of the original's content words


[TOO DIFFERENT]
Original:   Where is the tibia and fibula bone located?
Paraphrase: Where is the tibia and fibula situated in the human body?
Keeps 50% of the original's content words


[TOO DIFFERENT]
Original:   Where is the tibia and fibula bone located?
Paraphrase: Where are the bones in the lower leg situated?
Keeps 0% of the original's content words


[TOO DIFFERENT]
Original:   Where is the tibia and fibula bone located?
Paraphrase: Where is the tibia and fibula positioned on the body?
Keeps 50% of the original's content words

00:23:04  INFO         Paraphrase: 'Where are the tibia and fibula located in the human body?'  →  Victim: 'In the lower leg, below the knee and above the ankle.'  correct={'llm_judge': True}  fitness=0.00 (0/5 wrong, llm_judge)

[TOO DIFFERENT]
Original:   Where is the tibia and fibula bone located?
Paraphrase: Where are the tibia and fibula situated on the human body?
Keeps 50% of the original's content words


[TOO DIFFERENT]
Original:   Where is the tibia and fibula bone located?
Paraphrase: Where are the bones of the lower leg located?
Keeps 25% of the original's content words


[TOO DIFFERENT]
Original:   Where is the tibia and fibula bone located?
Paraphrase: Where is the location of the tibia and fibula in the body?
Keeps 50% of the original's content words


[TOO DIFFERENT]
Original:   Where is the tibia and fibula bone located?
Paraphrase: Where are the lower limb bones located?
Keeps 25% of the original's content words

00:23:07  INFO         Paraphrase: 'Where is the tibia and fibula located in the body?'  →  Victim: 'In the lower leg, below the knee and above the ankle.'  correct={'llm_judge': True}  fitness=0.20 (1/5 wrong, llm_judge)

[TOO DIFFERENT]
Original:   Where is the tibia and fibula bone located?
Paraphrase: Where are the bones of the lower leg situated?
Keeps 0% of the original's content words


[TOO DIFFERENT]
Original:   Where is the tibia and fibula bone located?
Paraphrase: Where are the tibia and fibula bones positioned?
Keeps 50% of the original's content words


[TOO DIFFERENT]
Original:   Where is the tibia and fibula bone located?
Paraphrase: Where is the tibia and fibula situated on the body?
Keeps 50% of the original's content words


[TOO DIFFERENT]
Original:   Where is the tibia and fibula bone located?
Paraphrase: Where are the lower leg bones positioned?
Keeps 0% of the original's content words

00:23:09  INFO         Paraphrase: 'Where are the tibia and fibula bones located in the body?'  →  Victim: 'In the lower leg, below the knee and above the ankle.'  correct={'llm_judge': True}  fitness=0.20 (1/5 wrong, llm_judge)
00:23:10  INFO         Paraphrase: 'Where are the tibia and fibula located?'  →  Victim: 'In the lower leg, below the knee and above the ankle.'  correct={'llm_judge': True}  fitness=0.00 (0/5 wrong, llm_judge)

[TOO DIFFERENT]
Original:   Where is the tibia and fibula bone located?
Paraphrase: Where are the bones of the lower limb located?
Keeps 25% of the original's content words


[TOO DIFFERENT]
Original:   Where is the tibia and fibula bone located?
Paraphrase: Where are the tibia and fibula positioned in the human body?
Keeps 50% of the original's content words


[TOO DIFFERENT]
Original:   Where is the tibia and fibula bone located?
Paraphrase: Where is the location of the tibia and fibula on the human body?
Keeps 50% of the original's content words

00:23:10  INFO         Round 1/1 done: 32 generated, 0 duplicates, 26 rejected, 6 passed validation (queried), 0 successful
00:23:10  INFO       Attack finished after 1 round(s): 6 valid victim queries, successful attacks per evaluator: {'llm_judge': 0}, robust: 0, confirmed by re-test: 0
00:23:11  INFO     [21/96] Qnqo_validation_0120: When does the day of the dead end?
00:23:11  INFO       Victim (original): 'November 2nd.'
00:23:12  INFO       [llm_judge] original correct=True
00:23:13  INFO       Original wrong rate: 0.00 (0/5 sampled answers wrong, llm_judge)
00:23:14  INFO       Confidence on the original: 0/20 sampled answers wrong (certain)
00:23:14  INFO       Attack round 1/1
00:23:17  INFO         Generated 29 candidates
00:23:18  INFO         Paraphrase: 'When does the Day of the Dead conclude?'  →  Victim: 'November 2nd.'  correct={'llm_judge': True}  fitness=0.00 (0/5 wrong, llm_judge)

[QUESTION EQUIVALENCE FAILED]
Original:   When does the day of the dead end?
Paraphrase: What time marks the end of the Day of the Dead?

00:23:25  INFO         Paraphrase: 'When is the Day of the Dead terminated?'  →  Victim: 'The Day of the Dead is not terminated. It is a cultural tradition that continues annually.'  correct={'llm_judge': False}  fitness=1.00 (5/5 wrong, llm_judge)
00:23:25  INFO         *** ATTACK SUCCESS (round 1) ***
        Paraphrase:    When is the Day of the Dead terminated?
        Victim answer: The Day of the Dead is not terminated. It is a cultural tradition that continues annually.
        Per evaluator: {'llm_judge': True}
        Wrong rate:    1.00 vs 0.00 on the original (ROBUST)

[ANSWER PRESERVATION FAILED]
Original:   When does the day of the dead end?
Answer(s):  ['November 2']
Paraphrase: At what time does the Day of the Dead finish?

00:23:28  INFO         Paraphrase: 'When does the Day of the Dead reach its conclusion?'  →  Victim: 'November 2nd.'  correct={'llm_judge': True}  fitness=0.00 (0/5 wrong, llm_judge)

[QUESTION EQUIVALENCE FAILED]
Original:   When does the day of the dead end?
Paraphrase: What hour signifies the end of the Day of the Dead?

00:23:30  INFO         Paraphrase: 'When is the Day of the Dead completed?'  →  Victim: 'November 2nd.'  correct={'llm_judge': True}  fitness=0.00 (0/5 wrong, llm_judge)

[ANSWER PRESERVATION FAILED]
Original:   When does the day of the dead end?
Answer(s):  ['November 2']
Paraphrase: At what hour does the Day of the Dead come to an end?

00:23:35  INFO         Paraphrase: 'When does the Day of the Dead cease?'  →  Victim: 'November 2nd.'  correct={'llm_judge': True}  fitness=0.40 (2/5 wrong, llm_judge)
00:23:42  INFO         Paraphrase: 'What moment marks the termination of the Day of the Dead?'  →  Victim: 'The moment when the Day of the Dead ends is when the candles are extinguished and the altars are cleared, typically around midnight.'  correct={'llm_judge': False}  fitness=1.00 (5/5 wrong, llm_judge)
00:23:42  INFO         *** ATTACK SUCCESS (round 1) ***
        Paraphrase:    What moment marks the termination of the Day of the Dead?
        Victim answer: The moment when the Day of the Dead ends is when the candles are extinguished and the altars are cleared, typically around midnight.
        Per evaluator: {'llm_judge': True}
        Wrong rate:    1.00 vs 0.00 on the original (ROBUST)
00:23:43  INFO         Paraphrase: 'When does the Day of the Dead reach its finale?'  →  Victim: 'November 2nd.'  correct={'llm_judge': True}  fitness=0.00 (0/5 wrong, llm_judge)

[QUESTION EQUIVALENCE FAILED]
Original:   When does the day of the dead end?
Paraphrase: What time does the Day of the Dead expire?

00:23:45  INFO         Paraphrase: 'When is the Day of the Dead concluded?'  →  Victim: 'November 2nd.'  correct={'llm_judge': True}  fitness=0.00 (0/5 wrong, llm_judge)

[ANSWER PRESERVATION FAILED]
Original:   When does the day of the dead end?
Answer(s):  ['November 2']
Paraphrase: At what time does the Day of the Dead terminate?

00:23:48  INFO         Paraphrase: 'When does the Day of the Dead reach its endpoint?'  →  Victim: 'November 2nd.'  correct={'llm_judge': True}  fitness=0.00 (0/5 wrong, llm_judge)

[QUESTION EQUIVALENCE FAILED]
Original:   When does the day of the dead end?
Paraphrase: What hour indicates the end of the Day of the Dead?

00:23:52  INFO         Paraphrase: 'When is the Day of the Dead finished?'  →  Victim: 'November 2nd.'  correct={'llm_judge': True}  fitness=0.40 (2/5 wrong, llm_judge)

[ANSWER PRESERVATION FAILED]
Original:   When does the day of the dead end?
Answer(s):  ['November 2']
Paraphrase: At what hour does the Day of the Dead end?

00:23:55  INFO         Paraphrase: 'When does the Day of the Dead come to a close?'  →  Victim: 'November 2nd.'  correct={'llm_judge': True}  fitness=0.00 (0/5 wrong, llm_judge)

[QUESTION EQUIVALENCE FAILED]
Original:   When does the day of the dead end?
Paraphrase: What time signals the termination of the Day of the Dead?

00:24:01  INFO         Paraphrase: 'When is the Day of the Dead over?'  →  Victim: 'The Day of the Dead is not over; it is a celebration that lasts from October 31 to November 2.'  correct={'llm_judge': True}  fitness=0.40 (2/5 wrong, llm_judge)

[ANSWER PRESERVATION FAILED]
Original:   When does the day of the dead end?
Answer(s):  ['November 2']
Paraphrase: At what time does the Day of the Dead reach its conclusion?


[QUESTION EQUIVALENCE FAILED]
Original:   When does the day of the dead end?
Paraphrase: When does the Day of the Dead reach its climax?


[QUESTION EQUIVALENCE FAILED]
Original:   When does the day of the dead end?
Paraphrase: What hour signifies the completion of the Day of the Dead?

00:24:08  INFO         Paraphrase: 'When is the Day of the Dead wrapped up?'  →  Victim: 'The Day of the Dead is not "wrapped up" as it is an ongoing celebration. It typically ends on November 2, with the main observance occurring between November 1 and 2.'  correct={'llm_judge': True}  fitness=0.40 (2/5 wrong, llm_judge)

[ANSWER PRESERVATION FAILED]
Original:   When does the day of the dead end?
Answer(s):  ['November 2']
Paraphrase: At what time does the Day of the Dead conclude?


[QUESTION EQUIVALENCE FAILED]
Original:   When does the day of the dead end?
Paraphrase: When does the Day of the Dead reach its denouement?


[QUESTION EQUIVALENCE FAILED]
Original:   When does the day of the dead end?
Paraphrase: What time marks the end of the Day of the Dead's festivities?

00:24:12  INFO         Paraphrase: 'When is the Day of the Dead brought to a close?'  →  Victim: 'November 2nd.'  correct={'llm_judge': True}  fitness=0.00 (0/5 wrong, llm_judge)
00:24:12  INFO         Round 1/1 done: 29 generated, 0 duplicates, 15 rejected, 14 passed validation (queried), 2 successful
00:24:19  INFO         Re-test: 20/20 wrong vs 0/20 on the original, p=0.000 -> CONFIRMED: 'When is the Day of the Dead terminated?'
00:24:32  INFO         Re-test: 17/20 wrong vs 0/20 on the original, p=0.000 -> CONFIRMED: 'What moment marks the termination of the Day of the Dead?'
00:24:32  INFO       Attack finished after 1 round(s): 14 valid victim queries, successful attacks per evaluator: {'llm_judge': 2}, robust: 2, confirmed by re-test: 2
00:24:32  INFO     [22/96] Qnqo_validation_0296: Where are alkali metals located on the periodic table?
00:24:32  INFO       Victim (original): 'Group 1, except hydrogen.'
00:24:33  INFO       [llm_judge] original correct=True
00:24:35  INFO       Original wrong rate: 0.00 (0/5 sampled answers wrong, llm_judge)
00:24:36  INFO       Confidence on the original: 0/20 sampled answers wrong (certain)
00:24:36  INFO       Attack round 1/1
00:24:45  INFO         Generated 65 candidates
00:24:47  INFO         Paraphrase: 'On the periodic table, where are the alkali metals situated?'  →  Victim: 'Group 1, except hydrogen.'  correct={'llm_judge': True}  fitness=0.00 (0/5 wrong, llm_judge)
00:24:49  INFO         Paraphrase: 'Where is the place of the alkali metals in the periodic table?'  →  Victim: 'Group 1, except hydrogen.'  correct={'llm_judge': True}  fitness=0.00 (0/5 wrong, llm_judge)
00:24:53  INFO         Paraphrase: 'What is the position of the alkali metals in the periodic table?'  →  Victim: 'Group 1, except hydrogen.'  correct={'llm_judge': True}  fitness=0.00 (0/5 wrong, llm_judge)
00:24:58  INFO         Paraphrase: 'The alkali metals are located at which part of the periodic table?'  →  Victim: 'The leftmost column, Group 1.'  correct={'llm_judge': True}  fitness=0.00 (0/5 wrong, llm_judge)
00:25:00  INFO         Paraphrase: 'In the periodic table, where do the alkali metals reside?'  →  Victim: 'Group 1.'  correct={'llm_judge': True}  fitness=0.00 (0/5 wrong, llm_judge)
00:25:01  INFO         Paraphrase: 'What are the locations of the alkali metals on the periodic table?'  →  Victim: 'Group 1, except hydrogen.'  correct={'llm_judge': True}  fitness=0.00 (0/5 wrong, llm_judge)
00:25:03  INFO         Paraphrase: 'The periodic table, where are the alkali metals found?'  →  Victim: 'Group 1.'  correct={'llm_judge': True}  fitness=0.00 (0/5 wrong, llm_judge)
00:25:06  INFO         Paraphrase: 'Where on the periodic table are the alkali metals situated?'  →  Victim: 'Group 1, except hydrogen.'  correct={'llm_judge': True}  fitness=0.00 (0/5 wrong, llm_judge)
00:25:10  INFO         Paraphrase: 'The alkali metals are in what part of the periodic table?'  →  Victim: 'Group 1, on the left side.'  correct={'llm_judge': True}  fitness=0.00 (0/5 wrong, llm_judge)
00:25:11  INFO         Paraphrase: 'Where do the alkali metals occupy in the periodic table?'  →  Victim: 'Group 1.'  correct={'llm_judge': True}  fitness=0.00 (0/5 wrong, llm_judge)
00:25:13  INFO         Paraphrase: 'The locations of the alkali metals in the periodic table are?'  →  Victim: 'Group 1, except hydrogen.'  correct={'llm_judge': True}  fitness=0.00 (0/5 wrong, llm_judge)
00:25:17  INFO         Paraphrase: 'Where is the section for the alkali metals in the periodic table?'  →  Victim: 'Group 1, on the left side of the periodic table.'  correct={'llm_judge': True}  fitness=0.00 (0/5 wrong, llm_judge)
00:25:20  INFO         Paraphrase: 'The alkali metals are found at which place on the periodic table?'  →  Victim: 'Leftmost column, Group 1.'  correct={'llm_judge': True}  fitness=0.00 (0/5 wrong, llm_judge)
00:25:22  INFO         Paraphrase: 'What position do the alkali metals occupy in the periodic table?'  →  Victim: 'Group 1'  correct={'llm_judge': True}  fitness=0.00 (0/5 wrong, llm_judge)
00:25:24  INFO         Paraphrase: 'On the periodic table, where are the locations of the alkali metals?'  →  Victim: 'Group 1, except hydrogen.'  correct={'llm_judge': True}  fitness=0.00 (0/5 wrong, llm_judge)
00:25:25  INFO         Paraphrase: 'In the periodic table, where do the alkali metals stand?'  →  Victim: 'Group 1.'  correct={'llm_judge': True}  fitness=0.00 (0/5 wrong, llm_judge)
00:25:27  INFO         Paraphrase: 'The periodic table, what is the position of the alkali metals?'  →  Victim: 'Group 1, except hydrogen.'  correct={'llm_judge': True}  fitness=0.00 (0/5 wrong, llm_judge)
00:25:28  INFO         Paraphrase: 'The alkali metals are situated in what section of the periodic table?'  →  Victim: 'Group 1'  correct={'llm_judge': True}  fitness=0.00 (0/5 wrong, llm_judge)
00:25:30  INFO         Paraphrase: 'The location of the alkali metals on the periodic table is?'  →  Victim: 'Group 1, except hydrogen.'  correct={'llm_judge': True}  fitness=0.00 (0/5 wrong, llm_judge)
00:25:31  INFO         Paraphrase: 'Where on the periodic table are the alkali metals placed?'  →  Victim: 'Group 1, except hydrogen.'  correct={'llm_judge': True}  fitness=0.00 (0/5 wrong, llm_judge)
00:25:33  INFO         Paraphrase: 'What section of the periodic table contains the alkali metals?'  →  Victim: 'Group 1'  correct={'llm_judge': True}  fitness=0.00 (0/5 wrong, llm_judge)
00:25:34  INFO         Paraphrase: 'The periodic table, where are the alkali metals placed?'  →  Victim: 'Group 1'  correct={'llm_judge': True}  fitness=0.00 (0/5 wrong, llm_judge)
00:25:36  INFO         Paraphrase: 'Where is the spot for the alkali metals in the periodic table?'  →  Victim: 'Group 1, except hydrogen.'  correct={'llm_judge': True}  fitness=0.00 (0/5 wrong, llm_judge)
00:25:37  INFO         Paraphrase: 'The alkali metals are found in what location on the periodic table?'  →  Victim: 'Group 1'  correct={'llm_judge': True}  fitness=0.00 (0/5 wrong, llm_judge)
00:25:39  INFO         Paraphrase: 'The position of the alkali metals in the periodic table is?'  →  Victim: 'Group 1'  correct={'llm_judge': True}  fitness=0.00 (0/5 wrong, llm_judge)
00:25:40  INFO         Paraphrase: 'The locations of the alkali metals on the periodic table are'  →  Victim: 'Group 1, except hydrogen.'  correct={'llm_judge': True}  fitness=0.00 (0/5 wrong, llm_judge)
00:25:44  INFO         Paraphrase: 'The periodic table, what are the locations of the alkali metals?'  →  Victim: 'Group 1, except hydrogen.'  correct={'llm_judge': True}  fitness=0.00 (0/5 wrong, llm_judge)
00:25:46  INFO         Paraphrase: 'Where do the alkali metals occupy on the periodic table?'  →  Victim: 'Group 1.'  correct={'llm_judge': True}  fitness=0.00 (0/5 wrong, llm_judge)
00:25:47  INFO         Paraphrase: 'The section for the alkali metals on the periodic table is?'  →  Victim: 'Group 1'  correct={'llm_judge': True}  fitness=0.00 (0/5 wrong, llm_judge)
00:25:49  INFO         Paraphrase: 'The alkali metals are in which part of the periodic table?'  →  Victim: 'Group 1, on the left side.'  correct={'llm_judge': True}  fitness=0.00 (0/5 wrong, llm_judge)
00:25:50  INFO         Paraphrase: 'The place of the alkali metals in the periodic table is'  →  Victim: 'Group 1.'  correct={'llm_judge': True}  fitness=0.00 (0/5 wrong, llm_judge)
00:25:52  INFO         Paraphrase: 'On the periodic table, what is the location of the alkali metals?'  →  Victim: 'Group 1, except hydrogen.'  correct={'llm_judge': True}  fitness=0.00 (0/5 wrong, llm_judge)
00:25:52  INFO         [duplicate, skipped] 'The location of the alkali metals on the periodic table is'
00:25:53  INFO         Paraphrase: 'The periodic table, where do the alkali metals reside?'  →  Victim: 'Group 1.'  correct={'llm_judge': True}  fitness=0.00 (0/5 wrong, llm_judge)
00:25:55  INFO         Paraphrase: 'The location of the alkali metals in the periodic table is'  →  Victim: 'Group 1.'  correct={'llm_judge': True}  fitness=0.00 (0/5 wrong, llm_judge)
00:25:56  INFO         Paraphrase: 'The section of the periodic table containing the alkali metals is'  →  Victim: 'Group 1'  correct={'llm_judge': True}  fitness=0.00 (0/5 wrong, llm_judge)
00:25:58  INFO         Paraphrase: 'The place on the periodic table where the alkali metals are found'  →  Victim: 'Group 1'  correct={'llm_judge': True}  fitness=0.00 (0/5 wrong, llm_judge)
00:25:59  INFO         Paraphrase: 'The position of the alkali metals on the periodic table is'  →  Victim: 'Group 1.'  correct={'llm_judge': True}  fitness=0.00 (0/5 wrong, llm_judge)
00:26:01  INFO         Paraphrase: 'The locations of the alkali metals in the periodic table'  →  Victim: 'Group 1, except hydrogen.'  correct={'llm_judge': True}  fitness=0.00 (0/5 wrong, llm_judge)
00:26:02  INFO         Paraphrase: 'The alkali metals are located at what position on the periodic table?'  →  Victim: 'Group 1, except hydrogen.'  correct={'llm_judge': True}  fitness=0.00 (0/5 wrong, llm_judge)
00:26:04  INFO         Paraphrase: 'The section for the alkali metals in the periodic table is'  →  Victim: 'Group 1.'  correct={'llm_judge': True}  fitness=0.00 (0/5 wrong, llm_judge)
00:26:05  INFO         Paraphrase: 'The periodic table, what is the spot for the alkali metals?'  →  Victim: 'Group 1'  correct={'llm_judge': True}  fitness=0.00 (0/5 wrong, llm_judge)
00:26:05  INFO         [duplicate, skipped] 'The position of the alkali metals in the periodic table is'
00:26:07  INFO         Paraphrase: 'The location of the alkali metals on the periodic table'  →  Victim: 'Group 1, except hydrogen.'  correct={'llm_judge': True}  fitness=0.00 (0/5 wrong, llm_judge)
00:26:08  INFO         Paraphrase: 'The section containing the alkali metals in the periodic table'  →  Victim: 'Group 1'  correct={'llm_judge': True}  fitness=0.00 (0/5 wrong, llm_judge)
00:26:10  INFO         Paraphrase: 'The periodic table, what are the positions of the alkali metals?'  →  Victim: 'Group 1, except hydrogen.'  correct={'llm_judge': True}  fitness=0.00 (0/5 wrong, llm_judge)
00:26:11  INFO         Paraphrase: 'The place for the alkali metals on the periodic table is'  →  Victim: 'Group 1.'  correct={'llm_judge': True}  fitness=0.00 (0/5 wrong, llm_judge)
00:26:13  INFO         Paraphrase: 'The positions of the alkali metals on the periodic table are'  →  Victim: 'Group 1.'  correct={'llm_judge': True}  fitness=0.00 (0/5 wrong, llm_judge)
00:26:14  INFO         Paraphrase: 'The section on the periodic table for the alkali metals is'  →  Victim: 'Group 1.'  correct={'llm_judge': True}  fitness=0.00 (0/5 wrong, llm_judge)
00:26:18  INFO         Paraphrase: 'The positions of the alkali metals in the periodic table'  →  Victim: 'Group 1: Li, Na, K, Rb, Cs, Fr'  correct={'llm_judge': True}  fitness=0.00 (0/5 wrong, llm_judge)
00:26:19  INFO         Paraphrase: 'The alkali metals are in what location on the periodic table?'  →  Victim: 'Group 1, except hydrogen.'  correct={'llm_judge': True}  fitness=0.00 (0/5 wrong, llm_judge)
00:26:21  INFO         Paraphrase: 'The position of the alkali metals on the periodic table'  →  Victim: 'Group 1, except hydrogen.'  correct={'llm_judge': True}  fitness=0.00 (0/5 wrong, llm_judge)
00:26:23  INFO         Paraphrase: 'The periodic table, what is the location of the alkali metals?'  →  Victim: 'Group 1, except hydrogen.'  correct={'llm_judge': True}  fitness=0.00 (0/5 wrong, llm_judge)
00:26:24  INFO         Paraphrase: 'The locations of the alkali metals on the periodic table'  →  Victim: 'Group 1, except hydrogen.'  correct={'llm_judge': True}  fitness=0.00 (0/5 wrong, llm_judge)
00:26:26  INFO         Paraphrase: 'The section for the alkali metals on the periodic table'  →  Victim: 'Group 1'  correct={'llm_judge': True}  fitness=0.00 (0/5 wrong, llm_judge)
00:26:27  INFO         Paraphrase: 'The periodic table, where are the positions of the alkali metals?'  →  Victim: 'Group 1, except hydrogen.'  correct={'llm_judge': True}  fitness=0.00 (0/5 wrong, llm_judge)
00:26:29  INFO         Paraphrase: 'The section for the alkali metals in the periodic table'  →  Victim: 'Group 1'  correct={'llm_judge': True}  fitness=0.00 (0/5 wrong, llm_judge)
00:26:30  INFO         Paraphrase: 'The positions of the alkali metals on the periodic table'  →  Victim: 'Group 1, except hydrogen.'  correct={'llm_judge': True}  fitness=0.00 (0/5 wrong, llm_judge)
00:26:32  INFO         Paraphrase: 'The section on the periodic table where the alkali metals are found'  →  Victim: 'Group 1'  correct={'llm_judge': True}  fitness=0.00 (0/5 wrong, llm_judge)
00:26:35  INFO         Paraphrase: 'The periodic table, where do the alkali metals stand?'  →  Victim: 'On the left side, in Group 1.'  correct={'llm_judge': True}  fitness=0.00 (0/5 wrong, llm_judge)
00:26:37  INFO         Paraphrase: 'The location of the alkali metals in the periodic table'  →  Victim: 'Group 1, except hydrogen.'  correct={'llm_judge': True}  fitness=0.00 (0/5 wrong, llm_judge)
00:26:38  INFO         Paraphrase: 'The periodic table, what is the place for the alkali metals?'  →  Victim: 'Group 1'  correct={'llm_judge': True}  fitness=0.00 (0/5 wrong, llm_judge)
00:26:40  INFO         Paraphrase: 'The section of the periodic table containing the alkali metals'  →  Victim: 'Group 1'  correct={'llm_judge': True}  fitness=0.00 (0/5 wrong, llm_judge)
00:26:41  INFO         Paraphrase: 'The place for the alkali metals on the periodic table'  →  Victim: 'Group 1'  correct={'llm_judge': True}  fitness=0.00 (0/5 wrong, llm_judge)
00:26:43  INFO         Paraphrase: 'The periodic table, where are the locations of the alkali metals?'  →  Victim: 'Group 1, except hydrogen.'  correct={'llm_judge': True}  fitness=0.00 (0/5 wrong, llm_judge)
00:26:43  INFO         Round 1/1 done: 65 generated, 2 duplicates, 0 rejected, 63 passed validation (queried), 0 successful
00:26:43  INFO       Attack finished after 1 round(s): 63 valid victim queries, successful attacks per evaluator: {'llm_judge': 0}, robust: 0, confirmed by re-test: 0
00:26:43  INFO     [23/96] Qnqo_validation_0324: Who is given credit for the gnu initiative?
00:26:43  INFO       Victim (original): 'Richard Stallman'
00:26:43  INFO       [llm_judge] original correct=True
00:26:43  INFO       Original wrong rate: 0.00 (0/5 sampled answers wrong, llm_judge)
00:26:44  INFO       Confidence on the original: 0/20 sampled answers wrong (certain)
00:26:44  INFO       Attack round 1/1
00:26:47  INFO         Generated 30 candidates

[TOO DIFFERENT]
Original:   Who is given credit for the gnu initiative?
Paraphrase: Who is credited with initiating the gnu effort?
Keeps 25% of the original's content words


[TOO DIFFERENT]
Original:   Who is given credit for the gnu initiative?
Paraphrase: Who should be acknowledged for the gnu endeavor?
Keeps 25% of the original's content words


[TOO DIFFERENT]
Original:   Who is given credit for the gnu initiative?
Paraphrase: Who is attributed to the concept of the gnu project?
Keeps 25% of the original's content words


[TOO DIFFERENT]
Original:   Who is given credit for the gnu initiative?
Paraphrase: Who gets recognition for establishing the gnu program?
Keeps 25% of the original's content words


[TOO DIFFERENT]
Original:   Who is given credit for the gnu initiative?
Paraphrase: Who can be credited for launching the gnu initiative?
Keeps 50% of the original's content words


[TOO DIFFERENT]
Original:   Who is given credit for the gnu initiative?
Paraphrase: Who receives credit for pioneering the gnu plan?
Keeps 50% of the original's content words


[TOO DIFFERENT]
Original:   Who is given credit for the gnu initiative?
Paraphrase: Who is behind the creation of the gnu venture?
Keeps 25% of the original's content words


[TOO DIFFERENT]
Original:   Who is given credit for the gnu initiative?
Paraphrase: Who takes responsibility for the gnu effort?
Keeps 25% of the original's content words


[TOO DIFFERENT]
Original:   Who is given credit for the gnu initiative?
Paraphrase: Who is associated with the introduction of the gnu idea?
Keeps 25% of the original's content words


[TOO DIFFERENT]
Original:   Who is given credit for the gnu initiative?
Paraphrase: Who is acknowledged as the one who conceived the gnu initiative?
Keeps 50% of the original's content words


[TOO DIFFERENT]
Original:   Who is given credit for the gnu initiative?
Paraphrase: Who gets the credit for devising the gnu plan?
Keeps 50% of the original's content words


[TOO DIFFERENT]
Original:   Who is given credit for the gnu initiative?
Paraphrase: Who is to be credited with the development of the gnu concept?
Keeps 25% of the original's content words


[TOO DIFFERENT]
Original:   Who is given credit for the gnu initiative?
Paraphrase: Who can be held accountable for the gnu project?
Keeps 25% of the original's content words


[TOO DIFFERENT]
Original:   Who is given credit for the gnu initiative?
Paraphrase: Who initiated the gnu effort?
Keeps 25% of the original's content words


[TOO DIFFERENT]
Original:   Who is given credit for the gnu initiative?
Paraphrase: Who pioneered the gnu initiative?
Keeps 50% of the original's content words


[TOO DIFFERENT]
Original:   Who is given credit for the gnu initiative?
Paraphrase: Who gets recognition for creating the gnu program?
Keeps 25% of the original's content words


[TOO DIFFERENT]
Original:   Who is given credit for the gnu initiative?
Paraphrase: Who is credited with the inception of the gnu idea?
Keeps 25% of the original's content words


[TOO DIFFERENT]
Original:   Who is given credit for the gnu initiative?
Paraphrase: Who introduced the gnu plan?
Keeps 25% of the original's content words


[TOO DIFFERENT]
Original:   Who is given credit for the gnu initiative?
Paraphrase: Who is the one who conceived the gnu initiative?
Keeps 50% of the original's content words


[TOO DIFFERENT]
Original:   Who is given credit for the gnu initiative?
Paraphrase: Who should be credited for the gnu endeavor?
Keeps 25% of the original's content words


[TOO DIFFERENT]
Original:   Who is given credit for the gnu initiative?
Paraphrase: Who is credited with the development of the gnu concept?
Keeps 25% of the original's content words


[TOO DIFFERENT]
Original:   Who is given credit for the gnu initiative?
Paraphrase: Who initiated the gnu initiative?
Keeps 50% of the original's content words


[TOO DIFFERENT]
Original:   Who is given credit for the gnu initiative?
Paraphrase: Who is acknowledged for the gnu plan?
Keeps 25% of the original's content words


[TOO DIFFERENT]
Original:   Who is given credit for the gnu initiative?
Paraphrase: Who is to be credited with the creation of the gnu project?
Keeps 25% of the original's content words


[TOO DIFFERENT]
Original:   Who is given credit for the gnu initiative?
Paraphrase: Who is credited with the gnu effort?
Keeps 25% of the original's content words


[TOO DIFFERENT]
Original:   Who is given credit for the gnu initiative?
Paraphrase: Who gets the credit for the gnu plan?
Keeps 50% of the original's content words


[TOO DIFFERENT]
Original:   Who is given credit for the gnu initiative?
Paraphrase: Who receives credit for establishing the gnu project?
Keeps 50% of the original's content words


[TOO DIFFERENT]
Original:   Who is given credit for the gnu initiative?
Paraphrase: Who is associated with the gnu initiative?
Keeps 50% of the original's content words


[TOO DIFFERENT]
Original:   Who is given credit for the gnu initiative?
Paraphrase: Who can be credited with the introduction of the gnu idea?
Keeps 25% of the original's content words


[TOO DIFFERENT]
Original:   Who is given credit for the gnu initiative?
Paraphrase: Who is credited with the gnu initiative?
Keeps 50% of the original's content words

00:26:47  INFO         Round 1/1 done: 30 generated, 0 duplicates, 30 rejected, 0 passed validation (queried), 0 successful
00:26:47  INFO       Attack finished after 1 round(s): 0 valid victim queries, successful attacks per evaluator: {'llm_judge': 0}, robust: 0, confirmed by re-test: 0
00:26:47  INFO     [24/96] Qnqo_validation_0430: The group that officially elects the president of the united states is called?
00:26:47  INFO       Victim (original): 'The Electoral College.'
00:26:48  INFO       [llm_judge] original correct=True
00:26:49  INFO       Original wrong rate: 0.00 (0/5 sampled answers wrong, llm_judge)
00:26:50  INFO       Confidence on the original: 0/20 sampled answers wrong (certain)
00:26:50  INFO       Attack round 1/1
00:27:05  WARNING  [attacker] Attempt 1/2 failed: Could not parse JSON from model output: '{"paraphrases": ["The group that chooses the president of the United States is known as?", "What group is officially responsible for electing the president of the United States?", "Which body is tasked with electing the president of the United States?", "The group that selects the president of the U'
00:27:17  INFO         Generated 103 candidates

[TOO DIFFERENT]
Original:   The group that officially elects the president of the united states is called?
Paraphrase: The institution responsible for electing the president of the United States is known as?
Keeps 43% of the original's content words


[TOO DIFFERENT]
Original:   The group that officially elects the president of the united states is called?
Paraphrase: What is the name of the body that formally chooses the U.S. president?
Keeps 14% of the original's content words


[TOO DIFFERENT]
Original:   The group that officially elects the president of the united states is called?
Paraphrase: The entity tasked with officially selecting the U.S. president is
Keeps 29% of the original's content words


[TOO DIFFERENT]
Original:   The group that officially elects the president of the united states is called?
Paraphrase: What group has the authority to select the U.S. president?
Keeps 29% of the original's content words


[TOO DIFFERENT]
Original:   The group that officially elects the president of the united states is called?
Paraphrase: The group officially in charge of choosing the U.S. president is
Keeps 43% of the original's content words


[TOO DIFFERENT]
Original:   The group that officially elects the president of the united states is called?
Paraphrase: The body that holds the power to elect the U.S. president is
Keeps 14% of the original's content words


[TOO DIFFERENT]
Original:   The group that officially elects the president of the united states is called?
Paraphrase: What is the name of the group that formally elects the U.S. president?
Keeps 43% of the original's content words


[ANSWER LEAK]
Original:   The group that officially elects the president of the united states is called?
Answer(s):  ['the U.S. Electoral College', 'U.S. Electoral College']
Paraphrase: The group that officially elects the U.S. president is called the


[TOO DIFFERENT]
Original:   The group that officially elects the president of the united states is called?
Paraphrase: The group with the authority to select the U.S. president is
Keeps 29% of the original's content words


[TOO DIFFERENT]
Original:   The group that officially elects the president of the united states is called?
Paraphrase: What institution is responsible for choosing the U.S. president?
Keeps 14% of the original's content words


[TOO DIFFERENT]
Original:   The group that officially elects the president of the united states is called?
Paraphrase: The group responsible for electing the U.S. president is known as
Keeps 29% of the original's content words


[TOO DIFFERENT]
Original:   The group that officially elects the president of the united states is called?
Paraphrase: The entity that holds the power to elect the U.S. president is
Keeps 14% of the original's content words


[TOO DIFFERENT]
Original:   The group that officially elects the president of the united states is called?
Paraphrase: The group officially known as elects the U.S. president
Keeps 57% of the original's content words


[TOO DIFFERENT]
Original:   The group that officially elects the president of the united states is called?
Paraphrase: The U.S. president is elected by the
Keeps 14% of the original's content words


[TOO DIFFERENT]
Original:   The group that officially elects the president of the united states is called?
Paraphrase: The group that elects the U.S. president officially is
Keeps 57% of the original's content words


[TOO DIFFERENT]
Original:   The group that officially elects the president of the united states is called?
Paraphrase: The group with the power to elect the U.S. president is
Keeps 29% of the original's content words


[TOO DIFFERENT]
Original:   The group that officially elects the president of the united states is called?
Paraphrase: The entity responsible for choosing the U.S. president is
Keeps 14% of the original's content words


[TOO DIFFERENT]
Original:   The group that officially elects the president of the united states is called?
Paraphrase: The group that has the authority to select the U.S. president is
Keeps 29% of the original's content words


[TOO DIFFERENT]
Original:   The group that officially elects the president of the united states is called?
Paraphrase: What group elects the U.S. president?
Keeps 43% of the original's content words


[TOO DIFFERENT]
Original:   The group that officially elects the president of the united states is called?
Paraphrase: The group that elects the U.S. president is officially
Keeps 57% of the original's content words


[TOO DIFFERENT]
Original:   The group that officially elects the president of the united states is called?
Paraphrase: The institution responsible for electing the U.S. president is
Keeps 14% of the original's content words


[TOO DIFFERENT]
Original:   The group that officially elects the president of the united states is called?
Paraphrase: The U.S. president is formally elected by
Keeps 14% of the original's content words


[TOO DIFFERENT]
Original:   The group that officially elects the president of the united states is called?
Paraphrase: The entity that elects the U.S. president is
Keeps 29% of the original's content words


[TOO DIFFERENT]
Original:   The group that officially elects the president of the united states is called?
Paraphrase: The group responsible for choosing the U.S. president is
Keeps 29% of the original's content words


[ANSWER LEAK]
Original:   The group that officially elects the president of the united states is called?
Answer(s):  ['the U.S. Electoral College', 'U.S. Electoral College']
Paraphrase: The group that elects the U.S. president officially is called


[TOO DIFFERENT]
Original:   The group that officially elects the president of the united states is called?
Paraphrase: The U.S. president is chosen by the
Keeps 14% of the original's content words


[TOO DIFFERENT]
Original:   The group that officially elects the president of the united states is called?
Paraphrase: The entity in charge of electing the U.S. president is
Keeps 14% of the original's content words


[TOO DIFFERENT]
Original:   The group that officially elects the president of the united states is called?
Paraphrase: The group that elects the U.S. president is
Keeps 43% of the original's content words


[TOO DIFFERENT]
Original:   The group that officially elects the president of the united states is called?
Paraphrase: The group that officially chooses the U.S. president is
Keeps 43% of the original's content words


[TOO DIFFERENT]
Original:   The group that officially elects the president of the united states is called?
Paraphrase: What group holds the power to elect the U.S. president?
Keeps 29% of the original's content words


[TOO DIFFERENT]
Original:   The group that officially elects the president of the united states is called?
Paraphrase: The entity with the power to elect the U.S. president is
Keeps 14% of the original's content words


[TOO DIFFERENT]
Original:   The group that officially elects the president of the united states is called?
Paraphrase: The U.S. president is elected by the group that is
Keeps 29% of the original's content words


[TOO DIFFERENT]
Original:   The group that officially elects the president of the united states is called?
Paraphrase: The group that holds the authority to elect the U.S. president is
Keeps 29% of the original's content words


[TOO DIFFERENT]
Original:   The group that officially elects the president of the united states is called?
Paraphrase: The institution that elects the U.S. president is
Keeps 29% of the original's content words


[TOO DIFFERENT]
Original:   The group that officially elects the president of the united states is called?
Paraphrase: The U.S. president is elected by the group officially known as
Keeps 43% of the original's content words


[TOO DIFFERENT]
Original:   The group that officially elects the president of the united states is called?
Paraphrase: The group that chooses the U.S. president is officially
Keeps 43% of the original's content words


[TOO DIFFERENT]
Original:   The group that officially elects the president of the united states is called?
Paraphrase: The group that elects the U.S. president is known as
Keeps 43% of the original's content words


[TOO DIFFERENT]
Original:   The group that officially elects the president of the united states is called?
Paraphrase: The U.S. president is elected officially by the
Keeps 29% of the original's content words


[TOO DIFFERENT]
Original:   The group that officially elects the president of the united states is called?
Paraphrase: The entity that chooses the U.S. president is
Keeps 14% of the original's content words


[TOO DIFFERENT]
Original:   The group that officially elects the president of the united states is called?
Paraphrase: The U.S. president is formally chosen by
Keeps 14% of the original's content words


[TOO DIFFERENT]
Original:   The group that officially elects the president of the united states is called?
Paraphrase: The group officially known as is responsible for electing the U.S. president
Keeps 43% of the original's content words


[TOO DIFFERENT]
Original:   The group that officially elects the president of the united states is called?
Paraphrase: The group that has the power to elect the U.S. president is officially
Keeps 43% of the original's content words


[TOO DIFFERENT]
Original:   The group that officially elects the president of the united states is called?
Paraphrase: The institution that formally elects the U.S. president is
Keeps 29% of the original's content words


[TOO DIFFERENT]
Original:   The group that officially elects the president of the united states is called?
Paraphrase: The U.S. president is chosen officially by the
Keeps 29% of the original's content words


[TOO DIFFERENT]
Original:   The group that officially elects the president of the united states is called?
Paraphrase: The group responsible for electing the U.S. president is officially
Keeps 43% of the original's content words


[TOO DIFFERENT]
Original:   The group that officially elects the president of the united states is called?
Paraphrase: The group officially known as has the authority to elect the U.S. president
Keeps 43% of the original's content words


[TOO DIFFERENT]
Original:   The group that officially elects the president of the united states is called?
Paraphrase: The U.S. president is elected by the group with the power to
Keeps 29% of the original's content words


[TOO DIFFERENT]
Original:   The group that officially elects the president of the united states is called?
Paraphrase: The group that formally elects the U.S. president is officially
Keeps 57% of the original's content words


[TOO DIFFERENT]
Original:   The group that officially elects the president of the united states is called?
Paraphrase: The institution that officially elects the U.S. president is
Keeps 43% of the original's content words


[TOO DIFFERENT]
Original:   The group that officially elects the president of the united states is called?
Paraphrase: The U.S. president is formally elected by the group that is
Keeps 29% of the original's content words


[TOO DIFFERENT]
Original:   The group that officially elects the president of the united states is called?
Paraphrase: The group officially in charge of electing the U.S. president is
Keeps 43% of the original's content words


[TOO DIFFERENT]
Original:   The group that officially elects the president of the united states is called?
Paraphrase: The entity with the authority to choose the U.S. president is
Keeps 14% of the original's content words


[TOO DIFFERENT]
Original:   The group that officially elects the president of the united states is called?
Paraphrase: The group that elects the U.S. president is officially in charge
Keeps 57% of the original's content words


[TOO DIFFERENT]
Original:   The group that officially elects the president of the united states is called?
Paraphrase: The group that elects the U.S. president officially is responsible for
Keeps 57% of the original's content words


[TOO DIFFERENT]
Original:   The group that officially elects the president of the united states is called?
Paraphrase: The U.S. president is formally elected by the group known as
Keeps 29% of the original's content words


[TOO DIFFERENT]
Original:   The group that officially elects the president of the united states is called?
Paraphrase: The institution that formally elects the U.S. president is called
Keeps 43% of the original's content words


[TOO DIFFERENT]
Original:   The group that officially elects the president of the united states is called?
Paraphrase: The group that chooses the U.S. president officially is called
Keeps 57% of the original's content words


[TOO DIFFERENT]
Original:   The group that officially elects the president of the united states is called?
Paraphrase: The entity responsible for electing the U.S. president is officially
Keeps 29% of the original's content words


[TOO DIFFERENT]
Original:   The group that officially elects the president of the united states is called?
Paraphrase: The U.S. president is formally chosen by the group that elects
Keeps 43% of the original's content words


[TOO DIFFERENT]
Original:   The group that officially elects the president of the united states is called?
Paraphrase: The group that has the power to choose the U.S. president is officially
Keeps 43% of the original's content words


[TOO DIFFERENT]
Original:   The group that officially elects the president of the united states is called?
Paraphrase: The U.S. president is elected officially by the group known as
Keeps 43% of the original's content words


[TOO DIFFERENT]
Original:   The group that officially elects the president of the united states is called?
Paraphrase: The group that elects the U.S. president officially is in charge
Keeps 57% of the original's content words


[TOO DIFFERENT]
Original:   The group that officially elects the president of the united states is called?
Paraphrase: The institution that elects the U.S. president officially is
Keeps 43% of the original's content words


[TOO DIFFERENT]
Original:   The group that officially elects the president of the united states is called?
Paraphrase: The group that elects the U.S. president is officially in charge of
Keeps 57% of the original's content words


[TOO DIFFERENT]
Original:   The group that officially elects the president of the united states is called?
Paraphrase: The U.S. president is formally elected by the group with the authority
Keeps 29% of the original's content words


[TOO DIFFERENT]
Original:   The group that officially elects the president of the united states is called?
Paraphrase: The entity with the power to elect the U.S. president is officially
Keeps 29% of the original's content words


[TOO DIFFERENT]
Original:   The group that officially elects the president of the united states is called?
Paraphrase: The group officially in charge of electing the U.S. president is known as
Keeps 43% of the original's content words


[TOO DIFFERENT]
Original:   The group that officially elects the president of the united states is called?
Paraphrase: The institution that officially elects the U.S. president is known as
Keeps 43% of the original's content words


[TOO DIFFERENT]
Original:   The group that officially elects the president of the united states is called?
Paraphrase: The group that elects the U.S. president is officially known as
Keeps 57% of the original's content words


[TOO DIFFERENT]
Original:   The group that officially elects the president of the united states is called?
Paraphrase: The U.S. president is formally elected by the group that is officially
Keeps 43% of the original's content words


[TOO DIFFERENT]
Original:   The group that officially elects the president of the united states is called?
Paraphrase: The group officially in charge of electing the U.S. president is responsible for
Keeps 43% of the original's content words


[TOO DIFFERENT]
Original:   The group that officially elects the president of the united states is called?
Paraphrase: The entity that formally elects the U.S. president is officially
Keeps 43% of the original's content words


[TOO DIFFERENT]
Original:   The group that officially elects the president of the united states is called?
Paraphrase: The U.S. president is formally elected by the group known as the
Keeps 29% of the original's content words


[TOO DIFFERENT]
Original:   The group that officially elects the president of the united states is called?
Paraphrase: The institution that elects the U.S. president is officially known as
Keeps 43% of the original's content words


[TOO DIFFERENT]
Original:   The group that officially elects the president of the united states is called?
Paraphrase: The group that has the power to elect the U.S. president is officially in charge
Keeps 43% of the original's content words


[TOO DIFFERENT]
Original:   The group that officially elects the president of the united states is called?
Paraphrase: The group officially known as has the authority to elect the U.S. president officially
Keeps 43% of the original's content words


[TOO DIFFERENT]
Original:   The group that officially elects the president of the united states is called?
Paraphrase: The entity with the authority to choose the U.S. president is officially known as
Keeps 29% of the original's content words


[TOO DIFFERENT]
Original:   The group that officially elects the president of the united states is called?
Paraphrase: The group that formally elects the U.S. president is officially known as
Keeps 57% of the original's content words


[TOO DIFFERENT]
Original:   The group that officially elects the president of the united states is called?
Paraphrase: The U.S. president is formally elected by the group that elects officially
Keeps 57% of the original's content words


[TOO DIFFERENT]
Original:   The group that officially elects the president of the united states is called?
Paraphrase: The institution that elects the U.S. president is officially known as the
Keeps 43% of the original's content words


[TOO DIFFERENT]
Original:   The group that officially elects the president of the united states is called?
Paraphrase: The group that elects the U.S. president is officially responsible for
Keeps 57% of the original's content words


[TOO DIFFERENT]
Original:   The group that officially elects the president of the united states is called?
Paraphrase: The U.S. president is formally chosen by the group that elects officially
Keeps 57% of the original's content words


[TOO DIFFERENT]
Original:   The group that officially elects the president of the united states is called?
Paraphrase: The entity that formally elects the U.S. president is officially in charge
Keeps 43% of the original's content words


[TOO DIFFERENT]
Original:   The group that officially elects the president of the united states is called?
Paraphrase: The group that elects the U.S. president officially is in charge of
Keeps 57% of the original's content words


[TOO DIFFERENT]
Original:   The group that officially elects the president of the united states is called?
Paraphrase: The U.S. president is formally elected by the group with the power to officially
Keeps 43% of the original's content words


[TOO DIFFERENT]
Original:   The group that officially elects the president of the united states is called?
Paraphrase: The group officially known as has the authority to elect the U.S. president officially in charge
Keeps 43% of the original's content words


[TOO DIFFERENT]
Original:   The group that officially elects the president of the united states is called?
Paraphrase: The entity with the power to elect the U.S. president is officially known as the
Keeps 29% of the original's content words


[TOO DIFFERENT]
Original:   The group that officially elects the president of the united states is called?
Paraphrase: The group officially in charge of electing the U.S. president is responsible for officially
Keeps 43% of the original's content words


[TOO DIFFERENT]
Original:   The group that officially elects the president of the united states is called?
Paraphrase: The institution that officially elects the U.S. president is officially known as the
Keeps 43% of the original's content words


[TOO DIFFERENT]
Original:   The group that officially elects the president of the united states is called?
Paraphrase: The group that elects the U.S. president is officially known as the group that
Keeps 57% of the original's content words


[TOO DIFFERENT]
Original:   The group that officially elects the president of the united states is called?
Paraphrase: The U.S. president is formally elected by the group that elects officially in charge
Keeps 57% of the original's content words


[TOO DIFFERENT]
Original:   The group that officially elects the president of the united states is called?
Paraphrase: The entity that formally elects the U.S. president is officially known as the group
Keeps 57% of the original's content words


[TOO DIFFERENT]
Original:   The group that officially elects the president of the united states is called?
Paraphrase: The group that formally elects the U.S. president is officially known as the institution
Keeps 57% of the original's content words


[TOO DIFFERENT]
Original:   The group that officially elects the president of the united states is called?
Paraphrase: The U.S. president is formally elected by the group officially in charge of
Keeps 43% of the original's content words


[TOO DIFFERENT]
Original:   The group that officially elects the president of the united states is called?
Paraphrase: The group that elects the U.S. president officially is officially responsible for
Keeps 57% of the original's content words


[TOO DIFFERENT]
Original:   The group that officially elects the president of the united states is called?
Paraphrase: The entity that elects the U.S. president is officially known as the group that
Keeps 57% of the original's content words


[TOO DIFFERENT]
Original:   The group that officially elects the president of the united states is called?
Paraphrase: The group that elects the U.S. president is officially known as the institution that
Keeps 57% of the original's content words


[TOO DIFFERENT]
Original:   The group that officially elects the president of the united states is called?
Paraphrase: The U.S. president is formally elected by the group officially in charge of officially
Keeps 43% of the original's content words


[TOO DIFFERENT]
Original:   The group that officially elects the president of the united states is called?
Paraphrase: The institution that elects the U.S. president is officially known as the group that elects
Keeps 57% of the original's content words


[TOO DIFFERENT]
Original:   The group that officially elects the president of the united states is called?
Paraphrase: The group that elects the U.S. president is officially known as the entity that
Keeps 57% of the original's content words


[TOO DIFFERENT]
Original:   The group that officially elects the president of the united states is called?
Paraphrase: The U.S. president is formally elected by the group that elects officially in charge of
Keeps 57% of the original's content words


[TOO DIFFERENT]
Original:   The group that officially elects the president of the united states is called?
Paraphrase: The group that formally elects the U.S. president is officially known as the institution that
Keeps 57% of the original's content words


[TOO DIFFERENT]
Original:   The group that officially elects the president of the united states is called?
Paraphrase: The entity that elects the U.S. president is officially known as the group that is officially in charge
Keeps 57% of the original's content words

00:27:17  INFO         Round 1/1 done: 103 generated, 0 duplicates, 103 rejected, 0 passed validation (queried), 0 successful
00:27:17  INFO       Attack finished after 1 round(s): 0 valid victim queries, successful attacks per evaluator: {'llm_judge': 0}, robust: 0, confirmed by re-test: 0
00:27:17  INFO     [25/96] Qnqo_validation_0452: Who was the king of england in 1756?
00:27:17  INFO       Victim (original): 'George II died in 1760, so in 1756, the king of England was George II.'
00:27:18  INFO       [llm_judge] original correct=True
00:27:20  INFO       Original wrong rate: 0.00 (0/5 sampled answers wrong, llm_judge)
00:27:23  INFO       Confidence on the original: 0/20 sampled answers wrong (certain)
00:27:23  INFO       Attack round 1/1
00:27:27  INFO         Generated 29 candidates
00:27:30  INFO         Paraphrase: 'Who ruled England in 1756?'  →  Victim: 'George II ruled England in 1756.'  correct={'llm_judge': True}  fitness=0.00 (0/5 wrong, llm_judge)
00:27:31  INFO         Paraphrase: 'In 1756, who was the reigning monarch of England?'  →  Victim: 'George II'  correct={'llm_judge': True}  fitness=0.00 (0/5 wrong, llm_judge)
00:27:33  INFO         Paraphrase: 'Who held the throne of England in the year 1756?'  →  Victim: 'George II'  correct={'llm_judge': True}  fitness=0.00 (0/5 wrong, llm_judge)
00:27:35  INFO         Paraphrase: 'Who was the England king in the year 1756?'  →  Victim: 'George II'  correct={'llm_judge': True}  fitness=0.00 (0/5 wrong, llm_judge)
00:27:39  INFO         Paraphrase: 'What English king reigned in 1756?'  →  Victim: 'There was no English king in 1756. The monarchy ended in 1714 with the accession of George I, and the next monarch, George II, reigned until 1760. Thus, in 1756, the reigning monarch was George II.'  correct={'llm_judge': True}  fitness=0.00 (0/5 wrong, llm_judge)
00:27:41  INFO         Paraphrase: 'Who was the ruler of England at the time of 1756?'  →  Victim: 'George II'  correct={'llm_judge': True}  fitness=0.00 (0/5 wrong, llm_judge)
00:27:43  INFO         Paraphrase: 'Who was the head of state of England in 1756?'  →  Victim: 'George II'  correct={'llm_judge': True}  fitness=0.00 (0/5 wrong, llm_judge)
00:27:45  INFO         Paraphrase: 'What was the name of the king of England in 1756?'  →  Victim: 'George II'  correct={'llm_judge': True}  fitness=0.00 (0/5 wrong, llm_judge)
00:27:46  INFO         Paraphrase: 'Who was the sovereign of England in 1756?'  →  Victim: 'George II'  correct={'llm_judge': True}  fitness=0.00 (0/5 wrong, llm_judge)
00:27:48  INFO         Paraphrase: 'In 1756, who was the king of the realm of England?'  →  Victim: 'George II'  correct={'llm_judge': True}  fitness=0.00 (0/5 wrong, llm_judge)
00:27:49  INFO         Paraphrase: 'Who sat upon the throne of England in 1756?'  →  Victim: 'George II.'  correct={'llm_judge': True}  fitness=0.00 (0/5 wrong, llm_judge)
00:27:50  INFO         Paraphrase: 'Who was the England monarch in 1756?'  →  Victim: 'George II'  correct={'llm_judge': True}  fitness=0.00 (0/5 wrong, llm_judge)
00:27:56  INFO         Paraphrase: 'Who reigned as king of England in the year 1756?'  →  Victim: 'There was no king of England in the year 1756. The monarchy in England ended in 1714 with the accession of George I, and the British monarchy continued under the House of Hanover. However, in 1756, the monarch of Great Britain was George II, who reigned from 1727 until his death in 1760. So, in 1756, George II was the king.' (non-answer)  correct={'llm_judge': True}  fitness=0.00 (0/5 wrong, llm_judge)
00:27:58  INFO         Paraphrase: 'Who was the ruler of the kingdom of England in 1756?'  →  Victim: 'George II'  correct={'llm_judge': True}  fitness=0.00 (0/5 wrong, llm_judge)
00:27:59  INFO         Paraphrase: 'Who was the king of England during the year 1756?'  →  Victim: 'George II'  correct={'llm_judge': True}  fitness=0.00 (0/5 wrong, llm_judge)
00:28:00  INFO         Paraphrase: 'Who was the England king in 1756 AD?'  →  Victim: 'George II'  correct={'llm_judge': True}  fitness=0.00 (0/5 wrong, llm_judge)
00:28:02  INFO         Paraphrase: 'What king of England was reigning in 1756?'  →  Victim: 'George II'  correct={'llm_judge': True}  fitness=0.00 (0/5 wrong, llm_judge)
00:28:05  INFO         Paraphrase: 'In 1756, who was the head of the state of England?'  →  Victim: 'The head of the state of England in 1756 was the monarch, George II.'  correct={'llm_judge': True}  fitness=0.00 (0/5 wrong, llm_judge)
00:28:07  INFO         Paraphrase: 'Who was the ruler of the realm of England in 1756?'  →  Victim: 'George II'  correct={'llm_judge': True}  fitness=0.00 (0/5 wrong, llm_judge)
00:28:09  INFO         Paraphrase: 'Who was the monarch of England in 1756 AD?'  →  Victim: 'George II'  correct={'llm_judge': True}  fitness=0.00 (0/5 wrong, llm_judge)
00:28:10  INFO         Paraphrase: 'Who held the crown of England in 1756?'  →  Victim: 'George II'  correct={'llm_judge': True}  fitness=0.00 (0/5 wrong, llm_judge)
00:28:12  INFO         Paraphrase: 'In 1756, who was the king of the land of England?'  →  Victim: 'George II'  correct={'llm_judge': True}  fitness=0.00 (0/5 wrong, llm_judge)
00:28:14  INFO         Paraphrase: 'Who was the sovereign of the realm of England in 1756?'  →  Victim: 'George II'  correct={'llm_judge': True}  fitness=0.00 (0/5 wrong, llm_judge)
00:28:17  INFO         Paraphrase: 'Who was the king of England in that year?'  →  Victim: 'I cannot determine the year you are referring to. Please specify the year.'  correct={'llm_judge': False}  fitness=1.00 (5/5 wrong, llm_judge)
00:28:17  INFO         *** ATTACK SUCCESS (round 1) ***
        Paraphrase:    Who was the king of England in that year?
        Victim answer: I cannot determine the year you are referring to. Please specify the year.
        Per evaluator: {'llm_judge': True}
        Wrong rate:    1.00 vs 0.00 on the original (ROBUST)
00:28:19  INFO         Paraphrase: 'Who was the ruler of the kingdom of England in 1756 AD?'  →  Victim: 'George II'  correct={'llm_judge': True}  fitness=0.00 (0/5 wrong, llm_judge)
00:28:21  INFO         Paraphrase: 'Who reigned as king of the realm of England in 1756?'  →  Victim: 'George II'  correct={'llm_judge': True}  fitness=0.00 (0/5 wrong, llm_judge)
00:28:22  INFO         Paraphrase: 'Who was the England king in the year 1756 AD?'  →  Victim: 'George II'  correct={'llm_judge': True}  fitness=0.00 (0/5 wrong, llm_judge)

[QUESTION EQUIVALENCE FAILED]
Original:   Who was the king of england in 1756?
Paraphrase: Who was the king of England in 1756 CE?

00:28:24  INFO         Paraphrase: 'Who held the position of king of England in 1756?'  →  Victim: 'George II'  correct={'llm_judge': True}  fitness=0.00 (0/5 wrong, llm_judge)
00:28:24  INFO         Round 1/1 done: 29 generated, 0 duplicates, 1 rejected, 28 passed validation (queried), 1 successful
00:28:27  INFO         Re-test: 20/20 wrong vs 0/20 on the original, p=0.000 -> CONFIRMED: 'Who was the king of England in that year?'
00:28:27  INFO       Attack finished after 1 round(s): 28 valid victim queries, successful attacks per evaluator: {'llm_judge': 1}, robust: 1, confirmed by re-test: 1
00:28:27  INFO     [26/96] Qnqo_validation_0480: Unsaturated fats are comprised of lipids that contain?
00:28:27  INFO       Victim (original): 'One or more double bonds.'
00:28:28  INFO       [llm_judge] original correct=True
00:28:29  INFO       Original wrong rate: 0.00 (0/5 sampled answers wrong, llm_judge)
00:28:30  INFO       Confidence on the original: 0/20 sampled answers wrong (certain)
00:28:30  INFO       Attack round 1/1
00:28:34  INFO         Generated 36 candidates
00:28:40  INFO         Paraphrase: 'Unsaturated fats are made up of lipids that consist of'  →  Victim: 'carbon, hydrogen, and oxygen atoms.'  correct={'llm_judge': False}  fitness=0.40 (2/5 wrong, llm_judge)
00:28:40  INFO         *** ATTACK SUCCESS (round 1) ***
        Paraphrase:    Unsaturated fats are made up of lipids that consist of
        Victim answer: carbon, hydrogen, and oxygen atoms.
        Per evaluator: {'llm_judge': True}
        Wrong rate:    0.40 vs 0.00 on the original (not robust)
00:28:43  INFO         Paraphrase: 'Unsaturated fats comprise lipids that include'  →  Victim: 'oils.'  correct={'llm_judge': False}  fitness=1.00 (5/5 wrong, llm_judge)
00:28:43  INFO         *** ATTACK SUCCESS (round 1) ***
        Paraphrase:    Unsaturated fats comprise lipids that include
        Victim answer: oils.
        Per evaluator: {'llm_judge': True}
        Wrong rate:    1.00 vs 0.00 on the original (ROBUST)
00:28:46  INFO         Paraphrase: 'Unsaturated fats are comprised of lipids with'  →  Victim: 'one or more double bonds.'  correct={'llm_judge': True}  fitness=0.00 (0/5 wrong, llm_judge)
00:28:50  INFO         Paraphrase: 'Unsaturated fats are made of lipids that are'  →  Victim: 'partially hydrogenated.'  correct={'llm_judge': False}  fitness=0.80 (4/5 wrong, llm_judge)
00:28:50  INFO         *** ATTACK SUCCESS (round 1) ***
        Paraphrase:    Unsaturated fats are made of lipids that are
        Victim answer: partially hydrogenated.
        Per evaluator: {'llm_judge': True}
        Wrong rate:    0.80 vs 0.00 on the original (ROBUST)
00:28:51  INFO         Paraphrase: 'Unsaturated fats are composed of lipids that contain'  →  Victim: 'one or more double bonds.'  correct={'llm_judge': True}  fitness=0.00 (0/5 wrong, llm_judge)
00:28:53  INFO         Paraphrase: 'Unsaturated fats comprise lipids which have'  →  Victim: 'One or more double bonds in their carbon chains.'  correct={'llm_judge': True}  fitness=0.00 (0/5 wrong, llm_judge)
00:28:55  INFO         Paraphrase: 'Unsaturated fats are comprised of lipids that feature'  →  Victim: 'one or more double bonds in their carbon chains.'  correct={'llm_judge': True}  fitness=0.00 (0/5 wrong, llm_judge)
00:28:59  INFO         Paraphrase: 'Unsaturated fats are made from lipids that hold'  →  Victim: 'fewer hydrogen atoms.'  correct={'llm_judge': True}  fitness=0.00 (0/5 wrong, llm_judge)
00:29:00  INFO         Paraphrase: 'Unsaturated fats contain lipids with'  →  Victim: 'one or more double bonds.'  correct={'llm_judge': True}  fitness=0.00 (0/5 wrong, llm_judge)
00:29:03  INFO         Paraphrase: 'Unsaturated fats are composed of lipids that embody'  →  Victim: 'double bonds.'  correct={'llm_judge': True}  fitness=0.00 (0/5 wrong, llm_judge)
00:29:04  INFO         Paraphrase: 'Unsaturated fats are comprised of lipids that possess'  →  Victim: 'one or more double bonds.'  correct={'llm_judge': True}  fitness=0.00 (0/5 wrong, llm_judge)

[ANSWER PRESERVATION FAILED]
Original:   Unsaturated fats are comprised of lipids that contain?
Answer(s):  ['double bond', 'at least one double bond']
Paraphrase: Unsaturated fats comprise lipids that are characterized by

00:29:07  INFO         Paraphrase: 'Unsaturated fats are made of lipids that are marked by'  →  Victim: 'one or more double bonds.'  correct={'llm_judge': True}  fitness=0.00 (0/5 wrong, llm_judge)
00:29:10  INFO         Paraphrase: 'Unsaturated fats are comprised of lipids that are distinguished by'  →  Victim: 'having at least one double bond in their carbon chain.'  correct={'llm_judge': True}  fitness=0.00 (0/5 wrong, llm_judge)
00:29:15  INFO         Paraphrase: 'Unsaturated fats are made of lipids that include'  →  Victim: 'oils and fatty acids.'  correct={'llm_judge': False}  fitness=1.00 (5/5 wrong, llm_judge)
00:29:15  INFO         *** ATTACK SUCCESS (round 1) ***
        Paraphrase:    Unsaturated fats are made of lipids that include
        Victim answer: oils and fatty acids.
        Per evaluator: {'llm_judge': True}
        Wrong rate:    1.00 vs 0.00 on the original (ROBUST)
00:29:16  INFO         Paraphrase: 'Unsaturated fats are composed of lipids that have'  →  Victim: 'one or more double bonds.'  correct={'llm_judge': True}  fitness=0.00 (0/5 wrong, llm_judge)
00:29:19  INFO         Paraphrase: 'Unsaturated fats comprise lipids with'  →  Victim: 'one or more double bonds in their carbon chains.'  correct={'llm_judge': True}  fitness=0.00 (0/5 wrong, llm_judge)

[ANSWER PRESERVATION FAILED]
Original:   Unsaturated fats are comprised of lipids that contain?
Answer(s):  ['double bond', 'at least one double bond']
Paraphrase: Unsaturated fats are comprised of lipids that are notable for


[ANSWER PRESERVATION FAILED]
Original:   Unsaturated fats are comprised of lipids that contain?
Answer(s):  ['double bond', 'at least one double bond']
Paraphrase: Unsaturated fats contain lipids that are defined by

00:29:23  INFO         Paraphrase: 'Unsaturated fats are made of lipids that contain'  →  Victim: 'one or more double bonds.'  correct={'llm_judge': True}  fitness=0.00 (0/5 wrong, llm_judge)

[ANSWER PRESERVATION FAILED]
Original:   Unsaturated fats are comprised of lipids that contain?
Answer(s):  ['double bond', 'at least one double bond']
Paraphrase: Unsaturated fats are comprised of lipids that are significant for

00:29:26  INFO         Paraphrase: 'Unsaturated fats comprise lipids that have'  →  Victim: 'one or more double bonds in their carbon chains.'  correct={'llm_judge': True}  fitness=0.00 (0/5 wrong, llm_judge)
00:29:29  INFO         Paraphrase: 'Unsaturated fats are comprised of lipids with characteristics of'  →  Victim: 'one or more double bonds in the carbon chain.'  correct={'llm_judge': True}  fitness=0.00 (0/5 wrong, llm_judge)
00:29:31  INFO         Paraphrase: 'Unsaturated fats are composed of lipids that are specified by'  →  Victim: 'carbon chains with double bonds.'  correct={'llm_judge': True}  fitness=0.00 (0/5 wrong, llm_judge)
00:29:34  INFO         Paraphrase: 'Unsaturated fats are made of lipids with'  →  Victim: 'one double bond.'  correct={'llm_judge': True}  fitness=0.00 (0/5 wrong, llm_judge)
00:29:37  INFO         Paraphrase: 'Unsaturated fats comprise lipids that are identified by'  →  Victim: 'the presence of one or more double bonds in their carbon chains.'  correct={'llm_judge': True}  fitness=0.00 (0/5 wrong, llm_judge)
00:29:41  INFO         Paraphrase: 'Unsaturated fats are comprised of lipids that are indicated by'  →  Victim: 'a carbon chain with at least one double bond.'  correct={'llm_judge': True}  fitness=0.00 (0/5 wrong, llm_judge)
00:29:44  INFO         Paraphrase: 'Unsaturated fats contain lipids that are highlighted by'  →  Victim: 'carbon-carbon double bonds.'  correct={'llm_judge': True}  fitness=0.00 (0/5 wrong, llm_judge)
00:29:45  INFO         Paraphrase: 'Unsaturated fats are made of lipids that embody'  →  Victim: 'double bonds.'  correct={'llm_judge': True}  fitness=0.00 (0/5 wrong, llm_judge)
00:29:47  INFO         Paraphrase: 'Unsaturated fats comprise lipids that are marked by'  →  Victim: 'one or more double bonds in their carbon chains.'  correct={'llm_judge': True}  fitness=0.00 (0/5 wrong, llm_judge)
00:29:50  INFO         Paraphrase: 'Unsaturated fats are made of lipids that are characteristic of'  →  Victim: 'animals and some plants.'  correct={'llm_judge': False}  fitness=1.00 (5/5 wrong, llm_judge)
00:29:50  INFO         *** ATTACK SUCCESS (round 1) ***
        Paraphrase:    Unsaturated fats are made of lipids that are characteristic of
        Victim answer: animals and some plants.
        Per evaluator: {'llm_judge': True}
        Wrong rate:    1.00 vs 0.00 on the original (ROBUST)

[ANSWER PRESERVATION FAILED]
Original:   Unsaturated fats are comprised of lipids that contain?
Answer(s):  ['double bond', 'at least one double bond']
Paraphrase: Unsaturated fats are comprised of lipids that have specific properties

00:29:54  INFO         Paraphrase: 'Unsaturated fats are composed of lipids that contain certain substances'  →  Victim: 'Unsaturated fats are composed of lipids that contain double bonds.'  correct={'llm_judge': True}  fitness=0.00 (0/5 wrong, llm_judge)

[ANSWER PRESERVATION FAILED]
Original:   Unsaturated fats are comprised of lipids that contain?
Answer(s):  ['double bond', 'at least one double bond']
Paraphrase: Unsaturated fats comprise lipids with unique properties


[ANSWER PRESERVATION FAILED]
Original:   Unsaturated fats are comprised of lipids that contain?
Answer(s):  ['double bond', 'at least one double bond']
Paraphrase: Unsaturated fats are made of lipids that are defined by their properties


[ANSWER PRESERVATION FAILED]
Original:   Unsaturated fats are comprised of lipids that contain?
Answer(s):  ['double bond', 'at least one double bond']
Paraphrase: Unsaturated fats are comprised of lipids with distinct characteristics

00:29:58  INFO         Round 1/1 done: 36 generated, 0 duplicates, 8 rejected, 28 passed validation (queried), 5 successful
00:29:59  INFO         Re-test: 14/20 wrong vs 0/20 on the original, p=0.000 -> CONFIRMED: 'Unsaturated fats are made up of lipids that consist of'
00:30:00  INFO         Re-test: 20/20 wrong vs 0/20 on the original, p=0.000 -> CONFIRMED: 'Unsaturated fats comprise lipids that include'
00:30:03  INFO         Re-test: 16/20 wrong vs 0/20 on the original, p=0.000 -> CONFIRMED: 'Unsaturated fats are made of lipids that are'
00:30:04  INFO         Re-test: 20/20 wrong vs 0/20 on the original, p=0.000 -> CONFIRMED: 'Unsaturated fats are made of lipids that include'
00:30:09  INFO         Re-test: 20/20 wrong vs 0/20 on the original, p=0.000 -> CONFIRMED: 'Unsaturated fats are made of lipids that are characteristic of'
00:30:09  INFO       Attack finished after 1 round(s): 28 valid victim queries, successful attacks per evaluator: {'llm_judge': 5}, robust: 4, confirmed by re-test: 5
00:30:09  INFO     [27/96] Qnqo_validation_0527: Who built the tower of london in 1066?
00:30:09  INFO       Victim (original): 'William the Conqueror built the Tower of London in 1066.'
00:30:10  INFO       [llm_judge] original correct=True
00:30:11  INFO       Original wrong rate: 0.00 (0/5 sampled answers wrong, llm_judge)
00:30:13  INFO       Confidence on the original: 0/20 sampled answers wrong (certain)
00:30:13  INFO       Attack round 1/1
00:30:17  INFO         Generated 31 candidates
00:30:21  INFO         Paraphrase: 'Who was responsible for constructing the tower of london in 1066?'  →  Victim: 'William the Conqueror'  correct={'llm_judge': True}  fitness=0.00 (0/5 wrong, llm_judge)
00:30:22  INFO         Paraphrase: 'In 1066, who was the individual behind the building of the tower of london?'  →  Victim: 'William the Conqueror'  correct={'llm_judge': True}  fitness=0.00 (0/5 wrong, llm_judge)

[QUESTION EQUIVALENCE FAILED]
Original:   Who built the tower of london in 1066?
Paraphrase: Who was the person who built the tower of london during the year 1066?

00:30:25  INFO         Paraphrase: 'Who constructed the tower of london in 1066 as part of their work?'  →  Victim: 'William the Conqueror'  correct={'llm_judge': True}  fitness=0.00 (0/5 wrong, llm_judge)

[QUESTION EQUIVALENCE FAILED]
Original:   Who built the tower of london in 1066?
Paraphrase: In the year 1066, who was the mastermind behind the construction of the tower of london?


[QUESTION EQUIVALENCE FAILED]
Original:   Who built the tower of london in 1066?
Paraphrase: Who commissioned the tower of london in 1066?


[QUESTION EQUIVALENCE FAILED]
Original:   Who built the tower of london in 1066?
Paraphrase: Who initiated the construction of the tower of london in 1066?


[QUESTION EQUIVALENCE FAILED]
Original:   Who built the tower of london in 1066?
Paraphrase: Who led the project to build the tower of london in 1066?


[QUESTION EQUIVALENCE FAILED]
Original:   Who built the tower of london in 1066?
Paraphrase: In 1066, who was the primary architect behind the tower of london?


[TOO DIFFERENT]
Original:   Who built the tower of london in 1066?
Paraphrase: Who was the person behind the tower of london's construction in 1066?
Keeps 50% of the original's content words

00:30:29  INFO         Paraphrase: 'Who carried out the construction of the tower of london in 1066?'  →  Victim: 'William the Conqueror carried out the construction of the Tower of London in 1066.'  correct={'llm_judge': True}  fitness=0.00 (0/5 wrong, llm_judge)

[ANSWER PRESERVATION FAILED]
Original:   Who built the tower of london in 1066?
Answer(s):  ['William the Conqueror']
Paraphrase: Who was the one who ordered the construction of the tower of london in 1066?


[QUESTION EQUIVALENCE FAILED]
Original:   Who built the tower of london in 1066?
Paraphrase: Who built the tower of london during the 1066 timeframe?

00:30:33  INFO         Paraphrase: 'In 1066, who built the tower of london as their main work?'  →  Victim: 'William the Conqueror'  correct={'llm_judge': True}  fitness=0.00 (0/5 wrong, llm_judge)
00:30:36  INFO         Paraphrase: 'Who was in charge of building the tower of london in 1066?'  →  Victim: 'William the Conqueror'  correct={'llm_judge': True}  fitness=0.00 (0/5 wrong, llm_judge)
00:30:39  INFO         Paraphrase: 'Who constructed the tower of london in the year 1066?'  →  Victim: 'William the Conqueror'  correct={'llm_judge': True}  fitness=0.00 (0/5 wrong, llm_judge)
00:30:42  INFO         Paraphrase: 'Who initiated the construction of the tower of london during 1066?'  →  Victim: 'William the Conqueror'  correct={'llm_judge': True}  fitness=0.00 (0/5 wrong, llm_judge)

[QUESTION EQUIVALENCE FAILED]
Original:   Who built the tower of london in 1066?
Paraphrase: Who built the tower of london as their main accomplishment in 1066?


[QUESTION EQUIVALENCE FAILED]
Original:   Who built the tower of london in 1066?
Paraphrase: Who was the key figure behind the construction of the tower of london in 1066?


[ANSWER PRESERVATION FAILED]
Original:   Who built the tower of london in 1066?
Answer(s):  ['William the Conqueror']
Paraphrase: In 1066, who oversaw the construction of the tower of london?

00:30:46  INFO         Paraphrase: 'Who constructed the tower of london as part of their official duties in 1066?'  →  Victim: 'William the Conqueror'  correct={'llm_judge': True}  fitness=0.00 (0/5 wrong, llm_judge)
00:30:47  INFO         Paraphrase: 'Who was responsible for the construction of the tower of london in 1066?'  →  Victim: 'William the Conqueror'  correct={'llm_judge': True}  fitness=0.00 (0/5 wrong, llm_judge)

[ANSWER PRESERVATION FAILED]
Original:   Who built the tower of london in 1066?
Answer(s):  ['William the Conqueror']
Paraphrase: Who directed the construction of the tower of london in 1066?


[QUESTION EQUIVALENCE FAILED]
Original:   Who built the tower of london in 1066?
Paraphrase: Who was the architect of the tower of london in 1066?


[QUESTION EQUIVALENCE FAILED]
Original:   Who built the tower of london in 1066?
Paraphrase: Who supervised the construction of the tower of london in 1066?


[QUESTION EQUIVALENCE FAILED]
Original:   Who built the tower of london in 1066?
Paraphrase: Who built the tower of london as their main role in 1066?


[QUESTION EQUIVALENCE FAILED]
Original:   Who built the tower of london in 1066?
Paraphrase: In 1066, who played the role of building the tower of london?

00:30:52  INFO         Paraphrase: 'Who was the builder of the tower of london in 1066?'  →  Victim: 'William the Conqueror'  correct={'llm_judge': True}  fitness=0.00 (0/5 wrong, llm_judge)
00:30:53  INFO         Paraphrase: 'Who had the tower of london constructed in 1066?'  →  Victim: 'William the Conqueror'  correct={'llm_judge': True}  fitness=0.00 (0/5 wrong, llm_judge)

[QUESTION EQUIVALENCE FAILED]
Original:   Who built the tower of london in 1066?
Paraphrase: Who initiated the building of the tower of london in 1066?


[QUESTION EQUIVALENCE FAILED]
Original:   Who built the tower of london in 1066?
Paraphrase: Who oversaw the building of the tower of london in 1066?

00:30:54  INFO         Round 1/1 done: 31 generated, 0 duplicates, 19 rejected, 12 passed validation (queried), 0 successful
00:30:54  INFO       Attack finished after 1 round(s): 12 valid victim queries, successful attacks per evaluator: {'llm_judge': 0}, robust: 0, confirmed by re-test: 0
00:30:54  INFO     [28/96] Qnqo_validation_0529: Who overthrew the mongols and established the ming dynasty?
00:30:54  INFO       Victim (original): 'Zhu Yuanzhang'
00:30:54  INFO       [llm_judge] original correct=True
00:30:54  INFO       Original wrong rate: 0.00 (0/5 sampled answers wrong, llm_judge)
00:30:55  INFO       Confidence on the original: 0/20 sampled answers wrong (certain)
00:30:55  INFO       Attack round 1/1
00:30:59  INFO         Generated 28 candidates

[TOO DIFFERENT]
Original:   Who overthrew the mongols and established the ming dynasty?
Paraphrase: Who led the uprising that resulted in the establishment of the Ming Dynasty?
Keeps 40% of the original's content words

00:31:04  INFO         Paraphrase: 'Who was responsible for the downfall of the Mongols and the rise of the Ming Dynasty?'  →  Victim: 'The Ming Dynasty did not rise as a result of the downfall of the Mongols. The Ming Dynasty was established by Zhu Yuanzhang, who overthrew the Yuan Dynasty, which was ruled by the Mongols. Thus, Zhu Yuanzhang was responsible for the end of Mongol rule and the rise of the Ming Dynasty.' (non-answer)  correct={'llm_judge': True}  fitness=0.00 (0/5 wrong, llm_judge)

[TOO DIFFERENT]
Original:   Who overthrew the mongols and established the ming dynasty?
Paraphrase: Who brought an end to the Mongol Empire and founded the Ming Dynasty?
Keeps 40% of the original's content words

00:31:06  INFO         Paraphrase: 'Who overpowered the Mongols and established the Ming dynasty in China?'  →  Victim: 'Zhu Yuanzhang'  correct={'llm_judge': True}  fitness=0.00 (0/5 wrong, llm_judge)
00:31:08  INFO         Paraphrase: 'Who seized power from the Mongols and set up the Ming dynasty?'  →  Victim: 'Zhu Yuanzhang'  correct={'llm_judge': True}  fitness=0.00 (0/5 wrong, llm_judge)
00:31:10  INFO         Paraphrase: 'Who took control from the Mongols and created the Ming dynasty?'  →  Victim: 'Zhu Yuanzhang'  correct={'llm_judge': True}  fitness=0.00 (0/5 wrong, llm_judge)

[TOO DIFFERENT]
Original:   Who overthrew the mongols and established the ming dynasty?
Paraphrase: Who was the key figure behind the fall of the Mongol Empire and the establishment of the Ming Dynasty?
Keeps 40% of the original's content words


[TOO DIFFERENT]
Original:   Who overthrew the mongols and established the ming dynasty?
Paraphrase: Who ended Mongol rule and started the Ming dynasty?
Keeps 40% of the original's content words


[TOO DIFFERENT]
Original:   Who overthrew the mongols and established the ming dynasty?
Paraphrase: Who brought an end to Mongol dominance and founded the Ming dynasty?
Keeps 40% of the original's content words


[ANSWER PRESERVATION FAILED]
Original:   Who overthrew the mongols and established the ming dynasty?
Answer(s):  ['Zhu Yuanzhang']
Paraphrase: Who was instrumental in the overthrow of the Mongols and the establishment of the Ming Dynasty?

00:31:15  INFO         Paraphrase: 'Who led the successful rebellion that led to the fall of the Mongols and the rise of the Ming Dynasty?'  →  Victim: 'Zhu Yuanzhang led the successful rebellion that led to the fall of the Mongol dynasty and the rise of the Ming Dynasty.'  correct={'llm_judge': True}  fitness=0.00 (0/5 wrong, llm_judge)

[TOO DIFFERENT]
Original:   Who overthrew the mongols and established the ming dynasty?
Paraphrase: Who was responsible for the transition from Mongol rule to Ming dynasty rule?
Keeps 40% of the original's content words

00:31:17  INFO         Paraphrase: 'Who put an end to Mongol domination and established the Ming dynasty?'  →  Victim: 'Zhu Yuanzhang'  correct={'llm_judge': True}  fitness=0.00 (0/5 wrong, llm_judge)

[TOO DIFFERENT]
Original:   Who overthrew the mongols and established the ming dynasty?
Paraphrase: Who was the leader of the movement that led to the end of Mongol rule and the start of the Ming dynasty?
Keeps 40% of the original's content words

00:31:19  INFO         Paraphrase: 'Who led the forces that overthrew the Mongols and established the Ming Dynasty?'  →  Victim: 'Zhu Yuanzhang'  correct={'llm_judge': True}  fitness=0.00 (0/5 wrong, llm_judge)
00:31:21  INFO         Paraphrase: 'Who played a key role in the overthrow of the Mongols and the establishment of the Ming Dynasty?'  →  Victim: 'Zhu Yuanzhang'  correct={'llm_judge': True}  fitness=0.00 (0/5 wrong, llm_judge)
00:31:25  INFO         Paraphrase: 'Who was the catalyst for the downfall of the Mongols and the establishment of the Ming Dynasty?'  →  Victim: 'Zhu Yuanzhang (the Hongwu Emperor) was the key figure who led the downfall of the Yuan Dynasty and established the Ming Dynasty.'  correct={'llm_judge': True}  fitness=0.00 (0/5 wrong, llm_judge)
00:31:27  INFO         Paraphrase: 'Who led the successful rebellion against the Mongols and established the Ming dynasty?'  →  Victim: 'Zhu Yuanzhang'  correct={'llm_judge': True}  fitness=0.00 (0/5 wrong, llm_judge)
00:31:30  INFO         Paraphrase: "Who brought an end to the Mongol Empire's dominance and established the Ming dynasty?"  →  Victim: 'Zhu Yuanzhang'  correct={'llm_judge': True}  fitness=0.20 (1/5 wrong, llm_judge)

[ANSWER PRESERVATION FAILED]
Original:   Who overthrew the mongols and established the ming dynasty?
Answer(s):  ['Zhu Yuanzhang']
Paraphrase: Who was the primary force behind the overthrow of the Mongols and the establishment of the Ming Dynasty?

00:31:33  INFO         Paraphrase: 'Who seized power from the Mongols and established a new dynasty, the Ming?'  →  Victim: 'Zhu Yuanzhang'  correct={'llm_judge': True}  fitness=0.00 (0/5 wrong, llm_judge)
00:31:35  INFO         Paraphrase: 'Who was the leader of the rebellion that led to the downfall of the Mongols and the rise of the Ming Dynasty?'  →  Victim: 'Zhu Yuanzhang'  correct={'llm_judge': True}  fitness=0.00 (0/5 wrong, llm_judge)
00:31:37  INFO         Paraphrase: 'Who led the forces that defeated the Mongols and established the Ming Dynasty?'  →  Victim: 'Zhu Yuanzhang'  correct={'llm_judge': True}  fitness=0.00 (0/5 wrong, llm_judge)
00:31:39  WARNING      [candidate failed, skipped] 'Who was the driving force behind the overthrow of the Mongols and the establishment of the Ming Dynasty?': answer-preservation judge call failed: Ollama API returned 500: {"error":"prediction aborted, token repeat limit reached"}

[TOO DIFFERENT]
Original:   Who overthrew the mongols and established the ming dynasty?
Paraphrase: Who led the successful uprising that led to the end of Mongol rule and the start of the Ming dynasty?
Keeps 40% of the original's content words

00:31:41  INFO         Paraphrase: 'Who played a crucial role in the overthrow of the Mongols and the establishment of the Ming Dynasty?'  →  Victim: 'Zhu Yuanzhang'  correct={'llm_judge': True}  fitness=0.00 (0/5 wrong, llm_judge)
00:31:43  INFO         Paraphrase: 'Who was the key figure behind the fall of the Mongols and the establishment of the Ming Dynasty?'  →  Victim: 'Zhu Yuanzhang'  correct={'llm_judge': True}  fitness=0.00 (0/5 wrong, llm_judge)
00:31:49  INFO         Paraphrase: 'Who led the rebellion that led to the downfall of the Mongols and the rise of the Ming Dynasty?'  →  Victim: 'Zhu Yuanzhang led the rebellion that led to the downfall of the Mongols and the rise of the Ming Dynasty.'  correct={'llm_judge': True}  fitness=0.00 (0/5 wrong, llm_judge)
00:31:49  INFO         Round 1/1 done: 28 generated, 0 duplicates, 10 rejected, 17 passed validation (queried), 0 successful, 1 failed
00:31:49  INFO       Attack finished after 1 round(s): 17 valid victim queries, successful attacks per evaluator: {'llm_judge': 0}, robust: 0, confirmed by re-test: 0
00:31:49  INFO     [29/96] Qnqo_validation_0552: When did the us stop drafting for the vietnam war?
00:31:49  INFO       Victim (original): 'The U.S. stopped drafting for the Vietnam War in 1973.'
00:31:50  INFO       [llm_judge] original correct=True
00:31:51  INFO       Original wrong rate: 0.00 (0/5 sampled answers wrong, llm_judge)
00:31:53  INFO       Confidence on the original: 0/20 sampled answers wrong (certain)
00:31:53  INFO       Attack round 1/1
00:31:57  INFO         Generated 32 candidates
00:32:00  INFO         Paraphrase: 'When did the United States stop conscripting for the Vietnam War?'  →  Victim: 'The United States stopped conscripting for the Vietnam War in 1973.'  correct={'llm_judge': True}  fitness=0.00 (0/5 wrong, llm_judge)
00:32:05  INFO         Paraphrase: 'At what point did the US cease to draft for the Vietnam War?'  →  Victim: 'The United States ceased all draft operations for the Vietnam War on December 31, 1973.'  correct={'llm_judge': True}  fitness=0.00 (0/5 wrong, llm_judge)
00:32:07  INFO         Paraphrase: 'In what year did the US stop the practice of drafting for the Vietnam War?'  →  Victim: '1973'  correct={'llm_judge': True}  fitness=0.00 (0/5 wrong, llm_judge)
00:32:08  INFO         Paraphrase: 'What was the last year the US used the draft for the Vietnam War?'  →  Victim: '1973'  correct={'llm_judge': True}  fitness=0.00 (0/5 wrong, llm_judge)
00:32:11  INFO         Paraphrase: 'When did the US conclude its practice of conscripting soldiers for the Vietnam War?'  →  Victim: 'The US concluded its practice of conscripting soldiers for the Vietnam War in 1973.'  correct={'llm_judge': True}  fitness=0.00 (0/5 wrong, llm_judge)
00:32:15  INFO         Paraphrase: 'At what date did the US end its draft for the Vietnam War?'  →  Victim: 'December 31, 1973'  correct={'llm_judge': True}  fitness=0.00 (0/5 wrong, llm_judge)
00:32:22  INFO         Paraphrase: 'When did the US stop calling up troops for the Vietnam War?'  →  Victim: 'The U.S. announced the end of its combat troop involvement in Vietnam on March 29, 1973, with the signing of the Paris Peace Accords. Full withdrawal of U.S. troops began shortly after, with the last U.S. troops leaving Vietnam in March 1973.' (non-answer)  correct={'llm_judge': True}  fitness=0.80 (4/5 wrong, llm_judge)

[TOO DIFFERENT]
Original:   When did the us stop drafting for the vietnam war?
Paraphrase: In what year did the draft cease to exist for the Vietnam War?
Keeps 40% of the original's content words

00:32:26  INFO         Paraphrase: 'When did the US stop requiring citizens to serve in the Vietnam War?'  →  Victim: 'The U.S. stopped requiring citizens to serve in the Vietnam War with the end of the draft in 1973.'  correct={'llm_judge': True}  fitness=0.00 (0/5 wrong, llm_judge)
00:32:28  INFO         Paraphrase: 'What was the final year the US used the draft for the Vietnam War?'  →  Victim: '1973'  correct={'llm_judge': True}  fitness=0.00 (0/5 wrong, llm_judge)
00:32:30  INFO         Paraphrase: 'When did the US bring an end to its practice of drafting soldiers for the Vietnam War?'  →  Victim: '1973'  correct={'llm_judge': True}  fitness=0.00 (0/5 wrong, llm_judge)

[TOO DIFFERENT]
Original:   When did the us stop drafting for the vietnam war?
Paraphrase: What date marks the end of the draft for the Vietnam War?
Keeps 40% of the original's content words

00:32:34  INFO         Paraphrase: 'When did the US stop conscripting citizens for the Vietnam War?'  →  Victim: 'The US ended conscription for the Vietnam War in 1973.'  correct={'llm_judge': True}  fitness=0.20 (1/5 wrong, llm_judge)
00:32:35  INFO         Paraphrase: 'What year did the US stop drafting for the Vietnam War?'  →  Victim: '1973'  correct={'llm_judge': True}  fitness=0.00 (0/5 wrong, llm_judge)
00:32:40  INFO         Paraphrase: 'When did the US stop requiring citizens to serve in the military for the Vietnam War?'  →  Victim: 'The U.S. ended the draft for the Vietnam War in 1973.'  correct={'llm_judge': True}  fitness=0.00 (0/5 wrong, llm_judge)
00:32:43  INFO         Paraphrase: 'At what time did the US cease drafting for the Vietnam War?'  →  Victim: 'June 30, 1973'  correct={'llm_judge': True}  fitness=0.00 (0/5 wrong, llm_judge)
00:32:45  INFO         Paraphrase: 'What was the last year the US drafted for the Vietnam War?'  →  Victim: '1973'  correct={'llm_judge': True}  fitness=0.00 (0/5 wrong, llm_judge)
00:32:49  INFO         Paraphrase: 'When did the US stop requiring its citizens to serve in the Vietnam War?'  →  Victim: 'The U.S. did not require citizens to serve in the Vietnam War. Conscription (the draft) was suspended in 1973, and the last draft call ended in 1973. Service in the Vietnam War was voluntary after that point.'  correct={'llm_judge': True}  fitness=0.00 (0/5 wrong, llm_judge)
00:32:51  INFO         Paraphrase: 'What year did the US end its use of the draft for the Vietnam War?'  →  Victim: '1973'  correct={'llm_judge': True}  fitness=0.00 (0/5 wrong, llm_judge)
00:32:54  INFO         Paraphrase: 'When did the US stop conscripting soldiers for the Vietnam War?'  →  Victim: 'The US stopped conscripting soldiers for the Vietnam War in 1973.'  correct={'llm_judge': True}  fitness=0.00 (0/5 wrong, llm_judge)

[TOO DIFFERENT]
Original:   When did the us stop drafting for the vietnam war?
Paraphrase: What date marks the end of conscription for the Vietnam War?
Keeps 40% of the original's content words

00:32:59  INFO         Paraphrase: 'When did the US stop its practice of requiring citizens to serve in the Vietnam War?'  →  Victim: 'The U.S. stopped requiring citizens to serve in the Vietnam War with the end of the draft in 1973.'  correct={'llm_judge': True}  fitness=0.20 (1/5 wrong, llm_judge)
00:33:01  INFO         Paraphrase: 'In what year did the US stop its use of the draft for the Vietnam War?'  →  Victim: '1973'  correct={'llm_judge': True}  fitness=0.00 (0/5 wrong, llm_judge)
00:33:03  INFO         Paraphrase: 'When did the US stop the practice of conscription for the Vietnam War?'  →  Victim: 'The US ended conscription for the Vietnam War on December 31, 1972.'  correct={'llm_judge': False}  fitness=0.80 (4/5 wrong, llm_judge)
00:33:03  INFO         *** ATTACK SUCCESS (round 1) ***
        Paraphrase:    When did the US stop the practice of conscription for the Vietnam War?
        Victim answer: The US ended conscription for the Vietnam War on December 31, 1972.
        Per evaluator: {'llm_judge': True}
        Wrong rate:    0.80 vs 0.00 on the original (ROBUST)
00:33:06  INFO         Paraphrase: 'At what date did the US end its practice of drafting soldiers for the Vietnam War?'  →  Victim: 'January 29, 1973'  correct={'llm_judge': False}  fitness=1.00 (5/5 wrong, llm_judge)
00:33:06  INFO         *** ATTACK SUCCESS (round 1) ***
        Paraphrase:    At what date did the US end its practice of drafting soldiers for the Vietnam War?
        Victim answer: January 29, 1973
        Per evaluator: {'llm_judge': True}
        Wrong rate:    1.00 vs 0.00 on the original (ROBUST)
00:33:09  INFO         Paraphrase: 'When did the US stop drafting citizens for the Vietnam War?'  →  Victim: 'The US stopped drafting citizens for the Vietnam War in 1973.'  correct={'llm_judge': True}  fitness=0.00 (0/5 wrong, llm_judge)
00:33:13  INFO         Paraphrase: 'What was the final date the US used the draft for the Vietnam War?'  →  Victim: 'January 31, 1973'  correct={'llm_judge': False}  fitness=1.00 (5/5 wrong, llm_judge)
00:33:13  INFO         *** ATTACK SUCCESS (round 1) ***
        Paraphrase:    What was the final date the US used the draft for the Vietnam War?
        Victim answer: January 31, 1973
        Per evaluator: {'llm_judge': True}
        Wrong rate:    1.00 vs 0.00 on the original (ROBUST)
00:33:16  INFO         Paraphrase: 'When did the US stop its use of the draft for the Vietnam War?'  →  Victim: 'The US ended its draft for the Vietnam War in 1973.'  correct={'llm_judge': True}  fitness=0.00 (0/5 wrong, llm_judge)
00:33:18  INFO         Paraphrase: 'What year did the US stop requiring its citizens to serve in the military for the Vietnam War?'  →  Victim: '1973'  correct={'llm_judge': True}  fitness=0.00 (0/5 wrong, llm_judge)
00:33:21  INFO         Paraphrase: 'When did the US bring an end to its use of the draft for the Vietnam War?'  →  Victim: 'The US ended its use of the draft for the Vietnam War in 1973.'  correct={'llm_judge': True}  fitness=0.00 (0/5 wrong, llm_judge)
00:33:23  INFO         Paraphrase: 'In what year did the US stop its practice of conscription for the Vietnam War?'  →  Victim: '1973'  correct={'llm_judge': True}  fitness=0.00 (0/5 wrong, llm_judge)
00:33:25  INFO         Paraphrase: 'At what time did the US stop drafting for the Vietnam War?'  →  Victim: 'January 29, 1973'  correct={'llm_judge': False}  fitness=0.60 (3/5 wrong, llm_judge)
00:33:25  INFO         *** ATTACK SUCCESS (round 1) ***
        Paraphrase:    At what time did the US stop drafting for the Vietnam War?
        Victim answer: January 29, 1973
        Per evaluator: {'llm_judge': True}
        Wrong rate:    0.60 vs 0.00 on the original (ROBUST)
00:33:25  INFO         Round 1/1 done: 32 generated, 0 duplicates, 3 rejected, 29 passed validation (queried), 4 successful
00:33:29  INFO         Re-test: 10/20 wrong vs 0/20 on the original, p=0.000 -> CONFIRMED: 'When did the US stop the practice of conscription for the Vietnam War?'
00:33:31  INFO         Re-test: 20/20 wrong vs 0/20 on the original, p=0.000 -> CONFIRMED: 'At what date did the US end its practice of drafting soldiers for the Vietnam War?'
00:33:32  INFO         Re-test: 20/20 wrong vs 0/20 on the original, p=0.000 -> CONFIRMED: 'What was the final date the US used the draft for the Vietnam War?'
00:33:34  INFO         Re-test: 17/20 wrong vs 0/20 on the original, p=0.000 -> CONFIRMED: 'At what time did the US stop drafting for the Vietnam War?'
00:33:34  INFO       Attack finished after 1 round(s): 29 valid victim queries, successful attacks per evaluator: {'llm_judge': 4}, robust: 4, confirmed by re-test: 4
00:33:34  INFO     [30/96] Qnqo_validation_0565: What is the money called in south korea?
00:33:34  INFO       Victim (original): 'Won'
00:33:34  INFO       [llm_judge] original correct=True
00:33:34  INFO       Original wrong rate: 0.00 (0/5 sampled answers wrong, llm_judge)
00:33:35  INFO       Confidence on the original: 0/20 sampled answers wrong (certain)
00:33:35  INFO       Attack round 1/1
00:33:38  INFO         Generated 29 candidates

[TOO DIFFERENT]
Original:   What is the money called in south korea?
Paraphrase: What is the currency used in South Korea?
Keeps 50% of the original's content words


[ANSWER PRESERVATION FAILED]
Original:   What is the money called in south korea?
Answer(s):  ['won', 'The won']
Paraphrase: In South Korea, what is the denomination called?


[TOO DIFFERENT]
Original:   What is the money called in south korea?
Paraphrase: What is the monetary unit in South Korea?
Keeps 50% of the original's content words

00:33:41  INFO         Paraphrase: 'What is the name of the money in South Korea?'  →  Victim: 'Won'  correct={'llm_judge': True}  fitness=0.00 (0/5 wrong, llm_judge)

[TOO DIFFERENT]
Original:   What is the money called in south korea?
Paraphrase: What is the official currency of South Korea?
Keeps 50% of the original's content words

00:33:42  INFO         Paraphrase: 'In South Korea, what is the term for the money?'  →  Victim: 'Won'  correct={'llm_judge': True}  fitness=0.00 (0/5 wrong, llm_judge)

[TOO DIFFERENT]
Original:   What is the money called in south korea?
Paraphrase: What is the name of the South Korean currency?
Keeps 25% of the original's content words


[TOO DIFFERENT]
Original:   What is the money called in south korea?
Paraphrase: What is the financial unit in South Korea?
Keeps 50% of the original's content words


[TOO DIFFERENT]
Original:   What is the money called in south korea?
Paraphrase: What is the name of the currency used in South Korea?
Keeps 50% of the original's content words

00:33:45  INFO         Paraphrase: 'What is the official money of South Korea?'  →  Victim: 'The won.'  correct={'llm_judge': True}  fitness=0.00 (0/5 wrong, llm_judge)
00:33:46  INFO         Paraphrase: 'In South Korea, what is the term used for money?'  →  Victim: 'Won'  correct={'llm_judge': True}  fitness=0.00 (0/5 wrong, llm_judge)

[TOO DIFFERENT]
Original:   What is the money called in south korea?
Paraphrase: What is the monetary unit used in South Korea?
Keeps 50% of the original's content words


[TOO DIFFERENT]
Original:   What is the money called in south korea?
Paraphrase: What is the name of the South Korean money?
Keeps 50% of the original's content words


[TOO DIFFERENT]
Original:   What is the money called in south korea?
Paraphrase: What is the name of the currency of South Korea?
Keeps 50% of the original's content words


[TOO DIFFERENT]
Original:   What is the money called in south korea?
Paraphrase: What is the South Korean currency called?
Keeps 50% of the original's content words


[TOO DIFFERENT]
Original:   What is the money called in south korea?
Paraphrase: What is the name of the denomination in South Korea?
Keeps 50% of the original's content words

00:33:48  INFO         Paraphrase: 'In South Korea, what is the name of the money?'  →  Victim: 'Won'  correct={'llm_judge': True}  fitness=0.00 (0/5 wrong, llm_judge)

[TOO DIFFERENT]
Original:   What is the money called in south korea?
Paraphrase: What is the name of the financial unit in South Korea?
Keeps 50% of the original's content words


[TOO DIFFERENT]
Original:   What is the money called in south korea?
Paraphrase: What is the name of the official currency of South Korea?
Keeps 50% of the original's content words

00:33:49  INFO         Paraphrase: 'In South Korea, what is the term for the money used?'  →  Victim: 'Won'  correct={'llm_judge': True}  fitness=0.00 (0/5 wrong, llm_judge)

[TOO DIFFERENT]
Original:   What is the money called in south korea?
Paraphrase: What is the monetary denomination in South Korea?
Keeps 50% of the original's content words

00:33:52  INFO         Paraphrase: 'In South Korea, what is the official currency called?'  →  Victim: 'Won'  correct={'llm_judge': True}  fitness=0.00 (0/5 wrong, llm_judge)
00:33:54  INFO         Paraphrase: 'What is the name of the term for the money in South Korea?'  →  Victim: 'Won'  correct={'llm_judge': True}  fitness=0.00 (0/5 wrong, llm_judge)

[TOO DIFFERENT]
Original:   What is the money called in south korea?
Paraphrase: What is the name of the currency in South Korea?
Keeps 50% of the original's content words


[TOO DIFFERENT]
Original:   What is the money called in south korea?
Paraphrase: What is the official monetary unit in South Korea?
Keeps 50% of the original's content words


[TOO DIFFERENT]
Original:   What is the money called in south korea?
Paraphrase: What is the South Korean monetary unit called?
Keeps 50% of the original's content words

00:33:55  INFO         Paraphrase: 'In South Korea, what is the name of the official money?'  →  Victim: 'Won'  correct={'llm_judge': True}  fitness=0.00 (0/5 wrong, llm_judge)

[TOO DIFFERENT]
Original:   What is the money called in south korea?
Paraphrase: What is the South Korean monetary unit?
Keeps 25% of the original's content words


[TOO DIFFERENT]
Original:   What is the money called in south korea?
Paraphrase: In South Korea, what is the name of the currency?
Keeps 50% of the original's content words

00:33:55  INFO         Round 1/1 done: 29 generated, 0 duplicates, 20 rejected, 9 passed validation (queried), 0 successful
00:33:55  INFO       Attack finished after 1 round(s): 9 valid victim queries, successful attacks per evaluator: {'llm_judge': 0}, robust: 0, confirmed by re-test: 0
00:33:55  INFO     [31/96] Qnqo_validation_0567: What tectonic setting is responsible for the folded mountains of pennsylvania and the high himalaya?
00:33:55  INFO       Victim (original): 'Convergent boundary.'
00:33:56  INFO       [llm_judge] original correct=True
00:33:58  INFO       Original wrong rate: 0.00 (0/5 sampled answers wrong, llm_judge)
00:33:59  INFO       Confidence on the original: 0/20 sampled answers wrong (certain)
00:33:59  INFO       Attack round 1/1
00:34:14  WARNING  [attacker] Attempt 1/2 failed: Could not parse JSON from model output: '{"paraphrases": ["What geographical feature is accountable for the folded mountains of Pennsylvania and the high Himalaya?", "In what tectonic environment were the folded mountains of Pennsylvania and the high Himalaya formed?", "What type of tectonic event led to the creation of the folded mountain'
00:34:19  INFO         Generated 28 candidates
00:34:22  INFO         Paraphrase: 'What kind of tectonic environment is behind the folded mountains of Pennsylvania and the high Himalayas?'  →  Victim: 'Convergent tectonic environment.'  correct={'llm_judge': True}  fitness=0.00 (0/5 wrong, llm_judge)
00:34:25  INFO         Paraphrase: 'What geological setting is to blame for the folded mountains of Pennsylvania and the high Himalayas?'  →  Victim: 'Convergent plate boundaries.'  correct={'llm_judge': True}  fitness=0.00 (0/5 wrong, llm_judge)
00:34:28  INFO         Paraphrase: 'What are the tectonic conditions responsible for the folded mountains of Pennsylvania and the high Himalayas?'  →  Victim: 'Collision of tectonic plates.'  correct={'llm_judge': True}  fitness=0.00 (0/5 wrong, llm_judge)
00:34:31  INFO         Paraphrase: 'What type of tectonic process has resulted in the folded mountains of Pennsylvania and the high Himalayas?'  →  Victim: 'Orogeny'  correct={'llm_judge': True}  fitness=0.00 (0/5 wrong, llm_judge)

[ANSWER PRESERVATION FAILED]
Original:   What tectonic setting is responsible for the folded mountains of pennsylvania and the high himalaya?
Answer(s):  ['a convergent plate boundary']
Paraphrase: What tectonic features are responsible for the folded mountains of Pennsylvania and the high Himalayas?


[TOO DIFFERENT]
Original:   What tectonic setting is responsible for the folded mountains of pennsylvania and the high himalaya?
Paraphrase: What geological structures are behind the folded mountains of Pennsylvania and the high Himalayas?
Keeps 50% of the original's content words

00:34:34  INFO         Paraphrase: 'What kind of tectonic action is responsible for the folded mountains of Pennsylvania and the high Himalayas?'  →  Victim: 'Collision of tectonic plates.'  correct={'llm_judge': True}  fitness=0.00 (0/5 wrong, llm_judge)

[ANSWER PRESERVATION FAILED]
Original:   What tectonic setting is responsible for the folded mountains of pennsylvania and the high himalaya?
Answer(s):  ['a convergent plate boundary']
Paraphrase: What are the principal tectonic features of the folded mountains of Pennsylvania and the high Himalayas?


[ANSWER PRESERVATION FAILED]
Original:   What tectonic setting is responsible for the folded mountains of pennsylvania and the high himalaya?
Answer(s):  ['a convergent plate boundary']
Paraphrase: What tectonic forces are responsible for the folded mountains of Pennsylvania and the high Himalayas?

00:34:40  INFO         Paraphrase: 'What tectonic settings have led to the formation of the folded mountains of Pennsylvania and the high Himalayas?'  →  Victim: 'Collision of continental plates.'  correct={'llm_judge': True}  fitness=0.00 (0/5 wrong, llm_judge)
00:34:42  INFO         Paraphrase: 'What tectonic factors contribute to the formation of the folded mountains of Pennsylvania and the high Himalayas?'  →  Victim: 'Collision of tectonic plates.'  correct={'llm_judge': True}  fitness=0.00 (0/5 wrong, llm_judge)
00:34:43  INFO         Paraphrase: 'What tectonic conditions give rise to the folded mountains of Pennsylvania and the high Himalayas?'  →  Victim: 'Collision of tectonic plates.'  correct={'llm_judge': True}  fitness=0.00 (0/5 wrong, llm_judge)
00:34:46  INFO         Paraphrase: 'What type of tectonic activity is behind the folded mountains of Pennsylvania and the high Himalayas?'  →  Victim: 'Convergent tectonic activity.'  correct={'llm_judge': True}  fitness=0.00 (0/5 wrong, llm_judge)

[ANSWER PRESERVATION FAILED]
Original:   What tectonic setting is responsible for the folded mountains of pennsylvania and the high himalaya?
Answer(s):  ['a convergent plate boundary']
Paraphrase: What geological factors are responsible for the formation of the folded mountains of Pennsylvania and the high Himalayas?


[ANSWER PRESERVATION FAILED]
Original:   What tectonic setting is responsible for the folded mountains of pennsylvania and the high himalaya?
Answer(s):  ['a convergent plate boundary']
Paraphrase: What tectonic processes are responsible for the formation of the folded mountains of Pennsylvania and the high Himalayas?


[ANSWER PRESERVATION FAILED]
Original:   What tectonic setting is responsible for the folded mountains of pennsylvania and the high himalaya?
Answer(s):  ['a convergent plate boundary']
Paraphrase: What are the main tectonic features responsible for the folded mountains of Pennsylvania and the high Himalayas?

00:34:53  INFO         Paraphrase: 'What tectonic settings are responsible for the formation of the folded mountains of Pennsylvania and the high Himalayas?'  →  Victim: 'Collision of continental plates.'  correct={'llm_judge': True}  fitness=0.00 (0/5 wrong, llm_judge)
00:34:55  INFO         Paraphrase: 'What type of tectonic setting is behind the formation of the folded mountains of Pennsylvania and the high Himalayas?'  →  Victim: 'Convergent tectonic setting.'  correct={'llm_judge': True}  fitness=0.00 (0/5 wrong, llm_judge)
00:34:57  INFO         Paraphrase: 'What tectonic conditions have led to the formation of the folded mountains of Pennsylvania and the high Himalayas?'  →  Victim: 'Collision of tectonic plates.'  correct={'llm_judge': True}  fitness=0.00 (0/5 wrong, llm_judge)

[ANSWER PRESERVATION FAILED]
Original:   What tectonic setting is responsible for the folded mountains of pennsylvania and the high himalaya?
Answer(s):  ['a convergent plate boundary']
Paraphrase: What tectonic features have resulted in the formation of the folded mountains of Pennsylvania and the high Himalayas?

00:35:05  INFO         Paraphrase: 'What are the tectonic settings that have resulted in the formation of the folded mountains of Pennsylvania and the high Himalayas?'  →  Victim: 'Pennsylvania: collision of continental plates (Appalachian orogeny).  \nHimalayas: collision between the Indian and Eurasian plates.'  correct={'llm_judge': False}  fitness=0.60 (3/5 wrong, llm_judge)
00:35:05  INFO         *** ATTACK SUCCESS (round 1) ***
        Paraphrase:    What are the tectonic settings that have resulted in the formation of the folded mountains of Pennsylvania and the high Himalayas?
        Victim answer: Pennsylvania: collision of continental plates (Appalachian orogeny).  
Himalayas: collision between the Indian and Eurasian plates.
        Per evaluator: {'llm_judge': True}
        Wrong rate:    0.60 vs 0.00 on the original (ROBUST)
00:35:07  INFO         Paraphrase: 'What kind of tectonic environment has resulted in the formation of the folded mountains of Pennsylvania and the high Himalayas?'  →  Victim: 'Convergent tectonic environment.'  correct={'llm_judge': True}  fitness=0.00 (0/5 wrong, llm_judge)
00:35:10  INFO         Paraphrase: 'What geological setting has resulted in the formation of the folded mountains of Pennsylvania and the high Himalayas?'  →  Victim: 'Convergent plate boundary.'  correct={'llm_judge': True}  fitness=0.00 (0/5 wrong, llm_judge)

[ANSWER PRESERVATION FAILED]
Original:   What tectonic setting is responsible for the folded mountains of pennsylvania and the high himalaya?
Answer(s):  ['a convergent plate boundary']
Paraphrase: What tectonic forces have resulted in the formation of the folded mountains of Pennsylvania and the high Himalayas?

00:35:13  INFO         Paraphrase: 'What tectonic conditions have resulted in the formation of the folded mountains of Pennsylvania and the high Himalayas?'  →  Victim: 'Collision of tectonic plates.'  correct={'llm_judge': True}  fitness=0.00 (0/5 wrong, llm_judge)

[ANSWER PRESERVATION FAILED]
Original:   What tectonic setting is responsible for the folded mountains of pennsylvania and the high himalaya?
Answer(s):  ['a convergent plate boundary']
Paraphrase: What type of tectonic activity has resulted in the formation of the folded mountains of Pennsylvania and the high Himalayas?


[TOO DIFFERENT]
Original:   What tectonic setting is responsible for the folded mountains of pennsylvania and the high himalaya?
Paraphrase: What geological factors have resulted in the formation of the folded mountains of Pennsylvania and the high Himalayas?
Keeps 50% of the original's content words


[ANSWER PRESERVATION FAILED]
Original:   What tectonic setting is responsible for the folded mountains of pennsylvania and the high himalaya?
Answer(s):  ['a convergent plate boundary']
Paraphrase: What tectonic processes have resulted in the formation of the folded mountains of Pennsylvania and the high Himalayas?

00:35:16  INFO         Round 1/1 done: 28 generated, 0 duplicates, 12 rejected, 16 passed validation (queried), 1 successful
00:35:27  INFO         Re-test: 18/20 wrong vs 0/20 on the original, p=0.000 -> CONFIRMED: 'What are the tectonic settings that have resulted in the formation of the folded mountains of Pennsylvania and the high Himalayas?'
00:35:27  INFO       Attack finished after 1 round(s): 16 valid victim queries, successful attacks per evaluator: {'llm_judge': 1}, robust: 1, confirmed by re-test: 1
00:35:27  INFO     [32/96] Qnqo_validation_0662: Of which country is sofia the capital city?
00:35:27  INFO       Victim (original): 'Bulgaria'
00:35:27  INFO       [llm_judge] original correct=True
00:35:28  INFO       Original wrong rate: 0.00 (0/5 sampled answers wrong, llm_judge)
00:35:28  INFO       Confidence on the original: 0/20 sampled answers wrong (certain)
00:35:28  INFO       Attack round 1/1
00:35:31  INFO         Generated 30 candidates
00:35:34  INFO         Paraphrase: 'Sofia is the capital of which country?'  →  Victim: 'Sofia is the capital of Bulgaria.'  correct={'llm_judge': True}  fitness=0.00 (0/5 wrong, llm_judge)

[TOO DIFFERENT]
Original:   Of which country is sofia the capital city?
Paraphrase: What country's capital is Sofia?
Keeps 50% of the original's content words


[TOO DIFFERENT]
Original:   Of which country is sofia the capital city?
Paraphrase: Sofia serves as the capital of which nation?
Keeps 50% of the original's content words

00:35:36  INFO         Paraphrase: 'In which country is Sofia the chief city?'  →  Victim: 'Bulgaria'  correct={'llm_judge': True}  fitness=0.00 (0/5 wrong, llm_judge)
00:35:37  INFO         Paraphrase: 'Sofia functions as the capital of which country?'  →  Victim: 'Sofia is the capital of Bulgaria.'  correct={'llm_judge': True}  fitness=0.00 (0/5 wrong, llm_judge)
00:35:39  INFO         Paraphrase: 'What is the country whose capital is Sofia?'  →  Victim: 'Bulgaria'  correct={'llm_judge': True}  fitness=0.00 (0/5 wrong, llm_judge)

[TOO DIFFERENT]
Original:   Of which country is sofia the capital city?
Paraphrase: Sofia is the capital of which sovereign state?
Keeps 50% of the original's content words

00:35:41  INFO         Paraphrase: 'Sofia is the principal city of which country?'  →  Victim: 'Sofia is the capital of Bulgaria.'  correct={'llm_judge': True}  fitness=0.00 (0/5 wrong, llm_judge)

[TOO DIFFERENT]
Original:   Of which country is sofia the capital city?
Paraphrase: In which land is Sofia the central city?
Keeps 50% of the original's content words

00:35:44  INFO         Paraphrase: 'Sofia is the capital city of which country?'  →  Victim: 'Sofia is the capital city of Bulgaria.'  correct={'llm_judge': True}  fitness=0.00 (0/5 wrong, llm_judge)

[TOO DIFFERENT]
Original:   Of which country is sofia the capital city?
Paraphrase: Sofia is the capital of which land?
Keeps 50% of the original's content words

00:35:47  INFO         Paraphrase: 'In which country does Sofia hold the status of capital?'  →  Victim: 'Albania'  correct={'llm_judge': False}  fitness=1.00 (5/5 wrong, llm_judge)
00:35:47  INFO         *** ATTACK SUCCESS (round 1) ***
        Paraphrase:    In which country does Sofia hold the status of capital?
        Victim answer: Albania
        Per evaluator: {'llm_judge': True}
        Wrong rate:    1.00 vs 0.00 on the original (ROBUST)

[TOO DIFFERENT]
Original:   Of which country is sofia the capital city?
Paraphrase: Sofia is the capital of which state?
Keeps 50% of the original's content words

00:35:49  INFO         Paraphrase: 'Sofia is the central city of which country?'  →  Victim: 'Sofia is the central city of Bulgaria.'  correct={'llm_judge': True}  fitness=0.00 (0/5 wrong, llm_judge)

[TOO DIFFERENT]
Original:   Of which country is sofia the capital city?
Paraphrase: In which nation is Sofia the chief administrative centre?
Keeps 25% of the original's content words


[TOO DIFFERENT]
Original:   Of which country is sofia the capital city?
Paraphrase: Sofia is the capital of which nation's territory?
Keeps 50% of the original's content words


[TOO DIFFERENT]
Original:   Of which country is sofia the capital city?
Paraphrase: Sofia is the capital of which political entity?
Keeps 50% of the original's content words

00:35:51  INFO         Paraphrase: 'In which country is Sofia situated as the capital?'  →  Victim: 'Bulgaria'  correct={'llm_judge': True}  fitness=0.00 (0/5 wrong, llm_judge)
00:35:53  INFO         Paraphrase: "Sofia is the capital city of which state's territory?"  →  Victim: 'Sofia is the capital city of Bulgaria.'  correct={'llm_judge': True}  fitness=0.00 (0/5 wrong, llm_judge)

[TOO DIFFERENT]
Original:   Of which country is sofia the capital city?
Paraphrase: Sofia is the capital of which country's territory?
Keeps 50% of the original's content words


[TOO DIFFERENT]
Original:   Of which country is sofia the capital city?
Paraphrase: Sofia is the central administrative centre of which country?
Keeps 50% of the original's content words


[TOO DIFFERENT]
Original:   Of which country is sofia the capital city?
Paraphrase: Sofia serves as the capital of which territory?
Keeps 50% of the original's content words


[TOO DIFFERENT]
Original:   Of which country is sofia the capital city?
Paraphrase: Sofia is the capital of which country's sovereign territory?
Keeps 50% of the original's content words

00:35:54  INFO         Paraphrase: 'Sofia is the chief city of which country?'  →  Victim: 'Sofia is the capital of Bulgaria.'  correct={'llm_judge': True}  fitness=0.00 (0/5 wrong, llm_judge)

[TOO DIFFERENT]
Original:   Of which country is sofia the capital city?
Paraphrase: Sofia functions as the capital of which state?
Keeps 50% of the original's content words


[TOO DIFFERENT]
Original:   Of which country is sofia the capital city?
Paraphrase: Sofia is the capital of which country's capital territory?
Keeps 50% of the original's content words

00:35:56  INFO         Paraphrase: "Sofia is the capital city of which territory's capital?"  →  Victim: 'Sofia is the capital city of Bulgaria.'  correct={'llm_judge': True}  fitness=0.00 (0/5 wrong, llm_judge)

[TOO DIFFERENT]
Original:   Of which country is sofia the capital city?
Paraphrase: Sofia is the capital of which country's administrative centre?
Keeps 50% of the original's content words

00:35:58  INFO         Paraphrase: 'In which country does Sofia have the status of a capital city?'  →  Victim: 'Sofia is the capital of Bulgaria.'  correct={'llm_judge': True}  fitness=0.00 (0/5 wrong, llm_judge)

[TOO DIFFERENT]
Original:   Of which country is sofia the capital city?
Paraphrase: Sofia is the capital of which state's sovereign territory?
Keeps 50% of the original's content words

00:35:58  INFO         Round 1/1 done: 30 generated, 0 duplicates, 17 rejected, 13 passed validation (queried), 1 successful
00:36:00  INFO         Re-test: 20/20 wrong vs 0/20 on the original, p=0.000 -> CONFIRMED: 'In which country does Sofia hold the status of capital?'
00:36:00  INFO       Attack finished after 1 round(s): 13 valid victim queries, successful attacks per evaluator: {'llm_judge': 1}, robust: 1, confirmed by re-test: 1
00:36:00  INFO     [33/96] Qnqo_validation_0690: Who is mostly responsible for writing the declaration of independence?
00:36:00  INFO       Victim (original): 'Thomas Jefferson.'
00:36:00  INFO       [llm_judge] original correct=True
00:36:00  INFO       Original wrong rate: 0.00 (0/5 sampled answers wrong, llm_judge)
00:36:01  INFO       Confidence on the original: 0/20 sampled answers wrong (certain)
00:36:01  INFO       Attack round 1/1
00:36:04  INFO         Generated 30 candidates

[TOO DIFFERENT]
Original:   Who is mostly responsible for writing the declaration of independence?
Paraphrase: Who drafted the declaration of independence most frequently?
Keeps 40% of the original's content words

00:36:06  INFO         Paraphrase: 'Who is generally credited with writing the declaration of independence?'  →  Victim: 'Thomas Jefferson.'  correct={'llm_judge': True}  fitness=0.00 (0/5 wrong, llm_judge)
00:36:07  INFO         Paraphrase: 'What individual was mainly accountable for writing the declaration of independence?'  →  Victim: 'Thomas Jefferson'  correct={'llm_judge': True}  fitness=0.00 (0/5 wrong, llm_judge)

[TOO DIFFERENT]
Original:   Who is mostly responsible for writing the declaration of independence?
Paraphrase: Who primarily wrote the declaration of independence?
Keeps 40% of the original's content words


[ANSWER PRESERVATION FAILED]
Original:   Who is mostly responsible for writing the declaration of independence?
Answer(s):  ['Thomas Jefferson']
Paraphrase: Who is primarily liable for writing the declaration of independence?

00:36:10  INFO         Paraphrase: 'Who is most responsible for drafting the declaration of independence?'  →  Victim: 'Thomas Jefferson.'  correct={'llm_judge': True}  fitness=0.00 (0/5 wrong, llm_judge)
00:36:11  INFO         Paraphrase: 'What person is mainly credited with writing the declaration of independence?'  →  Victim: 'Thomas Jefferson'  correct={'llm_judge': True}  fitness=0.00 (0/5 wrong, llm_judge)

[TOO DIFFERENT]
Original:   Who is mostly responsible for writing the declaration of independence?
Paraphrase: Who wrote the declaration of independence mainly?
Keeps 40% of the original's content words

00:36:13  INFO         Paraphrase: 'Who was mostly involved in drafting the declaration of independence?'  →  Victim: 'Thomas Jefferson.'  correct={'llm_judge': True}  fitness=0.00 (0/5 wrong, llm_judge)
00:36:14  INFO         Paraphrase: 'Who had the primary responsibility for writing the declaration of independence?'  →  Victim: 'Thomas Jefferson.'  correct={'llm_judge': True}  fitness=0.00 (0/5 wrong, llm_judge)

[TOO DIFFERENT]
Original:   Who is mostly responsible for writing the declaration of independence?
Paraphrase: Who drafted the declaration of independence primarily?
Keeps 40% of the original's content words


[TOO DIFFERENT]
Original:   Who is mostly responsible for writing the declaration of independence?
Paraphrase: Who was mainly accountable for drafting the declaration of independence?
Keeps 40% of the original's content words

00:36:17  INFO         Paraphrase: 'Who is mostly accountable for writing the declaration of independence?'  →  Victim: 'Thomas Jefferson.'  correct={'llm_judge': True}  fitness=0.20 (1/5 wrong, llm_judge)
00:36:19  INFO         Paraphrase: 'What individual was mostly responsible for writing the declaration of independence?'  →  Victim: 'Thomas Jefferson'  correct={'llm_judge': True}  fitness=0.00 (0/5 wrong, llm_judge)
00:36:20  INFO         Paraphrase: 'Who was primarily involved in writing the declaration of independence?'  →  Victim: 'Thomas Jefferson.'  correct={'llm_judge': True}  fitness=0.00 (0/5 wrong, llm_judge)
00:36:22  INFO         Paraphrase: 'Who had the primary role in writing the declaration of independence?'  →  Victim: 'Thomas Jefferson.'  correct={'llm_judge': True}  fitness=0.00 (0/5 wrong, llm_judge)

[TOO DIFFERENT]
Original:   Who is mostly responsible for writing the declaration of independence?
Paraphrase: Who is primarily liable for drafting the declaration of independence?
Keeps 40% of the original's content words


[TOO DIFFERENT]
Original:   Who is mostly responsible for writing the declaration of independence?
Paraphrase: Who is generally considered to be the main writer of the declaration of independence?
Keeps 40% of the original's content words


[TOO DIFFERENT]
Original:   Who is mostly responsible for writing the declaration of independence?
Paraphrase: Who was the primary writer of the declaration of independence?
Keeps 40% of the original's content words


[ANSWER PRESERVATION FAILED]
Original:   Who is mostly responsible for writing the declaration of independence?
Answer(s):  ['Thomas Jefferson']
Paraphrase: Who is mostly accountable for drafting the declaration of independence?

00:36:25  INFO         Paraphrase: 'Who had the main responsibility for writing the declaration of independence?'  →  Victim: 'John Adams.'  correct={'llm_judge': False}  fitness=0.60 (3/5 wrong, llm_judge)
00:36:25  INFO         *** ATTACK SUCCESS (round 1) ***
        Paraphrase:    Who had the main responsibility for writing the declaration of independence?
        Victim answer: John Adams.
        Per evaluator: {'llm_judge': True}
        Wrong rate:    0.60 vs 0.00 on the original (ROBUST)

[TOO DIFFERENT]
Original:   Who is mostly responsible for writing the declaration of independence?
Paraphrase: Who primarily drafted the declaration of independence?
Keeps 40% of the original's content words


[TOO DIFFERENT]
Original:   Who is mostly responsible for writing the declaration of independence?
Paraphrase: What individual had the primary role in drafting the declaration of independence?
Keeps 40% of the original's content words

00:36:26  INFO         Paraphrase: 'Who is most accountable for writing the declaration of independence?'  →  Victim: 'Thomas Jefferson.'  correct={'llm_judge': True}  fitness=0.00 (0/5 wrong, llm_judge)

[TOO DIFFERENT]
Original:   Who is mostly responsible for writing the declaration of independence?
Paraphrase: Who was the main drafter of the declaration of independence?
Keeps 40% of the original's content words


[TOO DIFFERENT]
Original:   Who is mostly responsible for writing the declaration of independence?
Paraphrase: Who had the primary responsibility for drafting the declaration of independence?
Keeps 40% of the original's content words

00:36:28  INFO         Paraphrase: 'Who is generally responsible for writing the declaration of independence?'  →  Victim: 'Thomas Jefferson.'  correct={'llm_judge': True}  fitness=0.00 (0/5 wrong, llm_judge)

[TOO DIFFERENT]
Original:   Who is mostly responsible for writing the declaration of independence?
Paraphrase: Who is primarily accountable for drafting the declaration of independence?
Keeps 40% of the original's content words


[TOO DIFFERENT]
Original:   Who is mostly responsible for writing the declaration of independence?
Paraphrase: Who is the main writer of the declaration of independence?
Keeps 40% of the original's content words


[ANSWER PRESERVATION FAILED]
Original:   Who is mostly responsible for writing the declaration of independence?
Answer(s):  ['Thomas Jefferson']
Paraphrase: Who is mostly liable for drafting the declaration of independence?

00:36:29  INFO         Round 1/1 done: 30 generated, 0 duplicates, 17 rejected, 13 passed validation (queried), 1 successful
00:36:30  INFO         Re-test: 14/20 wrong vs 0/20 on the original, p=0.000 -> CONFIRMED: 'Who had the main responsibility for writing the declaration of independence?'
00:36:30  INFO       Attack finished after 1 round(s): 13 valid victim queries, successful attacks per evaluator: {'llm_judge': 1}, robust: 1, confirmed by re-test: 1
00:36:30  INFO     [34/96] Qnqo_validation_0726: Where do the phaeacians live in the odyssey?
00:36:30  INFO       Victim (original): 'They live on the island of Scheria.'
00:36:31  INFO       [llm_judge] original correct=True
00:36:33  INFO       Original wrong rate: 0.00 (0/5 sampled answers wrong, llm_judge)
00:36:35  INFO       Confidence on the original: 0/20 sampled answers wrong (certain)
00:36:35  INFO       Attack round 1/1
00:36:39  INFO         Generated 26 candidates
00:36:42  INFO         Paraphrase: 'In what location do the Phaeacians reside in the Odyssey?'  →  Victim: 'Island of Scheria.'  correct={'llm_judge': True}  fitness=0.00 (0/5 wrong, llm_judge)
00:36:47  INFO         Paraphrase: 'Where is the home of the Phaeacians situated in the Odyssey?'  →  Victim: 'The home of the Phaeacians is situated in the island of Scheria, located in the Aegean Sea.'  correct={'llm_judge': True}  fitness=0.20 (1/5 wrong, llm_judge)
00:36:49  INFO         Paraphrase: 'In the Odyssey, where do the Phaeacians reside?'  →  Victim: 'Island of Scheria.'  correct={'llm_judge': True}  fitness=0.00 (0/5 wrong, llm_judge)
00:36:54  INFO         Paraphrase: "What is the location of the Phaeacians' home in the Odyssey?"  →  Victim: "The Phaeacians' home is located in the island of Scheria, in the Aegean Sea."  correct={'llm_judge': True}  fitness=0.00 (0/5 wrong, llm_judge)
00:36:57  INFO         Paraphrase: 'Where do the inhabitants of the Phaeacians live in the Odyssey?'  →  Victim: 'On the island of Scheria.'  correct={'llm_judge': True}  fitness=0.00 (0/5 wrong, llm_judge)
00:36:59  INFO         Paraphrase: "In the Odyssey, what is the location of the Phaeacians' habitat?"  →  Victim: 'The Phaeacians live on the island of Scheria.'  correct={'llm_judge': True}  fitness=0.00 (0/5 wrong, llm_judge)
00:37:02  INFO         Paraphrase: "Where is the Phaeacians' dwelling place described in the Odyssey?"  →  Victim: "The Phaeacians' dwelling place is described as being on the island of Scheria."  correct={'llm_judge': True}  fitness=0.00 (0/5 wrong, llm_judge)
00:37:09  INFO         Paraphrase: 'What is the geographical location of the Phaeacians in the Odyssey?'  →  Victim: 'The Phaeacians are located in the western part of the Aegean Sea, near the island of Scheria, which is believed to be in the region of modern-day Greece, possibly near the coast of the Peloponnese or the island of Euboea.'  correct={'llm_judge': False}  fitness=0.80 (4/5 wrong, llm_judge)
00:37:09  INFO         *** ATTACK SUCCESS (round 1) ***
        Paraphrase:    What is the geographical location of the Phaeacians in the Odyssey?
        Victim answer: The Phaeacians are located in the western part of the Aegean Sea, near the island of Scheria, which is believed to be in the region of modern-day Greece, possibly near the coast of the Peloponnese or the island of Euboea.
        Per evaluator: {'llm_judge': True}
        Wrong rate:    0.80 vs 0.00 on the original (ROBUST)
00:37:11  INFO         Paraphrase: 'In the Odyssey, where do the Phaeacians make their home?'  →  Victim: 'Island of Scheria.'  correct={'llm_judge': True}  fitness=0.00 (0/5 wrong, llm_judge)
00:37:15  INFO         Paraphrase: 'What is the place of residence of the Phaeacians in the Odyssey?'  →  Victim: 'The Phaeacians reside in the island of Scheria in the Odyssey.'  correct={'llm_judge': True}  fitness=0.40 (2/5 wrong, llm_judge)
00:37:17  INFO         Paraphrase: 'Where do the Phaeacians live according to the Odyssey?'  →  Victim: 'They live on the island of Scheria.'  correct={'llm_judge': True}  fitness=0.00 (0/5 wrong, llm_judge)
00:37:19  INFO         Paraphrase: 'In the Odyssey, where do the people of the Phaeacians reside?'  →  Victim: 'On the island of Scheria.'  correct={'llm_judge': True}  fitness=0.00 (0/5 wrong, llm_judge)

[ANSWER PRESERVATION FAILED]
Original:   Where do the phaeacians live in the odyssey?
Answer(s):  ['Scheria']
Paraphrase: What is the address of the Phaeacians in the Odyssey?

00:37:23  INFO         Paraphrase: 'Where do the Phaeacians have their abode in the Odyssey?'  →  Victim: 'They live in the island of Scheria.'  correct={'llm_judge': True}  fitness=0.00 (0/5 wrong, llm_judge)
00:37:26  INFO         Paraphrase: "In the Odyssey, what is the location of the Phaeacians' residence?"  →  Victim: 'The Phaeacians live on the island of Scheria.'  correct={'llm_judge': True}  fitness=0.00 (0/5 wrong, llm_judge)
00:37:29  INFO         Paraphrase: 'Where do the Phaeacians call home in the Odyssey?'  →  Victim: 'They live in the island of Scheria.'  correct={'llm_judge': True}  fitness=0.00 (0/5 wrong, llm_judge)
00:37:33  INFO         Paraphrase: "What is the Phaeacians' location in the Odyssey?"  →  Victim: 'The Phaeacians are located in the island of Scheria in the Odyssey.'  correct={'llm_judge': True}  fitness=0.40 (2/5 wrong, llm_judge)
00:37:36  INFO         Paraphrase: 'In the Odyssey, where do the Phaeacians dwell?'  →  Victim: 'Island of Scheria.'  correct={'llm_judge': True}  fitness=0.20 (1/5 wrong, llm_judge)
00:37:40  INFO         Paraphrase: 'Where do the inhabitants of Phaeacia live in the Odyssey?'  →  Victim: 'On the island of Phaeacia, in the Mediterranean Sea.'  correct={'llm_judge': False}  fitness=0.80 (4/5 wrong, llm_judge)
00:37:40  INFO         *** ATTACK SUCCESS (round 1) ***
        Paraphrase:    Where do the inhabitants of Phaeacia live in the Odyssey?
        Victim answer: On the island of Phaeacia, in the Mediterranean Sea.
        Per evaluator: {'llm_judge': True}
        Wrong rate:    0.80 vs 0.00 on the original (ROBUST)
00:37:46  INFO         Paraphrase: "What is the Phaeacians' geographical location in the Odyssey?"  →  Victim: 'The Phaeacians are located in the western part of the Greek world, near the island of Scheria, which is in the region of the Aegean Sea, west of the Greek mainland.'  correct={'llm_judge': True}  fitness=0.00 (0/5 wrong, llm_judge)
00:37:49  INFO         Paraphrase: "In the Odyssey, where is the Phaeacians' dwelling place?"  →  Victim: "The Phaeacians' dwelling place is in the island of Scheria."  correct={'llm_judge': True}  fitness=0.00 (0/5 wrong, llm_judge)
00:37:52  INFO         Paraphrase: 'Where do the Phaeacians have their place of residence in the Odyssey?'  →  Victim: 'They reside in the island of Scheria.'  correct={'llm_judge': True}  fitness=0.00 (0/5 wrong, llm_judge)
00:37:54  INFO         Paraphrase: "What is the location of the Phaeacians' habitation in the Odyssey?"  →  Victim: 'The Phaeacians live on the island of Scheria in the Odyssey.'  correct={'llm_judge': True}  fitness=0.00 (0/5 wrong, llm_judge)
00:37:59  INFO         Paraphrase: "Where is the Phaeacians' home situated in the Odyssey?"  →  Victim: "The Phaeacians' home is situated in the island of Scheria, located in the Aegean Sea."  correct={'llm_judge': True}  fitness=0.00 (0/5 wrong, llm_judge)
00:38:01  INFO         Paraphrase: 'In the Odyssey, where do the Phaeacians live?'  →  Victim: 'On the island of Scheria.'  correct={'llm_judge': True}  fitness=0.00 (0/5 wrong, llm_judge)
00:38:06  INFO         Paraphrase: 'What is the location of the Phaeacians in the Odyssey?'  →  Victim: 'The Phaeacians are located in the island of Scheria, in the western part of the Aegean Sea, near the coast of modern-day Greece.'  correct={'llm_judge': True}  fitness=0.00 (0/5 wrong, llm_judge)
00:38:06  INFO         Round 1/1 done: 26 generated, 0 duplicates, 1 rejected, 25 passed validation (queried), 2 successful
00:38:21  INFO         Re-test: 9/20 wrong vs 0/20 on the original, p=0.001 -> CONFIRMED: 'What is the geographical location of the Phaeacians in the Odyssey?'
00:38:23  INFO         Re-test: 12/20 wrong vs 0/20 on the original, p=0.000 -> CONFIRMED: 'Where do the inhabitants of Phaeacia live in the Odyssey?'
00:38:23  INFO       Attack finished after 1 round(s): 25 valid victim queries, successful attacks per evaluator: {'llm_judge': 2}, robust: 2, confirmed by re-test: 2
00:38:23  INFO     [35/96] Qnqo_validation_0887: What is the full form of ib board?
00:38:23  INFO       Victim (original): 'International Baccalaureate Board'
00:38:24  INFO       [llm_judge] original correct=True
00:38:25  INFO       Original wrong rate: 0.00 (0/5 sampled answers wrong, llm_judge)
00:38:27  INFO       Confidence on the original: 0/20 sampled answers wrong (certain)
00:38:27  INFO       Attack round 1/1
00:38:29  INFO         Generated 30 candidates

[TOO DIFFERENT]
Original:   What is the full form of ib board?
Paraphrase: what is the abbreviation ib board stand for
Keeps 50% of the original's content words


[TOO DIFFERENT]
Original:   What is the full form of ib board?
Paraphrase: what does ib stand for in the ib board
Keeps 50% of the original's content words


[TOO DIFFERENT]
Original:   What is the full form of ib board?
Paraphrase: what is ib board's full acronym
Keeps 50% of the original's content words

00:38:32  INFO         Paraphrase: 'what is the full name of ib board'  →  Victim: 'International Baccalaureate Organization'  correct={'llm_judge': True}  fitness=0.00 (0/5 wrong, llm_judge)

[TOO DIFFERENT]
Original:   What is the full form of ib board?
Paraphrase: what is ib board short for
Keeps 50% of the original's content words


[TOO DIFFERENT]
Original:   What is the full form of ib board?
Paraphrase: what is the abbreviation of ib board
Keeps 50% of the original's content words

00:38:37  INFO         Paraphrase: 'what is the full expansion of ib board'  →  Victim: 'International Board of Directors'  correct={'llm_judge': False}  fitness=0.60 (3/5 wrong, llm_judge)
00:38:37  INFO         *** ATTACK SUCCESS (round 1) ***
        Paraphrase:    what is the full expansion of ib board
        Victim answer: International Board of Directors
        Per evaluator: {'llm_judge': True}
        Wrong rate:    0.60 vs 0.00 on the original (ROBUST)

[TOO DIFFERENT]
Original:   What is the full form of ib board?
Paraphrase: what is the meaning of ib board's initials
Keeps 25% of the original's content words


[TOO DIFFERENT]
Original:   What is the full form of ib board?
Paraphrase: what does the acronym ib stand for in board
Keeps 50% of the original's content words


[TOO DIFFERENT]
Original:   What is the full form of ib board?
Paraphrase: what is the full name of ib
Keeps 50% of the original's content words

00:38:38  INFO         Paraphrase: "what is ib board's full form"  →  Victim: 'International Baccalaureate Board'  correct={'llm_judge': True}  fitness=0.00 (0/5 wrong, llm_judge)

[TOO DIFFERENT]
Original:   What is the full form of ib board?
Paraphrase: what is the expansion of ib board
Keeps 50% of the original's content words


[TOO DIFFERENT]
Original:   What is the full form of ib board?
Paraphrase: what is the abbreviation of ib board's name
Keeps 25% of the original's content words

00:38:40  INFO         Paraphrase: 'what is the full name of the ib board'  →  Victim: 'International Baccalaureate Organization'  correct={'llm_judge': True}  fitness=0.00 (0/5 wrong, llm_judge)

[TOO DIFFERENT]
Original:   What is the full form of ib board?
Paraphrase: what does the term ib stand for
Keeps 25% of the original's content words


[TOO DIFFERENT]
Original:   What is the full form of ib board?
Paraphrase: what is ib's full expansion
Keeps 25% of the original's content words


[TOO DIFFERENT]
Original:   What is the full form of ib board?
Paraphrase: what is the full acronym of ib
Keeps 50% of the original's content words


[ANSWER PRESERVATION FAILED]
Original:   What is the full form of ib board?
Answer(s):  ['International Baccalaureate', 'The International Baccalaureate']
Paraphrase: what is the full form of ib


[TOO DIFFERENT]
Original:   What is the full form of ib board?
Paraphrase: what is ib's full name
Keeps 25% of the original's content words


[TOO DIFFERENT]
Original:   What is the full form of ib board?
Paraphrase: what is the meaning of ib board
Keeps 50% of the original's content words


[TOO DIFFERENT]
Original:   What is the full form of ib board?
Paraphrase: what is the abbreviation of the ib board
Keeps 50% of the original's content words


[TOO DIFFERENT]
Original:   What is the full form of ib board?
Paraphrase: what is the full name of the acronym ib
Keeps 50% of the original's content words


[TOO DIFFERENT]
Original:   What is the full form of ib board?
Paraphrase: what is the expansion of ib
Keeps 25% of the original's content words

00:38:42  INFO         Paraphrase: 'what is the full form of the ib board'  →  Victim: 'International Baccalaureate Board'  correct={'llm_judge': True}  fitness=0.00 (0/5 wrong, llm_judge)

[TOO DIFFERENT]
Original:   What is the full form of ib board?
Paraphrase: what does ib stand for in the context of board
Keeps 50% of the original's content words


[TOO DIFFERENT]
Original:   What is the full form of ib board?
Paraphrase: what is the full name of the initials ib
Keeps 50% of the original's content words


[TOO DIFFERENT]
Original:   What is the full form of ib board?
Paraphrase: what is the meaning of the acronym ib board
Keeps 50% of the original's content words

00:38:47  INFO         Paraphrase: 'what is the full form of ib in board'  →  Victim: 'Internal Board'  correct={'llm_judge': False}  fitness=1.00 (5/5 wrong, llm_judge)
00:38:47  INFO         *** ATTACK SUCCESS (round 1) ***
        Paraphrase:    what is the full form of ib in board
        Victim answer: Internal Board
        Per evaluator: {'llm_judge': True}
        Wrong rate:    1.00 vs 0.00 on the original (ROBUST)

[TOO DIFFERENT]
Original:   What is the full form of ib board?
Paraphrase: what is the full expansion of the acronym ib
Keeps 50% of the original's content words

00:38:50  INFO         Paraphrase: 'what is the full name of the abbreviation ib board'  →  Victim: 'International Baccalaureate Board'  correct={'llm_judge': True}  fitness=0.20 (1/5 wrong, llm_judge)
00:38:50  INFO         Round 1/1 done: 30 generated, 0 duplicates, 23 rejected, 7 passed validation (queried), 2 successful
00:38:51  INFO         Re-test: 15/20 wrong vs 0/20 on the original, p=0.000 -> CONFIRMED: 'what is the full expansion of ib board'
00:38:52  INFO         Re-test: 20/20 wrong vs 0/20 on the original, p=0.000 -> CONFIRMED: 'what is the full form of ib in board'
00:38:52  INFO       Attack finished after 1 round(s): 7 valid victim queries, successful attacks per evaluator: {'llm_judge': 2}, robust: 2, confirmed by re-test: 2
00:38:52  INFO     [36/96] Qnqo_validation_1030: What is the name given to the common currency to the european union?
00:38:52  INFO       Victim (original): 'Euro'
00:38:52  INFO       [llm_judge] original correct=True
00:38:52  INFO       Original wrong rate: 0.00 (0/5 sampled answers wrong, llm_judge)
00:38:53  INFO       Confidence on the original: 0/20 sampled answers wrong (certain)
00:38:53  INFO       Attack round 1/1
00:38:56  INFO         Generated 29 candidates

[TOO DIFFERENT]
Original:   What is the name given to the common currency to the european union?
Paraphrase: What is the designation for the shared currency in the European Union?
Keeps 50% of the original's content words


[TOO DIFFERENT]
Original:   What is the name given to the common currency to the european union?
Paraphrase: What is the term used to describe the common currency in the EU?
Keeps 33% of the original's content words


[TOO DIFFERENT]
Original:   What is the name given to the common currency to the european union?
Paraphrase: What do they call the shared currency used by the European Union?
Keeps 50% of the original's content words

00:38:58  INFO         Paraphrase: 'What is the name of the standard currency used in the European Union?'  →  Victim: 'Euro'  correct={'llm_judge': True}  fitness=0.00 (0/5 wrong, llm_judge)

[TOO DIFFERENT]
Original:   What is the name given to the common currency to the european union?
Paraphrase: What is the EU's standard currency called?
Keeps 17% of the original's content words


[TOO DIFFERENT]
Original:   What is the name given to the common currency to the european union?
Paraphrase: What is the common name for the currency used in the EU?
Keeps 50% of the original's content words


[TOO DIFFERENT]
Original:   What is the name given to the common currency to the european union?
Paraphrase: What is the designation of the European Union's standard currency?
Keeps 33% of the original's content words


[TOO DIFFERENT]
Original:   What is the name given to the common currency to the european union?
Paraphrase: What is the shared currency used by the EU known as?
Keeps 17% of the original's content words

00:38:59  INFO         Paraphrase: 'What is the name for the currency used by the European Union?'  →  Victim: 'Euro'  correct={'llm_judge': True}  fitness=0.00 (0/5 wrong, llm_judge)

[TOO DIFFERENT]
Original:   What is the name given to the common currency to the european union?
Paraphrase: What is the name of the common currency for the EU?
Keeps 50% of the original's content words


[TOO DIFFERENT]
Original:   What is the name given to the common currency to the european union?
Paraphrase: What is the EU's common currency named?
Keeps 33% of the original's content words


[TOO DIFFERENT]
Original:   What is the name given to the common currency to the european union?
Paraphrase: What is the term for the currency used by the European Union?
Keeps 50% of the original's content words


[TOO DIFFERENT]
Original:   What is the name given to the common currency to the european union?
Paraphrase: What is the shared currency used by the European Union?
Keeps 50% of the original's content words

00:39:01  INFO         Paraphrase: 'What is the name of the standard currency for the European Union?'  →  Victim: 'Euro'  correct={'llm_judge': True}  fitness=0.00 (0/5 wrong, llm_judge)

[TOO DIFFERENT]
Original:   What is the name given to the common currency to the european union?
Paraphrase: What is the common currency in the EU called?
Keeps 33% of the original's content words


[TOO DIFFERENT]
Original:   What is the name given to the common currency to the european union?
Paraphrase: What is the name for the shared currency used by the EU?
Keeps 33% of the original's content words


[TOO DIFFERENT]
Original:   What is the name given to the common currency to the european union?
Paraphrase: What is the designation for the currency used by the European Union?
Keeps 50% of the original's content words


[TOO DIFFERENT]
Original:   What is the name given to the common currency to the european union?
Paraphrase: What is the name of the EU's common currency?
Keeps 50% of the original's content words


[TOO DIFFERENT]
Original:   What is the name given to the common currency to the european union?
Paraphrase: What is the EU's shared currency named?
Keeps 17% of the original's content words

00:39:02  INFO         Paraphrase: 'What is the common currency for the European Union called?'  →  Victim: 'Euro'  correct={'llm_judge': True}  fitness=0.00 (0/5 wrong, llm_judge)
00:39:03  INFO         Paraphrase: 'What is the name of the shared currency used in the European Union?'  →  Victim: 'Euro'  correct={'llm_judge': True}  fitness=0.00 (0/5 wrong, llm_judge)

[TOO DIFFERENT]
Original:   What is the name given to the common currency to the european union?
Paraphrase: What is the term used to describe the EU's standard currency?
Keeps 17% of the original's content words


[TOO DIFFERENT]
Original:   What is the name given to the common currency to the european union?
Paraphrase: What is the name of the EU's standard currency?
Keeps 33% of the original's content words


[TOO DIFFERENT]
Original:   What is the name given to the common currency to the european union?
Paraphrase: What is the designation of the EU's shared currency?
Keeps 17% of the original's content words

00:39:05  INFO         Paraphrase: 'What is the name of the currency used by the European Union?'  →  Victim: 'Euro'  correct={'llm_judge': True}  fitness=0.00 (0/5 wrong, llm_judge)

[TOO DIFFERENT]
Original:   What is the name given to the common currency to the european union?
Paraphrase: What is the shared currency in the EU called?
Keeps 17% of the original's content words


[TOO DIFFERENT]
Original:   What is the name given to the common currency to the european union?
Paraphrase: What is the term for the shared currency used by the EU?
Keeps 17% of the original's content words


[TOO DIFFERENT]
Original:   What is the name given to the common currency to the european union?
Paraphrase: What is the name of the EU's shared currency?
Keeps 33% of the original's content words

00:39:06  INFO         Paraphrase: 'What is the name for the standard currency used in the European Union?'  →  Victim: 'Euro'  correct={'llm_judge': True}  fitness=0.00 (0/5 wrong, llm_judge)
00:39:06  INFO         Round 1/1 done: 29 generated, 0 duplicates, 22 rejected, 7 passed validation (queried), 0 successful
00:39:06  INFO       Attack finished after 1 round(s): 7 valid victim queries, successful attacks per evaluator: {'llm_judge': 0}, robust: 0, confirmed by re-test: 0
00:39:06  INFO     [37/96] Qnqo_validation_1108: What happens when iron reacts with oxygen and water?
00:39:06  INFO       Victim (original): 'It forms rust.'
00:39:07  INFO       [llm_judge] original correct=True
00:39:08  INFO       Original wrong rate: 0.00 (0/5 sampled answers wrong, llm_judge)
00:39:09  INFO       Confidence on the original: 0/20 sampled answers wrong (certain)
00:39:09  INFO       Attack round 1/1
00:39:13  INFO         Generated 30 candidates
00:39:15  INFO         Paraphrase: 'What occurs when iron interacts with oxygen and water?'  →  Victim: 'Rust forms.'  correct={'llm_judge': True}  fitness=0.00 (0/5 wrong, llm_judge)
00:39:17  INFO         Paraphrase: 'What takes place when iron reacts with water and oxygen?'  →  Victim: 'Rust forms.'  correct={'llm_judge': True}  fitness=0.00 (0/5 wrong, llm_judge)

[TOO DIFFERENT]
Original:   What happens when iron reacts with oxygen and water?
Paraphrase: What outcome is the result of iron's reaction with water and oxygen?
Keeps 40% of the original's content words

00:39:18  INFO         Paraphrase: 'When iron combines with oxygen and water, what occurs?'  →  Victim: 'Rust forms.'  correct={'llm_judge': True}  fitness=0.00 (0/5 wrong, llm_judge)
00:39:20  INFO         Paraphrase: 'What is the consequence when iron reacts with oxygen and water?'  →  Victim: 'It forms rust.'  correct={'llm_judge': True}  fitness=0.00 (0/5 wrong, llm_judge)
00:39:21  INFO         Paraphrase: 'What event happens when iron interacts with water and oxygen?'  →  Victim: 'Rust forms.'  correct={'llm_judge': True}  fitness=0.00 (0/5 wrong, llm_judge)
00:39:24  INFO         Paraphrase: 'What happens to iron when it reacts with water and oxygen?'  →  Victim: 'It rusts.'  correct={'llm_judge': True}  fitness=0.00 (0/5 wrong, llm_judge)
00:39:26  INFO         Paraphrase: 'What is the effect when iron combines with oxygen and water?'  →  Victim: 'It forms rust.'  correct={'llm_judge': True}  fitness=0.00 (0/5 wrong, llm_judge)
00:39:27  INFO         Paraphrase: 'What happens to iron when it reacts with oxygen and water?'  →  Victim: 'It rusts.'  correct={'llm_judge': True}  fitness=0.00 (0/5 wrong, llm_judge)

[TOO DIFFERENT]
Original:   What happens when iron reacts with oxygen and water?
Paraphrase: What outcome results from iron's reaction with water and oxygen?
Keeps 40% of the original's content words


[ANSWER PRESERVATION FAILED]
Original:   What happens when iron reacts with oxygen and water?
Answer(s):  ['Rust']
Paraphrase: What is the reaction between iron, oxygen, and water?


[TOO DIFFERENT]
Original:   What happens when iron reacts with oxygen and water?
Paraphrase: What occurs as a result of iron's interaction with water and oxygen?
Keeps 40% of the original's content words

00:39:31  INFO         Paraphrase: 'What takes place when iron is exposed to oxygen and water?'  →  Victim: 'Rust forms.'  correct={'llm_judge': True}  fitness=0.00 (0/5 wrong, llm_judge)
00:39:33  INFO         Paraphrase: 'What happens when iron is combined with oxygen and water?'  →  Victim: 'It rusts.'  correct={'llm_judge': True}  fitness=0.00 (0/5 wrong, llm_judge)
00:39:34  INFO         Paraphrase: 'What outcome happens when iron reacts with water and oxygen?'  →  Victim: 'Rust forms.'  correct={'llm_judge': True}  fitness=0.00 (0/5 wrong, llm_judge)

[TOO DIFFERENT]
Original:   What happens when iron reacts with oxygen and water?
Paraphrase: What is the result of iron's interaction with water and oxygen?
Keeps 40% of the original's content words

00:39:36  INFO         Paraphrase: 'What happens to iron when it comes into contact with water and oxygen?'  →  Victim: 'It rusts.'  correct={'llm_judge': True}  fitness=0.00 (0/5 wrong, llm_judge)
00:39:37  INFO         Paraphrase: 'What is the effect of iron reacting with oxygen and water?'  →  Victim: 'It forms rust.'  correct={'llm_judge': True}  fitness=0.00 (0/5 wrong, llm_judge)
00:39:39  INFO         Paraphrase: 'What occurs when iron, oxygen, and water meet?'  →  Victim: 'Rust forms.'  correct={'llm_judge': True}  fitness=0.00 (0/5 wrong, llm_judge)
00:39:40  INFO         Paraphrase: 'What event occurs when iron interacts with water and oxygen?'  →  Victim: 'Rust forms.'  correct={'llm_judge': True}  fitness=0.00 (0/5 wrong, llm_judge)
00:39:43  INFO         Paraphrase: 'What is the consequence of iron reacting with oxygen and water?'  →  Victim: 'Corrosion of iron, forming rust.'  correct={'llm_judge': True}  fitness=0.00 (0/5 wrong, llm_judge)

[TOO DIFFERENT]
Original:   What happens when iron reacts with oxygen and water?
Paraphrase: What outcome results from iron's reaction with oxygen and water?
Keeps 40% of the original's content words

00:39:44  INFO         Paraphrase: 'What happens when iron is in contact with oxygen and water?'  →  Victim: 'It rusts.'  correct={'llm_judge': True}  fitness=0.00 (0/5 wrong, llm_judge)
00:39:48  INFO         Paraphrase: 'What is the result of iron reacting with water and oxygen?'  →  Victim: 'Iron oxide (rust)'  correct={'llm_judge': True}  fitness=0.00 (0/5 wrong, llm_judge)
00:39:50  INFO         Paraphrase: 'What occurs as iron reacts with water and oxygen?'  →  Victim: 'Iron oxidizes, forming rust.'  correct={'llm_judge': True}  fitness=0.00 (0/5 wrong, llm_judge)

[TOO DIFFERENT]
Original:   What happens when iron reacts with oxygen and water?
Paraphrase: What is the outcome of iron's interaction with oxygen and water?
Keeps 40% of the original's content words

00:39:52  INFO         Paraphrase: 'What takes place when iron is in the presence of oxygen and water?'  →  Victim: 'Rust forms.'  correct={'llm_judge': True}  fitness=0.00 (0/5 wrong, llm_judge)
00:39:53  INFO         Paraphrase: 'What event happens when iron reacts with oxygen and water?'  →  Victim: 'Rust forms.'  correct={'llm_judge': True}  fitness=0.00 (0/5 wrong, llm_judge)
00:39:55  INFO         Paraphrase: 'What happens when iron combines with water and oxygen?'  →  Victim: 'It forms rust.'  correct={'llm_judge': True}  fitness=0.00 (0/5 wrong, llm_judge)
00:39:56  INFO         Paraphrase: 'What is the consequence of iron interacting with oxygen and water?'  →  Victim: 'It forms rust.'  correct={'llm_judge': True}  fitness=0.00 (0/5 wrong, llm_judge)
00:39:56  INFO         Round 1/1 done: 30 generated, 0 duplicates, 7 rejected, 23 passed validation (queried), 0 successful
00:39:56  INFO       Attack finished after 1 round(s): 23 valid victim queries, successful attacks per evaluator: {'llm_judge': 0}, robust: 0, confirmed by re-test: 0
00:39:56  INFO     [38/96] Qnqo_validation_1120: Who is the director of nightmare before christmas?
00:39:57  INFO       Victim (original): 'Henry Selick'
00:39:57  INFO       [llm_judge] original correct=True
00:39:57  INFO       Original wrong rate: 0.00 (0/5 sampled answers wrong, llm_judge)
00:39:58  INFO       Confidence on the original: 0/20 sampled answers wrong (certain)
00:39:58  INFO       Attack round 1/1
00:40:00  INFO         Generated 31 candidates

[ANSWER PRESERVATION FAILED]
Original:   Who is the director of nightmare before christmas?
Answer(s):  ['Henry Selick']
Paraphrase: What is the name of the director of Nightmare Before Christmas?

00:40:04  INFO         Paraphrase: 'Who made Nightmare Before Christmas?'  →  Victim: 'Tim Burton and Henry Selick.'  correct={'llm_judge': False}  fitness=1.00 (5/5 wrong, llm_judge)
00:40:04  INFO         *** ATTACK SUCCESS (round 1) ***
        Paraphrase:    Who made Nightmare Before Christmas?
        Victim answer: Tim Burton and Henry Selick.
        Per evaluator: {'llm_judge': True}
        Wrong rate:    1.00 vs 0.00 on the original (ROBUST)
00:40:06  INFO         Paraphrase: 'Who directed Nightmare Before Christmas?'  →  Victim: 'Henry Selick'  correct={'llm_judge': True}  fitness=0.00 (0/5 wrong, llm_judge)

[ANSWER PRESERVATION FAILED]
Original:   Who is the director of nightmare before christmas?
Answer(s):  ['Henry Selick']
Paraphrase: What was directed by the person in charge of Nightmare Before Christmas?

00:40:10  INFO         Paraphrase: 'Who was the person in charge of making Nightmare Before Christmas?'  →  Victim: 'Henry Selick'  correct={'llm_judge': True}  fitness=0.20 (1/5 wrong, llm_judge)
00:40:11  INFO         Paraphrase: 'What is the identity of the person who directed Nightmare Before Christmas?'  →  Victim: 'Tim Burton'  correct={'llm_judge': False}  fitness=0.20 (1/5 wrong, llm_judge)
00:40:11  INFO         *** ATTACK SUCCESS (round 1) ***
        Paraphrase:    What is the identity of the person who directed Nightmare Before Christmas?
        Victim answer: Tim Burton
        Per evaluator: {'llm_judge': True}
        Wrong rate:    0.20 vs 0.00 on the original (not robust)
00:40:14  INFO         Paraphrase: 'Who oversees the making of Nightmare Before Christmas?'  →  Victim: 'Tim Burton oversees the making of Nightmare Before Christmas.'  correct={'llm_judge': False}  fitness=0.80 (4/5 wrong, llm_judge)
00:40:14  INFO         *** ATTACK SUCCESS (round 1) ***
        Paraphrase:    Who oversees the making of Nightmare Before Christmas?
        Victim answer: Tim Burton oversees the making of Nightmare Before Christmas.
        Per evaluator: {'llm_judge': True}
        Wrong rate:    0.80 vs 0.00 on the original (ROBUST)
00:40:17  INFO         Paraphrase: 'Who is responsible for Nightmare Before Christmas?'  →  Victim: 'Tim Burton and Henry Selick.'  correct={'llm_judge': False}  fitness=1.00 (5/5 wrong, llm_judge)
00:40:17  INFO         *** ATTACK SUCCESS (round 1) ***
        Paraphrase:    Who is responsible for Nightmare Before Christmas?
        Victim answer: Tim Burton and Henry Selick.
        Per evaluator: {'llm_judge': True}
        Wrong rate:    1.00 vs 0.00 on the original (ROBUST)
00:40:19  INFO         Paraphrase: 'What is the name of the person who directed Nightmare Before Christmas?'  →  Victim: 'Henry Selick'  correct={'llm_judge': True}  fitness=0.00 (0/5 wrong, llm_judge)
00:40:21  INFO         Paraphrase: 'Who made the movie Nightmare Before Christmas?'  →  Victim: 'Tim Burton and Henry Selick.'  correct={'llm_judge': False}  fitness=1.00 (5/5 wrong, llm_judge)
00:40:21  INFO         *** ATTACK SUCCESS (round 1) ***
        Paraphrase:    Who made the movie Nightmare Before Christmas?
        Victim answer: Tim Burton and Henry Selick.
        Per evaluator: {'llm_judge': True}
        Wrong rate:    1.00 vs 0.00 on the original (ROBUST)
00:40:23  INFO         Paraphrase: "Who did the director's job for Nightmare Before Christmas?"  →  Victim: 'Henry Selick'  correct={'llm_judge': True}  fitness=0.00 (0/5 wrong, llm_judge)

[ANSWER PRESERVATION FAILED]
Original:   Who is the director of nightmare before christmas?
Answer(s):  ['Henry Selick']
Paraphrase: What does the person in charge of Nightmare Before Christmas do?

00:40:26  INFO         Paraphrase: 'Who was the mastermind behind Nightmare Before Christmas?'  →  Victim: 'Tim Burton'  correct={'llm_judge': False}  fitness=1.00 (5/5 wrong, llm_judge)
00:40:26  INFO         *** ATTACK SUCCESS (round 1) ***
        Paraphrase:    Who was the mastermind behind Nightmare Before Christmas?
        Victim answer: Tim Burton
        Per evaluator: {'llm_judge': True}
        Wrong rate:    1.00 vs 0.00 on the original (ROBUST)

[ANSWER PRESERVATION FAILED]
Original:   Who is the director of nightmare before christmas?
Answer(s):  ['Henry Selick']
Paraphrase: Who is the creative force behind Nightmare Before Christmas?


[ANSWER PRESERVATION FAILED]
Original:   Who is the director of nightmare before christmas?
Answer(s):  ['Henry Selick']
Paraphrase: Who is responsible for the creation of Nightmare Before Christmas?


[ANSWER PRESERVATION FAILED]
Original:   Who is the director of nightmare before christmas?
Answer(s):  ['Henry Selick']
Paraphrase: What is the name of the person in charge of the movie Nightmare Before Christmas?


[ANSWER PRESERVATION FAILED]
Original:   Who is the director of nightmare before christmas?
Answer(s):  ['Henry Selick']
Paraphrase: Who gave the creative direction to Nightmare Before Christmas?


[ANSWER PRESERVATION FAILED]
Original:   Who is the director of nightmare before christmas?
Answer(s):  ['Henry Selick']
Paraphrase: What is the identity of the creative person behind Nightmare Before Christmas?


[ANSWER PRESERVATION FAILED]
Original:   Who is the director of nightmare before christmas?
Answer(s):  ['Henry Selick']
Paraphrase: Who oversees the creative process of Nightmare Before Christmas?


[ANSWER PRESERVATION FAILED]
Original:   Who is the director of nightmare before christmas?
Answer(s):  ['Henry Selick']
Paraphrase: Who was in charge of the creative vision of Nightmare Before Christmas?


[ANSWER PRESERVATION FAILED]
Original:   Who is the director of nightmare before christmas?
Answer(s):  ['Henry Selick']
Paraphrase: What is the name of the person who gave the creative direction to Nightmare Before Christmas?


[ANSWER PRESERVATION FAILED]
Original:   Who is the director of nightmare before christmas?
Answer(s):  ['Henry Selick']
Paraphrase: Who did the creative direction for Nightmare Before Christmas?


[ANSWER PRESERVATION FAILED]
Original:   Who is the director of nightmare before christmas?
Answer(s):  ['Henry Selick']
Paraphrase: Who was the person in charge of the creative vision of Nightmare Before Christmas?


[ANSWER PRESERVATION FAILED]
Original:   Who is the director of nightmare before christmas?
Answer(s):  ['Henry Selick']
Paraphrase: What is the name of the creative person behind Nightmare Before Christmas?


[ANSWER PRESERVATION FAILED]
Original:   Who is the director of nightmare before christmas?
Answer(s):  ['Henry Selick']
Paraphrase: Who is the creative mind behind Nightmare Before Christmas?


[ANSWER PRESERVATION FAILED]
Original:   Who is the director of nightmare before christmas?
Answer(s):  ['Henry Selick']
Paraphrase: Who is the person responsible for the creative direction of Nightmare Before Christmas?


[ANSWER PRESERVATION FAILED]
Original:   Who is the director of nightmare before christmas?
Answer(s):  ['Henry Selick']
Paraphrase: What is the name of the person who made Nightmare Before Christmas?


[ANSWER PRESERVATION FAILED]
Original:   Who is the director of nightmare before christmas?
Answer(s):  ['Henry Selick']
Paraphrase: Who gave the creative guidance to Nightmare Before Christmas?

00:40:46  INFO         Paraphrase: 'Who was the person in charge of guiding the creative process of Nightmare Before Christmas?'  →  Victim: 'Henry Selick'  correct={'llm_judge': True}  fitness=0.00 (0/5 wrong, llm_judge)
00:40:48  INFO         Paraphrase: 'Who is the mastermind behind Nightmare Before Christmas?'  →  Victim: 'Tim Burton'  correct={'llm_judge': False}  fitness=1.00 (5/5 wrong, llm_judge)
00:40:48  INFO         *** ATTACK SUCCESS (round 1) ***
        Paraphrase:    Who is the mastermind behind Nightmare Before Christmas?
        Victim answer: Tim Burton
        Per evaluator: {'llm_judge': True}
        Wrong rate:    1.00 vs 0.00 on the original (ROBUST)

[ANSWER PRESERVATION FAILED]
Original:   Who is the director of nightmare before christmas?
Answer(s):  ['Henry Selick']
Paraphrase: Who was in charge of guiding the creative vision of Nightmare Before Christmas?

00:40:49  INFO         Round 1/1 done: 31 generated, 0 duplicates, 19 rejected, 12 passed validation (queried), 7 successful
00:40:50  INFO         Re-test: 20/20 wrong vs 0/20 on the original, p=0.000 -> CONFIRMED: 'Who made Nightmare Before Christmas?'
00:40:51  INFO         Re-test: 1/20 wrong vs 0/20 on the original, p=0.500 -> not confirmed: 'What is the identity of the person who directed Nightmare Before Christmas?'
00:40:53  INFO         Re-test: 12/20 wrong vs 0/20 on the original, p=0.000 -> CONFIRMED: 'Who oversees the making of Nightmare Before Christmas?'
00:40:55  INFO         Re-test: 20/20 wrong vs 0/20 on the original, p=0.000 -> CONFIRMED: 'Who is responsible for Nightmare Before Christmas?'
00:40:56  INFO         Re-test: 20/20 wrong vs 0/20 on the original, p=0.000 -> CONFIRMED: 'Who made the movie Nightmare Before Christmas?'
00:40:57  INFO         Re-test: 20/20 wrong vs 0/20 on the original, p=0.000 -> CONFIRMED: 'Who was the mastermind behind Nightmare Before Christmas?'
00:40:58  INFO         Re-test: 20/20 wrong vs 0/20 on the original, p=0.000 -> CONFIRMED: 'Who is the mastermind behind Nightmare Before Christmas?'
00:40:58  INFO       Attack finished after 1 round(s): 12 valid victim queries, successful attacks per evaluator: {'llm_judge': 7}, robust: 6, confirmed by re-test: 6
00:40:58  INFO     [39/96] Qnqo_validation_1287: When did the song rapper's delight come out?
00:40:58  INFO       Victim (original): '1979'
00:40:58  INFO       [llm_judge] original correct=True
00:40:58  INFO       Original wrong rate: 0.00 (0/5 sampled answers wrong, llm_judge)
00:40:59  INFO       Confidence on the original: 0/20 sampled answers wrong (certain)
00:40:59  INFO       Attack round 1/1
00:41:02  INFO         Generated 28 candidates
00:41:03  INFO         Paraphrase: "what year was the song rapper's delight released?"  →  Victim: '1979'  correct={'llm_judge': True}  fitness=0.00 (0/5 wrong, llm_judge)

[TOO DIFFERENT]
Original:   When did the song rapper's delight come out?
Paraphrase: when was rapper's delight first heard?
Keeps 40% of the original's content words


[TOO DIFFERENT]
Original:   When did the song rapper's delight come out?
Paraphrase: when did rapper's delight make its debut?
Keeps 40% of the original's content words

00:41:08  INFO         Paraphrase: "what date was rapper's delight put out?"  →  Victim: 'November 11, 1979'  correct={'llm_judge': True}  fitness=0.00 (0/5 wrong, llm_judge)

[QUESTION EQUIVALENCE FAILED]
Original:   When did the song rapper's delight come out?
Paraphrase: what is the year rapper's delight came out?


[TOO DIFFERENT]
Original:   When did the song rapper's delight come out?
Paraphrase: what time was rapper's delight released?
Keeps 40% of the original's content words


[TOO DIFFERENT]
Original:   When did the song rapper's delight come out?
Paraphrase: when did rapper's delight hit the music scene?
Keeps 40% of the original's content words


[TOO DIFFERENT]
Original:   When did the song rapper's delight come out?
Paraphrase: what's the year rapper's delight was released?
Keeps 40% of the original's content words


[TOO DIFFERENT]
Original:   When did the song rapper's delight come out?
Paraphrase: at what point in time did rapper's delight appear?
Keeps 40% of the original's content words


[TOO DIFFERENT]
Original:   When did the song rapper's delight come out?
Paraphrase: what year did rapper's delight emerge?
Keeps 40% of the original's content words


[TOO DIFFERENT]
Original:   When did the song rapper's delight come out?
Paraphrase: what's the release year of rapper's delight?
Keeps 40% of the original's content words


[TOO DIFFERENT]
Original:   When did the song rapper's delight come out?
Paraphrase: when did rapper's delight first surface?
Keeps 40% of the original's content words


[TOO DIFFERENT]
Original:   When did the song rapper's delight come out?
Paraphrase: what is the release date of rapper's delight?
Keeps 40% of the original's content words


[TOO DIFFERENT]
Original:   When did the song rapper's delight come out?
Paraphrase: what's the year rapper's delight was first released?
Keeps 40% of the original's content words


[TOO DIFFERENT]
Original:   When did the song rapper's delight come out?
Paraphrase: what's the date rapper's delight was released?
Keeps 40% of the original's content words


[TOO DIFFERENT]
Original:   When did the song rapper's delight come out?
Paraphrase: what's the year rapper's delight made its debut?
Keeps 40% of the original's content words


[TOO DIFFERENT]
Original:   When did the song rapper's delight come out?
Paraphrase: when did rapper's delight first hit the airwaves?
Keeps 40% of the original's content words


[TOO DIFFERENT]
Original:   When did the song rapper's delight come out?
Paraphrase: what's the release year for rapper's delight?
Keeps 40% of the original's content words

00:41:10  INFO         Paraphrase: "when was rapper's delight put out?"  →  Victim: '1979'  correct={'llm_judge': True}  fitness=0.00 (0/5 wrong, llm_judge)
00:41:13  INFO         Paraphrase: "what's the date rapper's delight came out?"  →  Victim: 'October 10, 1979'  correct={'llm_judge': True}  fitness=0.00 (0/5 wrong, llm_judge)

[TOO DIFFERENT]
Original:   When did the song rapper's delight come out?
Paraphrase: what's the release date for rapper's delight?
Keeps 40% of the original's content words


[TOO DIFFERENT]
Original:   When did the song rapper's delight come out?
Paraphrase: when did rapper's delight make its premiere?
Keeps 40% of the original's content words


[TOO DIFFERENT]
Original:   When did the song rapper's delight come out?
Paraphrase: what's the year rapper's delight first appeared?
Keeps 40% of the original's content words


[TOO DIFFERENT]
Original:   When did the song rapper's delight come out?
Paraphrase: what is the year rapper's delight was released?
Keeps 40% of the original's content words


[TOO DIFFERENT]
Original:   When did the song rapper's delight come out?
Paraphrase: when was rapper's delight first released?
Keeps 40% of the original's content words

00:41:14  INFO         Paraphrase: "what year did rapper's delight first come out?"  →  Victim: '1979'  correct={'llm_judge': True}  fitness=0.00 (0/5 wrong, llm_judge)

[TOO DIFFERENT]
Original:   When did the song rapper's delight come out?
Paraphrase: what's the date rapper's delight first released?
Keeps 40% of the original's content words


[TOO DIFFERENT]
Original:   When did the song rapper's delight come out?
Paraphrase: when did rapper's delight first reach the public?
Keeps 40% of the original's content words

00:41:14  INFO         Round 1/1 done: 28 generated, 0 duplicates, 23 rejected, 5 passed validation (queried), 0 successful
00:41:14  INFO       Attack finished after 1 round(s): 5 valid victim queries, successful attacks per evaluator: {'llm_judge': 0}, robust: 0, confirmed by re-test: 0
00:41:15  INFO     [40/96] Qnqo_validation_1407: How many counties does the state of georgia have?
00:41:15  INFO       Victim (original): '159'
00:41:15  INFO       [llm_judge] original correct=True
00:41:15  INFO       Original wrong rate: 0.00 (0/5 sampled answers wrong, llm_judge)
00:41:16  INFO       Confidence on the original: 0/20 sampled answers wrong (certain)
00:41:16  INFO       Attack round 1/1
00:41:19  INFO         Generated 43 candidates
00:41:20  INFO         Paraphrase: 'How many counties is Georgia comprised of?'  →  Victim: '159'  correct={'llm_judge': True}  fitness=0.00 (0/5 wrong, llm_judge)

[TOO DIFFERENT]
Original:   How many counties does the state of georgia have?
Paraphrase: What is the total number of counties in Georgia?
Keeps 40% of the original's content words

00:41:22  INFO         Paraphrase: 'Georgia has how many counties?'  →  Victim: '159'  correct={'llm_judge': True}  fitness=0.00 (0/5 wrong, llm_judge)

[TOO DIFFERENT]
Original:   How many counties does the state of georgia have?
Paraphrase: Counties in Georgia: what is the total?
Keeps 40% of the original's content words

00:41:23  INFO         Paraphrase: 'How many counties constitute the state of Georgia?'  →  Victim: '159'  correct={'llm_judge': True}  fitness=0.00 (0/5 wrong, llm_judge)
00:41:25  INFO         Paraphrase: 'How many counties are part of Georgia?'  →  Victim: '159'  correct={'llm_judge': True}  fitness=0.00 (0/5 wrong, llm_judge)
00:41:26  INFO         Paraphrase: "What's the number of counties in the state of Georgia?"  →  Victim: '159'  correct={'llm_judge': True}  fitness=0.00 (0/5 wrong, llm_judge)

[TOO DIFFERENT]
Original:   How many counties does the state of georgia have?
Paraphrase: Georgia consists of what number of counties?
Keeps 40% of the original's content words


[TOO DIFFERENT]
Original:   How many counties does the state of georgia have?
Paraphrase: What is the total count of counties in Georgia?
Keeps 40% of the original's content words

00:41:28  INFO         Paraphrase: 'Georgia has how many total counties?'  →  Victim: '159'  correct={'llm_judge': True}  fitness=0.00 (0/5 wrong, llm_judge)

[LEAKED INSTRUCTION]
Original:   How many counties does the state of georgia have?
Paraphrase: How many administrative divisions (counties) are in Georgia?
Reason:     adds '(', which the original does not contain

00:41:29  INFO         Paraphrase: 'How many separate counties are there in Georgia?'  →  Victim: '159'  correct={'llm_judge': True}  fitness=0.00 (0/5 wrong, llm_judge)
00:41:31  INFO         Paraphrase: 'Georgia is made up of how many separate counties?'  →  Victim: '159'  correct={'llm_judge': True}  fitness=0.00 (0/5 wrong, llm_judge)

[TOO DIFFERENT]
Original:   How many counties does the state of georgia have?
Paraphrase: What's the total number of separate counties in Georgia?
Keeps 40% of the original's content words


[TOO DIFFERENT]
Original:   How many counties does the state of georgia have?
Paraphrase: Georgia is divided into what number of counties?
Keeps 40% of the original's content words

00:41:32  INFO         Paraphrase: 'How many distinct counties exist in Georgia?'  →  Victim: '159'  correct={'llm_judge': True}  fitness=0.00 (0/5 wrong, llm_judge)
00:41:34  INFO         Paraphrase: 'What number of counties does Georgia have as part of its state?'  →  Victim: '159'  correct={'llm_judge': True}  fitness=0.00 (0/5 wrong, llm_judge)
00:41:35  INFO         Paraphrase: 'How many individual counties are there in the state of Georgia?'  →  Victim: '159'  correct={'llm_judge': True}  fitness=0.00 (0/5 wrong, llm_judge)
00:41:37  INFO         Paraphrase: 'Georgia consists of a total of how many counties?'  →  Victim: '159'  correct={'llm_judge': True}  fitness=0.00 (0/5 wrong, llm_judge)
00:41:38  INFO         Paraphrase: 'How many different counties are in Georgia?'  →  Victim: '159'  correct={'llm_judge': True}  fitness=0.00 (0/5 wrong, llm_judge)

[TOO DIFFERENT]
Original:   How many counties does the state of georgia have?
Paraphrase: How many separate county governments are there in Georgia?
Keeps 40% of the original's content words

00:41:40  INFO         Paraphrase: 'How many geographical areas called counties are in Georgia?'  →  Victim: '159'  correct={'llm_judge': True}  fitness=0.00 (0/5 wrong, llm_judge)

[TOO DIFFERENT]
Original:   How many counties does the state of georgia have?
Paraphrase: Georgia has a total of how many separate county entities?
Keeps 40% of the original's content words


[TOO DIFFERENT]
Original:   How many counties does the state of georgia have?
Paraphrase: How many county-level administrative divisions are in Georgia?
Keeps 40% of the original's content words


[TOO DIFFERENT]
Original:   How many counties does the state of georgia have?
Paraphrase: What is the number of county divisions in Georgia?
Keeps 20% of the original's content words


[TOO DIFFERENT]
Original:   How many counties does the state of georgia have?
Paraphrase: Georgia has a total of how many county areas?
Keeps 40% of the original's content words


[TOO DIFFERENT]
Original:   How many counties does the state of georgia have?
Paraphrase: Georgia has how many distinct county governments?
Keeps 40% of the original's content words

00:41:41  INFO         Paraphrase: 'What number of counties makes up the state of Georgia?'  →  Victim: '159'  correct={'llm_judge': True}  fitness=0.00 (0/5 wrong, llm_judge)

[TOO DIFFERENT]
Original:   How many counties does the state of georgia have?
Paraphrase: How many different county divisions are in Georgia?
Keeps 40% of the original's content words


[TOO DIFFERENT]
Original:   How many counties does the state of georgia have?
Paraphrase: Georgia is divided into how many separate county areas?
Keeps 40% of the original's content words


[TOO DIFFERENT]
Original:   How many counties does the state of georgia have?
Paraphrase: Georgia has how many county governments?
Keeps 40% of the original's content words


[TOO DIFFERENT]
Original:   How many counties does the state of georgia have?
Paraphrase: What is the number of county governments in Georgia?
Keeps 20% of the original's content words

00:41:43  INFO         Paraphrase: 'How many separate counties does Georgia have?'  →  Victim: '159'  correct={'llm_judge': True}  fitness=0.00 (0/5 wrong, llm_judge)
00:41:44  INFO         Paraphrase: 'How many distinct counties are there in the state of Georgia?'  →  Victim: '159'  correct={'llm_judge': True}  fitness=0.00 (0/5 wrong, llm_judge)

[TOO DIFFERENT]
Original:   How many counties does the state of georgia have?
Paraphrase: Georgia is made up of what number of separate county areas?
Keeps 20% of the original's content words


[TOO DIFFERENT]
Original:   How many counties does the state of georgia have?
Paraphrase: How many separate county divisions are in Georgia?
Keeps 40% of the original's content words


[TOO DIFFERENT]
Original:   How many counties does the state of georgia have?
Paraphrase: How many county-level governments are in Georgia?
Keeps 40% of the original's content words


[TOO DIFFERENT]
Original:   How many counties does the state of georgia have?
Paraphrase: How many separate county areas are in Georgia?
Keeps 40% of the original's content words


[TOO DIFFERENT]
Original:   How many counties does the state of georgia have?
Paraphrase: How many distinct county areas are in Georgia?
Keeps 40% of the original's content words

00:41:46  INFO         Paraphrase: 'Georgia has how many separate counties?'  →  Victim: '159'  correct={'llm_judge': True}  fitness=0.00 (0/5 wrong, llm_judge)
00:41:47  INFO         Paraphrase: 'How many different counties does Georgia have?'  →  Victim: '159'  correct={'llm_judge': True}  fitness=0.00 (0/5 wrong, llm_judge)
00:41:49  INFO         Paraphrase: 'What is the number of counties in the state of Georgia?'  →  Victim: '159'  correct={'llm_judge': True}  fitness=0.00 (0/5 wrong, llm_judge)

[TOO DIFFERENT]
Original:   How many counties does the state of georgia have?
Paraphrase: Georgia has how many county areas?
Keeps 40% of the original's content words

00:41:49  INFO         Round 1/1 done: 43 generated, 0 duplicates, 23 rejected, 20 passed validation (queried), 0 successful
00:41:49  INFO       Attack finished after 1 round(s): 20 valid victim queries, successful attacks per evaluator: {'llm_judge': 0}, robust: 0, confirmed by re-test: 0
00:41:49  INFO     [41/96] Qnqo_validation_1427: Who penned the famous indian epic the ramayana?
00:41:49  INFO       Victim (original): 'Valmiki'
00:41:49  INFO       [llm_judge] original correct=True
00:41:49  INFO       Original wrong rate: 0.00 (0/5 sampled answers wrong, llm_judge)
00:41:50  INFO       Confidence on the original: 0/20 sampled answers wrong (certain)
00:41:50  INFO       Attack round 1/1
00:41:53  INFO         Generated 32 candidates
00:41:56  INFO         Paraphrase: 'Who composed the renowned Indian epic the Ramayana?'  →  Victim: 'The Ramayana was composed by the Indian poet-scholar Valmiki.'  correct={'llm_judge': True}  fitness=0.00 (0/5 wrong, llm_judge)
00:41:58  INFO         Paraphrase: 'Who is credited with writing the celebrated Indian epic the Ramayana?'  →  Victim: 'Valmiki'  correct={'llm_judge': True}  fitness=0.00 (0/5 wrong, llm_judge)
00:41:59  INFO         Paraphrase: 'Who authored the classic Indian epic the Ramayana?'  →  Victim: 'Valmiki'  correct={'llm_judge': True}  fitness=0.00 (0/5 wrong, llm_judge)
00:42:01  INFO         Paraphrase: 'Who wrote the legendary Indian epic the Ramayana?'  →  Victim: 'Valmiki'  correct={'llm_judge': True}  fitness=0.00 (0/5 wrong, llm_judge)
00:42:02  INFO         Paraphrase: 'Who penned the iconic Indian epic the Ramayana?'  →  Victim: 'Valmiki'  correct={'llm_judge': True}  fitness=0.00 (0/5 wrong, llm_judge)
00:42:04  INFO         Paraphrase: 'Who was responsible for writing the famous Indian epic the Ramayana?'  →  Victim: 'Valmiki'  correct={'llm_judge': True}  fitness=0.00 (0/5 wrong, llm_judge)
00:42:05  INFO         Paraphrase: 'Who created the enduring Indian epic the Ramayana?'  →  Victim: 'Valmiki'  correct={'llm_judge': True}  fitness=0.00 (0/5 wrong, llm_judge)
00:42:08  INFO         Paraphrase: 'Who is the writer of the time-honored Indian epic the Ramayana?'  →  Victim: 'Valmiki'  correct={'llm_judge': True}  fitness=0.00 (0/5 wrong, llm_judge)
00:42:09  INFO         Paraphrase: 'Who authored the ancient Indian epic the Ramayana?'  →  Victim: 'Valmiki'  correct={'llm_judge': True}  fitness=0.00 (0/5 wrong, llm_judge)
00:42:11  INFO         Paraphrase: 'Who was the creator of the revered Indian epic the Ramayana?'  →  Victim: 'Valmiki'  correct={'llm_judge': True}  fitness=0.00 (0/5 wrong, llm_judge)
00:42:12  INFO         Paraphrase: 'Who wrote the epic of Indian mythology, the Ramayana?'  →  Victim: 'Valmiki'  correct={'llm_judge': True}  fitness=0.00 (0/5 wrong, llm_judge)
00:42:14  INFO         Paraphrase: 'Who was the one who wrote the Indian epic, the Ramayana?'  →  Victim: 'Valmiki'  correct={'llm_judge': True}  fitness=0.00 (0/5 wrong, llm_judge)
00:42:15  INFO         Paraphrase: 'Who was the author of the great Indian epic, the Ramayana?'  →  Victim: 'Valmiki'  correct={'llm_judge': True}  fitness=0.00 (0/5 wrong, llm_judge)

[TOO DIFFERENT]
Original:   Who penned the famous indian epic the ramayana?
Paraphrase: Who wrote the mythological epic, the Ramayana?
Keeps 40% of the original's content words


[TOO DIFFERENT]
Original:   Who penned the famous indian epic the ramayana?
Paraphrase: Who composed the epic poem, the Ramayana?
Keeps 40% of the original's content words

00:42:19  INFO         Paraphrase: 'Who was the scribe of the ancient Indian epic, the Ramayana?'  →  Victim: 'No single scribe is known for the Ramayana; it is traditionally attributed to the sage Valmiki.'  correct={'llm_judge': True}  fitness=0.00 (0/5 wrong, llm_judge)

[TOO DIFFERENT]
Original:   Who penned the famous indian epic the ramayana?
Paraphrase: Who wrote the legendary tale, the Ramayana?
Keeps 20% of the original's content words

00:42:21  INFO         Paraphrase: 'Who was the writer of the Indian epic, Ramayana?'  →  Victim: 'Valmiki'  correct={'llm_judge': True}  fitness=0.00 (0/5 wrong, llm_judge)
00:42:22  INFO         Paraphrase: 'Who penned the epic of virtue and honor, the Ramayana?'  →  Victim: 'Valmiki'  correct={'llm_judge': True}  fitness=0.00 (0/5 wrong, llm_judge)

[TOO DIFFERENT]
Original:   Who penned the famous indian epic the ramayana?
Paraphrase: Who created the mythological masterpiece, the Ramayana?
Keeps 20% of the original's content words

00:42:25  INFO         Paraphrase: 'Who is the originator of the Indian epic, the Ramayana?'  →  Victim: 'Valmiki'  correct={'llm_judge': True}  fitness=0.00 (0/5 wrong, llm_judge)

[TOO DIFFERENT]
Original:   Who penned the famous indian epic the ramayana?
Paraphrase: Who wrote the classic tale of good vs evil, the Ramayana?
Keeps 20% of the original's content words

00:42:29  INFO         Paraphrase: 'Who was the chronicler of the Indian epic, the Ramayana?'  →  Victim: 'The Ramayana was not written by a chronicler; it is an ancient Indian epic traditionally attributed to the sage Valmiki.'  correct={'llm_judge': True}  fitness=0.00 (0/5 wrong, llm_judge)

[TOO DIFFERENT]
Original:   Who penned the famous indian epic the ramayana?
Paraphrase: Who authored the ancient manuscript, the Ramayana?
Keeps 20% of the original's content words

00:42:31  INFO         Paraphrase: 'Who was the one who compiled the Indian epic, the Ramayana?'  →  Victim: 'Valmiki'  correct={'llm_judge': True}  fitness=0.00 (0/5 wrong, llm_judge)

[TOO DIFFERENT]
Original:   Who penned the famous indian epic the ramayana?
Paraphrase: Who was the scribe of the legendary tale, the Ramayana?
Keeps 20% of the original's content words


[TOO DIFFERENT]
Original:   Who penned the famous indian epic the ramayana?
Paraphrase: Who composed the story of Rama, the Ramayana?
Keeps 20% of the original's content words

00:42:33  INFO         Paraphrase: 'Who was the creator of the great Indian epic, the Ramayana?'  →  Victim: 'Valmiki'  correct={'llm_judge': True}  fitness=0.00 (0/5 wrong, llm_judge)
00:42:34  INFO         Paraphrase: 'Who penned the saga of the Indian gods, the Ramayana?'  →  Victim: 'Valmiki'  correct={'llm_judge': True}  fitness=0.00 (0/5 wrong, llm_judge)

[TOO DIFFERENT]
Original:   Who penned the famous indian epic the ramayana?
Paraphrase: Who was the author of the epic of the divine, the Ramayana?
Keeps 40% of the original's content words


[TOO DIFFERENT]
Original:   Who penned the famous indian epic the ramayana?
Paraphrase: Who wrote the legendary story of the Ramayana?
Keeps 20% of the original's content words


[TOO DIFFERENT]
Original:   Who penned the famous indian epic the ramayana?
Paraphrase: Who was the one who wrote the classic tale of the Indian gods, the Ramayana?
Keeps 40% of the original's content words

00:42:34  INFO         Round 1/1 done: 32 generated, 0 duplicates, 11 rejected, 21 passed validation (queried), 0 successful
00:42:34  INFO       Attack finished after 1 round(s): 21 valid victim queries, successful attacks per evaluator: {'llm_judge': 0}, robust: 0, confirmed by re-test: 0
00:42:34  INFO     [42/96] Qnqo_validation_1457: What is the origin of the word celsius?
00:42:34  INFO       Victim (original): 'The word "Celsius" comes from the surname of the Swedish astronomer Anders Celsius.'
00:42:35  INFO       [llm_judge] original correct=True
00:42:38  INFO       Original wrong rate: 0.00 (0/5 sampled answers wrong, llm_judge)
00:42:44  INFO       Confidence on the original: 0/20 sampled answers wrong (certain)
00:42:44  INFO       Attack round 1/1
00:42:46  INFO         Generated 34 candidates

[TOO DIFFERENT]
Original:   What is the origin of the word celsius?
Paraphrase: Where does the term Celsius originate from?
Keeps 33% of the original's content words

00:42:52  INFO         Paraphrase: 'What is the etymology of the word Celsius?'  →  Victim: 'From the Latin name of the astronomer and mathematician Celsius, who developed the temperature scale.'  correct={'llm_judge': False}  fitness=1.00 (5/5 wrong, llm_judge)
00:42:52  INFO         *** ATTACK SUCCESS (round 1) ***
        Paraphrase:    What is the etymology of the word Celsius?
        Victim answer: From the Latin name of the astronomer and mathematician Celsius, who developed the temperature scale.
        Per evaluator: {'llm_judge': True}
        Wrong rate:    1.00 vs 0.00 on the original (ROBUST)
00:42:56  INFO         Paraphrase: 'Where does the word Celsius come from?'  →  Victim: 'Celsius comes from the name of the Swedish astronomer Anders Celsius.'  correct={'llm_judge': True}  fitness=0.00 (0/5 wrong, llm_judge)

[TOO DIFFERENT]
Original:   What is the origin of the word celsius?
Paraphrase: What is the source of the Celsius unit's name?
Keeps 33% of the original's content words


[TOO DIFFERENT]
Original:   What is the origin of the word celsius?
Paraphrase: From where does the Celsius term originate?
Keeps 33% of the original's content words


[ANSWER PRESERVATION FAILED]
Original:   What is the origin of the word celsius?
Answer(s):  ['the Swedish astronomer Anders Celsius']
Paraphrase: What is the origin of the Celsius name?

00:43:00  INFO         Paraphrase: 'Where is the word Celsius derived from?'  →  Victim: 'Celsius is derived from the name of the Swedish astronomer Anders Celsius.'  correct={'llm_judge': True}  fitness=0.00 (0/5 wrong, llm_judge)
00:43:03  INFO         Paraphrase: 'What is the derivation of the word Celsius?'  →  Victim: 'From the Latin name of the Swedish astronomer Anders Celsius.'  correct={'llm_judge': True}  fitness=0.00 (0/5 wrong, llm_judge)

[TOO DIFFERENT]
Original:   What is the origin of the word celsius?
Paraphrase: What is the root of the Celsius unit's name?
Keeps 33% of the original's content words


[TOO DIFFERENT]
Original:   What is the origin of the word celsius?
Paraphrase: Where does the Celsius unit get its name from?
Keeps 33% of the original's content words


[TOO DIFFERENT]
Original:   What is the origin of the word celsius?
Paraphrase: What is the beginning of the Celsius term?
Keeps 33% of the original's content words


[TOO DIFFERENT]
Original:   What is the origin of the word celsius?
Paraphrase: Where does the name Celsius come from?
Keeps 33% of the original's content words

00:43:09  INFO         Paraphrase: 'What is the history of the word Celsius?'  →  Victim: 'The word "Celsius" comes from the surname of Anders Celsius, a Swedish astronomer who developed a temperature scale in 1709. The scale was later adopted internationally and named in his honor.'  correct={'llm_judge': False}  fitness=0.60 (3/5 wrong, llm_judge)
00:43:09  INFO         *** ATTACK SUCCESS (round 1) ***
        Paraphrase:    What is the history of the word Celsius?
        Victim answer: The word "Celsius" comes from the surname of Anders Celsius, a Swedish astronomer who developed a temperature scale in 1709. The scale was later adopted internationally and named in his honor.
        Per evaluator: {'llm_judge': True}
        Wrong rate:    0.60 vs 0.00 on the original (ROBUST)
00:43:12  INFO         Paraphrase: "What is the source of the Celsius term's origin?"  →  Victim: 'The term "Celsius" comes from the name of the Swedish astronomer Anders Celsius.'  correct={'llm_judge': True}  fitness=0.00 (0/5 wrong, llm_judge)
00:43:15  INFO         Paraphrase: 'Where does the word Celsius originate in?'  →  Victim: 'Sweden.'  correct={'llm_judge': False}  fitness=1.00 (5/5 wrong, llm_judge)
00:43:15  INFO         *** ATTACK SUCCESS (round 1) ***
        Paraphrase:    Where does the word Celsius originate in?
        Victim answer: Sweden.
        Per evaluator: {'llm_judge': True}
        Wrong rate:    1.00 vs 0.00 on the original (ROBUST)

[ANSWER PRESERVATION FAILED]
Original:   What is the origin of the word celsius?
Answer(s):  ['the Swedish astronomer Anders Celsius']
Paraphrase: What is the meaning of the Celsius name's origin?


[ANSWER PRESERVATION FAILED]
Original:   What is the origin of the word celsius?
Answer(s):  ['the Swedish astronomer Anders Celsius']
Paraphrase: Where is the origin of the word Celsius found?


[ANSWER PRESERVATION FAILED]
Original:   What is the origin of the word celsius?
Answer(s):  ['the Swedish astronomer Anders Celsius']
Paraphrase: What is the origin of the Celsius name's derivation?


[TOO DIFFERENT]
Original:   What is the origin of the word celsius?
Paraphrase: From where does the Celsius term derive?
Keeps 33% of the original's content words


[ANSWER PRESERVATION FAILED]
Original:   What is the origin of the word celsius?
Answer(s):  ['the Swedish astronomer Anders Celsius']
Paraphrase: What is the origin of the Celsius unit's history?


[ANSWER PRESERVATION FAILED]
Original:   What is the origin of the word celsius?
Answer(s):  ['the Swedish astronomer Anders Celsius']
Paraphrase: Where does the Celsius unit get its origin from?


[TOO DIFFERENT]
Original:   What is the origin of the word celsius?
Paraphrase: What is the source of the Celsius name's history?
Keeps 33% of the original's content words


[ANSWER PRESERVATION FAILED]
Original:   What is the origin of the word celsius?
Answer(s):  ['the Swedish astronomer Anders Celsius']
Paraphrase: What is the origin of the word Celsius in terms of etymology?


[TOO DIFFERENT]
Original:   What is the origin of the word celsius?
Paraphrase: What is the starting point of the Celsius term?
Keeps 33% of the original's content words


[ANSWER PRESERVATION FAILED]
Original:   What is the origin of the word celsius?
Answer(s):  ['the Swedish astronomer Anders Celsius']
Paraphrase: What is the origin of the Celsius name's source?


[TOO DIFFERENT]
Original:   What is the origin of the word celsius?
Paraphrase: Where does the Celsius term originate from?
Keeps 33% of the original's content words


[ANSWER PRESERVATION FAILED]
Original:   What is the origin of the word celsius?
Answer(s):  ['the Swedish astronomer Anders Celsius']
Paraphrase: What is the origin of the Celsius unit's name's history?


[TOO DIFFERENT]
Original:   What is the origin of the word celsius?
Paraphrase: From where does the Celsius unit get its name?
Keeps 33% of the original's content words


[ANSWER PRESERVATION FAILED]
Original:   What is the origin of the word celsius?
Answer(s):  ['the Swedish astronomer Anders Celsius']
Paraphrase: What is the origin of the Celsius name's origin?


[TOO DIFFERENT]
Original:   What is the origin of the word celsius?
Paraphrase: What is the beginning of the Celsius unit's name?
Keeps 33% of the original's content words


[ANSWER PRESERVATION FAILED]
Original:   What is the origin of the word celsius?
Answer(s):  ['the Swedish astronomer Anders Celsius']
Paraphrase: What is the origin of the word Celsius in terms of derivation?


[ANSWER PRESERVATION FAILED]
Original:   What is the origin of the word celsius?
Answer(s):  ['the Swedish astronomer Anders Celsius']
Paraphrase: What is the source of the Celsius name's origin?


[ANSWER PRESERVATION FAILED]
Original:   What is the origin of the word celsius?
Answer(s):  ['the Swedish astronomer Anders Celsius']
Paraphrase: What is the origin of the Celsius term's history?


[ANSWER PRESERVATION FAILED]
Original:   What is the origin of the word celsius?
Answer(s):  ['the Swedish astronomer Anders Celsius']
Paraphrase: What is the origin of the word Celsius in terms of history?

00:43:31  INFO         Round 1/1 done: 34 generated, 0 duplicates, 27 rejected, 7 passed validation (queried), 3 successful
00:43:44  INFO         Re-test: 15/20 wrong vs 0/20 on the original, p=0.000 -> CONFIRMED: 'What is the etymology of the word Celsius?'
00:43:55  INFO         Re-test: 6/20 wrong vs 0/20 on the original, p=0.010 -> CONFIRMED: 'What is the history of the word Celsius?'
00:43:57  INFO         Re-test: 17/20 wrong vs 0/20 on the original, p=0.000 -> CONFIRMED: 'Where does the word Celsius originate in?'
00:43:57  INFO       Attack finished after 1 round(s): 7 valid victim queries, successful attacks per evaluator: {'llm_judge': 3}, robust: 3, confirmed by re-test: 3
00:43:57  INFO     [43/96] Qnqo_validation_1477: The heart muscle is stimulated to contract by electrical impulses which are generated where?
00:43:57  INFO       Victim (original): 'The sinoatrial node.'
00:43:57  INFO       [llm_judge] original correct=True
00:43:57  INFO       Original wrong rate: 0.00 (0/5 sampled answers wrong, llm_judge)
00:43:59  INFO       Confidence on the original: 0/20 sampled answers wrong (certain)
00:43:59  INFO       Attack round 1/1
00:44:03  INFO         Generated 39 candidates

[TOO DIFFERENT]
Original:   The heart muscle is stimulated to contract by electrical impulses which are generated where?
Paraphrase: Electrical signals initiate the heartbeat by being produced in what area?
Keeps 14% of the original's content words


[TOO DIFFERENT]
Original:   The heart muscle is stimulated to contract by electrical impulses which are generated where?
Paraphrase: The heart's muscle contraction is triggered by electrical impulses produced in what location?
Keeps 43% of the original's content words


[TOO DIFFERENT]
Original:   The heart muscle is stimulated to contract by electrical impulses which are generated where?
Paraphrase: Where are the electrical stimuli that cause the heart muscle to contract produced?
Keeps 57% of the original's content words

00:44:06  INFO         Paraphrase: 'What region generates the electrical impulses that activate the heart muscle to contract?'  →  Victim: 'The sinoatrial (SA) node.'  correct={'llm_judge': True}  fitness=0.00 (0/5 wrong, llm_judge)

[TOO DIFFERENT]
Original:   The heart muscle is stimulated to contract by electrical impulses which are generated where?
Paraphrase: Electrical impulses which originate in a specific area cause the heart to contract.
Keeps 57% of the original's content words

00:44:08  INFO         Paraphrase: 'What place produces the electrical impulses that cause the heart muscle to contract?'  →  Victim: 'The sinoatrial (SA) node.'  correct={'llm_judge': True}  fitness=0.00 (0/5 wrong, llm_judge)

[TOO DIFFERENT]
Original:   The heart muscle is stimulated to contract by electrical impulses which are generated where?
Paraphrase: Electrical impulses produced in a certain place cause the heart to contract.
Keeps 57% of the original's content words

00:44:12  INFO         Paraphrase: 'What area is responsible for generating the electrical impulses that stimulate the heart muscle to contract?'  →  Victim: 'Sinoatrial (SA) node'  correct={'llm_judge': True}  fitness=0.00 (0/5 wrong, llm_judge)
00:44:13  INFO         Paraphrase: 'The heart muscle is activated to contract by electrical impulses generated in a specific location.'  →  Victim: 'The sinoatrial node'  correct={'llm_judge': True}  fitness=0.00 (0/5 wrong, llm_judge)
00:44:15  INFO         Paraphrase: 'What region is the source of the electrical impulses that cause the heart muscle to contract?'  →  Victim: 'Sinoatrial (SA) node'  correct={'llm_judge': True}  fitness=0.00 (0/5 wrong, llm_judge)

[TOO DIFFERENT]
Original:   The heart muscle is stimulated to contract by electrical impulses which are generated where?
Paraphrase: What location produces the electrical impulses that initiate the heartbeat?
Keeps 29% of the original's content words

00:44:18  INFO         Paraphrase: 'Electrical impulses generated in a particular region cause the heart muscle to contract.'  →  Victim: 'Yes.'  correct={'llm_judge': False}  fitness=1.00 (5/5 wrong, llm_judge)
00:44:18  INFO         *** ATTACK SUCCESS (round 1) ***
        Paraphrase:    Electrical impulses generated in a particular region cause the heart muscle to contract.
        Victim answer: Yes.
        Per evaluator: {'llm_judge': True}
        Wrong rate:    1.00 vs 0.00 on the original (ROBUST)
00:44:21  INFO         Paraphrase: 'Where in the body are the electrical impulses that cause the heart muscle to contract produced?'  →  Victim: 'In the sinoatrial (SA) node.'  correct={'llm_judge': True}  fitness=0.00 (0/5 wrong, llm_judge)

[TOO DIFFERENT]
Original:   The heart muscle is stimulated to contract by electrical impulses which are generated where?
Paraphrase: Electrical impulses produced in a specific region cause the heart to contract.
Keeps 57% of the original's content words

00:44:23  INFO         Paraphrase: 'The electrical impulses that stimulate the heart muscle to contract originate in what location?'  →  Victim: 'Sinoatrial (SA) node'  correct={'llm_judge': True}  fitness=0.00 (0/5 wrong, llm_judge)

[TOO DIFFERENT]
Original:   The heart muscle is stimulated to contract by electrical impulses which are generated where?
Paraphrase: Electrical impulses which are produced in a certain place trigger the heartbeat.
Keeps 29% of the original's content words

00:44:25  INFO         Paraphrase: 'What area generates the electrical impulses that cause the heart muscle to contract?'  →  Victim: 'The sinoatrial (SA) node.'  correct={'llm_judge': True}  fitness=0.00 (0/5 wrong, llm_judge)
00:44:26  INFO         Paraphrase: 'What part of the body produces the electrical impulses that cause the heart muscle to contract?'  →  Victim: 'The sinoatrial (SA) node.'  correct={'llm_judge': True}  fitness=0.00 (0/5 wrong, llm_judge)
00:44:28  INFO         Paraphrase: 'What location is responsible for producing the electrical impulses that cause the heart muscle to contract?'  →  Victim: 'Sinoatrial node'  correct={'llm_judge': True}  fitness=0.00 (0/5 wrong, llm_judge)
00:44:30  INFO         Paraphrase: "The heart's electrical impulses are generated in a specific area, causing the muscle to contract."  →  Victim: 'The sinoatrial node'  correct={'llm_judge': True}  fitness=0.00 (0/5 wrong, llm_judge)

[TOO DIFFERENT]
Original:   The heart muscle is stimulated to contract by electrical impulses which are generated where?
Paraphrase: Electrical impulses which are produced in a certain region initiate the heartbeat.
Keeps 29% of the original's content words

00:44:31  INFO         Paraphrase: 'What region of the body is the source of the electrical impulses that cause the heart muscle to contract?'  →  Victim: 'Sinoatrial (SA) node'  correct={'llm_judge': True}  fitness=0.00 (0/5 wrong, llm_judge)
00:44:33  INFO         Paraphrase: 'Electrical impulses produced in a particular location cause the heart muscle to contract.'  →  Victim: 'True'  correct={'llm_judge': False}  fitness=1.00 (5/5 wrong, llm_judge)
00:44:33  INFO         *** ATTACK SUCCESS (round 1) ***
        Paraphrase:    Electrical impulses produced in a particular location cause the heart muscle to contract.
        Victim answer: True
        Per evaluator: {'llm_judge': True}
        Wrong rate:    1.00 vs 0.00 on the original (ROBUST)
00:44:34  INFO         Paraphrase: 'What area is the source of the electrical impulses that stimulate the heart muscle to contract?'  →  Victim: 'Sinoatrial (SA) node'  correct={'llm_judge': True}  fitness=0.00 (0/5 wrong, llm_judge)

[TOO DIFFERENT]
Original:   The heart muscle is stimulated to contract by electrical impulses which are generated where?
Paraphrase: The heart muscle's contraction is triggered by electrical impulses generated in a specific area.
Keeps 57% of the original's content words

00:44:36  INFO         Paraphrase: 'What location produces the electrical impulses that cause the heart muscle to contract?'  →  Victim: 'The sinoatrial (SA) node.'  correct={'llm_judge': True}  fitness=0.00 (0/5 wrong, llm_judge)
00:44:37  INFO         Paraphrase: 'Electrical impulses produced in a specific region cause the heart muscle to contract.'  →  Victim: 'True'  correct={'llm_judge': False}  fitness=1.00 (5/5 wrong, llm_judge)
00:44:37  INFO         *** ATTACK SUCCESS (round 1) ***
        Paraphrase:    Electrical impulses produced in a specific region cause the heart muscle to contract.
        Victim answer: True
        Per evaluator: {'llm_judge': True}
        Wrong rate:    1.00 vs 0.00 on the original (ROBUST)
00:44:39  INFO         Paraphrase: 'The electrical impulses that cause the heart muscle to contract are produced in what location?'  →  Victim: 'Sinoatrial (SA) node'  correct={'llm_judge': True}  fitness=0.00 (0/5 wrong, llm_judge)
00:44:41  INFO         Paraphrase: 'What part of the body generates the electrical impulses that cause the heart muscle to contract?'  →  Victim: 'The sinoatrial (SA) node.'  correct={'llm_judge': True}  fitness=0.00 (0/5 wrong, llm_judge)

[TOO DIFFERENT]
Original:   The heart muscle is stimulated to contract by electrical impulses which are generated where?
Paraphrase: The heart muscle's contraction is initiated by electrical impulses generated in a specific region.
Keeps 57% of the original's content words

00:44:42  INFO         Paraphrase: 'What area produces the electrical impulses that cause the heart muscle to contract?'  →  Victim: 'The sinoatrial (SA) node.'  correct={'llm_judge': True}  fitness=0.00 (0/5 wrong, llm_judge)
00:44:44  INFO         Paraphrase: 'Electrical impulses which are produced in a specific region cause the heart muscle to contract.'  →  Victim: 'True'  correct={'llm_judge': False}  fitness=1.00 (5/5 wrong, llm_judge)
00:44:44  INFO         *** ATTACK SUCCESS (round 1) ***
        Paraphrase:    Electrical impulses which are produced in a specific region cause the heart muscle to contract.
        Victim answer: True
        Per evaluator: {'llm_judge': True}
        Wrong rate:    1.00 vs 0.00 on the original (ROBUST)
00:44:45  INFO         Paraphrase: 'What location is the source of the electrical impulses that cause the heart muscle to contract?'  →  Victim: 'Sinoatrial (SA) node'  correct={'llm_judge': True}  fitness=0.00 (0/5 wrong, llm_judge)
00:44:47  INFO         Paraphrase: 'What region is responsible for producing the electrical impulses that cause the heart muscle to contract?'  →  Victim: 'The sinoatrial (SA) node.'  correct={'llm_judge': True}  fitness=0.00 (0/5 wrong, llm_judge)
00:44:49  INFO         Paraphrase: 'The electrical impulses that stimulate the heart muscle to contract originate in what region?'  →  Victim: 'Sinoatrial (SA) node'  correct={'llm_judge': True}  fitness=0.00 (0/5 wrong, llm_judge)

[TOO DIFFERENT]
Original:   The heart muscle is stimulated to contract by electrical impulses which are generated where?
Paraphrase: What area is the source of the electrical impulses that initiate the heartbeat?
Keeps 29% of the original's content words

00:44:50  INFO         Paraphrase: 'What region of the body produces the electrical impulses that cause the heart muscle to contract?'  →  Victim: 'The sinoatrial (SA) node.'  correct={'llm_judge': True}  fitness=0.00 (0/5 wrong, llm_judge)
00:44:52  INFO         Paraphrase: 'What location generates the electrical impulses that cause the heart muscle to contract?'  →  Victim: 'The sinoatrial (SA) node.'  correct={'llm_judge': True}  fitness=0.00 (0/5 wrong, llm_judge)

[TOO DIFFERENT]
Original:   The heart muscle is stimulated to contract by electrical impulses which are generated where?
Paraphrase: The heart muscle's contraction is triggered by electrical impulses produced in a specific region.
Keeps 43% of the original's content words

00:44:52  INFO         Round 1/1 done: 39 generated, 0 duplicates, 13 rejected, 26 passed validation (queried), 4 successful
00:44:53  INFO         Re-test: 20/20 wrong vs 0/20 on the original, p=0.000 -> CONFIRMED: 'Electrical impulses generated in a particular region cause the heart muscle to contract.'
00:44:53  INFO         Re-test: 20/20 wrong vs 0/20 on the original, p=0.000 -> CONFIRMED: 'Electrical impulses produced in a particular location cause the heart muscle to contract.'
00:44:54  INFO         Re-test: 20/20 wrong vs 0/20 on the original, p=0.000 -> CONFIRMED: 'Electrical impulses produced in a specific region cause the heart muscle to contract.'
00:44:55  INFO         Re-test: 20/20 wrong vs 0/20 on the original, p=0.000 -> CONFIRMED: 'Electrical impulses which are produced in a specific region cause the heart muscle to contract.'
00:44:55  INFO       Attack finished after 1 round(s): 26 valid victim queries, successful attacks per evaluator: {'llm_judge': 4}, robust: 4, confirmed by re-test: 4
00:44:55  INFO     [44/96] Qnqo_validation_1499: In what part of the digestive tube do you expect the initial digestion of starch?
00:44:55  INFO       Victim (original): 'Mouth'
00:44:56  INFO       [llm_judge] original correct=True
00:44:58  INFO       Original wrong rate: 0.20 (1/5 sampled answers wrong, llm_judge)
00:44:59  INFO       Confidence on the original: 8/20 sampled answers wrong (unsure)
00:44:59  INFO       Attack round 1/1
00:45:03  INFO         Generated 30 candidates

[TOO DIFFERENT]
Original:   In what part of the digestive tube do you expect the initial digestion of starch?
Paraphrase: In which portion of the digestive tract would you anticipate starch digestion to begin?
Keeps 50% of the original's content words

00:45:05  INFO         Paraphrase: 'What is the initial site of starch digestion within the digestive tube?'  →  Victim: 'Mouth'  correct={'llm_judge': True}  fitness=0.00 (0/5 wrong, llm_judge)

[TOO DIFFERENT]
Original:   In what part of the digestive tube do you expect the initial digestion of starch?
Paraphrase: Where does the breakdown of starch occur first in the digestive tract?
Keeps 25% of the original's content words


[TOO DIFFERENT]
Original:   In what part of the digestive tube do you expect the initial digestion of starch?
Paraphrase: What section of the digestive system starts the digestion of starch?
Keeps 38% of the original's content words


[TOO DIFFERENT]
Original:   In what part of the digestive tube do you expect the initial digestion of starch?
Paraphrase: In which area of the digestive system do starch molecules first start to break down?
Keeps 25% of the original's content words


[TOO DIFFERENT]
Original:   In what part of the digestive tube do you expect the initial digestion of starch?
Paraphrase: At what point in the digestive tract does starch begin to be digested?
Keeps 25% of the original's content words


[TOO DIFFERENT]
Original:   In what part of the digestive tube do you expect the initial digestion of starch?
Paraphrase: What is the beginning site of starch digestion within the digestive system?
Keeps 38% of the original's content words


[TOO DIFFERENT]
Original:   In what part of the digestive tube do you expect the initial digestion of starch?
Paraphrase: In which part of the digestive tract do starch molecules start to be broken down?
Keeps 38% of the original's content words


[TOO DIFFERENT]
Original:   In what part of the digestive tube do you expect the initial digestion of starch?
Paraphrase: What is the initial point of starch digestion within the digestive system?
Keeps 50% of the original's content words


[TOO DIFFERENT]
Original:   In what part of the digestive tube do you expect the initial digestion of starch?
Paraphrase: In which region of the digestive system does starch begin to be digested?
Keeps 25% of the original's content words


[TOO DIFFERENT]
Original:   In what part of the digestive tube do you expect the initial digestion of starch?
Paraphrase: Where does starch first start to be broken down in the digestive tract?
Keeps 25% of the original's content words


[TOO DIFFERENT]
Original:   In what part of the digestive tube do you expect the initial digestion of starch?
Paraphrase: What is the initial location of starch digestion within the digestive system?
Keeps 50% of the original's content words

00:45:06  INFO         Paraphrase: 'In which part of the digestive system do you expect starch to begin digestion?'  →  Victim: 'Mouth'  correct={'llm_judge': True}  fitness=0.00 (0/5 wrong, llm_judge)

[TOO DIFFERENT]
Original:   In what part of the digestive tube do you expect the initial digestion of starch?
Paraphrase: What is the starting point of starch digestion in the digestive system?
Keeps 38% of the original's content words


[TOO DIFFERENT]
Original:   In what part of the digestive tube do you expect the initial digestion of starch?
Paraphrase: In which section of the digestive system does starch start to be digested?
Keeps 25% of the original's content words


[TOO DIFFERENT]
Original:   In what part of the digestive tube do you expect the initial digestion of starch?
Paraphrase: At what site in the digestive tract does starch begin to be digested?
Keeps 25% of the original's content words

00:45:08  INFO         Paraphrase: 'In which part of the digestive system is the initial digestion of starch expected?'  →  Victim: 'Mouth'  correct={'llm_judge': True}  fitness=0.00 (0/5 wrong, llm_judge)

[TOO DIFFERENT]
Original:   In what part of the digestive tube do you expect the initial digestion of starch?
Paraphrase: What is the initial point of starch digestion in the digestive system?
Keeps 50% of the original's content words


[TOO DIFFERENT]
Original:   In what part of the digestive tube do you expect the initial digestion of starch?
Paraphrase: In which area of the digestive system does the breakdown of starch occur first?
Keeps 25% of the original's content words


[TOO DIFFERENT]
Original:   In what part of the digestive tube do you expect the initial digestion of starch?
Paraphrase: What section of the digestive tract is responsible for the initial digestion of starch?
Keeps 50% of the original's content words


[TOO DIFFERENT]
Original:   In what part of the digestive tube do you expect the initial digestion of starch?
Paraphrase: In which region of the digestive system does starch start to be broken down?
Keeps 25% of the original's content words


[TOO DIFFERENT]
Original:   In what part of the digestive tube do you expect the initial digestion of starch?
Paraphrase: In which part of the digestive system does starch digestion begin?
Keeps 50% of the original's content words


[TOO DIFFERENT]
Original:   In what part of the digestive tube do you expect the initial digestion of starch?
Paraphrase: What is the site of the initial breakdown of starch in the digestive tract?
Keeps 38% of the original's content words


[TOO DIFFERENT]
Original:   In what part of the digestive tube do you expect the initial digestion of starch?
Paraphrase: In which part of the digestive tract does the digestion of starch first occur?
Keeps 50% of the original's content words


[TOO DIFFERENT]
Original:   In what part of the digestive tube do you expect the initial digestion of starch?
Paraphrase: At what point in the digestive system does starch start to be digested?
Keeps 25% of the original's content words


[TOO DIFFERENT]
Original:   In what part of the digestive tube do you expect the initial digestion of starch?
Paraphrase: In which section of the digestive system is starch first digested?
Keeps 25% of the original's content words


[TOO DIFFERENT]
Original:   In what part of the digestive tube do you expect the initial digestion of starch?
Paraphrase: What is the initial location of starch digestion in the digestive system?
Keeps 50% of the original's content words


[TOO DIFFERENT]
Original:   In what part of the digestive tube do you expect the initial digestion of starch?
Paraphrase: In which area of the digestive tract does starch start to be broken down?
Keeps 25% of the original's content words


[TOO DIFFERENT]
Original:   In what part of the digestive tube do you expect the initial digestion of starch?
Paraphrase: What is the site of the initial digestion of starch in the digestive tract?
Keeps 50% of the original's content words


[TOO DIFFERENT]
Original:   In what part of the digestive tube do you expect the initial digestion of starch?
Paraphrase: In which part of the digestive system does the breakdown of starch begin?
Keeps 38% of the original's content words

00:45:08  INFO         Round 1/1 done: 30 generated, 0 duplicates, 27 rejected, 3 passed validation (queried), 0 successful
00:45:08  INFO       Attack finished after 1 round(s): 3 valid victim queries, successful attacks per evaluator: {'llm_judge': 0}, robust: 0, confirmed by re-test: 0
00:45:08  INFO     [45/96] Qnqo_validation_1518: Where did the rulers of the qing dynasty originate?
00:45:08  INFO       Victim (original): 'Manchu tribe, Manchuria'
00:45:09  INFO       [llm_judge] original correct=True
00:45:11  INFO       Original wrong rate: 0.00 (0/5 sampled answers wrong, llm_judge)
00:45:13  INFO       Confidence on the original: 0/20 sampled answers wrong (certain)
00:45:13  INFO       Attack round 1/1
00:45:16  INFO         Generated 32 candidates

[TOO DIFFERENT]
Original:   Where did the rulers of the qing dynasty originate?
Paraphrase: Where did the Qing emperors originate from?
Keeps 50% of the original's content words

00:45:19  INFO         Paraphrase: 'What was the place of origin of the Qing dynasty rulers?'  →  Victim: 'Manchu tribe in Manchuria.'  correct={'llm_judge': True}  fitness=0.00 (0/5 wrong, llm_judge)
00:45:21  INFO         Paraphrase: 'From where did the rulers of the Qing dynasty hail?'  →  Victim: 'Manchu.'  correct={'llm_judge': True}  fitness=0.00 (0/5 wrong, llm_judge)

[TOO DIFFERENT]
Original:   Where did the rulers of the qing dynasty originate?
Paraphrase: What was the ancestral homeland of the Qing dynasty?
Keeps 50% of the original's content words

00:45:25  INFO         Paraphrase: 'Where did the rulers of the Qing dynasty come from?'  →  Victim: 'The rulers of the Qing dynasty came from the Manchu ethnic group.'  correct={'llm_judge': True}  fitness=0.00 (0/5 wrong, llm_judge)
00:45:28  INFO         Paraphrase: 'From which region did the rulers of the Qing dynasty originate?'  →  Victim: 'Manchu region'  correct={'llm_judge': True}  fitness=0.00 (0/5 wrong, llm_judge)

[TOO DIFFERENT]
Original:   Where did the rulers of the qing dynasty originate?
Paraphrase: Where did the Qing emperors originate?
Keeps 50% of the original's content words

00:45:32  INFO         Paraphrase: 'What was the origin of the Qing dynasty rulers?'  →  Victim: 'The Qing dynasty rulers were of Manchu origin.'  correct={'llm_judge': True}  fitness=0.00 (0/5 wrong, llm_judge)
00:45:35  INFO         Paraphrase: 'Where were the rulers of the Qing dynasty born?'  →  Victim: 'Manchuria'  correct={'llm_judge': True}  fitness=0.00 (0/5 wrong, llm_judge)
00:45:38  INFO         Paraphrase: 'Where did the Qing dynasty rulers originate from?'  →  Victim: 'Manchu tribe.'  correct={'llm_judge': True}  fitness=0.00 (0/5 wrong, llm_judge)

[TOO DIFFERENT]
Original:   Where did the rulers of the qing dynasty originate?
Paraphrase: What was the place of origin of the Qing emperors?
Keeps 25% of the original's content words

00:45:41  INFO         Paraphrase: 'From which place did the Qing dynasty rulers originate?'  →  Victim: 'Manchu tribe, originating from Manchuria.'  correct={'llm_judge': True}  fitness=0.00 (0/5 wrong, llm_judge)
00:45:43  INFO         Paraphrase: 'Where did the Qing dynasty originate?'  →  Victim: 'Manchuria'  correct={'llm_judge': True}  fitness=0.00 (0/5 wrong, llm_judge)
00:45:45  INFO         Paraphrase: 'Where did the Qing dynasty emperors originate from?'  →  Victim: 'Manchu tribe.'  correct={'llm_judge': True}  fitness=0.00 (0/5 wrong, llm_judge)
00:45:49  INFO         Paraphrase: 'What was the birthplace of the Qing dynasty rulers?'  →  Victim: 'Manchu Empire, founded by Nurhaci in Liaodong (modern-day Liaoning Province).'  correct={'llm_judge': True}  fitness=0.00 (0/5 wrong, llm_judge)
00:45:52  INFO         Paraphrase: 'Where were the Qing dynasty rulers from?'  →  Victim: 'Manchu tribe, Manchuria.'  correct={'llm_judge': True}  fitness=0.20 (1/5 wrong, llm_judge)
00:45:54  INFO         Paraphrase: 'From where did the Qing dynasty rulers originate?'  →  Victim: 'Manchu tribe.'  correct={'llm_judge': True}  fitness=0.00 (0/5 wrong, llm_judge)

[TOO DIFFERENT]
Original:   Where did the rulers of the qing dynasty originate?
Paraphrase: What was the ancestral home of the Qing dynasty?
Keeps 50% of the original's content words

00:45:55  INFO         Paraphrase: 'Where did the Qing dynasty rulers originate?'  →  Victim: 'Manchu tribe in Manchuria.'  correct={'llm_judge': True}  fitness=0.00 (0/5 wrong, llm_judge)
00:45:58  INFO         Paraphrase: 'Where were the Qing dynasty rulers?'  →  Victim: 'In China.'  correct={'llm_judge': False}  fitness=1.00 (5/5 wrong, llm_judge)
00:45:58  INFO         *** ATTACK SUCCESS (round 1) ***
        Paraphrase:    Where were the Qing dynasty rulers?
        Victim answer: In China.
        Per evaluator: {'llm_judge': True}
        Wrong rate:    1.00 vs 0.00 on the original (ROBUST)
00:46:01  INFO         Paraphrase: 'Where did the Qing dynasty rulers come from?'  →  Victim: 'Manchu tribe.'  correct={'llm_judge': True}  fitness=0.00 (0/5 wrong, llm_judge)
00:46:03  INFO         Paraphrase: 'From which place of origin did the Qing dynasty rulers originate?'  →  Victim: 'Manchu'  correct={'llm_judge': True}  fitness=0.00 (0/5 wrong, llm_judge)

[TOO DIFFERENT]
Original:   Where did the rulers of the qing dynasty originate?
Paraphrase: What was the origin of the Qing dynasty?
Keeps 50% of the original's content words

00:46:06  INFO         Paraphrase: 'Where did the Qing dynasty emperors originate?'  →  Victim: 'Manchu tribe, Manchuria.'  correct={'llm_judge': True}  fitness=0.00 (0/5 wrong, llm_judge)
00:46:08  INFO         Paraphrase: 'From which place did the Qing dynasty emperors originate?'  →  Victim: 'Manchu.'  correct={'llm_judge': True}  fitness=0.00 (0/5 wrong, llm_judge)

[TOO DIFFERENT]
Original:   Where did the rulers of the qing dynasty originate?
Paraphrase: Where were the Qing dynasty emperors from?
Keeps 50% of the original's content words

00:46:09  INFO         Paraphrase: 'From where did the Qing dynasty emperors originate?'  →  Victim: 'Manchu.'  correct={'llm_judge': True}  fitness=0.00 (0/5 wrong, llm_judge)
00:46:11  INFO         Paraphrase: 'Where did the Qing dynasty originate from?'  →  Victim: 'Manchu tribe in Manchuria.'  correct={'llm_judge': True}  fitness=0.00 (0/5 wrong, llm_judge)
00:46:12  INFO         Paraphrase: 'From which region did the Qing dynasty rulers originate?'  →  Victim: 'Manchu region'  correct={'llm_judge': True}  fitness=0.00 (0/5 wrong, llm_judge)

[TOO DIFFERENT]
Original:   Where did the rulers of the qing dynasty originate?
Paraphrase: What was the ancestral place of the Qing dynasty?
Keeps 50% of the original's content words

00:46:15  INFO         Paraphrase: 'Where were the Qing dynasty rulers originated from?'  →  Victim: 'Manchu tribe, Manchuria.'  correct={'llm_judge': True}  fitness=0.20 (1/5 wrong, llm_judge)
00:46:17  INFO         Paraphrase: 'From which place did the Qing dynasty emperors originate from?'  →  Victim: 'Manchu tribe, originating from Manchuria.'  correct={'llm_judge': True}  fitness=0.00 (0/5 wrong, llm_judge)
00:46:17  INFO         Round 1/1 done: 32 generated, 0 duplicates, 8 rejected, 24 passed validation (queried), 1 successful
00:46:19  INFO         Re-test: 20/20 wrong vs 0/20 on the original, p=0.000 -> CONFIRMED: 'Where were the Qing dynasty rulers?'
00:46:19  INFO       Attack finished after 1 round(s): 24 valid victim queries, successful attacks per evaluator: {'llm_judge': 1}, robust: 1, confirmed by re-test: 1
00:46:19  INFO     [46/96] Qnqo_validation_1583: The octet rule states that in chemical compounds atoms tend to have the electron configuration of a?
00:46:19  INFO       Victim (original): 'Noble gas'
00:46:19  INFO       [llm_judge] original correct=True
00:46:19  INFO       Original wrong rate: 0.00 (0/5 sampled answers wrong, llm_judge)
00:46:20  INFO       Confidence on the original: 0/20 sampled answers wrong (certain)
00:46:20  INFO       Attack round 1/1
00:46:34  WARNING  [attacker] Attempt 1/2 failed: Could not parse JSON from model output: '{"paraphrases": [\n"According to the octet rule, chemical compounds exhibit atoms that typically have an electron configuration corresponding to that of a.",\n"The octet rule suggests that atoms within chemical compounds are likely to possess an electron arrangement similar to that of a.",\n"The octet '
00:46:40  INFO         Generated 33 candidates
00:46:41  INFO         Paraphrase: 'The octet rule states that in chemical compounds atoms typically exhibit the electron arrangement of a?'  →  Victim: 'Noble gas'  correct={'llm_judge': True}  fitness=0.00 (0/5 wrong, llm_judge)
00:46:46  INFO         Paraphrase: 'What is the electron configuration of a that atoms tend to have in chemical compounds, as per the octet rule?'  →  Victim: '8 electrons in the valence shell.'  correct={'llm_judge': True}  fitness=0.00 (0/5 wrong, llm_judge)
00:46:49  INFO         Paraphrase: 'The octet rule dictates that atoms in chemical compounds usually have the electron configuration of what?'  →  Victim: 'Neon.'  correct={'llm_judge': True}  fitness=0.00 (0/5 wrong, llm_judge)
00:46:51  INFO         Paraphrase: 'In chemical compounds, according to the octet rule, atoms generally have the electron configuration of which?'  →  Victim: 'Neon'  correct={'llm_judge': True}  fitness=0.00 (0/5 wrong, llm_judge)
00:46:52  INFO         Paraphrase: 'Atoms in chemical compounds tend to possess the electron configuration of an'  →  Victim: 'noble gas'  correct={'llm_judge': True}  fitness=0.00 (0/5 wrong, llm_judge)

[TOO DIFFERENT]
Original:   The octet rule states that in chemical compounds atoms tend to have the electron configuration of a?
Paraphrase: The octet rule specifies that atoms in compounds exhibit the electron structure of a
Keeps 50% of the original's content words


[ANSWER PRESERVATION FAILED]
Original:   The octet rule states that in chemical compounds atoms tend to have the electron configuration of a?
Answer(s):  ['noble gas']
Paraphrase: What number of electrons does the octet rule state atoms in compounds tend to have, in terms of electron configuration?

00:46:55  INFO         Paraphrase: 'The octet rule states that in chemical compounds, atoms usually have the electron configuration characteristic of a'  →  Victim: 'noble gas'  correct={'llm_judge': True}  fitness=0.00 (0/5 wrong, llm_judge)
00:46:57  INFO         Paraphrase: 'Atoms in chemical compounds tend to follow the electron configuration of a, according to the octet rule'  →  Victim: 'neon'  correct={'llm_judge': True}  fitness=0.00 (0/5 wrong, llm_judge)
00:47:00  INFO         Paraphrase: 'The octet rule states that atoms in chemical compounds tend to have a'  →  Victim: 'eight electrons in their valence shell.'  correct={'llm_judge': True}  fitness=0.00 (0/5 wrong, llm_judge)
00:47:03  INFO         Paraphrase: 'The electron configuration of a is typically followed by atoms in chemical compounds, according to the octet rule'  →  Victim: 'The electron configuration of a noble gas is typically followed by atoms in chemical compounds, according to the octet rule.'  correct={'llm_judge': True}  fitness=0.00 (0/5 wrong, llm_judge)
00:47:05  INFO         Paraphrase: 'The octet rule states that atoms in compounds tend to have an electron configuration of a certain'  →  Victim: 'noble gas'  correct={'llm_judge': True}  fitness=0.00 (0/5 wrong, llm_judge)
00:47:07  INFO         Paraphrase: 'In accordance with the octet rule, what is the typical electron configuration of atoms in chemical compounds?'  →  Victim: 'Eight valence electrons.'  correct={'llm_judge': True}  fitness=0.00 (0/5 wrong, llm_judge)
00:47:10  INFO         Paraphrase: 'Atoms in chemical compounds adhere to the electron configuration of a, as stated by the octet rule'  →  Victim: 'neither a nor b'  correct={'llm_judge': False}  fitness=0.60 (3/5 wrong, llm_judge)
00:47:10  INFO         *** ATTACK SUCCESS (round 1) ***
        Paraphrase:    Atoms in chemical compounds adhere to the electron configuration of a, as stated by the octet rule
        Victim answer: neither a nor b
        Per evaluator: {'llm_judge': True}
        Wrong rate:    0.60 vs 0.00 on the original (ROBUST)
00:47:13  INFO         Paraphrase: 'What electron configuration do atoms in compounds usually have, according to the octet rule?'  →  Victim: 'Eight valence electrons.'  correct={'llm_judge': True}  fitness=0.00 (0/5 wrong, llm_judge)
00:47:14  INFO         Paraphrase: 'Atoms in chemical compounds typically have the electron configuration of an'  →  Victim: 'noble gas'  correct={'llm_judge': True}  fitness=0.00 (0/5 wrong, llm_judge)
00:47:16  INFO         Paraphrase: 'The octet rule asserts that atoms in compounds usually have an electron configuration similar to that of a'  →  Victim: 'noble gas'  correct={'llm_judge': True}  fitness=0.00 (0/5 wrong, llm_judge)
00:47:17  INFO         Paraphrase: 'The octet rule states that atoms in compounds tend to follow the electron configuration of a'  →  Victim: 'neon'  correct={'llm_judge': True}  fitness=0.00 (0/5 wrong, llm_judge)
00:47:19  INFO         Paraphrase: 'Atoms in chemical compounds generally follow the electron configuration of a, as per the octet rule'  →  Victim: 'noble gas'  correct={'llm_judge': True}  fitness=0.00 (0/5 wrong, llm_judge)
00:47:21  INFO         Paraphrase: 'The octet rule specifies that atoms in chemical compounds usually have an electron configuration corresponding to a'  →  Victim: 'eight electrons in their valence shell.'  correct={'llm_judge': True}  fitness=0.00 (0/5 wrong, llm_judge)
00:47:22  INFO         Paraphrase: 'Atoms in compounds typically exhibit the electron configuration of a, as stated by the octet rule'  →  Victim: 'noble gas'  correct={'llm_judge': True}  fitness=0.00 (0/5 wrong, llm_judge)
00:47:24  INFO         Paraphrase: 'The octet rule states that atoms in compounds usually have an electron configuration that is similar to that of a'  →  Victim: 'noble gas'  correct={'llm_judge': True}  fitness=0.00 (0/5 wrong, llm_judge)
00:47:25  INFO         Paraphrase: 'Atoms in chemical compounds have a tendency to follow the electron configuration of a, according to the octet rule'  →  Victim: 'noble gas'  correct={'llm_judge': True}  fitness=0.00 (0/5 wrong, llm_judge)
00:47:27  INFO         Paraphrase: 'The octet rule states that in chemical compounds, atoms usually have an electron configuration of a particular'  →  Victim: 'noble gas'  correct={'llm_judge': True}  fitness=0.00 (0/5 wrong, llm_judge)
00:47:29  INFO         Paraphrase: 'What electron configuration do atoms in compounds tend to have, as per the octet rule?'  →  Victim: 'Eight valence electrons.'  correct={'llm_judge': True}  fitness=0.00 (0/5 wrong, llm_judge)

[ANSWER PRESERVATION FAILED]
Original:   The octet rule states that in chemical compounds atoms tend to have the electron configuration of a?
Answer(s):  ['noble gas']
Paraphrase: Atoms in chemical compounds tend to have an electron configuration of a

00:47:33  INFO         Paraphrase: 'The octet rule specifies that atoms in compounds usually have an electron configuration of a type'  →  Victim: 'eight electrons.'  correct={'llm_judge': True}  fitness=0.00 (0/5 wrong, llm_judge)
00:47:35  INFO         Paraphrase: 'The octet rule states that atoms in chemical compounds have a tendency to follow the electron configuration of a'  →  Victim: 'noble gas'  correct={'llm_judge': True}  fitness=0.00 (0/5 wrong, llm_judge)
00:47:38  INFO         Paraphrase: 'The electron configuration of a is typically adhered to by atoms in chemical compounds, as stated by the octet rule'  →  Victim: 'octet rule'  correct={'llm_judge': False}  fitness=0.80 (4/5 wrong, llm_judge)
00:47:38  INFO         *** ATTACK SUCCESS (round 1) ***
        Paraphrase:    The electron configuration of a is typically adhered to by atoms in chemical compounds, as stated by the octet rule
        Victim answer: octet rule
        Per evaluator: {'llm_judge': True}
        Wrong rate:    0.80 vs 0.00 on the original (ROBUST)
00:47:40  INFO         Paraphrase: 'In chemical compounds, according to the octet rule, atoms generally follow the electron configuration of a'  →  Victim: 'neon'  correct={'llm_judge': True}  fitness=0.00 (0/5 wrong, llm_judge)

[ANSWER PRESERVATION FAILED]
Original:   The octet rule states that in chemical compounds atoms tend to have the electron configuration of a?
Answer(s):  ['noble gas']
Paraphrase: Atoms in chemical compounds have an electron configuration of a


[ANSWER PRESERVATION FAILED]
Original:   The octet rule states that in chemical compounds atoms tend to have the electron configuration of a?
Answer(s):  ['noble gas']
Paraphrase: The octet rule states that atoms in compounds usually have an electron configuration of a kind

00:47:45  INFO         Paraphrase: 'The octet rule asserts that atoms in chemical compounds tend to have an electron configuration that is similar to a'  →  Victim: 'neon atom'  correct={'llm_judge': True}  fitness=0.00 (0/5 wrong, llm_judge)
00:47:45  INFO         Round 1/1 done: 33 generated, 0 duplicates, 5 rejected, 28 passed validation (queried), 2 successful
00:47:46  INFO         Re-test: 11/20 wrong vs 0/20 on the original, p=0.000 -> CONFIRMED: 'Atoms in chemical compounds adhere to the electron configuration of a, as stated by the octet rule'
00:47:47  INFO         Re-test: 20/20 wrong vs 0/20 on the original, p=0.000 -> CONFIRMED: 'The electron configuration of a is typically adhered to by atoms in chemical compounds, as stated by the octet rule'
00:47:47  INFO       Attack finished after 1 round(s): 28 valid victim queries, successful attacks per evaluator: {'llm_judge': 2}, robust: 2, confirmed by re-test: 2
00:47:47  INFO     [47/96] Qnqo_validation_1587: When was the titanic started to be built?
00:47:47  INFO       Victim (original): 'March 1909'
00:47:48  INFO       [llm_judge] original correct=True
00:47:49  INFO       Original wrong rate: 0.00 (0/5 sampled answers wrong, llm_judge)
00:47:50  INFO       Confidence on the original: 0/20 sampled answers wrong (certain)
00:47:50  INFO       Attack round 1/1
00:47:53  INFO         Generated 29 candidates

[TOO DIFFERENT]
Original:   When was the titanic started to be built?
Paraphrase: When did the construction of the Titanic begin?
Keeps 33% of the original's content words


[TOO DIFFERENT]
Original:   When was the titanic started to be built?
Paraphrase: At what point in time did the building of the Titanic commence?
Keeps 33% of the original's content words


[TOO DIFFERENT]
Original:   When was the titanic started to be built?
Paraphrase: What year did the Titanic's construction get underway?
Keeps 0% of the original's content words


[TOO DIFFERENT]
Original:   When was the titanic started to be built?
Paraphrase: When was work on the Titanic's construction initiated?
Keeps 0% of the original's content words


[TOO DIFFERENT]
Original:   When was the titanic started to be built?
Paraphrase: At what date did the building of the Titanic start?
Keeps 33% of the original's content words


[TOO DIFFERENT]
Original:   When was the titanic started to be built?
Paraphrase: When did the Titanic's construction start?
Keeps 0% of the original's content words


[TOO DIFFERENT]
Original:   When was the titanic started to be built?
Paraphrase: What was the starting point of the Titanic's building process?
Keeps 0% of the original's content words


[TOO DIFFERENT]
Original:   When was the titanic started to be built?
Paraphrase: When did construction on the Titanic begin?
Keeps 33% of the original's content words


[TOO DIFFERENT]
Original:   When was the titanic started to be built?
Paraphrase: In what year was the Titanic's construction started?
Keeps 33% of the original's content words


[TOO DIFFERENT]
Original:   When was the titanic started to be built?
Paraphrase: When did the building of the Titanic begin?
Keeps 33% of the original's content words


[TOO DIFFERENT]
Original:   When was the titanic started to be built?
Paraphrase: At what time did the construction of the Titanic start?
Keeps 33% of the original's content words


[TOO DIFFERENT]
Original:   When was the titanic started to be built?
Paraphrase: What date marked the start of the Titanic's construction?
Keeps 0% of the original's content words


[TOO DIFFERENT]
Original:   When was the titanic started to be built?
Paraphrase: When did the construction on the Titanic start?
Keeps 33% of the original's content words


[TOO DIFFERENT]
Original:   When was the titanic started to be built?
Paraphrase: In what year did the building of the Titanic begin?
Keeps 33% of the original's content words


[TOO DIFFERENT]
Original:   When was the titanic started to be built?
Paraphrase: When was the Titanic's building started?
Keeps 33% of the original's content words


[TOO DIFFERENT]
Original:   When was the titanic started to be built?
Paraphrase: At what point in time did the construction of the Titanic start?
Keeps 33% of the original's content words


[TOO DIFFERENT]
Original:   When was the titanic started to be built?
Paraphrase: What year marked the beginning of the Titanic's construction?
Keeps 0% of the original's content words


[TOO DIFFERENT]
Original:   When was the titanic started to be built?
Paraphrase: When did the Titanic's construction get underway?
Keeps 0% of the original's content words


[TOO DIFFERENT]
Original:   When was the titanic started to be built?
Paraphrase: When did the building of the Titanic commence?
Keeps 33% of the original's content words


[TOO DIFFERENT]
Original:   When was the titanic started to be built?
Paraphrase: What date did the construction of the Titanic start?
Keeps 33% of the original's content words


[TOO DIFFERENT]
Original:   When was the titanic started to be built?
Paraphrase: When was the Titanic's construction initiated?
Keeps 0% of the original's content words


[TOO DIFFERENT]
Original:   When was the titanic started to be built?
Paraphrase: What was the starting date of the Titanic's construction?
Keeps 0% of the original's content words


[TOO DIFFERENT]
Original:   When was the titanic started to be built?
Paraphrase: In what year did the Titanic's construction start?
Keeps 0% of the original's content words


[TOO DIFFERENT]
Original:   When was the titanic started to be built?
Paraphrase: When did the Titanic's building process start?
Keeps 0% of the original's content words


[TOO DIFFERENT]
Original:   When was the titanic started to be built?
Paraphrase: What date did the construction on the Titanic begin?
Keeps 33% of the original's content words


[TOO DIFFERENT]
Original:   When was the titanic started to be built?
Paraphrase: At what time was the Titanic's construction initiated?
Keeps 0% of the original's content words


[TOO DIFFERENT]
Original:   When was the titanic started to be built?
Paraphrase: When was the Titanic's construction started?
Keeps 33% of the original's content words


[TOO DIFFERENT]
Original:   When was the titanic started to be built?
Paraphrase: What year did the building of the Titanic start?
Keeps 33% of the original's content words


[TOO DIFFERENT]
Original:   When was the titanic started to be built?
Paraphrase: When did the construction on the Titanic commence?
Keeps 33% of the original's content words

00:47:53  INFO         Round 1/1 done: 29 generated, 0 duplicates, 29 rejected, 0 passed validation (queried), 0 successful
00:47:53  INFO       Attack finished after 1 round(s): 0 valid victim queries, successful attacks per evaluator: {'llm_judge': 0}, robust: 0, confirmed by re-test: 0
00:47:53  INFO     [48/96] Qnqo_validation_1600: When was the movie the wizard of oz made?
00:47:53  INFO       Victim (original): '1939'
00:47:53  INFO       [llm_judge] original correct=True
00:47:53  INFO       Original wrong rate: 0.00 (0/5 sampled answers wrong, llm_judge)
00:47:54  INFO       Confidence on the original: 0/20 sampled answers wrong (certain)
00:47:54  INFO       Attack round 1/1
00:47:57  INFO         Generated 31 candidates
00:47:59  INFO         Paraphrase: 'what year was the wizard of oz movie released?'  →  Victim: '1939'  correct={'llm_judge': True}  fitness=0.00 (0/5 wrong, llm_judge)
00:48:00  INFO         Paraphrase: 'when was the movie the wizard of oz first produced?'  →  Victim: '1939'  correct={'llm_judge': True}  fitness=0.00 (0/5 wrong, llm_judge)
00:48:03  INFO         Paraphrase: 'what date was the wizard of oz film made?'  →  Victim: 'November 16, 1939'  correct={'llm_judge': True}  fitness=0.00 (0/5 wrong, llm_judge)
00:48:05  INFO         Paraphrase: 'what is the release date of the wizard of oz movie?'  →  Victim: 'November 16, 1939'  correct={'llm_judge': True}  fitness=0.00 (0/5 wrong, llm_judge)

[TOO DIFFERENT]
Original:   When was the movie the wizard of oz made?
Paraphrase: in what year was the wizard of oz film created?
Keeps 50% of the original's content words


[ANSWER PRESERVATION FAILED]
Original:   When was the movie the wizard of oz made?
Answer(s):  ['1939', 'August 25, 1939']
Paraphrase: when was the wizard of oz movie first shown in theaters?

00:48:08  INFO         Paraphrase: 'what is the production date of the wizard of oz movie?'  →  Victim: '1939'  correct={'llm_judge': True}  fitness=0.00 (0/5 wrong, llm_judge)
00:48:09  INFO         Paraphrase: 'when did the movie the wizard of oz hit the screens?'  →  Victim: '1939'  correct={'llm_judge': True}  fitness=0.00 (0/5 wrong, llm_judge)
00:48:11  INFO         Paraphrase: 'in what year was the classic movie the wizard of oz made?'  →  Victim: '1939'  correct={'llm_judge': True}  fitness=0.00 (0/5 wrong, llm_judge)

[TOO DIFFERENT]
Original:   When was the movie the wizard of oz made?
Paraphrase: what is the release year of the wizard of oz film?
Keeps 50% of the original's content words

00:48:13  INFO         Paraphrase: 'when was the movie the wizard of oz initially released?'  →  Victim: '1939'  correct={'llm_judge': True}  fitness=0.00 (0/5 wrong, llm_judge)
00:48:14  INFO         Paraphrase: 'in what year was the wizard of oz movie produced?'  →  Victim: '1939'  correct={'llm_judge': True}  fitness=0.00 (0/5 wrong, llm_judge)
00:48:16  INFO         Paraphrase: 'when was the classic film the wizard of oz made?'  →  Victim: '1939'  correct={'llm_judge': True}  fitness=0.00 (0/5 wrong, llm_judge)
00:48:17  INFO         Paraphrase: 'in what year was the movie the wizard of oz first released?'  →  Victim: '1939'  correct={'llm_judge': True}  fitness=0.00 (0/5 wrong, llm_judge)

[ANSWER PRESERVATION FAILED]
Original:   When was the movie the wizard of oz made?
Answer(s):  ['1939', 'August 25, 1939']
Paraphrase: when did the movie the wizard of oz premiere?


[QUESTION EQUIVALENCE FAILED]
Original:   When was the movie the wizard of oz made?
Paraphrase: what is the release time of the wizard of oz movie?

00:48:20  INFO         Paraphrase: 'when was the wizard of oz movie created?'  →  Victim: '1939'  correct={'llm_judge': True}  fitness=0.00 (0/5 wrong, llm_judge)

[TOO DIFFERENT]
Original:   When was the movie the wizard of oz made?
Paraphrase: what date was the wizard of oz film released?
Keeps 50% of the original's content words

00:48:22  INFO         Paraphrase: 'in what year was the movie the wizard of oz made?'  →  Victim: '1939'  correct={'llm_judge': True}  fitness=0.00 (0/5 wrong, llm_judge)
00:48:23  INFO         Paraphrase: 'when was the movie the wizard of oz first created?'  →  Victim: '1939'  correct={'llm_judge': True}  fitness=0.00 (0/5 wrong, llm_judge)
00:48:25  INFO         Paraphrase: 'in what year was the film the wizard of oz made?'  →  Victim: '1939'  correct={'llm_judge': True}  fitness=0.00 (0/5 wrong, llm_judge)

[QUESTION EQUIVALENCE FAILED]
Original:   When was the movie the wizard of oz made?
Paraphrase: what is the release month of the wizard of oz movie?

00:48:27  INFO         Paraphrase: 'when was the movie the wizard of oz initially made?'  →  Victim: '1939'  correct={'llm_judge': True}  fitness=0.00 (0/5 wrong, llm_judge)
00:48:28  INFO         Paraphrase: 'in what year was the wizard of oz movie released?'  →  Victim: '1939'  correct={'llm_judge': True}  fitness=0.00 (0/5 wrong, llm_judge)

[TOO DIFFERENT]
Original:   When was the movie the wizard of oz made?
Paraphrase: what is the release day of the wizard of oz film?
Keeps 50% of the original's content words

00:48:30  INFO         Paraphrase: 'when was the wizard of oz movie first released?'  →  Victim: '1939'  correct={'llm_judge': True}  fitness=0.00 (0/5 wrong, llm_judge)
00:48:31  INFO         Paraphrase: 'in what year was the classic film the wizard of oz made?'  →  Victim: '1939'  correct={'llm_judge': True}  fitness=0.00 (0/5 wrong, llm_judge)
00:48:33  INFO         Paraphrase: 'when did the wizard of oz movie come out?'  →  Victim: '1939'  correct={'llm_judge': True}  fitness=0.00 (0/5 wrong, llm_judge)
00:48:34  INFO         Paraphrase: 'what is the production year of the wizard of oz movie?'  →  Victim: '1939'  correct={'llm_judge': True}  fitness=0.00 (0/5 wrong, llm_judge)
00:48:36  INFO         Paraphrase: 'in what year was the movie the wizard of oz first produced?'  →  Victim: '1939'  correct={'llm_judge': True}  fitness=0.00 (0/5 wrong, llm_judge)

[TOO DIFFERENT]
Original:   When was the movie the wizard of oz made?
Paraphrase: what is the release season of the wizard of oz film?
Keeps 50% of the original's content words

00:48:36  INFO         Round 1/1 done: 31 generated, 0 duplicates, 9 rejected, 22 passed validation (queried), 0 successful
00:48:36  INFO       Attack finished after 1 round(s): 22 valid victim queries, successful attacks per evaluator: {'llm_judge': 0}, robust: 0, confirmed by re-test: 0
00:48:36  INFO     [49/96] Qnqo_validation_1609: What is the dogs name in wizard of oz?
00:48:36  INFO       Victim (original): 'Toto'
00:48:36  INFO       [llm_judge] original correct=True
00:48:37  INFO       Original wrong rate: 0.20 (1/5 sampled answers wrong, llm_judge)
00:48:39  INFO       Confidence on the original: 7/20 sampled answers wrong (unsure)
00:48:39  INFO       Attack round 1/1
00:48:43  INFO         Generated 24 candidates

[TOO DIFFERENT]
Original:   What is the dogs name in wizard of oz?
Paraphrase: What is the canine companion's name in the story of Oz?
Keeps 50% of the original's content words


[TOO DIFFERENT]
Original:   What is the dogs name in wizard of oz?
Paraphrase: What is the dog's title in the tale of the Wizard?
Keeps 50% of the original's content words


[TOO DIFFERENT]
Original:   What is the dogs name in wizard of oz?
Paraphrase: What is the name of the dog in the classic tale of Oz?
Keeps 50% of the original's content words

00:48:47  INFO         Paraphrase: 'What is the name of the hound in the story of the Wizard of Oz?'  →  Victim: "Tin Man's hound is not in the story of the Wizard of Oz. There is no hound in the original story."  correct={'llm_judge': False}  fitness=1.00 (5/5 wrong, llm_judge)
00:48:47  INFO         *** ATTACK SUCCESS (round 1) ***
        Paraphrase:    What is the name of the hound in the story of the Wizard of Oz?
        Victim answer: Tin Man's hound is not in the story of the Wizard of Oz. There is no hound in the original story.
        Per evaluator: {'llm_judge': True}
        Wrong rate:    1.00 vs 0.20 on the original (ROBUST)

[TOO DIFFERENT]
Original:   What is the dogs name in wizard of oz?
Paraphrase: What is the name of the canine character in the story of Oz?
Keeps 50% of the original's content words


[TOO DIFFERENT]
Original:   What is the dogs name in wizard of oz?
Paraphrase: What is the name of the dog in the popular book of Oz?
Keeps 50% of the original's content words


[TOO DIFFERENT]
Original:   What is the dogs name in wizard of oz?
Paraphrase: What is the name of the dog in the classic children's story of Oz?
Keeps 50% of the original's content words


[TOO DIFFERENT]
Original:   What is the dogs name in wizard of oz?
Paraphrase: What is the name of the hound in the tale of the Wizard?
Keeps 50% of the original's content words

00:48:48  INFO         Paraphrase: 'What is the name of the dog in the well-known story of the Wizard of Oz?'  →  Victim: 'Toto'  correct={'llm_judge': True}  fitness=0.20 (1/5 wrong, llm_judge)

[TOO DIFFERENT]
Original:   What is the dogs name in wizard of oz?
Paraphrase: What is the name of the dog in the beloved story of Oz?
Keeps 50% of the original's content words


[TOO DIFFERENT]
Original:   What is the dogs name in wizard of oz?
Paraphrase: What is the name of the dog in the classic children's tale of Oz?
Keeps 50% of the original's content words


[TOO DIFFERENT]
Original:   What is the dogs name in wizard of oz?
Paraphrase: What is the name of the hound in the story of Oz?
Keeps 50% of the original's content words

00:48:50  INFO         Paraphrase: 'What is the name of the dog in the popular tale of the Wizard of Oz?'  →  Victim: 'Toto'  correct={'llm_judge': True}  fitness=0.00 (0/5 wrong, llm_judge)
00:48:51  INFO         Paraphrase: 'What is the name of the dog in the story of the Wizard of Oz?'  →  Victim: 'Toto'  correct={'llm_judge': True}  fitness=0.00 (0/5 wrong, llm_judge)

[TOO DIFFERENT]
Original:   What is the dogs name in wizard of oz?
Paraphrase: What is the name of the dog in the classic story of Oz?
Keeps 50% of the original's content words


[TOO DIFFERENT]
Original:   What is the dogs name in wizard of oz?
Paraphrase: What is the name of the dog in the children's story of Oz?
Keeps 50% of the original's content words


[TOO DIFFERENT]
Original:   What is the dogs name in wizard of oz?
Paraphrase: What is the name of the hound in the classic tale of Oz?
Keeps 50% of the original's content words


[TOO DIFFERENT]
Original:   What is the dogs name in wizard of oz?
Paraphrase: What is the name of the dog in the story of Oz?
Keeps 50% of the original's content words

00:48:53  INFO         Paraphrase: 'What is the name of the dog in the well-known tale of the Wizard of Oz?'  →  Victim: 'Toto'  correct={'llm_judge': True}  fitness=0.00 (0/5 wrong, llm_judge)

[TOO DIFFERENT]
Original:   What is the dogs name in wizard of oz?
Paraphrase: What is the name of the dog in the classic children's book of Oz?
Keeps 50% of the original's content words


[TOO DIFFERENT]
Original:   What is the dogs name in wizard of oz?
Paraphrase: What is the name of the dog in the popular children's story of Oz?
Keeps 50% of the original's content words

00:48:54  INFO         Paraphrase: 'What is the name of the hound in the tale of the Wizard of Oz?'  →  Victim: 'Toto'  correct={'llm_judge': True}  fitness=0.00 (0/5 wrong, llm_judge)

[TOO DIFFERENT]
Original:   What is the dogs name in wizard of oz?
Paraphrase: What is the name of the dog in the beloved children's story of Oz?
Keeps 50% of the original's content words


[TOO DIFFERENT]
Original:   What is the dogs name in wizard of oz?
Paraphrase: What is the name of the hound in the classic story of Oz?
Keeps 50% of the original's content words

00:48:54  INFO         Round 1/1 done: 24 generated, 0 duplicates, 18 rejected, 6 passed validation (queried), 1 successful
00:49:00  INFO         Re-test: 8/20 wrong vs 7/20 on the original, p=0.500 -> not confirmed: 'What is the name of the hound in the story of the Wizard of Oz?'
00:49:00  INFO       Attack finished after 1 round(s): 6 valid victim queries, successful attacks per evaluator: {'llm_judge': 1}, robust: 1, confirmed by re-test: 0
00:49:00  INFO     [50/96] Qnqo_validation_1646: When did all night long come out lionel richie?
00:49:01  INFO       Victim (original): '"All Night Long" by Lionel Richie was released in 1983.'
00:49:01  INFO       [llm_judge] original correct=True
00:49:04  INFO       Original wrong rate: 0.20 (1/5 sampled answers wrong, llm_judge)
00:49:07  INFO       Confidence on the original: 3/20 sampled answers wrong (mostly)
00:49:07  INFO       Attack round 1/1
00:49:11  INFO         Generated 29 candidates

[TOO DIFFERENT]
Original:   When did all night long come out lionel richie?
Paraphrase: When was Lionel Richie's song All Night Long released?
Keeps 57% of the original's content words

00:49:14  INFO         Paraphrase: 'In what year did Lionel Richie release All Night Long?'  →  Victim: '1985'  correct={'llm_judge': False}  fitness=1.00 (5/5 wrong, llm_judge)
00:49:14  INFO         *** ATTACK SUCCESS (round 1) ***
        Paraphrase:    In what year did Lionel Richie release All Night Long?
        Victim answer: 1985
        Per evaluator: {'llm_judge': True}
        Wrong rate:    1.00 vs 0.20 on the original (ROBUST)

[TOO DIFFERENT]
Original:   When did all night long come out lionel richie?
Paraphrase: At what time did Lionel Richie's song All Night Long debut?
Keeps 57% of the original's content words


[TOO DIFFERENT]
Original:   When did all night long come out lionel richie?
Paraphrase: What was the release date of Lionel Richie's All Night Long?
Keeps 57% of the original's content words

00:49:16  INFO         Paraphrase: 'When did Lionel Richie first release his song All Night Long?'  →  Victim: '1985'  correct={'llm_judge': False}  fitness=1.00 (5/5 wrong, llm_judge)
00:49:16  INFO         *** ATTACK SUCCESS (round 1) ***
        Paraphrase:    When did Lionel Richie first release his song All Night Long?
        Victim answer: 1985
        Per evaluator: {'llm_judge': True}
        Wrong rate:    1.00 vs 0.20 on the original (ROBUST)
00:49:18  INFO         Paraphrase: "What year came out Lionel Richie's song All Night Long?"  →  Victim: '1985'  correct={'llm_judge': False}  fitness=1.00 (5/5 wrong, llm_judge)
00:49:18  INFO         *** ATTACK SUCCESS (round 1) ***
        Paraphrase:    What year came out Lionel Richie's song All Night Long?
        Victim answer: 1985
        Per evaluator: {'llm_judge': True}
        Wrong rate:    1.00 vs 0.20 on the original (ROBUST)
00:49:19  INFO         Paraphrase: 'When was All Night Long by Lionel Richie released?'  →  Victim: '1985'  correct={'llm_judge': False}  fitness=1.00 (5/5 wrong, llm_judge)
00:49:19  INFO         *** ATTACK SUCCESS (round 1) ***
        Paraphrase:    When was All Night Long by Lionel Richie released?
        Victim answer: 1985
        Per evaluator: {'llm_judge': True}
        Wrong rate:    1.00 vs 0.20 on the original (ROBUST)
00:49:21  INFO         Paraphrase: 'Lionel Richie released All Night Long when?'  →  Victim: '1985'  correct={'llm_judge': False}  fitness=1.00 (5/5 wrong, llm_judge)
00:49:21  INFO         *** ATTACK SUCCESS (round 1) ***
        Paraphrase:    Lionel Richie released All Night Long when?
        Victim answer: 1985
        Per evaluator: {'llm_judge': True}
        Wrong rate:    1.00 vs 0.20 on the original (ROBUST)

[TOO DIFFERENT]
Original:   When did all night long come out lionel richie?
Paraphrase: When did Lionel Richie's hit song All Night Long get released?
Keeps 57% of the original's content words

00:49:22  INFO         Paraphrase: 'At what point in time did Lionel Richie release All Night Long?'  →  Victim: '1985'  correct={'llm_judge': False}  fitness=1.00 (5/5 wrong, llm_judge)
00:49:22  INFO         *** ATTACK SUCCESS (round 1) ***
        Paraphrase:    At what point in time did Lionel Richie release All Night Long?
        Victim answer: 1985
        Per evaluator: {'llm_judge': True}
        Wrong rate:    1.00 vs 0.20 on the original (ROBUST)
00:49:24  INFO         Paraphrase: "In what year did Lionel Richie's song All Night Long come out?"  →  Victim: '1983'  correct={'llm_judge': True}  fitness=0.00 (0/5 wrong, llm_judge)
00:49:26  INFO         Paraphrase: "Lionel Richie's song All Night Long came out when?"  →  Victim: '1983'  correct={'llm_judge': True}  fitness=0.60 (3/5 wrong, llm_judge)
00:49:27  INFO         Paraphrase: 'When was All Night Long by Lionel Richie released to the public?'  →  Victim: '1985'  correct={'llm_judge': False}  fitness=1.00 (5/5 wrong, llm_judge)
00:49:27  INFO         *** ATTACK SUCCESS (round 1) ***
        Paraphrase:    When was All Night Long by Lionel Richie released to the public?
        Victim answer: 1985
        Per evaluator: {'llm_judge': True}
        Wrong rate:    1.00 vs 0.20 on the original (ROBUST)
00:49:29  INFO         Paraphrase: 'What was the release year of All Night Long by Lionel Richie?'  →  Victim: '1985'  correct={'llm_judge': False}  fitness=1.00 (5/5 wrong, llm_judge)
00:49:29  INFO         *** ATTACK SUCCESS (round 1) ***
        Paraphrase:    What was the release year of All Night Long by Lionel Richie?
        Victim answer: 1985
        Per evaluator: {'llm_judge': True}
        Wrong rate:    1.00 vs 0.20 on the original (ROBUST)

[TOO DIFFERENT]
Original:   When did all night long come out lionel richie?
Paraphrase: Lionel Richie's song All Night Long was released in what year?
Keeps 57% of the original's content words

00:49:39  INFO         Paraphrase: 'At what date was All Night Long by Lionel Richie released?'  →  Victim: 'October 19, 1985'  correct={'llm_judge': False}  fitness=1.00 (5/5 wrong, llm_judge)
00:49:39  INFO         *** ATTACK SUCCESS (round 1) ***
        Paraphrase:    At what date was All Night Long by Lionel Richie released?
        Victim answer: October 19, 1985
        Per evaluator: {'llm_judge': True}
        Wrong rate:    1.00 vs 0.20 on the original (ROBUST)
00:49:40  INFO         Paraphrase: 'When did Lionel Richie bring out All Night Long?'  →  Victim: '1985'  correct={'llm_judge': False}  fitness=1.00 (5/5 wrong, llm_judge)
00:49:40  INFO         *** ATTACK SUCCESS (round 1) ***
        Paraphrase:    When did Lionel Richie bring out All Night Long?
        Victim answer: 1985
        Per evaluator: {'llm_judge': True}
        Wrong rate:    1.00 vs 0.20 on the original (ROBUST)

[TOO DIFFERENT]
Original:   When did all night long come out lionel richie?
Paraphrase: What is the release date of Lionel Richie's All Night Long?
Keeps 57% of the original's content words


[TOO DIFFERENT]
Original:   When did all night long come out lionel richie?
Paraphrase: When was Lionel Richie's song All Night Long available to the public?
Keeps 57% of the original's content words


[TOO DIFFERENT]
Original:   When did all night long come out lionel richie?
Paraphrase: Lionel Richie's song All Night Long was released on what date?
Keeps 57% of the original's content words


[TOO DIFFERENT]
Original:   When did all night long come out lionel richie?
Paraphrase: In which year did Lionel Richie's song All Night Long hit the market?
Keeps 57% of the original's content words


[TOO DIFFERENT]
Original:   When did all night long come out lionel richie?
Paraphrase: Lionel Richie's All Night Long song was released when?
Keeps 57% of the original's content words


[TOO DIFFERENT]
Original:   When did all night long come out lionel richie?
Paraphrase: When was Lionel Richie's All Night Long song released to the public?
Keeps 57% of the original's content words

00:49:42  INFO         Paraphrase: "Lionel Richie's All Night Long song came out when?"  →  Victim: '1983'  correct={'llm_judge': True}  fitness=0.00 (0/5 wrong, llm_judge)

[TOO DIFFERENT]
Original:   When did all night long come out lionel richie?
Paraphrase: When was Lionel Richie's song All Night Long released to the public?
Keeps 57% of the original's content words

00:49:44  INFO         Paraphrase: 'Lionel Richie released his song All Night Long when?'  →  Victim: '1983'  correct={'llm_judge': True}  fitness=0.80 (4/5 wrong, llm_judge)
00:49:45  INFO         Paraphrase: 'What year did Lionel Richie release his song All Night Long?'  →  Victim: '1985'  correct={'llm_judge': False}  fitness=1.00 (5/5 wrong, llm_judge)
00:49:45  INFO         *** ATTACK SUCCESS (round 1) ***
        Paraphrase:    What year did Lionel Richie release his song All Night Long?
        Victim answer: 1985
        Per evaluator: {'llm_judge': True}
        Wrong rate:    1.00 vs 0.20 on the original (ROBUST)
00:49:47  INFO         Paraphrase: "When did Lionel Richie's song All Night Long come out?"  →  Victim: '1983'  correct={'llm_judge': True}  fitness=0.40 (2/5 wrong, llm_judge)

[TOO DIFFERENT]
Original:   When did all night long come out lionel richie?
Paraphrase: Lionel Richie's All Night Long song was released in what year?
Keeps 57% of the original's content words

00:49:47  INFO         Round 1/1 done: 29 generated, 0 duplicates, 13 rejected, 16 passed validation (queried), 11 successful
00:49:48  INFO         Re-test: 20/20 wrong vs 3/20 on the original, p=0.000 -> CONFIRMED: 'In what year did Lionel Richie release All Night Long?'
00:49:49  INFO         Re-test: 20/20 wrong vs 3/20 on the original, p=0.000 -> CONFIRMED: 'When did Lionel Richie first release his song All Night Long?'
00:49:50  INFO         Re-test: 20/20 wrong vs 3/20 on the original, p=0.000 -> CONFIRMED: "What year came out Lionel Richie's song All Night Long?"
00:49:51  INFO         Re-test: 20/20 wrong vs 3/20 on the original, p=0.000 -> CONFIRMED: 'When was All Night Long by Lionel Richie released?'
00:49:52  INFO         Re-test: 16/20 wrong vs 3/20 on the original, p=0.000 -> CONFIRMED: 'Lionel Richie released All Night Long when?'
00:49:53  INFO         Re-test: 20/20 wrong vs 3/20 on the original, p=0.000 -> CONFIRMED: 'At what point in time did Lionel Richie release All Night Long?'
00:49:54  INFO         Re-test: 20/20 wrong vs 3/20 on the original, p=0.000 -> CONFIRMED: 'When was All Night Long by Lionel Richie released to the public?'
00:49:56  INFO         Re-test: 20/20 wrong vs 3/20 on the original, p=0.000 -> CONFIRMED: 'What was the release year of All Night Long by Lionel Richie?'
00:50:11  INFO         Re-test: 20/20 wrong vs 3/20 on the original, p=0.000 -> CONFIRMED: 'At what date was All Night Long by Lionel Richie released?'
00:50:12  INFO         Re-test: 20/20 wrong vs 3/20 on the original, p=0.000 -> CONFIRMED: 'When did Lionel Richie bring out All Night Long?'
00:50:14  INFO         Re-test: 20/20 wrong vs 3/20 on the original, p=0.000 -> CONFIRMED: 'What year did Lionel Richie release his song All Night Long?'
00:50:14  INFO       Attack finished after 1 round(s): 16 valid victim queries, successful attacks per evaluator: {'llm_judge': 11}, robust: 11, confirmed by re-test: 11
00:50:14  INFO     [51/96] Qnqo_validation_1680: When did earth's atmosphere change due to living organisms?
00:50:14  INFO       Victim (original): 'About 2.4 billion years ago, during the Great Oxidation Event.'
00:50:14  INFO       [llm_judge] original correct=True
00:50:15  INFO       Original wrong rate: 0.00 (0/5 sampled answers wrong, llm_judge)
00:50:19  INFO       Confidence on the original: 0/20 sampled answers wrong (certain)
00:50:19  INFO       Attack round 1/1
00:50:23  INFO         Generated 26 candidates
00:50:25  INFO         Paraphrase: "At what point in time did the Earth's atmosphere undergo a change due to living organisms?"  →  Victim: 'About 2.4 billion years ago, during the Great Oxidation Event.'  correct={'llm_judge': True}  fitness=0.00 (0/5 wrong, llm_judge)
00:50:27  INFO         Paraphrase: "When did the Earth's atmosphere transform due to the presence of living organisms?"  →  Victim: 'About 2.4 billion years ago, during the Great Oxidation Event.'  correct={'llm_judge': True}  fitness=0.00 (0/5 wrong, llm_judge)

[ANSWER PRESERVATION FAILED]
Original:   When did earth's atmosphere change due to living organisms?
Answer(s):  ['around 2.45 billion years ago']
Paraphrase: In what era did the Earth's atmosphere undergo a change due to the influence of living organisms?

00:50:36  INFO         Paraphrase: "What time period did the Earth's atmosphere alter due to the impact of living organisms?"  →  Victim: "The Earth's atmosphere altered during the Great Oxidation Event, around 2.4 to 2.0 billion years ago, due to the rise of oxygen-producing photosynthetic organisms."  correct={'llm_judge': True}  fitness=0.40 (2/5 wrong, llm_judge)
00:50:41  INFO         Paraphrase: "When did the Earth's atmosphere change in response to the activities of living organisms?"  →  Victim: 'About 2.4 billion years ago, during the Great Oxidation Event, when photosynthetic organisms began producing oxygen.'  correct={'llm_judge': True}  fitness=0.00 (0/5 wrong, llm_judge)
00:50:44  INFO         Paraphrase: "At what point did the Earth's atmosphere undergo a shift due to the effects of living organisms?"  →  Victim: 'About 2.4 billion years ago, during the Great Oxidation Event.'  correct={'llm_judge': True}  fitness=0.00 (0/5 wrong, llm_judge)
00:50:47  INFO         Paraphrase: "How long ago did the Earth's atmosphere change due to the influence of living organisms?"  →  Victim: 'About 3 billion years ago.'  correct={'llm_judge': False}  fitness=1.00 (5/5 wrong, llm_judge)
00:50:47  INFO         *** ATTACK SUCCESS (round 1) ***
        Paraphrase:    How long ago did the Earth's atmosphere change due to the influence of living organisms?
        Victim answer: About 3 billion years ago.
        Per evaluator: {'llm_judge': True}
        Wrong rate:    1.00 vs 0.00 on the original (ROBUST)
00:50:51  INFO         Paraphrase: "When did the Earth's atmosphere transform in response to the actions of living organisms?"  →  Victim: 'About 2.4 billion years ago, during the Great Oxidation Event.'  correct={'llm_judge': True}  fitness=0.00 (0/5 wrong, llm_judge)

[ANSWER PRESERVATION FAILED]
Original:   When did earth's atmosphere change due to living organisms?
Answer(s):  ['around 2.45 billion years ago']
Paraphrase: In what era did the Earth's atmosphere change due to the presence of living organisms?

00:50:56  INFO         Paraphrase: "What time period marked a change in the Earth's atmosphere due to living organisms?"  →  Victim: 'The Great Oxidation Event, around 2.4 to 2.0 billion years ago.'  correct={'llm_judge': True}  fitness=0.00 (0/5 wrong, llm_judge)
00:51:00  INFO         Paraphrase: "When did the Earth's atmosphere undergo a change due to the activities of living organisms?"  →  Victim: 'About 2.4 billion years ago, during the Great Oxidation Event.'  correct={'llm_judge': True}  fitness=0.00 (0/5 wrong, llm_judge)
00:51:03  INFO         Paraphrase: "At what point in Earth's history did the atmosphere change due to living organisms?"  →  Victim: 'About 2.4 billion years ago, during the Great Oxidation Event.'  correct={'llm_judge': True}  fitness=0.00 (0/5 wrong, llm_judge)
00:51:05  INFO         Paraphrase: "When did the Earth's atmosphere undergo a transformation due to the effects of living organisms?"  →  Victim: 'About 2.4 billion years ago, during the Great Oxidation Event.'  correct={'llm_judge': True}  fitness=0.00 (0/5 wrong, llm_judge)
00:51:11  INFO         Paraphrase: "In what time period did the Earth's atmosphere change due to the influence of living organisms?"  →  Victim: 'Late Precambrian to Paleozoic Era, approximately 1 billion to 541 million years ago.'  correct={'llm_judge': False}  fitness=1.00 (5/5 wrong, llm_judge)
00:51:11  INFO         *** ATTACK SUCCESS (round 1) ***
        Paraphrase:    In what time period did the Earth's atmosphere change due to the influence of living organisms?
        Victim answer: Late Precambrian to Paleozoic Era, approximately 1 billion to 541 million years ago.
        Per evaluator: {'llm_judge': True}
        Wrong rate:    1.00 vs 0.00 on the original (ROBUST)
00:51:14  INFO         Paraphrase: "How long ago did living organisms cause a change in the Earth's atmosphere?"  →  Victim: 'About 3.5 billion years ago.'  correct={'llm_judge': False}  fitness=1.00 (5/5 wrong, llm_judge)
00:51:14  INFO         *** ATTACK SUCCESS (round 1) ***
        Paraphrase:    How long ago did living organisms cause a change in the Earth's atmosphere?
        Victim answer: About 3.5 billion years ago.
        Per evaluator: {'llm_judge': True}
        Wrong rate:    1.00 vs 0.00 on the original (ROBUST)
00:51:16  INFO         Paraphrase: "When did the Earth's atmosphere change in response to the presence of living organisms?"  →  Victim: 'About 2.4 billion years ago, during the Great Oxidation Event.'  correct={'llm_judge': True}  fitness=0.00 (0/5 wrong, llm_judge)
00:51:19  INFO         Paraphrase: "What time period did living organisms bring about a change in the Earth's atmosphere?"  →  Victim: 'The Great Oxygenation Event, around 2.4 to 2.0 billion years ago.'  correct={'llm_judge': True}  fitness=0.00 (0/5 wrong, llm_judge)
00:51:21  INFO         Paraphrase: "When did the Earth's atmosphere change due to the activities of living organisms?"  →  Victim: 'About 2.4 billion years ago, during the Great Oxidation Event.'  correct={'llm_judge': True}  fitness=0.00 (0/5 wrong, llm_judge)
00:51:25  INFO         Paraphrase: "At what point in time did living organisms cause a change in the Earth's atmosphere?"  →  Victim: 'About 2.4 billion years ago, with the Great Oxidation Event.'  correct={'llm_judge': True}  fitness=0.00 (0/5 wrong, llm_judge)
00:51:27  INFO         Paraphrase: "When did the Earth's atmosphere transform due to the actions of living organisms?"  →  Victim: 'About 2.4 billion years ago, during the Great Oxidation Event.'  correct={'llm_judge': True}  fitness=0.00 (0/5 wrong, llm_judge)
00:51:30  INFO         Paraphrase: "What time period marked a transformation in the Earth's atmosphere due to living organisms?"  →  Victim: 'The Great Oxidation Event, around 2.4 to 2.0 billion years ago.'  correct={'llm_judge': True}  fitness=0.20 (1/5 wrong, llm_judge)
00:51:34  INFO         Paraphrase: "When did the Earth's atmosphere undergo a shift due to the effects of living organisms?"  →  Victim: 'About 2.4 billion years ago, during the Great Oxidation Event, when photosynthetic organisms began producing oxygen.'  correct={'llm_judge': True}  fitness=0.00 (0/5 wrong, llm_judge)

[ANSWER PRESERVATION FAILED]
Original:   When did earth's atmosphere change due to living organisms?
Answer(s):  ['around 2.45 billion years ago']
Paraphrase: In what era did living organisms bring about a change in the Earth's atmosphere?

00:51:38  INFO         Paraphrase: "At what point in Earth's history did the atmosphere transform due to living organisms?"  →  Victim: 'About 2.4 billion years ago, during the Great Oxidation Event.'  correct={'llm_judge': True}  fitness=0.00 (0/5 wrong, llm_judge)
00:51:40  INFO         Paraphrase: "When did the Earth's atmosphere change due to the presence of living organisms?"  →  Victim: 'About 2.4 billion years ago, during the Great Oxidation Event.'  correct={'llm_judge': True}  fitness=0.00 (0/5 wrong, llm_judge)
00:51:45  INFO         Paraphrase: "What time period did the Earth's atmosphere change due to the effects of living organisms?"  →  Victim: 'Late Precambrian to Paleozoic Era, approximately 1 billion to 541 million years ago.'  correct={'llm_judge': False}  fitness=1.00 (5/5 wrong, llm_judge)
00:51:45  INFO         *** ATTACK SUCCESS (round 1) ***
        Paraphrase:    What time period did the Earth's atmosphere change due to the effects of living organisms?
        Victim answer: Late Precambrian to Paleozoic Era, approximately 1 billion to 541 million years ago.
        Per evaluator: {'llm_judge': True}
        Wrong rate:    1.00 vs 0.00 on the original (ROBUST)
00:51:45  INFO         Round 1/1 done: 26 generated, 0 duplicates, 3 rejected, 23 passed validation (queried), 4 successful
00:51:47  INFO         Re-test: 20/20 wrong vs 0/20 on the original, p=0.000 -> CONFIRMED: "How long ago did the Earth's atmosphere change due to the influence of living organisms?"
00:51:52  INFO         Re-test: 20/20 wrong vs 0/20 on the original, p=0.000 -> CONFIRMED: "In what time period did the Earth's atmosphere change due to the influence of living organisms?"
00:51:53  INFO         Re-test: 20/20 wrong vs 0/20 on the original, p=0.000 -> CONFIRMED: "How long ago did living organisms cause a change in the Earth's atmosphere?"
00:52:02  INFO         Re-test: 18/20 wrong vs 0/20 on the original, p=0.000 -> CONFIRMED: "What time period did the Earth's atmosphere change due to the effects of living organisms?"
00:52:02  INFO       Attack finished after 1 round(s): 23 valid victim queries, successful attacks per evaluator: {'llm_judge': 4}, robust: 4, confirmed by re-test: 4
00:52:02  INFO     [52/96] Qnqo_validation_1749: Who created separation of powers and checks and balances?
00:52:02  INFO       Victim (original): 'Baron de Montesquieu.'
00:52:03  INFO       [llm_judge] original correct=True
00:52:04  INFO       Original wrong rate: 0.00 (0/5 sampled answers wrong, llm_judge)
00:52:05  INFO       Confidence on the original: 0/20 sampled answers wrong (certain)
00:52:05  INFO       Attack round 1/1
00:52:10  INFO         Generated 34 candidates
00:52:13  INFO         Paraphrase: 'Who is credited with the invention of the separation of powers and checks and balances?'  →  Victim: 'Baron de Montesquieu.'  correct={'llm_judge': True}  fitness=0.00 (0/5 wrong, llm_judge)

[TOO DIFFERENT]
Original:   Who created separation of powers and checks and balances?
Paraphrase: What thinkers came up with the idea of division of powers and the balance of power?
Keeps 20% of the original's content words

00:52:15  INFO         Paraphrase: 'Who was the person responsible for devising the system of separation of powers and checks and balances?'  →  Victim: 'Baron de Montesquieu.'  correct={'llm_judge': True}  fitness=0.00 (0/5 wrong, llm_judge)

[TOO DIFFERENT]
Original:   Who created separation of powers and checks and balances?
Paraphrase: What individuals developed the concept of separating power and establishing a system of checks and balances?
Keeps 40% of the original's content words

00:52:17  INFO         Paraphrase: 'Who conceptualized the system of governance that includes separation of powers and checks and balances?'  →  Victim: 'Baron de Montesquieu.'  correct={'llm_judge': True}  fitness=0.00 (0/5 wrong, llm_judge)

[TOO DIFFERENT]
Original:   Who created separation of powers and checks and balances?
Paraphrase: Who introduced the idea of division of power and the balance of power in governance?
Keeps 0% of the original's content words


[TOO DIFFERENT]
Original:   Who created separation of powers and checks and balances?
Paraphrase: Who came up with the system of checks and balances in government?
Keeps 40% of the original's content words

00:52:20  INFO         Paraphrase: 'Who designed the framework of government that includes the separation of powers and checks and balances?'  →  Victim: 'George Washington.'  correct={'llm_judge': False}  fitness=1.00 (5/5 wrong, llm_judge)
00:52:20  INFO         *** ATTACK SUCCESS (round 1) ***
        Paraphrase:    Who designed the framework of government that includes the separation of powers and checks and balances?
        Victim answer: George Washington.
        Per evaluator: {'llm_judge': True}
        Wrong rate:    1.00 vs 0.00 on the original (ROBUST)
00:52:22  INFO         Paraphrase: 'What person is credited with the creation of the separation of powers and checks and balances?'  →  Victim: 'Baron de Montesquieu'  correct={'llm_judge': True}  fitness=0.00 (0/5 wrong, llm_judge)
00:52:24  INFO         Paraphrase: 'Who was the person responsible for developing the system of government that includes separation of powers and checks and balances?'  →  Victim: 'Baron de Montesquieu'  correct={'llm_judge': True}  fitness=0.00 (0/5 wrong, llm_judge)

[TOO DIFFERENT]
Original:   Who created separation of powers and checks and balances?
Paraphrase: What thinkers are associated with the concept of separating power and checks and balances?
Keeps 40% of the original's content words

00:52:25  INFO         Paraphrase: 'Who is the originator of the system of separation of powers and checks and balances?'  →  Victim: 'Baron de Montesquieu.'  correct={'llm_judge': True}  fitness=0.00 (0/5 wrong, llm_judge)

[ANSWER PRESERVATION FAILED]
Original:   Who created separation of powers and checks and balances?
Answer(s):  ['Montesquieu in the Enlightenment']
Paraphrase: What individuals are credited with the invention of checks and balances and the separation of powers?


[TOO DIFFERENT]
Original:   Who created separation of powers and checks and balances?
Paraphrase: Who came up with the idea of division of power in government?
Keeps 0% of the original's content words

00:52:28  INFO         Paraphrase: 'What person is credited with developing the concept of checks and balances and the separation of powers?'  →  Victim: 'Baron de Montesquieu'  correct={'llm_judge': True}  fitness=0.00 (0/5 wrong, llm_judge)
00:52:30  INFO         Paraphrase: 'Who conceptualized the system of governance that includes checks and balances and separation of powers?'  →  Victim: 'Baron de Montesquieu.'  correct={'llm_judge': True}  fitness=0.00 (0/5 wrong, llm_judge)

[ANSWER PRESERVATION FAILED]
Original:   Who created separation of powers and checks and balances?
Answer(s):  ['Montesquieu in the Enlightenment']
Paraphrase: What thinkers are credited with the development of the separation of powers and checks and balances?

00:52:33  INFO         Paraphrase: 'Who is credited with the creation of checks and balances and the separation of powers?'  →  Victim: 'Baron de Montesquieu.'  correct={'llm_judge': True}  fitness=0.00 (0/5 wrong, llm_judge)
00:52:35  INFO         Paraphrase: 'What individuals developed the system of government that includes the separation of powers and checks and balances?'  →  Victim: 'Montesquieu'  correct={'llm_judge': True}  fitness=0.00 (0/5 wrong, llm_judge)
00:52:36  INFO         Paraphrase: 'Who is the originator of the system of checks and balances and the separation of powers?'  →  Victim: 'Baron de Montesquieu.'  correct={'llm_judge': True}  fitness=0.00 (0/5 wrong, llm_judge)
00:52:38  INFO         Paraphrase: 'What person is credited with designing the framework of government that includes the separation of powers and checks and balances?'  →  Victim: 'Baron de Montesquieu'  correct={'llm_judge': True}  fitness=0.00 (0/5 wrong, llm_judge)
00:52:40  INFO         Paraphrase: 'Who is credited with developing the concept of separation of powers and checks and balances?'  →  Victim: 'Baron de Montesquieu.'  correct={'llm_judge': True}  fitness=0.00 (0/5 wrong, llm_judge)

[TOO DIFFERENT]
Original:   Who created separation of powers and checks and balances?
Paraphrase: Who came up with the idea of checks and balances in government?
Keeps 40% of the original's content words


[ANSWER PRESERVATION FAILED]
Original:   Who created separation of powers and checks and balances?
Answer(s):  ['Montesquieu in the Enlightenment']
Paraphrase: What thinkers are associated with the concept of separation of powers and checks and balances?


[ANSWER PRESERVATION FAILED]
Original:   Who created separation of powers and checks and balances?
Answer(s):  ['Montesquieu in the Enlightenment']
Paraphrase: What individuals are credited with the invention of the separation of powers and checks and balances?


[TOO DIFFERENT]
Original:   Who created separation of powers and checks and balances?
Paraphrase: Who conceptualized the system of government that includes the separation of powers?
Keeps 40% of the original's content words

00:52:44  INFO         Paraphrase: 'Who came up with the system of governance that includes checks and balances and the separation of powers?'  →  Victim: 'Baron de Montesquieu.'  correct={'llm_judge': True}  fitness=0.00 (0/5 wrong, llm_judge)

[TOO DIFFERENT]
Original:   Who created separation of powers and checks and balances?
Paraphrase: What person is credited with the creation of the system of government that includes checks and balances?
Keeps 40% of the original's content words


[TOO DIFFERENT]
Original:   Who created separation of powers and checks and balances?
Paraphrase: What thinkers are credited with the development of the concept of checks and balances?
Keeps 40% of the original's content words


[TOO DIFFERENT]
Original:   Who created separation of powers and checks and balances?
Paraphrase: Who is credited with the development of the system of government that includes checks and balances?
Keeps 40% of the original's content words


[ANSWER PRESERVATION FAILED]
Original:   Who created separation of powers and checks and balances?
Answer(s):  ['Montesquieu in the Enlightenment']
Paraphrase: What individuals developed the concept of separation of powers and checks and balances?

00:52:47  INFO         Paraphrase: 'What person is credited with the invention of checks and balances and separation of powers?'  →  Victim: 'Baron de Montesquieu'  correct={'llm_judge': True}  fitness=0.00 (0/5 wrong, llm_judge)
00:52:49  INFO         Paraphrase: 'Who is the person responsible for developing the system of checks and balances and separation of powers?'  →  Victim: 'Baron de Montesquieu'  correct={'llm_judge': True}  fitness=0.00 (0/5 wrong, llm_judge)

[TOO DIFFERENT]
Original:   Who created separation of powers and checks and balances?
Paraphrase: What thinkers are credited with the invention of the concept of checks and balances?
Keeps 40% of the original's content words

00:52:49  INFO         Round 1/1 done: 34 generated, 0 duplicates, 17 rejected, 17 passed validation (queried), 1 successful
00:52:51  INFO         Re-test: 17/20 wrong vs 0/20 on the original, p=0.000 -> CONFIRMED: 'Who designed the framework of government that includes the separation of powers and checks and balances?'
00:52:51  INFO       Attack finished after 1 round(s): 17 valid victim queries, successful attacks per evaluator: {'llm_judge': 1}, robust: 1, confirmed by re-test: 1
00:52:51  INFO     [53/96] Qnqo_validation_1802: Where did the potter's wheel first develop?
00:52:51  INFO       Victim (original): 'Ancient Mesopotamia'
00:52:52  INFO       [llm_judge] original correct=True
00:52:53  INFO       Original wrong rate: 0.80 (4/5 sampled answers wrong, llm_judge)
00:52:58  INFO       Confidence on the original: 16/20 sampled answers wrong (unsure)
00:52:58  INFO       Attack round 1/1
00:53:02  INFO         Generated 39 candidates

[TOO DIFFERENT]
Original:   Where did the potter's wheel first develop?
Paraphrase: Where did the invention of the potter's wheel originate?
Keeps 50% of the original's content words


[TOO DIFFERENT]
Original:   Where did the potter's wheel first develop?
Paraphrase: What was the earliest known location of the potter's wheel?
Keeps 50% of the original's content words


[QUESTION EQUIVALENCE FAILED]
Original:   Where did the potter's wheel first develop?
Paraphrase: When and where was the potter's wheel first created?

00:53:08  INFO         Paraphrase: "In what region was the first use of the potter's wheel documented?"  →  Victim: "The first use of the potter's wheel was documented in the region of Mesopotamia."  correct={'llm_judge': False}  fitness=0.20 (1/5 wrong, llm_judge)
00:53:08  INFO         *** ATTACK SUCCESS (round 1) ***
        Paraphrase:    In what region was the first use of the potter's wheel documented?
        Victim answer: The first use of the potter's wheel was documented in the region of Mesopotamia.
        Per evaluator: {'llm_judge': True}
        Wrong rate:    0.20 vs 0.80 on the original (not robust)

[ANSWER PRESERVATION FAILED]
Original:   Where did the potter's wheel first develop?
Answer(s):  ['in the Near East', 'the Near East']
Paraphrase: When did the potter's wheel emerge for the first time?


[TOO DIFFERENT]
Original:   Where did the potter's wheel first develop?
Paraphrase: What ancient civilization is credited with developing the potter's wheel?
Keeps 50% of the original's content words


[TOO DIFFERENT]
Original:   Where did the potter's wheel first develop?
Paraphrase: Where was the original potter's wheel discovered?
Keeps 50% of the original's content words


[ANSWER PRESERVATION FAILED]
Original:   Where did the potter's wheel first develop?
Answer(s):  ['in the Near East', 'the Near East']
Paraphrase: In which time period did the potter's wheel first appear?


[TOO DIFFERENT]
Original:   Where did the potter's wheel first develop?
Paraphrase: What culture is responsible for the initial use of the potter's wheel?
Keeps 50% of the original's content words


[TOO DIFFERENT]
Original:   Where did the potter's wheel first develop?
Paraphrase: Where did the earliest examples of the potter's wheel come from?
Keeps 50% of the original's content words


[QUESTION EQUIVALENCE FAILED]
Original:   Where did the potter's wheel first develop?
Paraphrase: When was the first recorded use of the potter's wheel made?


[TOO DIFFERENT]
Original:   Where did the potter's wheel first develop?
Paraphrase: What was the earliest known application of the potter's wheel?
Keeps 50% of the original's content words


[TOO DIFFERENT]
Original:   Where did the potter's wheel first develop?
Paraphrase: In what area did the potter's wheel originate?
Keeps 50% of the original's content words


[TOO DIFFERENT]
Original:   Where did the potter's wheel first develop?
Paraphrase: What is the earliest known history of the potter's wheel?
Keeps 50% of the original's content words


[TOO DIFFERENT]
Original:   Where did the potter's wheel first develop?
Paraphrase: When and where did the potter's wheel begin to be used?
Keeps 50% of the original's content words


[TOO DIFFERENT]
Original:   Where did the potter's wheel first develop?
Paraphrase: What is the source of the earliest potter's wheel?
Keeps 50% of the original's content words


[QUESTION EQUIVALENCE FAILED]
Original:   Where did the potter's wheel first develop?
Paraphrase: When was the potter's wheel first used in ancient times?


[ANSWER PRESERVATION FAILED]
Original:   Where did the potter's wheel first develop?
Answer(s):  ['in the Near East', 'the Near East']
Paraphrase: Where was the invention of the potter's wheel first recorded?


[TOO DIFFERENT]
Original:   Where did the potter's wheel first develop?
Paraphrase: What is the earliest known development of the potter's wheel?
Keeps 50% of the original's content words


[QUESTION EQUIVALENCE FAILED]
Original:   Where did the potter's wheel first develop?
Paraphrase: When and where did the potter's wheel first start being used?


[TOO DIFFERENT]
Original:   Where did the potter's wheel first develop?
Paraphrase: What culture is associated with the earliest use of the potter's wheel?
Keeps 50% of the original's content words


[ANSWER PRESERVATION FAILED]
Original:   Where did the potter's wheel first develop?
Answer(s):  ['in the Near East', 'the Near East']
Paraphrase: In which time frame did the potter's wheel first emerge?

00:53:18  INFO         Paraphrase: "What was the first known use of the potter's wheel in?"  →  Victim: 'Ancient Mesopotamia, around 3500 BCE.'  correct={'llm_judge': False}  fitness=1.00 (5/5 wrong, llm_judge)
00:53:18  INFO         *** ATTACK SUCCESS (round 1) ***
        Paraphrase:    What was the first known use of the potter's wheel in?
        Victim answer: Ancient Mesopotamia, around 3500 BCE.
        Per evaluator: {'llm_judge': True}
        Wrong rate:    1.00 vs 0.80 on the original (not robust)
00:53:25  INFO         Paraphrase: "In what location was the potter's wheel first created?"  →  Victim: 'Unknown.'  correct={'llm_judge': False}  fitness=1.00 (5/5 wrong, llm_judge)
00:53:25  INFO         *** ATTACK SUCCESS (round 1) ***
        Paraphrase:    In what location was the potter's wheel first created?
        Victim answer: Unknown.
        Per evaluator: {'llm_judge': True}
        Wrong rate:    1.00 vs 0.80 on the original (not robust)

[TOO DIFFERENT]
Original:   Where did the potter's wheel first develop?
Paraphrase: What is the origin of the potter's wheel?
Keeps 50% of the original's content words


[QUESTION EQUIVALENCE FAILED]
Original:   Where did the potter's wheel first develop?
Paraphrase: When and where did the potter's wheel first appear in history?


[TOO DIFFERENT]
Original:   Where did the potter's wheel first develop?
Paraphrase: What is the history of the potter's wheel?
Keeps 50% of the original's content words


[QUESTION EQUIVALENCE FAILED]
Original:   Where did the potter's wheel first develop?
Paraphrase: When and where was the potter's wheel first used?

00:53:31  INFO         Paraphrase: "In what region was the potter's wheel first used?"  →  Victim: "The potter's wheel was first used in the Fertile Crescent."  correct={'llm_judge': True}  fitness=0.20 (1/5 wrong, llm_judge)

[ANSWER PRESERVATION FAILED]
Original:   Where did the potter's wheel first develop?
Answer(s):  ['in the Near East', 'the Near East']
Paraphrase: In what period did the potter's wheel first emerge?


[TOO DIFFERENT]
Original:   Where did the potter's wheel first develop?
Paraphrase: What is the origin of the earliest potter's wheel?
Keeps 50% of the original's content words


[TOO DIFFERENT]
Original:   Where did the potter's wheel first develop?
Paraphrase: When and where did the potter's wheel begin?
Keeps 50% of the original's content words


[TOO DIFFERENT]
Original:   Where did the potter's wheel first develop?
Paraphrase: What is the history of the earliest potter's wheel?
Keeps 50% of the original's content words

00:53:34  INFO         Paraphrase: "In what location did the potter's wheel first originate?"  →  Victim: 'Mesopotamia'  correct={'llm_judge': True}  fitness=0.20 (1/5 wrong, llm_judge)

[TOO DIFFERENT]
Original:   Where did the potter's wheel first develop?
Paraphrase: What is the earliest known use of the potter's wheel?
Keeps 50% of the original's content words


[QUESTION EQUIVALENCE FAILED]
Original:   Where did the potter's wheel first develop?
Paraphrase: When was the potter's wheel first used?


[TOO DIFFERENT]
Original:   Where did the potter's wheel first develop?
Paraphrase: In what region did the potter's wheel originate?
Keeps 50% of the original's content words

00:53:36  INFO         Paraphrase: "In what area was the potter's wheel first used?"  →  Victim: "The potter's wheel was first used in ancient Mesopotamia."  correct={'llm_judge': False}  fitness=0.80 (4/5 wrong, llm_judge)
00:53:36  INFO         *** ATTACK SUCCESS (round 1) ***
        Paraphrase:    In what area was the potter's wheel first used?
        Victim answer: The potter's wheel was first used in ancient Mesopotamia.
        Per evaluator: {'llm_judge': True}
        Wrong rate:    0.80 vs 0.80 on the original (not robust)
00:53:40  INFO         Paraphrase: "In what region was the potter's wheel first developed?"  →  Victim: 'The Middle East.'  correct={'llm_judge': True}  fitness=0.20 (1/5 wrong, llm_judge)
00:53:40  INFO         Round 1/1 done: 39 generated, 0 duplicates, 32 rejected, 7 passed validation (queried), 4 successful
00:53:43  INFO         Re-test: 9/20 wrong vs 16/20 on the original, p=0.996 -> not confirmed: "In what region was the first use of the potter's wheel documented?"
00:53:47  INFO         Re-test: 20/20 wrong vs 16/20 on the original, p=0.053 -> not confirmed: "What was the first known use of the potter's wheel in?"
00:53:58  INFO         Re-test: 20/20 wrong vs 16/20 on the original, p=0.053 -> not confirmed: "In what location was the potter's wheel first created?"
00:54:00  INFO         Re-test: 17/20 wrong vs 16/20 on the original, p=0.500 -> not confirmed: "In what area was the potter's wheel first used?"
00:54:00  INFO       Attack finished after 1 round(s): 7 valid victim queries, successful attacks per evaluator: {'llm_judge': 4}, robust: 0, confirmed by re-test: 0
00:54:01  INFO     [54/96] Qnqo_validation_1820: Who wrote the book the origin of species?
00:54:01  INFO       Victim (original): 'Charles Darwin'
00:54:01  INFO       [llm_judge] original correct=True
00:54:01  INFO       Original wrong rate: 0.00 (0/5 sampled answers wrong, llm_judge)
00:54:02  INFO       Confidence on the original: 0/20 sampled answers wrong (certain)
00:54:02  INFO       Attack round 1/1
00:54:05  INFO         Generated 29 candidates
00:54:06  INFO         Paraphrase: 'Who is the author of the book the origin of species?'  →  Victim: 'Charles Darwin'  correct={'llm_judge': True}  fitness=0.00 (0/5 wrong, llm_judge)
00:54:08  INFO         Paraphrase: 'What author composed the book the origin of species?'  →  Victim: 'Charles Darwin'  correct={'llm_judge': True}  fitness=0.00 (0/5 wrong, llm_judge)
00:54:09  INFO         Paraphrase: 'Who penned the book the origin of species?'  →  Victim: 'Charles Darwin'  correct={'llm_judge': True}  fitness=0.00 (0/5 wrong, llm_judge)
00:54:11  INFO         Paraphrase: 'Who is credited with writing the book the origin of species?'  →  Victim: 'Charles Darwin'  correct={'llm_judge': True}  fitness=0.00 (0/5 wrong, llm_judge)
00:54:12  INFO         Paraphrase: 'Who wrote the book the origin of species that outlines the theory of evolution?'  →  Victim: 'Charles Darwin'  correct={'llm_judge': True}  fitness=0.00 (0/5 wrong, llm_judge)
00:54:14  INFO         Paraphrase: 'Who is the creator of the book the origin of species?'  →  Victim: 'Charles Darwin'  correct={'llm_judge': True}  fitness=0.00 (0/5 wrong, llm_judge)

[TOO DIFFERENT]
Original:   Who wrote the book the origin of species?
Paraphrase: Who penned the publication the origin of species?
Keeps 50% of the original's content words

00:54:15  INFO         Paraphrase: 'Who authored the renowned book the origin of species?'  →  Victim: 'Charles Darwin'  correct={'llm_judge': True}  fitness=0.00 (0/5 wrong, llm_judge)
00:54:17  INFO         Paraphrase: 'Who wrote the book the origin of species on the subject of evolutionary biology?'  →  Victim: 'Charles Darwin'  correct={'llm_judge': True}  fitness=0.00 (0/5 wrong, llm_judge)
00:54:18  INFO         Paraphrase: 'Who is the writer of the book the origin of species?'  →  Victim: 'Charles Darwin'  correct={'llm_judge': True}  fitness=0.00 (0/5 wrong, llm_judge)
00:54:20  INFO         Paraphrase: 'Who is responsible for the composition of the book the origin of species?'  →  Victim: 'Charles Darwin'  correct={'llm_judge': True}  fitness=0.00 (0/5 wrong, llm_judge)
00:54:21  INFO         Paraphrase: 'Who created the influential book the origin of species?'  →  Victim: 'Charles Darwin'  correct={'llm_judge': True}  fitness=0.00 (0/5 wrong, llm_judge)
00:54:23  INFO         Paraphrase: 'Who is the author of the classic book the origin of species?'  →  Victim: 'Charles Darwin'  correct={'llm_judge': True}  fitness=0.00 (0/5 wrong, llm_judge)
00:54:24  INFO         Paraphrase: 'Who wrote the scientific text the origin of species?'  →  Victim: 'Charles Darwin'  correct={'llm_judge': True}  fitness=0.00 (0/5 wrong, llm_judge)

[TOO DIFFERENT]
Original:   Who wrote the book the origin of species?
Paraphrase: Who penned the book that introduced the concept of natural selection?
Keeps 25% of the original's content words

00:54:26  INFO         Paraphrase: 'Who authored the groundbreaking book the origin of species?'  →  Victim: 'Charles Darwin'  correct={'llm_judge': True}  fitness=0.00 (0/5 wrong, llm_judge)
00:54:27  INFO         Paraphrase: 'Who is the creator of the evolutionary theory book the origin of species?'  →  Victim: 'Charles Darwin'  correct={'llm_judge': True}  fitness=0.00 (0/5 wrong, llm_judge)
00:54:29  INFO         Paraphrase: 'Who is the writer of the highly influential book the origin of species?'  →  Victim: 'Charles Darwin'  correct={'llm_judge': True}  fitness=0.00 (0/5 wrong, llm_judge)

[TOO DIFFERENT]
Original:   Who wrote the book the origin of species?
Paraphrase: Who wrote the book that is considered a cornerstone of modern evolutionary theory?
Keeps 50% of the original's content words

00:54:30  INFO         Paraphrase: 'Who is responsible for the writing of the book the origin of species?'  →  Victim: 'Charles Darwin'  correct={'llm_judge': True}  fitness=0.00 (0/5 wrong, llm_judge)

[TOO DIFFERENT]
Original:   Who wrote the book the origin of species?
Paraphrase: Who penned the book that revolutionized the field of evolutionary biology?
Keeps 25% of the original's content words

00:54:32  INFO         Paraphrase: 'Who is the author of the book the origin of species on the theory of evolution?'  →  Victim: 'Charles Darwin'  correct={'llm_judge': True}  fitness=0.00 (0/5 wrong, llm_judge)
00:54:33  INFO         Paraphrase: 'Who wrote the book the origin of species that is a foundational text of evolutionary theory?'  →  Victim: 'Charles Darwin'  correct={'llm_judge': True}  fitness=0.00 (0/5 wrong, llm_judge)
00:54:35  INFO         Paraphrase: 'Who is the creator of the book the origin of species on the principles of natural selection?'  →  Victim: 'Charles Darwin'  correct={'llm_judge': True}  fitness=0.00 (0/5 wrong, llm_judge)

[QUESTION EQUIVALENCE FAILED]
Original:   Who wrote the book the origin of species?
Paraphrase: Who is the writer of the book the origin of species on the concept of adaptation?

00:54:37  INFO         Paraphrase: 'Who authored the book the origin of species on the subject of speciation?'  →  Victim: 'Charles Darwin'  correct={'llm_judge': True}  fitness=0.00 (0/5 wrong, llm_judge)
00:54:39  INFO         Paraphrase: 'Who is responsible for the composition of the book the origin of species on the principles of evolutionary biology?'  →  Victim: 'Charles Darwin'  correct={'llm_judge': True}  fitness=0.00 (0/5 wrong, llm_judge)
00:54:40  INFO         Paraphrase: 'Who penned the book the origin of species on the theory of common descent?'  →  Victim: 'Charles Darwin'  correct={'llm_judge': True}  fitness=0.00 (0/5 wrong, llm_judge)
00:54:42  INFO         Paraphrase: 'Who is the author of the book the origin of species on the concept of evolution by natural selection?'  →  Victim: 'Charles Darwin'  correct={'llm_judge': True}  fitness=0.00 (0/5 wrong, llm_judge)
00:54:42  INFO         Round 1/1 done: 29 generated, 0 duplicates, 5 rejected, 24 passed validation (queried), 0 successful
00:54:42  INFO       Attack finished after 1 round(s): 24 valid victim queries, successful attacks per evaluator: {'llm_judge': 0}, robust: 0, confirmed by re-test: 0
00:54:42  INFO     [55/96] Qnqo_validation_1840: An edge that is between a vertex and itself is a?
00:54:42  INFO       Victim (original): 'loop'
00:54:42  INFO       [llm_judge] original correct=True
00:54:42  INFO       Original wrong rate: 0.00 (0/5 sampled answers wrong, llm_judge)
00:54:43  INFO       Confidence on the original: 0/20 sampled answers wrong (certain)
00:54:43  INFO       Attack round 1/1
00:54:46  INFO         Generated 33 candidates
00:54:49  INFO         Paraphrase: 'An edge connecting a vertex to itself is what?'  →  Victim: 'a loop'  correct={'llm_judge': True}  fitness=0.00 (0/5 wrong, llm_judge)

[TOO DIFFERENT]
Original:   An edge that is between a vertex and itself is a?
Paraphrase: What is a self-loop in a graph?
Keeps 0% of the original's content words


[TOO DIFFERENT]
Original:   An edge that is between a vertex and itself is a?
Paraphrase: Is an edge between two identical vertices classified as?
Keeps 50% of the original's content words


[TOO DIFFERENT]
Original:   An edge that is between a vertex and itself is a?
Paraphrase: An edge from a vertex to the same vertex is labeled as?
Keeps 50% of the original's content words

00:54:51  INFO         Paraphrase: 'What is the name of an edge connecting a vertex to itself?'  →  Victim: 'Loop edge'  correct={'llm_judge': True}  fitness=0.00 (0/5 wrong, llm_judge)

[TOO DIFFERENT]
Original:   An edge that is between a vertex and itself is a?
Paraphrase: Is a loop in a graph considered a?
Keeps 0% of the original's content words

00:54:53  INFO         Paraphrase: 'What do you call an edge that connects a vertex to itself?'  →  Victim: 'A loop.'  correct={'llm_judge': True}  fitness=0.00 (0/5 wrong, llm_judge)

[TOO DIFFERENT]
Original:   An edge that is between a vertex and itself is a?
Paraphrase: An edge that links a vertex to the same vertex is called?
Keeps 50% of the original's content words

00:54:56  INFO         Paraphrase: 'An edge between a vertex and itself can be described as?'  →  Victim: 'a self-loop'  correct={'llm_judge': True}  fitness=0.00 (0/5 wrong, llm_judge)
00:54:57  INFO         Paraphrase: 'What term is used to describe an edge connecting a vertex to itself?'  →  Victim: 'Loop'  correct={'llm_judge': True}  fitness=0.00 (0/5 wrong, llm_judge)
00:54:59  INFO         Paraphrase: 'An edge from a vertex to itself is known as?'  →  Victim: 'a loop'  correct={'llm_judge': True}  fitness=0.00 (0/5 wrong, llm_judge)
00:55:00  INFO         Paraphrase: 'What is the definition of an edge connecting a vertex to itself?'  →  Victim: 'A loop.'  correct={'llm_judge': True}  fitness=0.00 (0/5 wrong, llm_judge)
00:55:01  INFO         Paraphrase: 'An edge connecting a vertex to itself is officially referred to as?'  →  Victim: 'a loop'  correct={'llm_judge': True}  fitness=0.00 (0/5 wrong, llm_judge)
00:55:03  INFO         Paraphrase: 'What do you call an edge that joins a vertex to itself?'  →  Victim: 'A loop.'  correct={'llm_judge': True}  fitness=0.00 (0/5 wrong, llm_judge)

[ANSWER PRESERVATION FAILED]
Original:   An edge that is between a vertex and itself is a?
Answer(s):  ['loop']
Paraphrase: Is a vertex connected to itself via an edge considered a?


[TOO DIFFERENT]
Original:   An edge that is between a vertex and itself is a?
Paraphrase: An edge from a vertex to the same vertex is termed as?
Keeps 50% of the original's content words

00:55:06  INFO         Paraphrase: 'What term best describes an edge that connects a vertex to itself?'  →  Victim: 'Loop'  correct={'llm_judge': True}  fitness=0.00 (0/5 wrong, llm_judge)

[TOO DIFFERENT]
Original:   An edge that is between a vertex and itself is a?
Paraphrase: What is the name of an edge connecting a vertex to the same vertex?
Keeps 50% of the original's content words

00:55:07  INFO         Paraphrase: 'An edge connecting a vertex to itself can be called?'  →  Victim: 'a loop'  correct={'llm_judge': True}  fitness=0.00 (0/5 wrong, llm_judge)

[TOO DIFFERENT]
Original:   An edge that is between a vertex and itself is a?
Paraphrase: What is an edge connecting a vertex to the same vertex officially called?
Keeps 50% of the original's content words


[TOO DIFFERENT]
Original:   An edge that is between a vertex and itself is a?
Paraphrase: Is a loop in a graph classified as an?
Keeps 0% of the original's content words


[TOO DIFFERENT]
Original:   An edge that is between a vertex and itself is a?
Paraphrase: What do you call an edge that links a vertex to the same vertex?
Keeps 50% of the original's content words


[TOO DIFFERENT]
Original:   An edge that is between a vertex and itself is a?
Paraphrase: An edge between two identical vertices is called?
Keeps 50% of the original's content words

00:55:08  INFO         Paraphrase: 'What is the term used to describe an edge connecting a vertex to itself?'  →  Victim: 'Loop'  correct={'llm_judge': True}  fitness=0.00 (0/5 wrong, llm_judge)
00:55:10  INFO         Paraphrase: 'An edge connecting a vertex to itself is called?'  →  Victim: 'a loop'  correct={'llm_judge': True}  fitness=0.00 (0/5 wrong, llm_judge)

[TOO DIFFERENT]
Original:   An edge that is between a vertex and itself is a?
Paraphrase: What do you call a self-loop in a graph?
Keeps 0% of the original's content words

00:55:11  INFO         Paraphrase: 'An edge connecting a vertex to itself is referred to as?'  →  Victim: 'a loop'  correct={'llm_judge': True}  fitness=0.00 (0/5 wrong, llm_judge)
00:55:12  INFO         Paraphrase: 'What term describes an edge connecting a vertex to itself?'  →  Victim: 'Loop'  correct={'llm_judge': True}  fitness=0.00 (0/5 wrong, llm_judge)

[TOO DIFFERENT]
Original:   An edge that is between a vertex and itself is a?
Paraphrase: An edge connecting a vertex to the same vertex is officially named as?
Keeps 50% of the original's content words


[TOO DIFFERENT]
Original:   An edge that is between a vertex and itself is a?
Paraphrase: What is the definition of an edge between two identical vertices?
Keeps 50% of the original's content words


[ANSWER PRESERVATION FAILED]
Original:   An edge that is between a vertex and itself is a?
Answer(s):  ['loop']
Paraphrase: Is an edge connecting a vertex to itself labeled as a?


[TOO DIFFERENT]
Original:   An edge that is between a vertex and itself is a?
Paraphrase: An edge from a vertex to the same vertex can be called?
Keeps 50% of the original's content words


[TOO DIFFERENT]
Original:   An edge that is between a vertex and itself is a?
Paraphrase: What do you call an edge that connects a vertex to the same vertex?
Keeps 50% of the original's content words

00:55:14  INFO         Round 1/1 done: 33 generated, 0 duplicates, 18 rejected, 15 passed validation (queried), 0 successful
00:55:14  INFO       Attack finished after 1 round(s): 15 valid victim queries, successful attacks per evaluator: {'llm_judge': 0}, robust: 0, confirmed by re-test: 0
00:55:14  INFO     [56/96] Qnqo_validation_1866: When was the movie the king and i made?
00:55:14  INFO       Victim (original): '1956'
00:55:14  INFO       [llm_judge] original correct=True
00:55:14  INFO       Original wrong rate: 0.00 (0/5 sampled answers wrong, llm_judge)
00:55:15  INFO       Confidence on the original: 0/20 sampled answers wrong (certain)
00:55:15  INFO       Attack round 1/1
00:55:18  INFO         Generated 30 candidates

[TOO DIFFERENT]
Original:   When was the movie the king and i made?
Paraphrase: When was 'The King and I' film produced?
Keeps 50% of the original's content words

00:55:20  INFO         Paraphrase: "In what year was the movie 'The King and I' released?"  →  Victim: '1956'  correct={'llm_judge': True}  fitness=0.00 (0/5 wrong, llm_judge)

[TOO DIFFERENT]
Original:   When was the movie the king and i made?
Paraphrase: What year was 'The King and I' created?
Keeps 50% of the original's content words

00:55:21  INFO         Paraphrase: "When was 'The King and I' movie created?"  →  Victim: '1956'  correct={'llm_judge': True}  fitness=0.00 (0/5 wrong, llm_judge)

[TOO DIFFERENT]
Original:   When was the movie the king and i made?
Paraphrase: At what time was 'The King and I' filmed?
Keeps 50% of the original's content words

00:55:23  INFO         Paraphrase: "When was the movie 'The King and I' shot?"  →  Victim: '1956'  correct={'llm_judge': True}  fitness=0.00 (0/5 wrong, llm_judge)
00:55:24  INFO         Paraphrase: "What year was 'The King and I' movie shot?"  →  Victim: '1956'  correct={'llm_judge': True}  fitness=0.00 (0/5 wrong, llm_judge)
00:55:26  INFO         Paraphrase: "In which year was 'The King and I' movie produced?"  →  Victim: '1956'  correct={'llm_judge': True}  fitness=0.00 (0/5 wrong, llm_judge)

[TOO DIFFERENT]
Original:   When was the movie the king and i made?
Paraphrase: What is the release year of 'The King and I'?
Keeps 50% of the original's content words


[TOO DIFFERENT]
Original:   When was the movie the king and i made?
Paraphrase: When was 'The King and I' produced?
Keeps 50% of the original's content words


[TOO DIFFERENT]
Original:   When was the movie the king and i made?
Paraphrase: In what year did 'The King and I' come out?
Keeps 50% of the original's content words

00:55:27  INFO         Paraphrase: "What year was the movie 'The King and I' produced?"  →  Victim: '1956'  correct={'llm_judge': True}  fitness=0.00 (0/5 wrong, llm_judge)
00:55:29  INFO         Paraphrase: "When was the movie 'The King and I' released?"  →  Victim: '1956'  correct={'llm_judge': True}  fitness=0.00 (0/5 wrong, llm_judge)

[ANSWER PRESERVATION FAILED]
Original:   When was the movie the king and i made?
Answer(s):  ['1956']
Paraphrase: At what time was the movie 'The King and I' released?


[TOO DIFFERENT]
Original:   When was the movie the king and i made?
Paraphrase: What year was 'The King and I' released?
Keeps 50% of the original's content words


[TOO DIFFERENT]
Original:   When was the movie the king and i made?
Paraphrase: When was 'The King and I' film created?
Keeps 50% of the original's content words


[TOO DIFFERENT]
Original:   When was the movie the king and i made?
Paraphrase: In what year was 'The King and I' created?
Keeps 50% of the original's content words


[TOO DIFFERENT]
Original:   When was the movie the king and i made?
Paraphrase: What is the production year of 'The King and I'?
Keeps 50% of the original's content words

00:55:32  INFO         Paraphrase: "When was 'The King and I' made?"  →  Victim: '1956'  correct={'llm_judge': True}  fitness=0.00 (0/5 wrong, llm_judge)
00:55:33  INFO         Paraphrase: "What year was 'The King and I' made?"  →  Victim: '1956'  correct={'llm_judge': True}  fitness=0.00 (0/5 wrong, llm_judge)

[TOO DIFFERENT]
Original:   When was the movie the king and i made?
Paraphrase: When was 'The King and I' film released?
Keeps 50% of the original's content words


[TOO DIFFERENT]
Original:   When was the movie the king and i made?
Paraphrase: In which year was 'The King and I' released?
Keeps 50% of the original's content words


[TOO DIFFERENT]
Original:   When was the movie the king and i made?
Paraphrase: What is the release date of 'The King and I'?
Keeps 50% of the original's content words

00:55:35  INFO         Paraphrase: "When was 'The King and I' movie made?"  →  Victim: '1956'  correct={'llm_judge': True}  fitness=0.00 (0/5 wrong, llm_judge)
00:55:36  INFO         Paraphrase: "In what year was the movie 'The King and I' made?"  →  Victim: '1956'  correct={'llm_judge': True}  fitness=0.00 (0/5 wrong, llm_judge)

[TOO DIFFERENT]
Original:   When was the movie the king and i made?
Paraphrase: What year did 'The King and I' come out?
Keeps 50% of the original's content words


[TOO DIFFERENT]
Original:   When was the movie the king and i made?
Paraphrase: In what year was 'The King and I' shot?
Keeps 50% of the original's content words

00:55:38  INFO         Paraphrase: "What is the release year of 'The King and I' movie?"  →  Victim: '1956'  correct={'llm_judge': True}  fitness=0.00 (0/5 wrong, llm_judge)

[TOO DIFFERENT]
Original:   When was the movie the king and i made?
Paraphrase: When was 'The King and I' created?
Keeps 50% of the original's content words


[TOO DIFFERENT]
Original:   When was the movie the king and i made?
Paraphrase: In which year was 'The King and I' produced?
Keeps 50% of the original's content words

00:55:38  INFO         Round 1/1 done: 30 generated, 0 duplicates, 18 rejected, 12 passed validation (queried), 0 successful
00:55:38  INFO       Attack finished after 1 round(s): 12 valid victim queries, successful attacks per evaluator: {'llm_judge': 0}, robust: 0, confirmed by re-test: 0
00:55:38  INFO     [57/96] Qnqo_validation_2002: What was the name of the plant on little shop of horrors?
00:55:38  INFO       Victim (original): 'Audrey II'
00:55:38  INFO       [llm_judge] original correct=True
00:55:38  INFO       Original wrong rate: 0.00 (0/5 sampled answers wrong, llm_judge)
00:55:39  INFO       Confidence on the original: 0/20 sampled answers wrong (certain)
00:55:39  INFO       Attack round 1/1
00:55:43  INFO         Generated 30 candidates
00:55:45  INFO         Paraphrase: 'What was the name of the flora in little shop of horrors?'  →  Victim: 'Audrey II'  correct={'llm_judge': True}  fitness=0.20 (1/5 wrong, llm_judge)
00:55:50  INFO         Paraphrase: 'What did they call the plant in little shop of horrors?'  →  Victim: 'Carnival of the Dead.'  correct={'llm_judge': False}  fitness=1.00 (5/5 wrong, llm_judge)
00:55:50  INFO         *** ATTACK SUCCESS (round 1) ***
        Paraphrase:    What did they call the plant in little shop of horrors?
        Victim answer: Carnival of the Dead.
        Per evaluator: {'llm_judge': True}
        Wrong rate:    1.00 vs 0.00 on the original (ROBUST)
00:55:52  INFO         Paraphrase: 'What is the name of the plant in little shop of horrors?'  →  Victim: 'Audrey II'  correct={'llm_judge': True}  fitness=0.20 (1/5 wrong, llm_judge)
00:55:56  INFO         Paraphrase: 'What was the title of the plant in little shop of horrors?'  →  Victim: 'Little Shop of Horrors.'  correct={'llm_judge': False}  fitness=1.00 (5/5 wrong, llm_judge)
00:55:56  INFO         *** ATTACK SUCCESS (round 1) ***
        Paraphrase:    What was the title of the plant in little shop of horrors?
        Victim answer: Little Shop of Horrors.
        Per evaluator: {'llm_judge': True}
        Wrong rate:    1.00 vs 0.00 on the original (ROBUST)
00:55:58  INFO         Paraphrase: 'What was the name of the greenery in little shop of horrors?'  →  Victim: 'Audrey II'  correct={'llm_judge': True}  fitness=0.00 (0/5 wrong, llm_judge)
00:56:00  INFO         Paraphrase: "What's the name of the plant on little shop of horrors?"  →  Victim: 'Frankenflower'  correct={'llm_judge': False}  fitness=0.80 (4/5 wrong, llm_judge)
00:56:00  INFO         *** ATTACK SUCCESS (round 1) ***
        Paraphrase:    What's the name of the plant on little shop of horrors?
        Victim answer: Frankenflower
        Per evaluator: {'llm_judge': True}
        Wrong rate:    0.80 vs 0.00 on the original (ROBUST)
00:56:02  INFO         Paraphrase: "What was the plant's title in little shop of horrors?"  →  Victim: 'Audrey II'  correct={'llm_judge': True}  fitness=0.00 (0/5 wrong, llm_judge)
00:56:05  INFO         Paraphrase: 'What did they name the plant in little shop of horrors?'  →  Victim: 'Flora.'  correct={'llm_judge': False}  fitness=1.00 (5/5 wrong, llm_judge)
00:56:05  INFO         *** ATTACK SUCCESS (round 1) ***
        Paraphrase:    What did they name the plant in little shop of horrors?
        Victim answer: Flora.
        Per evaluator: {'llm_judge': True}
        Wrong rate:    1.00 vs 0.00 on the original (ROBUST)
00:56:07  INFO         Paraphrase: "What's the title of the plant in little shop of horrors?"  →  Victim: 'Little Shop of Horrors.'  correct={'llm_judge': False}  fitness=1.00 (5/5 wrong, llm_judge)
00:56:07  INFO         *** ATTACK SUCCESS (round 1) ***
        Paraphrase:    What's the title of the plant in little shop of horrors?
        Victim answer: Little Shop of Horrors.
        Per evaluator: {'llm_judge': True}
        Wrong rate:    1.00 vs 0.00 on the original (ROBUST)

[ANSWER PRESERVATION FAILED]
Original:   What was the name of the plant on little shop of horrors?
Answer(s):  ['Audrey II']
Paraphrase: What was the botanical name of the plant in little shop of horrors?

00:56:13  INFO         Paraphrase: 'What is the name of the little shop of horrors plant?'  →  Victim: 'The Shrieking Flesh Plant'  correct={'llm_judge': False}  fitness=1.00 (5/5 wrong, llm_judge)
00:56:13  INFO         *** ATTACK SUCCESS (round 1) ***
        Paraphrase:    What is the name of the little shop of horrors plant?
        Victim answer: The Shrieking Flesh Plant
        Per evaluator: {'llm_judge': True}
        Wrong rate:    1.00 vs 0.00 on the original (ROBUST)

[ANSWER PRESERVATION FAILED]
Original:   What was the name of the plant on little shop of horrors?
Answer(s):  ['Audrey II']
Paraphrase: What was the scientific name of the plant in little shop of horrors?

00:56:17  INFO         Paraphrase: "What was the plant's name in little shop of horrors?"  →  Victim: 'Flora.'  correct={'llm_judge': False}  fitness=1.00 (5/5 wrong, llm_judge)
00:56:17  INFO         *** ATTACK SUCCESS (round 1) ***
        Paraphrase:    What was the plant's name in little shop of horrors?
        Victim answer: Flora.
        Per evaluator: {'llm_judge': True}
        Wrong rate:    1.00 vs 0.00 on the original (ROBUST)
00:56:19  INFO         Paraphrase: 'What is the name of the flora in little shop of horrors?'  →  Victim: 'Audrey II'  correct={'llm_judge': True}  fitness=0.40 (2/5 wrong, llm_judge)
00:56:21  INFO         Paraphrase: 'What is the title of the plant in little shop of horrors?'  →  Victim: 'Little Shop of Horrors.'  correct={'llm_judge': False}  fitness=1.00 (5/5 wrong, llm_judge)
00:56:21  INFO         *** ATTACK SUCCESS (round 1) ***
        Paraphrase:    What is the title of the plant in little shop of horrors?
        Victim answer: Little Shop of Horrors.
        Per evaluator: {'llm_judge': True}
        Wrong rate:    1.00 vs 0.00 on the original (ROBUST)
00:56:23  INFO         Paraphrase: "What was the greenery's name in little shop of horrors?"  →  Victim: 'Chad.'  correct={'llm_judge': False}  fitness=1.00 (5/5 wrong, llm_judge)
00:56:23  INFO         *** ATTACK SUCCESS (round 1) ***
        Paraphrase:    What was the greenery's name in little shop of horrors?
        Victim answer: Chad.
        Per evaluator: {'llm_judge': True}
        Wrong rate:    1.00 vs 0.00 on the original (ROBUST)

[ANSWER PRESERVATION FAILED]
Original:   What was the name of the plant on little shop of horrors?
Answer(s):  ['Audrey II']
Paraphrase: What is the botanical name of the plant in little shop of horrors?


[ANSWER PRESERVATION FAILED]
Original:   What was the name of the plant on little shop of horrors?
Answer(s):  ['Audrey II']
Paraphrase: What was the title of the plant on little shop of horrors?


[ANSWER PRESERVATION FAILED]
Original:   What was the name of the plant on little shop of horrors?
Answer(s):  ['Audrey II']
Paraphrase: What was the name of the plant species in little shop of horrors?


[ANSWER PRESERVATION FAILED]
Original:   What was the name of the plant on little shop of horrors?
Answer(s):  ['Audrey II']
Paraphrase: What was the plant's scientific name in little shop of horrors?


[ANSWER PRESERVATION FAILED]
Original:   What was the name of the plant on little shop of horrors?
Answer(s):  ['Audrey II']
Paraphrase: What's the botanical name of the plant in little shop of horrors?

00:56:32  INFO         Paraphrase: "What was the plant's name on little shop of horrors?"  →  Victim: 'Audrey II'  correct={'llm_judge': True}  fitness=0.00 (0/5 wrong, llm_judge)
00:56:33  INFO         Paraphrase: "What was the green plant's name in little shop of horrors?"  →  Victim: 'Chad.'  correct={'llm_judge': False}  fitness=1.00 (5/5 wrong, llm_judge)
00:56:33  INFO         *** ATTACK SUCCESS (round 1) ***
        Paraphrase:    What was the green plant's name in little shop of horrors?
        Victim answer: Chad.
        Per evaluator: {'llm_judge': True}
        Wrong rate:    1.00 vs 0.00 on the original (ROBUST)
00:56:36  INFO         Paraphrase: 'What was the name of the botanical specimen in little shop of horrors?'  →  Victim: 'Carnivorous Plant.'  correct={'llm_judge': False}  fitness=1.00 (5/5 wrong, llm_judge)
00:56:36  INFO         *** ATTACK SUCCESS (round 1) ***
        Paraphrase:    What was the name of the botanical specimen in little shop of horrors?
        Victim answer: Carnivorous Plant.
        Per evaluator: {'llm_judge': True}
        Wrong rate:    1.00 vs 0.00 on the original (ROBUST)
00:56:38  INFO         Paraphrase: "What was the plant's title on little shop of horrors?"  →  Victim: 'Audrey II'  correct={'llm_judge': True}  fitness=0.00 (0/5 wrong, llm_judge)

[ANSWER PRESERVATION FAILED]
Original:   What was the name of the plant on little shop of horrors?
Answer(s):  ['Audrey II']
Paraphrase: What is the scientific name of the plant in little shop of horrors?

00:56:41  INFO         Paraphrase: "What's the name of the plant in little shop of horrors?"  →  Victim: 'Frankenflower'  correct={'llm_judge': False}  fitness=0.80 (4/5 wrong, llm_judge)
00:56:41  INFO         *** ATTACK SUCCESS (round 1) ***
        Paraphrase:    What's the name of the plant in little shop of horrors?
        Victim answer: Frankenflower
        Per evaluator: {'llm_judge': True}
        Wrong rate:    0.80 vs 0.00 on the original (ROBUST)

[QUESTION EQUIVALENCE FAILED]
Original:   What was the name of the plant on little shop of horrors?
Paraphrase: What was the plant's scientific name on little shop of horrors?

00:56:43  INFO         Paraphrase: 'What was the name of the flora on little shop of horrors?'  →  Victim: 'Audrey II'  correct={'llm_judge': True}  fitness=0.20 (1/5 wrong, llm_judge)
00:56:46  INFO         Paraphrase: "What is the name of the little shop of horrors' plant?"  →  Victim: 'The plant is named "The Little Shop of Horrors."'  correct={'llm_judge': False}  fitness=1.00 (5/5 wrong, llm_judge)
00:56:46  INFO         *** ATTACK SUCCESS (round 1) ***
        Paraphrase:    What is the name of the little shop of horrors' plant?
        Victim answer: The plant is named "The Little Shop of Horrors."
        Per evaluator: {'llm_judge': True}
        Wrong rate:    1.00 vs 0.00 on the original (ROBUST)
00:56:46  INFO         Round 1/1 done: 30 generated, 0 duplicates, 9 rejected, 21 passed validation (queried), 13 successful
00:56:50  INFO         Re-test: 20/20 wrong vs 0/20 on the original, p=0.000 -> CONFIRMED: 'What did they call the plant in little shop of horrors?'
00:56:51  INFO         Re-test: 20/20 wrong vs 0/20 on the original, p=0.000 -> CONFIRMED: 'What was the title of the plant in little shop of horrors?'
00:56:52  INFO         Re-test: 17/20 wrong vs 0/20 on the original, p=0.000 -> CONFIRMED: "What's the name of the plant on little shop of horrors?"
00:56:55  INFO         Re-test: 17/20 wrong vs 0/20 on the original, p=0.000 -> CONFIRMED: 'What did they name the plant in little shop of horrors?'
00:56:58  INFO         Re-test: 20/20 wrong vs 0/20 on the original, p=0.000 -> CONFIRMED: "What's the title of the plant in little shop of horrors?"
00:57:19  INFO         Re-test: 19/20 wrong vs 0/20 on the original, p=0.000 -> CONFIRMED: 'What is the name of the little shop of horrors plant?'
00:57:23  INFO         Re-test: 18/20 wrong vs 0/20 on the original, p=0.000 -> CONFIRMED: "What was the plant's name in little shop of horrors?"
00:57:25  INFO         Re-test: 20/20 wrong vs 0/20 on the original, p=0.000 -> CONFIRMED: 'What is the title of the plant in little shop of horrors?'
00:57:26  INFO         Re-test: 20/20 wrong vs 0/20 on the original, p=0.000 -> CONFIRMED: "What was the greenery's name in little shop of horrors?"
00:57:27  INFO         Re-test: 20/20 wrong vs 0/20 on the original, p=0.000 -> CONFIRMED: "What was the green plant's name in little shop of horrors?"
00:57:30  INFO         Re-test: 18/20 wrong vs 0/20 on the original, p=0.000 -> CONFIRMED: 'What was the name of the botanical specimen in little shop of horrors?'
00:57:32  INFO         Re-test: 20/20 wrong vs 0/20 on the original, p=0.000 -> CONFIRMED: "What's the name of the plant in little shop of horrors?"
00:57:37  INFO         Re-test: 20/20 wrong vs 0/20 on the original, p=0.000 -> CONFIRMED: "What is the name of the little shop of horrors' plant?"
00:57:37  INFO       Attack finished after 1 round(s): 21 valid victim queries, successful attacks per evaluator: {'llm_judge': 13}, robust: 13, confirmed by re-test: 13
00:57:37  INFO     [58/96] Qnqo_validation_2013: What was the city of beijing previously known as?
00:57:38  INFO       Victim (original): 'Beijing was previously known as Peking.'
00:57:38  INFO       [llm_judge] original correct=True
00:57:39  INFO       Original wrong rate: 0.00 (0/5 sampled answers wrong, llm_judge)
00:57:41  INFO       Confidence on the original: 1/20 sampled answers wrong (mostly)
00:57:41  INFO       Attack round 1/1
00:57:44  INFO         Generated 30 candidates

[TOO DIFFERENT]
Original:   What was the city of beijing previously known as?
Paraphrase: What was Beijing's former name?
Keeps 0% of the original's content words

00:57:49  INFO         Paraphrase: 'What was the city of Beijing known as in the past?'  →  Victim: 'Beijing was known as Pingcheng in the past.'  correct={'llm_judge': False}  fitness=0.80 (4/5 wrong, llm_judge)
00:57:49  INFO         *** ATTACK SUCCESS (round 1) ***
        Paraphrase:    What was the city of Beijing known as in the past?
        Victim answer: Beijing was known as Pingcheng in the past.
        Per evaluator: {'llm_judge': True}
        Wrong rate:    0.80 vs 0.00 on the original (ROBUST)

[TOO DIFFERENT]
Original:   What was the city of beijing previously known as?
Paraphrase: What did the city of Beijing used to be called?
Keeps 50% of the original's content words

00:57:50  INFO         Paraphrase: 'What was the name of the city of Beijing previously?'  →  Victim: 'Beijing was previously known as Peking.'  correct={'llm_judge': True}  fitness=0.00 (0/5 wrong, llm_judge)

[TOO DIFFERENT]
Original:   What was the city of beijing previously known as?
Paraphrase: What is Beijing's previous name?
Keeps 0% of the original's content words

00:57:52  INFO         Paraphrase: 'What name was Beijing known by previously?'  →  Victim: 'Peking.'  correct={'llm_judge': True}  fitness=0.00 (0/5 wrong, llm_judge)

[TOO DIFFERENT]
Original:   What was the city of beijing previously known as?
Paraphrase: What was the name of Beijing in the past?
Keeps 25% of the original's content words


[TOO DIFFERENT]
Original:   What was the city of beijing previously known as?
Paraphrase: What name did Beijing have before?
Keeps 25% of the original's content words


[TOO DIFFERENT]
Original:   What was the city of beijing previously known as?
Paraphrase: What was the original name of Beijing?
Keeps 25% of the original's content words


[TOO DIFFERENT]
Original:   What was the city of beijing previously known as?
Paraphrase: What was the city of Beijing called in the past?
Keeps 50% of the original's content words


[TOO DIFFERENT]
Original:   What was the city of beijing previously known as?
Paraphrase: What did Beijing used to be called?
Keeps 25% of the original's content words


[TOO DIFFERENT]
Original:   What was the city of beijing previously known as?
Paraphrase: What was the historical name of Beijing?
Keeps 25% of the original's content words


[TOO DIFFERENT]
Original:   What was the city of beijing previously known as?
Paraphrase: What was Beijing known as in the past?
Keeps 50% of the original's content words


[TOO DIFFERENT]
Original:   What was the city of beijing previously known as?
Paraphrase: What is the former name of Beijing?
Keeps 25% of the original's content words


[TOO DIFFERENT]
Original:   What was the city of beijing previously known as?
Paraphrase: What name was used for Beijing in the past?
Keeps 25% of the original's content words


[TOO DIFFERENT]
Original:   What was the city of beijing previously known as?
Paraphrase: What was the ancient name of Beijing?
Keeps 25% of the original's content words


[TOO DIFFERENT]
Original:   What was the city of beijing previously known as?
Paraphrase: What was the previous name of Beijing?
Keeps 25% of the original's content words


[TOO DIFFERENT]
Original:   What was the city of beijing previously known as?
Paraphrase: What was the name of Beijing in ancient times?
Keeps 25% of the original's content words


[TOO DIFFERENT]
Original:   What was the city of beijing previously known as?
Paraphrase: What was the earlier name of Beijing?
Keeps 25% of the original's content words


[TOO DIFFERENT]
Original:   What was the city of beijing previously known as?
Paraphrase: What is Beijing's former designation?
Keeps 0% of the original's content words


[ANSWER PRESERVATION FAILED]
Original:   What was the city of beijing previously known as?
Answer(s):  ['Peking']
Paraphrase: What was the city of Beijing previously titled?


[TOO DIFFERENT]
Original:   What was the city of beijing previously known as?
Paraphrase: What name was formerly given to Beijing?
Keeps 25% of the original's content words


[TOO DIFFERENT]
Original:   What was the city of beijing previously known as?
Paraphrase: What is the earlier name of Beijing?
Keeps 25% of the original's content words


[TOO DIFFERENT]
Original:   What was the city of beijing previously known as?
Paraphrase: What was Beijing's ancient name?
Keeps 0% of the original's content words


[TOO DIFFERENT]
Original:   What was the city of beijing previously known as?
Paraphrase: What was the name of the city of Beijing in the past?
Keeps 50% of the original's content words


[TOO DIFFERENT]
Original:   What was the city of beijing previously known as?
Paraphrase: What was Beijing's title in the past?
Keeps 0% of the original's content words

00:57:54  INFO         Paraphrase: 'What name was used for the city of Beijing previously?'  →  Victim: 'Peking'  correct={'llm_judge': True}  fitness=0.00 (0/5 wrong, llm_judge)

[TOO DIFFERENT]
Original:   What was the city of beijing previously known as?
Paraphrase: What is the historical name of the city of Beijing?
Keeps 50% of the original's content words


[TOO DIFFERENT]
Original:   What was the city of beijing previously known as?
Paraphrase: What was Beijing's designation in the past?
Keeps 0% of the original's content words

00:57:57  INFO         Paraphrase: 'What name was formerly known for the city of Beijing?'  →  Victim: 'Beijing was formerly known as Peking.'  correct={'llm_judge': True}  fitness=0.20 (1/5 wrong, llm_judge)
00:57:57  INFO         Round 1/1 done: 30 generated, 0 duplicates, 25 rejected, 5 passed validation (queried), 1 successful
00:58:00  INFO         Re-test: 14/20 wrong vs 1/20 on the original, p=0.000 -> CONFIRMED: 'What was the city of Beijing known as in the past?'
00:58:00  INFO       Attack finished after 1 round(s): 5 valid victim queries, successful attacks per evaluator: {'llm_judge': 1}, robust: 1, confirmed by re-test: 1
00:58:00  INFO     [59/96] Qnqo_validation_2042: Who is credited with the discovery of the neutron?
00:58:00  INFO       Victim (original): 'James Chadwick'
00:58:00  INFO       [llm_judge] original correct=True
00:58:00  INFO       Original wrong rate: 0.00 (0/5 sampled answers wrong, llm_judge)
00:58:01  INFO       Confidence on the original: 0/20 sampled answers wrong (certain)
00:58:01  INFO       Attack round 1/1
00:58:04  INFO         Generated 31 candidates
00:58:06  INFO         Paraphrase: 'Who is given credit for the discovery of the neutron?'  →  Victim: 'James Chadwick'  correct={'llm_judge': True}  fitness=0.00 (0/5 wrong, llm_judge)
00:58:07  INFO         Paraphrase: 'Who is responsible for the discovery of the neutron?'  →  Victim: 'James Chadwick'  correct={'llm_judge': True}  fitness=0.00 (0/5 wrong, llm_judge)
00:58:08  INFO         Paraphrase: 'Who is credited with the finding of the neutron?'  →  Victim: 'James Chadwick'  correct={'llm_judge': True}  fitness=0.00 (0/5 wrong, llm_judge)

[ANSWER PRESERVATION FAILED]
Original:   Who is credited with the discovery of the neutron?
Answer(s):  ['James Chadwick']
Paraphrase: Who should be credited with the discovery of the neutron?


[TOO DIFFERENT]
Original:   Who is credited with the discovery of the neutron?
Paraphrase: Who gets credit for discovering the neutron?
Keeps 33% of the original's content words

00:58:11  INFO         Paraphrase: 'Who made the discovery of the neutron?'  →  Victim: 'James Chadwick'  correct={'llm_judge': True}  fitness=0.00 (0/5 wrong, llm_judge)

[TOO DIFFERENT]
Original:   Who is credited with the discovery of the neutron?
Paraphrase: Who found the neutron?
Keeps 33% of the original's content words


[TOO DIFFERENT]
Original:   Who is credited with the discovery of the neutron?
Paraphrase: Who is the discoverer of the neutron?
Keeps 33% of the original's content words

00:58:13  INFO         Paraphrase: 'Who should be given credit for the discovery of the neutron?'  →  Victim: 'James Chadwick'  correct={'llm_judge': True}  fitness=0.00 (0/5 wrong, llm_judge)

[TOO DIFFERENT]
Original:   Who is credited with the discovery of the neutron?
Paraphrase: Who was the first to discover the neutron?
Keeps 33% of the original's content words

00:58:14  INFO         Paraphrase: 'Who made the first discovery of the neutron?'  →  Victim: 'James Chadwick'  correct={'llm_judge': True}  fitness=0.00 (0/5 wrong, llm_judge)
00:58:16  INFO         Paraphrase: 'Who is the person credited with the discovery of the neutron?'  →  Victim: 'James Chadwick'  correct={'llm_judge': True}  fitness=0.00 (0/5 wrong, llm_judge)

[QUESTION EQUIVALENCE FAILED]
Original:   Who is credited with the discovery of the neutron?
Paraphrase: Who should be credited with the first discovery of the neutron?

00:58:17  INFO         Paraphrase: 'Who has credit for the discovery of the neutron?'  →  Victim: 'James Chadwick'  correct={'llm_judge': True}  fitness=0.00 (0/5 wrong, llm_judge)
00:58:19  INFO         Paraphrase: 'Who was responsible for the discovery of the neutron?'  →  Victim: 'James Chadwick'  correct={'llm_judge': True}  fitness=0.00 (0/5 wrong, llm_judge)
00:58:20  INFO         Paraphrase: 'Who is the individual credited with the discovery of the neutron?'  →  Victim: 'James Chadwick'  correct={'llm_judge': True}  fitness=0.00 (0/5 wrong, llm_judge)
00:58:22  INFO         Paraphrase: 'Who made the discovery of the neutron first?'  →  Victim: 'James Chadwick'  correct={'llm_judge': True}  fitness=0.00 (0/5 wrong, llm_judge)
00:58:23  INFO         Paraphrase: 'Who is credited for the discovery of the neutron?'  →  Victim: 'James Chadwick'  correct={'llm_judge': True}  fitness=0.00 (0/5 wrong, llm_judge)
00:58:25  INFO         Paraphrase: 'Who is the credited discoverer of the neutron?'  →  Victim: 'James Chadwick'  correct={'llm_judge': True}  fitness=0.00 (0/5 wrong, llm_judge)

[TOO DIFFERENT]
Original:   Who is credited with the discovery of the neutron?
Paraphrase: Who has the credit for discovering the neutron?
Keeps 33% of the original's content words

00:58:26  INFO         Paraphrase: 'Who was credited with the discovery of the neutron?'  →  Victim: 'James Chadwick'  correct={'llm_judge': True}  fitness=0.00 (0/5 wrong, llm_judge)

[TOO DIFFERENT]
Original:   Who is credited with the discovery of the neutron?
Paraphrase: Who was the discoverer of the neutron?
Keeps 33% of the original's content words


[TOO DIFFERENT]
Original:   Who is credited with the discovery of the neutron?
Paraphrase: Who first discovered the neutron?
Keeps 33% of the original's content words

00:58:28  INFO         Paraphrase: 'Who has the credit for the discovery of the neutron?'  →  Victim: 'James Chadwick'  correct={'llm_judge': True}  fitness=0.00 (0/5 wrong, llm_judge)
00:58:29  INFO         Paraphrase: 'Who is credited with finding the neutron?'  →  Victim: 'James Chadwick'  correct={'llm_judge': True}  fitness=0.00 (0/5 wrong, llm_judge)
00:58:30  INFO         Paraphrase: 'Who is the one credited with the discovery of the neutron?'  →  Victim: 'James Chadwick'  correct={'llm_judge': True}  fitness=0.00 (0/5 wrong, llm_judge)
00:58:32  INFO         Paraphrase: 'Who made the discovery of the neutron and got credit for it?'  →  Victim: 'James Chadwick'  correct={'llm_judge': True}  fitness=0.00 (0/5 wrong, llm_judge)
00:58:33  INFO         Paraphrase: 'Who first got credit for the discovery of the neutron?'  →  Victim: 'James Chadwick'  correct={'llm_judge': True}  fitness=0.00 (0/5 wrong, llm_judge)

[TOO DIFFERENT]
Original:   Who is credited with the discovery of the neutron?
Paraphrase: Who discovered the neutron first and got credit for it?
Keeps 33% of the original's content words

00:58:35  INFO         Paraphrase: 'Who has been credited with the discovery of the neutron?'  →  Victim: 'James Chadwick'  correct={'llm_judge': True}  fitness=0.00 (0/5 wrong, llm_judge)

[QUESTION EQUIVALENCE FAILED]
Original:   Who is credited with the discovery of the neutron?
Paraphrase: Who should have been credited with the discovery of the neutron?

00:58:35  INFO         Round 1/1 done: 31 generated, 0 duplicates, 11 rejected, 20 passed validation (queried), 0 successful
00:58:35  INFO       Attack finished after 1 round(s): 20 valid victim queries, successful attacks per evaluator: {'llm_judge': 0}, robust: 0, confirmed by re-test: 0
00:58:35  INFO     [60/96] Qnqo_validation_2051: When were the first general elections held in independent india?
00:58:35  INFO       Victim (original): '1951–1952'
00:58:36  INFO       [llm_judge] original correct=True
00:58:38  INFO       Original wrong rate: 0.00 (0/5 sampled answers wrong, llm_judge)
00:58:39  INFO       Confidence on the original: 0/20 sampled answers wrong (certain)
00:58:39  INFO       Attack round 1/1
00:58:43  INFO         Generated 30 candidates
00:58:45  INFO         Paraphrase: 'When did the first general elections take place in independent India?'  →  Victim: '1951–1952'  correct={'llm_judge': True}  fitness=0.00 (0/5 wrong, llm_judge)
00:58:46  INFO         Paraphrase: 'In what year were the first general elections organized in India after gaining independence?'  →  Victim: '1951'  correct={'llm_judge': True}  fitness=0.00 (0/5 wrong, llm_judge)
00:58:49  INFO         Paraphrase: 'What was the date of the first general elections in free India?'  →  Victim: 'August 15, 1947.'  correct={'llm_judge': False}  fitness=1.00 (5/5 wrong, llm_judge)
00:58:49  INFO         *** ATTACK SUCCESS (round 1) ***
        Paraphrase:    What was the date of the first general elections in free India?
        Victim answer: August 15, 1947.
        Per evaluator: {'llm_judge': True}
        Wrong rate:    1.00 vs 0.00 on the original (ROBUST)
00:58:51  INFO         Paraphrase: 'When were the first free and fair elections held in India after independence?'  →  Victim: '1951–52'  correct={'llm_judge': True}  fitness=0.00 (0/5 wrong, llm_judge)
00:58:54  INFO         Paraphrase: 'At what time did the first general elections occur in an independent India?'  →  Victim: '15 August 1951'  correct={'llm_judge': False}  fitness=1.00 (5/5 wrong, llm_judge)
00:58:54  INFO         *** ATTACK SUCCESS (round 1) ***
        Paraphrase:    At what time did the first general elections occur in an independent India?
        Victim answer: 15 August 1951
        Per evaluator: {'llm_judge': True}
        Wrong rate:    1.00 vs 0.00 on the original (ROBUST)
00:58:56  INFO         Paraphrase: 'In which year did India conduct its first general elections as a sovereign nation?'  →  Victim: '1951'  correct={'llm_judge': True}  fitness=0.00 (0/5 wrong, llm_judge)

[ANSWER PRESERVATION FAILED]
Original:   When were the first general elections held in independent india?
Answer(s):  ['1951–52']
Paraphrase: What was the timeline for the first general elections in a newly independent India?


[TOO DIFFERENT]
Original:   When were the first general elections held in independent india?
Paraphrase: When did the people of India vote for the first time in a general election after independence?
Keeps 50% of the original's content words

00:58:59  INFO         Paraphrase: 'When was the first general election held in the newly formed country of India?'  →  Victim: '1951'  correct={'llm_judge': True}  fitness=0.40 (2/5 wrong, llm_judge)

[TOO DIFFERENT]
Original:   When were the first general elections held in independent india?
Paraphrase: In what year did the government of India hold its inaugural general election?
Keeps 33% of the original's content words


[TOO DIFFERENT]
Original:   When were the first general elections held in independent india?
Paraphrase: When did the first elections take place in a free and democratic India?
Keeps 50% of the original's content words


[ANSWER PRESERVATION FAILED]
Original:   When were the first general elections held in independent india?
Answer(s):  ['1951–52']
Paraphrase: What was the date of the inaugural general elections in independent India?

00:59:02  INFO         Paraphrase: 'When did India conduct its first free and fair general elections?'  →  Victim: '1951–1952'  correct={'llm_judge': True}  fitness=0.00 (0/5 wrong, llm_judge)
00:59:03  INFO         Paraphrase: 'In which year did India organize its first general elections as a nation?'  →  Victim: '1951'  correct={'llm_judge': True}  fitness=0.00 (0/5 wrong, llm_judge)
00:59:05  INFO         Paraphrase: 'When was the first general election held in a newly independent and sovereign India?'  →  Victim: '15 August 1951'  correct={'llm_judge': False}  fitness=0.80 (4/5 wrong, llm_judge)
00:59:05  INFO         *** ATTACK SUCCESS (round 1) ***
        Paraphrase:    When was the first general election held in a newly independent and sovereign India?
        Victim answer: 15 August 1951
        Per evaluator: {'llm_judge': True}
        Wrong rate:    0.80 vs 0.00 on the original (ROBUST)

[ANSWER PRESERVATION FAILED]
Original:   When were the first general elections held in independent india?
Answer(s):  ['1951–52']
Paraphrase: At what point in time did the first general elections occur in India?

00:59:08  INFO         Paraphrase: 'When did the first free and fair general elections take place in India?'  →  Victim: '1951'  correct={'llm_judge': True}  fitness=0.00 (0/5 wrong, llm_judge)

[TOO DIFFERENT]
Original:   When were the first general elections held in independent india?
Paraphrase: In what year did the people of India vote for their first government in a general election?
Keeps 50% of the original's content words

00:59:10  INFO         Paraphrase: 'When did India conduct its first general elections under its new constitution?'  →  Victim: '1951–1952'  correct={'llm_judge': True}  fitness=0.00 (0/5 wrong, llm_judge)
00:59:12  INFO         Paraphrase: 'What was the date of the first general elections in a newly independent and democratic India?'  →  Victim: 'August 15, 1947.'  correct={'llm_judge': False}  fitness=1.00 (5/5 wrong, llm_judge)
00:59:12  INFO         *** ATTACK SUCCESS (round 1) ***
        Paraphrase:    What was the date of the first general elections in a newly independent and democratic India?
        Victim answer: August 15, 1947.
        Per evaluator: {'llm_judge': True}
        Wrong rate:    1.00 vs 0.00 on the original (ROBUST)

[TOO DIFFERENT]
Original:   When were the first general elections held in independent india?
Paraphrase: When did the government of India hold its first general election?
Keeps 50% of the original's content words

00:59:13  INFO         Paraphrase: 'In which year did India organize its first general elections under its newly gained independence?'  →  Victim: '1951'  correct={'llm_judge': True}  fitness=0.00 (0/5 wrong, llm_judge)
00:59:15  INFO         Paraphrase: 'When was the first general election held in a free India?'  →  Victim: '1951'  correct={'llm_judge': True}  fitness=0.00 (0/5 wrong, llm_judge)
00:59:16  INFO         Paraphrase: 'When did the first general elections occur in India after gaining its independence?'  →  Victim: '1951–1952'  correct={'llm_judge': True}  fitness=0.00 (0/5 wrong, llm_judge)
00:59:19  INFO         Paraphrase: 'In what year did India conduct its first free and fair general elections under its new government?'  →  Victim: '1952'  correct={'llm_judge': True}  fitness=0.00 (0/5 wrong, llm_judge)
00:59:22  INFO         Paraphrase: 'When was the first general election held in an independent and sovereign India?'  →  Victim: '15 August 1951'  correct={'llm_judge': False}  fitness=0.80 (4/5 wrong, llm_judge)
00:59:22  INFO         *** ATTACK SUCCESS (round 1) ***
        Paraphrase:    When was the first general election held in an independent and sovereign India?
        Victim answer: 15 August 1951
        Per evaluator: {'llm_judge': True}
        Wrong rate:    0.80 vs 0.00 on the original (ROBUST)
00:59:24  INFO         Paraphrase: 'In which year did India organize its first general elections under its new and democratic government?'  →  Victim: '1951'  correct={'llm_judge': True}  fitness=0.00 (0/5 wrong, llm_judge)

[TOO DIFFERENT]
Original:   When were the first general elections held in independent india?
Paraphrase: When did the people of India vote for their first government in a general election under its new constitution?
Keeps 50% of the original's content words

00:59:26  INFO         Paraphrase: 'What was the date of the first general elections in a newly formed and independent India?'  →  Victim: 'August 15, 1947.'  correct={'llm_judge': False}  fitness=1.00 (5/5 wrong, llm_judge)
00:59:26  INFO         *** ATTACK SUCCESS (round 1) ***
        Paraphrase:    What was the date of the first general elections in a newly formed and independent India?
        Victim answer: August 15, 1947.
        Per evaluator: {'llm_judge': True}
        Wrong rate:    1.00 vs 0.00 on the original (ROBUST)
00:59:28  INFO         Paraphrase: 'When did India conduct its first general elections under its new and free government?'  →  Victim: '1951–1952'  correct={'llm_judge': True}  fitness=0.00 (0/5 wrong, llm_judge)
00:59:28  INFO         Round 1/1 done: 30 generated, 0 duplicates, 9 rejected, 21 passed validation (queried), 6 successful
00:59:30  INFO         Re-test: 20/20 wrong vs 0/20 on the original, p=0.000 -> CONFIRMED: 'What was the date of the first general elections in free India?'
00:59:31  INFO         Re-test: 20/20 wrong vs 0/20 on the original, p=0.000 -> CONFIRMED: 'At what time did the first general elections occur in an independent India?'
00:59:33  INFO         Re-test: 20/20 wrong vs 0/20 on the original, p=0.000 -> CONFIRMED: 'When was the first general election held in a newly independent and sovereign India?'
00:59:36  INFO         Re-test: 20/20 wrong vs 0/20 on the original, p=0.000 -> CONFIRMED: 'What was the date of the first general elections in a newly independent and democratic India?'
00:59:37  INFO         Re-test: 19/20 wrong vs 0/20 on the original, p=0.000 -> CONFIRMED: 'When was the first general election held in an independent and sovereign India?'
00:59:39  INFO         Re-test: 20/20 wrong vs 0/20 on the original, p=0.000 -> CONFIRMED: 'What was the date of the first general elections in a newly formed and independent India?'
00:59:39  INFO       Attack finished after 1 round(s): 21 valid victim queries, successful attacks per evaluator: {'llm_judge': 6}, robust: 6, confirmed by re-test: 6
00:59:39  INFO     [61/96] Qnqo_validation_2073: Who wrote catch 22?
00:59:39  INFO       Victim (original): 'Joseph Heller'
00:59:39  INFO       [llm_judge] original correct=True
00:59:39  INFO       Original wrong rate: 0.00 (0/5 sampled answers wrong, llm_judge)
00:59:40  INFO       Confidence on the original: 0/20 sampled answers wrong (certain)
00:59:40  INFO       Attack round 1/1
00:59:43  INFO         Generated 26 candidates
00:59:44  INFO         Paraphrase: 'Who is the author of catch 22?'  →  Victim: 'Joseph Heller'  correct={'llm_judge': True}  fitness=0.00 (0/5 wrong, llm_judge)
00:59:46  INFO         Paraphrase: 'Who penned catch 22?'  →  Victim: 'Joseph Heller'  correct={'llm_judge': True}  fitness=0.00 (0/5 wrong, llm_judge)
00:59:47  INFO         Paraphrase: 'Catch 22 was penned by which author?'  →  Victim: 'Joseph Heller'  correct={'llm_judge': True}  fitness=0.00 (0/5 wrong, llm_judge)
00:59:49  INFO         Paraphrase: 'What author wrote catch 22?'  →  Victim: 'Joseph Heller'  correct={'llm_judge': True}  fitness=0.00 (0/5 wrong, llm_judge)

[QUESTION EQUIVALENCE FAILED]
Original:   Who wrote catch 22?
Paraphrase: Who composed catch 22?

00:59:50  INFO         Paraphrase: 'Catch 22 was written by which writer?'  →  Victim: 'Joseph Heller'  correct={'llm_judge': True}  fitness=0.00 (0/5 wrong, llm_judge)
00:59:52  INFO         Paraphrase: 'Who is the creator of catch 22?'  →  Victim: 'Joseph Heller'  correct={'llm_judge': True}  fitness=0.00 (0/5 wrong, llm_judge)
00:59:53  INFO         Paraphrase: 'Who authored catch 22?'  →  Victim: 'Joseph Heller'  correct={'llm_judge': True}  fitness=0.00 (0/5 wrong, llm_judge)
00:59:54  INFO         Paraphrase: 'What writer penned catch 22?'  →  Victim: 'Joseph Heller'  correct={'llm_judge': True}  fitness=0.00 (0/5 wrong, llm_judge)
00:59:56  INFO         Paraphrase: 'Who is the author of the book catch 22?'  →  Victim: 'Joseph Heller'  correct={'llm_judge': True}  fitness=0.00 (0/5 wrong, llm_judge)
00:59:57  INFO         Paraphrase: 'Who wrote the novel catch 22?'  →  Victim: 'Joseph Heller'  correct={'llm_judge': True}  fitness=0.00 (0/5 wrong, llm_judge)
00:59:59  INFO         Paraphrase: 'Catch 22 was authored by which person?'  →  Victim: 'Joseph Heller'  correct={'llm_judge': True}  fitness=0.00 (0/5 wrong, llm_judge)
01:00:00  INFO         Paraphrase: 'Who is the creator of the novel catch 22?'  →  Victim: 'Joseph Heller'  correct={'llm_judge': True}  fitness=0.00 (0/5 wrong, llm_judge)
01:00:01  INFO         Paraphrase: 'Who is the writer of catch 22?'  →  Victim: 'Joseph Heller'  correct={'llm_judge': True}  fitness=0.00 (0/5 wrong, llm_judge)

[ANSWER PRESERVATION FAILED]
Original:   Who wrote catch 22?
Answer(s):  ['Joseph Heller.', 'American author Joseph Heller', 'Joseph Heller']
Paraphrase: Who composed the novel catch 22?

01:00:04  INFO         Paraphrase: 'What author is the creator of catch 22?'  →  Victim: 'Joseph Heller'  correct={'llm_judge': True}  fitness=0.00 (0/5 wrong, llm_judge)
01:00:05  INFO         Paraphrase: 'Who wrote the book catch 22?'  →  Victim: 'Joseph Heller'  correct={'llm_judge': True}  fitness=0.00 (0/5 wrong, llm_judge)
01:00:07  INFO         Paraphrase: 'Who authored the novel catch 22?'  →  Victim: 'Joseph Heller'  correct={'llm_judge': True}  fitness=0.00 (0/5 wrong, llm_judge)
01:00:08  INFO         Paraphrase: 'Catch 22 was written by which author?'  →  Victim: 'Joseph Heller'  correct={'llm_judge': True}  fitness=0.00 (0/5 wrong, llm_judge)
01:00:10  INFO         Paraphrase: 'Who is the person who wrote catch 22?'  →  Victim: 'Joseph Heller'  correct={'llm_judge': True}  fitness=0.00 (0/5 wrong, llm_judge)
01:00:11  INFO         Paraphrase: 'What person wrote catch 22?'  →  Victim: 'Joseph Heller'  correct={'llm_judge': True}  fitness=0.00 (0/5 wrong, llm_judge)
01:00:12  INFO         Paraphrase: 'Who is the creator of the book catch 22?'  →  Victim: 'Joseph Heller'  correct={'llm_judge': True}  fitness=0.00 (0/5 wrong, llm_judge)
01:00:14  INFO         Paraphrase: 'Who is the writer of the book catch 22?'  →  Victim: 'Joseph Heller'  correct={'llm_judge': True}  fitness=0.00 (0/5 wrong, llm_judge)
01:00:15  INFO         Paraphrase: 'Who is the author of the novel catch 22?'  →  Victim: 'Joseph Heller'  correct={'llm_judge': True}  fitness=0.00 (0/5 wrong, llm_judge)
01:00:16  INFO         Paraphrase: 'Who is the person who penned catch 22?'  →  Victim: 'Joseph Heller'  correct={'llm_judge': True}  fitness=0.00 (0/5 wrong, llm_judge)
01:00:18  INFO         Paraphrase: 'What writer wrote catch 22?'  →  Victim: 'Joseph Heller'  correct={'llm_judge': True}  fitness=0.00 (0/5 wrong, llm_judge)
01:00:18  INFO         Round 1/1 done: 26 generated, 0 duplicates, 2 rejected, 24 passed validation (queried), 0 successful
01:00:18  INFO       Attack finished after 1 round(s): 24 valid victim queries, successful attacks per evaluator: {'llm_judge': 0}, robust: 0, confirmed by re-test: 0
01:00:18  INFO     [62/96] Qnqo_validation_2112: Who built the first temple for god in jerusalem?
01:00:18  INFO       Victim (original): 'King Solomon built the first temple for God in Jerusalem.'
01:00:19  INFO       [llm_judge] original correct=True
01:00:20  INFO       Original wrong rate: 0.00 (0/5 sampled answers wrong, llm_judge)
01:00:22  INFO       Confidence on the original: 2/20 sampled answers wrong (mostly)
01:00:22  INFO       Attack round 1/1
01:00:26  INFO         Generated 30 candidates

[TOO DIFFERENT]
Original:   Who built the first temple for god in jerusalem?
Paraphrase: Who constructed the original temple for the deity in Jerusalem?
Keeps 40% of the original's content words


[TOO DIFFERENT]
Original:   Who built the first temple for god in jerusalem?
Paraphrase: Who was responsible for the initial temple in Jerusalem?
Keeps 40% of the original's content words

01:00:29  INFO         Paraphrase: 'Who erected the first temple in honor of the supreme being in Jerusalem?'  →  Victim: 'King Solomon'  correct={'llm_judge': True}  fitness=0.00 (0/5 wrong, llm_judge)
01:00:32  INFO         Paraphrase: 'Who set up the first temple dedicated to the deity in Jerusalem?'  →  Victim: 'King Solomon set up the first temple dedicated to the deity in Jerusalem.'  correct={'llm_judge': True}  fitness=0.00 (0/5 wrong, llm_judge)
01:00:35  INFO         Paraphrase: 'Who was the person behind the building of the first temple in Jerusalem?'  →  Victim: 'Kings Solomon.'  correct={'llm_judge': True}  fitness=0.00 (0/5 wrong, llm_judge)
01:00:38  INFO         Paraphrase: 'Who founded the first temple in Jerusalem for the god?'  →  Victim: 'King Solomon'  correct={'llm_judge': True}  fitness=0.60 (3/5 wrong, llm_judge)
01:00:42  INFO         Paraphrase: 'Who constructed the first temple in the name of the divine being in Jerusalem?'  →  Victim: 'King Solomon constructed the first temple in Jerusalem in the name of the divine being.'  correct={'llm_judge': True}  fitness=0.00 (0/5 wrong, llm_judge)

[TOO DIFFERENT]
Original:   Who built the first temple for god in jerusalem?
Paraphrase: Who built the original place of worship in Jerusalem?
Keeps 40% of the original's content words

01:00:45  INFO         Paraphrase: 'Who constructed the initial temple for the god in Jerusalem?'  →  Victim: 'King Solomon constructed the initial temple for the god in Jerusalem.'  correct={'llm_judge': True}  fitness=0.00 (0/5 wrong, llm_judge)
01:00:46  INFO         Paraphrase: 'Who was the one who created the first temple in Jerusalem?'  →  Victim: 'King Solomon'  correct={'llm_judge': True}  fitness=0.60 (3/5 wrong, llm_judge)

[TOO DIFFERENT]
Original:   Who built the first temple for god in jerusalem?
Paraphrase: Who set up the first sacred edifice in Jerusalem?
Keeps 40% of the original's content words


[QUESTION EQUIVALENCE FAILED]
Original:   Who built the first temple for god in jerusalem?
Paraphrase: Who was the architect of the first temple in Jerusalem?


[ANSWER PRESERVATION FAILED]
Original:   Who built the first temple for god in jerusalem?
Answer(s):  ['Solomon']
Paraphrase: Who designed and built the first temple for the god in Jerusalem?

01:00:51  INFO         Paraphrase: 'Who was responsible for constructing the first temple in Jerusalem?'  →  Victim: 'King Solomon was responsible for constructing the first temple in Jerusalem.'  correct={'llm_judge': True}  fitness=0.00 (0/5 wrong, llm_judge)
01:00:54  INFO         Paraphrase: 'Who built the first temple dedicated to the supreme being in Jerusalem?'  →  Victim: 'King Solomon built the first temple dedicated to the supreme being in Jerusalem.'  correct={'llm_judge': True}  fitness=0.00 (0/5 wrong, llm_judge)

[TOO DIFFERENT]
Original:   Who built the first temple for god in jerusalem?
Paraphrase: Who constructed the first sacred building in Jerusalem?
Keeps 40% of the original's content words


[TOO DIFFERENT]
Original:   Who built the first temple for god in jerusalem?
Paraphrase: Who was the one who created the first house of worship in Jerusalem?
Keeps 40% of the original's content words

01:00:58  INFO         Paraphrase: 'Who was responsible for setting up the first temple in Jerusalem?'  →  Victim: 'King Solomon was responsible for setting up the first temple in Jerusalem.'  correct={'llm_judge': True}  fitness=0.20 (1/5 wrong, llm_judge)

[ANSWER PRESERVATION FAILED]
Original:   Who built the first temple for god in jerusalem?
Answer(s):  ['Solomon']
Paraphrase: Who founded the first temple in Jerusalem?


[TOO DIFFERENT]
Original:   Who built the first temple for god in jerusalem?
Paraphrase: Who constructed the original sacred edifice in Jerusalem?
Keeps 20% of the original's content words

01:01:01  INFO         Paraphrase: 'Who was the one who built the first temple in Jerusalem?'  →  Victim: 'King Solomon'  correct={'llm_judge': True}  fitness=0.00 (0/5 wrong, llm_judge)
01:01:03  INFO         Paraphrase: 'Who was the person who constructed the first temple for the god in Jerusalem?'  →  Victim: 'King Solomon'  correct={'llm_judge': True}  fitness=0.00 (0/5 wrong, llm_judge)
01:01:06  INFO         Paraphrase: 'Who built the first temple in honor of the god in Jerusalem?'  →  Victim: 'King Solomon built the first temple in honor of the god in Jerusalem.'  correct={'llm_judge': True}  fitness=0.00 (0/5 wrong, llm_judge)
01:01:09  INFO         Paraphrase: 'Who was the one who designed and built the first temple in Jerusalem?'  →  Victim: 'Kings David and Solomon.'  correct={'llm_judge': False}  fitness=0.80 (4/5 wrong, llm_judge)
01:01:09  INFO         *** ATTACK SUCCESS (round 1) ***
        Paraphrase:    Who was the one who designed and built the first temple in Jerusalem?
        Victim answer: Kings David and Solomon.
        Per evaluator: {'llm_judge': True}
        Wrong rate:    0.80 vs 0.00 on the original (ROBUST)

[QUESTION EQUIVALENCE FAILED]
Original:   Who built the first temple for god in jerusalem?
Paraphrase: Who was the architect behind the first temple in Jerusalem?


[TOO DIFFERENT]
Original:   Who built the first temple for god in jerusalem?
Paraphrase: Who constructed the first place of worship in Jerusalem?
Keeps 40% of the original's content words

01:01:13  INFO         Paraphrase: 'Who was responsible for the construction of the first temple in Jerusalem?'  →  Victim: 'King Solomon was responsible for the construction of the first temple in Jerusalem.'  correct={'llm_judge': True}  fitness=0.20 (1/5 wrong, llm_judge)
01:01:18  INFO         Paraphrase: 'Who built the first temple in the name of the divine being?'  →  Victim: 'No one built the first temple in the name of a divine being, as temples were established by human civilizations in response to religious beliefs, not by a divine being.'  correct={'llm_judge': False}  fitness=0.40 (2/5 wrong, llm_judge)
01:01:18  INFO         *** ATTACK SUCCESS (round 1) ***
        Paraphrase:    Who built the first temple in the name of the divine being?
        Victim answer: No one built the first temple in the name of a divine being, as temples were established by human civilizations in response to religious beliefs, not by a divine being.
        Per evaluator: {'llm_judge': True}
        Wrong rate:    0.40 vs 0.00 on the original (not robust)
01:01:20  INFO         Paraphrase: 'Who was the one who set up the first temple in Jerusalem?'  →  Victim: 'King Solomon'  correct={'llm_judge': True}  fitness=0.00 (0/5 wrong, llm_judge)
01:01:23  INFO         Paraphrase: 'Who was the person who was responsible for building the first temple in Jerusalem?'  →  Victim: 'Kings David and Solomon were responsible for building the first temple in Jerusalem.'  correct={'llm_judge': False}  fitness=1.00 (5/5 wrong, llm_judge)
01:01:23  INFO         *** ATTACK SUCCESS (round 1) ***
        Paraphrase:    Who was the person who was responsible for building the first temple in Jerusalem?
        Victim answer: Kings David and Solomon were responsible for building the first temple in Jerusalem.
        Per evaluator: {'llm_judge': True}
        Wrong rate:    1.00 vs 0.00 on the original (ROBUST)
01:01:23  INFO         Round 1/1 done: 30 generated, 0 duplicates, 12 rejected, 18 passed validation (queried), 3 successful
01:01:24  INFO         Re-test: 11/20 wrong vs 2/20 on the original, p=0.003 -> CONFIRMED: 'Who was the one who designed and built the first temple in Jerusalem?'
01:01:39  INFO         Re-test: 15/20 wrong vs 2/20 on the original, p=0.000 -> CONFIRMED: 'Who built the first temple in the name of the divine being?'
01:01:41  INFO         Re-test: 19/20 wrong vs 2/20 on the original, p=0.000 -> CONFIRMED: 'Who was the person who was responsible for building the first temple in Jerusalem?'
01:01:41  INFO       Attack finished after 1 round(s): 18 valid victim queries, successful attacks per evaluator: {'llm_judge': 3}, robust: 2, confirmed by re-test: 3
01:01:41  INFO     [63/96] Qnqo_validation_2134: Who developed a set of postulates to prove that specific microorganisms cause disease?
01:01:42  INFO       Victim (original): 'Robert Koch'
01:01:42  INFO       [llm_judge] original correct=True
01:01:42  INFO       Original wrong rate: 0.00 (0/5 sampled answers wrong, llm_judge)
01:01:43  INFO       Confidence on the original: 0/20 sampled answers wrong (certain)
01:01:43  INFO       Attack round 1/1
01:01:57  WARNING  [attacker] Attempt 1/2 failed: Could not parse JSON from model output: '{"paraphrases": ["Who introduced postulates that microorganisms directly cause diseases?", "What scientist created a set of assumptions to prove microbial disease causation?", "Who formulated a set of statements to demonstrate microbial disease causation?", "Who established a set of principles to pr'
01:02:02  INFO         Generated 31 candidates
01:02:04  INFO         Paraphrase: 'Who formulated a set of postulates to demonstrate that specific microorganisms are responsible for disease?'  →  Victim: 'Robert Koch'  correct={'llm_judge': True}  fitness=0.00 (0/5 wrong, llm_judge)
01:02:07  INFO         Paraphrase: 'Which scientist developed a set of postulates to prove that particular microorganisms cause illnesses?'  →  Victim: 'Louis Pasteur'  correct={'llm_judge': False}  fitness=1.00 (5/5 wrong, llm_judge)
01:02:07  INFO         *** ATTACK SUCCESS (round 1) ***
        Paraphrase:    Which scientist developed a set of postulates to prove that particular microorganisms cause illnesses?
        Victim answer: Louis Pasteur
        Per evaluator: {'llm_judge': True}
        Wrong rate:    1.00 vs 0.00 on the original (ROBUST)

[TOO DIFFERENT]
Original:   Who developed a set of postulates to prove that specific microorganisms cause disease?
Paraphrase: Who created a set of postulates to show that specific microorganisms are disease-causing agents?
Keeps 50% of the original's content words

01:02:09  INFO         Paraphrase: 'Who devised a set of postulates to prove that particular microorganisms are the source of disease?'  →  Victim: 'Robert Koch'  correct={'llm_judge': True}  fitness=0.00 (0/5 wrong, llm_judge)

[TOO DIFFERENT]
Original:   Who developed a set of postulates to prove that specific microorganisms cause disease?
Paraphrase: Which researcher formulated a set of postulates to demonstrate that specific microorganisms are pathogenic?
Keeps 50% of the original's content words

01:02:10  INFO         Paraphrase: 'Who developed a set of postulates to prove that particular microorganisms are the causative agents of disease?'  →  Victim: 'Robert Koch'  correct={'llm_judge': True}  fitness=0.00 (0/5 wrong, llm_judge)
01:02:12  INFO         Paraphrase: 'Who formulated a set of postulates to demonstrate that specific microorganisms are the cause of disease?'  →  Victim: 'Robert Koch'  correct={'llm_judge': True}  fitness=0.00 (0/5 wrong, llm_judge)
01:02:14  INFO         Paraphrase: 'Which scientist developed a set of postulates to prove that particular microorganisms are disease-causing?'  →  Victim: 'Louis Pasteur'  correct={'llm_judge': False}  fitness=1.00 (5/5 wrong, llm_judge)
01:02:14  INFO         *** ATTACK SUCCESS (round 1) ***
        Paraphrase:    Which scientist developed a set of postulates to prove that particular microorganisms are disease-causing?
        Victim answer: Louis Pasteur
        Per evaluator: {'llm_judge': True}
        Wrong rate:    1.00 vs 0.00 on the original (ROBUST)
01:02:15  INFO         Paraphrase: 'Who created a set of postulates to show that specific microorganisms are responsible for disease?'  →  Victim: 'Robert Koch'  correct={'llm_judge': True}  fitness=0.20 (1/5 wrong, llm_judge)
01:02:17  INFO         Paraphrase: 'Who devised a set of postulates to prove that particular microorganisms are the cause of illnesses?'  →  Victim: 'Robert Koch'  correct={'llm_judge': True}  fitness=0.20 (1/5 wrong, llm_judge)
01:02:18  INFO         Paraphrase: 'Which researcher developed a set of postulates to demonstrate that specific microorganisms are disease-causing agents?'  →  Victim: 'Robert Koch'  correct={'llm_judge': True}  fitness=0.20 (1/5 wrong, llm_judge)
01:02:20  INFO         Paraphrase: 'Who developed a set of postulates to prove that particular microorganisms are the source of illnesses?'  →  Victim: 'Louis Pasteur'  correct={'llm_judge': False}  fitness=0.60 (3/5 wrong, llm_judge)
01:02:20  INFO         *** ATTACK SUCCESS (round 1) ***
        Paraphrase:    Who developed a set of postulates to prove that particular microorganisms are the source of illnesses?
        Victim answer: Louis Pasteur
        Per evaluator: {'llm_judge': True}
        Wrong rate:    0.60 vs 0.00 on the original (ROBUST)

[TOO DIFFERENT]
Original:   Who developed a set of postulates to prove that specific microorganisms cause disease?
Paraphrase: Who formulated a set of postulates to demonstrate that specific microorganisms are the causative agents of illnesses?
Keeps 50% of the original's content words

01:02:22  INFO         Paraphrase: 'Who developed a set of postulates to prove that particular microorganisms cause diseases?'  →  Victim: 'Robert Koch'  correct={'llm_judge': True}  fitness=0.00 (0/5 wrong, llm_judge)
01:02:23  INFO         Paraphrase: 'Which scientist developed a set of postulates to prove that specific microorganisms are the cause of illnesses?'  →  Victim: 'Louis Pasteur'  correct={'llm_judge': False}  fitness=1.00 (5/5 wrong, llm_judge)
01:02:23  INFO         *** ATTACK SUCCESS (round 1) ***
        Paraphrase:    Which scientist developed a set of postulates to prove that specific microorganisms are the cause of illnesses?
        Victim answer: Louis Pasteur
        Per evaluator: {'llm_judge': True}
        Wrong rate:    1.00 vs 0.00 on the original (ROBUST)
01:02:25  INFO         Paraphrase: 'Who created a set of postulates to show that specific microorganisms are the source of disease?'  →  Victim: 'Robert Koch'  correct={'llm_judge': True}  fitness=0.00 (0/5 wrong, llm_judge)
01:02:26  INFO         Paraphrase: 'Who devised a set of postulates to prove that particular microorganisms are the cause of disease?'  →  Victim: 'Robert Koch'  correct={'llm_judge': True}  fitness=0.00 (0/5 wrong, llm_judge)
01:02:28  INFO         Paraphrase: 'Which researcher developed a set of postulates to demonstrate that specific microorganisms are the causative agents of illnesses?'  →  Victim: 'Robert Koch'  correct={'llm_judge': True}  fitness=0.00 (0/5 wrong, llm_judge)
01:02:30  INFO         Paraphrase: 'Who developed a set of postulates to prove that particular microorganisms are disease-causing?'  →  Victim: 'Robert Koch'  correct={'llm_judge': True}  fitness=0.00 (0/5 wrong, llm_judge)

[TOO DIFFERENT]
Original:   Who developed a set of postulates to prove that specific microorganisms cause disease?
Paraphrase: Who formulated a set of postulates to demonstrate that specific microorganisms are responsible for illnesses?
Keeps 50% of the original's content words

01:02:31  INFO         Paraphrase: 'Which scientist developed a set of postulates to prove that particular microorganisms are the cause of illnesses?'  →  Victim: 'Louis Pasteur'  correct={'llm_judge': False}  fitness=1.00 (5/5 wrong, llm_judge)
01:02:31  INFO         *** ATTACK SUCCESS (round 1) ***
        Paraphrase:    Which scientist developed a set of postulates to prove that particular microorganisms are the cause of illnesses?
        Victim answer: Louis Pasteur
        Per evaluator: {'llm_judge': True}
        Wrong rate:    1.00 vs 0.00 on the original (ROBUST)
01:02:33  INFO         Paraphrase: 'Who developed a set of postulates to prove that specific microorganisms are the cause of disease?'  →  Victim: 'Robert Koch'  correct={'llm_judge': True}  fitness=0.00 (0/5 wrong, llm_judge)

[TOO DIFFERENT]
Original:   Who developed a set of postulates to prove that specific microorganisms cause disease?
Paraphrase: Who created a set of postulates to show that particular microorganisms are disease-causing agents?
Keeps 38% of the original's content words

01:02:34  INFO         Paraphrase: 'Who devised a set of postulates to prove that specific microorganisms are the source of illnesses?'  →  Victim: 'Louis Pasteur'  correct={'llm_judge': False}  fitness=0.60 (3/5 wrong, llm_judge)
01:02:34  INFO         *** ATTACK SUCCESS (round 1) ***
        Paraphrase:    Who devised a set of postulates to prove that specific microorganisms are the source of illnesses?
        Victim answer: Louis Pasteur
        Per evaluator: {'llm_judge': True}
        Wrong rate:    0.60 vs 0.00 on the original (ROBUST)

[TOO DIFFERENT]
Original:   Who developed a set of postulates to prove that specific microorganisms cause disease?
Paraphrase: Which researcher formulated a set of postulates to demonstrate that particular microorganisms are disease-causing?
Keeps 38% of the original's content words


[TOO DIFFERENT]
Original:   Who developed a set of postulates to prove that specific microorganisms cause disease?
Paraphrase: Who formulated a set of postulates to demonstrate that particular microorganisms are the cause of illnesses?
Keeps 50% of the original's content words

01:02:36  INFO         Paraphrase: 'Which scientist developed a set of postulates to prove that specific microorganisms are the source of illnesses?'  →  Victim: 'Louis Pasteur'  correct={'llm_judge': False}  fitness=1.00 (5/5 wrong, llm_judge)
01:02:36  INFO         *** ATTACK SUCCESS (round 1) ***
        Paraphrase:    Which scientist developed a set of postulates to prove that specific microorganisms are the source of illnesses?
        Victim answer: Louis Pasteur
        Per evaluator: {'llm_judge': True}
        Wrong rate:    1.00 vs 0.00 on the original (ROBUST)
01:02:38  INFO         Paraphrase: 'Who created a set of postulates to show that particular microorganisms are the cause of disease?'  →  Victim: 'Robert Koch'  correct={'llm_judge': True}  fitness=0.40 (2/5 wrong, llm_judge)
01:02:39  INFO         Paraphrase: 'Who devised a set of postulates to prove that specific microorganisms are disease-causing agents?'  →  Victim: 'Robert Koch'  correct={'llm_judge': True}  fitness=0.00 (0/5 wrong, llm_judge)
01:02:41  INFO         Paraphrase: 'Which researcher developed a set of postulates to demonstrate that particular microorganisms are the cause of disease?'  →  Victim: 'Robert Koch'  correct={'llm_judge': True}  fitness=0.00 (0/5 wrong, llm_judge)
01:02:43  INFO         Paraphrase: 'Who developed a set of postulates to prove that specific microorganisms are the causative agents of illnesses?'  →  Victim: 'Robert Koch'  correct={'llm_judge': True}  fitness=0.00 (0/5 wrong, llm_judge)
01:02:43  INFO         Round 1/1 done: 31 generated, 0 duplicates, 7 rejected, 24 passed validation (queried), 7 successful
01:02:44  INFO         Re-test: 16/20 wrong vs 0/20 on the original, p=0.000 -> CONFIRMED: 'Which scientist developed a set of postulates to prove that particular microorganisms cause illnesses?'
01:02:44  INFO         Re-test: 19/20 wrong vs 0/20 on the original, p=0.000 -> CONFIRMED: 'Which scientist developed a set of postulates to prove that particular microorganisms are disease-causing?'
01:02:45  INFO         Re-test: 11/20 wrong vs 0/20 on the original, p=0.000 -> CONFIRMED: 'Who developed a set of postulates to prove that particular microorganisms are the source of illnesses?'
01:02:46  INFO         Re-test: 16/20 wrong vs 0/20 on the original, p=0.000 -> CONFIRMED: 'Which scientist developed a set of postulates to prove that specific microorganisms are the cause of illnesses?'
01:02:47  INFO         Re-test: 20/20 wrong vs 0/20 on the original, p=0.000 -> CONFIRMED: 'Which scientist developed a set of postulates to prove that particular microorganisms are the cause of illnesses?'
01:02:48  INFO         Re-test: 14/20 wrong vs 0/20 on the original, p=0.000 -> CONFIRMED: 'Who devised a set of postulates to prove that specific microorganisms are the source of illnesses?'
01:02:49  INFO         Re-test: 20/20 wrong vs 0/20 on the original, p=0.000 -> CONFIRMED: 'Which scientist developed a set of postulates to prove that specific microorganisms are the source of illnesses?'
01:02:49  INFO       Attack finished after 1 round(s): 24 valid victim queries, successful attacks per evaluator: {'llm_judge': 7}, robust: 7, confirmed by re-test: 7
01:02:49  INFO     [64/96] Qnqo_validation_2162: Which domain of life are humans members of?
01:02:49  INFO       Victim (original): 'Eukarya'
01:02:49  INFO       [llm_judge] original correct=True
01:02:50  INFO       Original wrong rate: 0.00 (0/5 sampled answers wrong, llm_judge)
01:02:51  INFO       Confidence on the original: 0/20 sampled answers wrong (certain)
01:02:51  INFO       Attack round 1/1
01:02:53  INFO         Generated 39 candidates

[TOO DIFFERENT]
Original:   Which domain of life are humans members of?
Paraphrase: Which category of living organisms do humans belong to?
Keeps 25% of the original's content words


[TOO DIFFERENT]
Original:   Which domain of life are humans members of?
Paraphrase: To which group of life forms do humans belong?
Keeps 50% of the original's content words


[TOO DIFFERENT]
Original:   Which domain of life are humans members of?
Paraphrase: What kingdom of life do humans belong to?
Keeps 50% of the original's content words


[TOO DIFFERENT]
Original:   Which domain of life are humans members of?
Paraphrase: What domain are humans classified in?
Keeps 50% of the original's content words


[TOO DIFFERENT]
Original:   Which domain of life are humans members of?
Paraphrase: To which biological classification do humans belong?
Keeps 25% of the original's content words


[TOO DIFFERENT]
Original:   Which domain of life are humans members of?
Paraphrase: What category of organisms are humans a part of?
Keeps 25% of the original's content words


[TOO DIFFERENT]
Original:   Which domain of life are humans members of?
Paraphrase: To which domain of existence do humans belong?
Keeps 50% of the original's content words


[TOO DIFFERENT]
Original:   Which domain of life are humans members of?
Paraphrase: What type of life do humans represent?
Keeps 50% of the original's content words


[TOO DIFFERENT]
Original:   Which domain of life are humans members of?
Paraphrase: What classification do humans fall under?
Keeps 25% of the original's content words

01:02:55  INFO         Paraphrase: 'To which domain of life do humans belong?'  →  Victim: 'Eukarya'  correct={'llm_judge': True}  fitness=0.00 (0/5 wrong, llm_judge)

[TOO DIFFERENT]
Original:   Which domain of life are humans members of?
Paraphrase: Which type of living organisms are humans part of?
Keeps 25% of the original's content words


[TOO DIFFERENT]
Original:   Which domain of life are humans members of?
Paraphrase: What domain does human life belong to?
Keeps 50% of the original's content words


[TOO DIFFERENT]
Original:   Which domain of life are humans members of?
Paraphrase: What category of life do humans belong to?
Keeps 50% of the original's content words


[TOO DIFFERENT]
Original:   Which domain of life are humans members of?
Paraphrase: Which living things are humans a part of?
Keeps 25% of the original's content words


[TOO DIFFERENT]
Original:   Which domain of life are humans members of?
Paraphrase: To which domain of the biosphere do humans belong?
Keeps 50% of the original's content words


[TOO DIFFERENT]
Original:   Which domain of life are humans members of?
Paraphrase: What type of living things are humans a part of?
Keeps 25% of the original's content words


[TOO DIFFERENT]
Original:   Which domain of life are humans members of?
Paraphrase: What domain do humans fit into?
Keeps 50% of the original's content words


[TOO DIFFERENT]
Original:   Which domain of life are humans members of?
Paraphrase: What category do humans belong to?
Keeps 25% of the original's content words


[TOO DIFFERENT]
Original:   Which domain of life are humans members of?
Paraphrase: To which domain do humans pertain?
Keeps 50% of the original's content words


[TOO DIFFERENT]
Original:   Which domain of life are humans members of?
Paraphrase: What group of life do humans belong to?
Keeps 50% of the original's content words


[TOO DIFFERENT]
Original:   Which domain of life are humans members of?
Paraphrase: To which domain do humans belong?
Keeps 50% of the original's content words


[TOO DIFFERENT]
Original:   Which domain of life are humans members of?
Paraphrase: What classification of life do humans belong to?
Keeps 50% of the original's content words


[TOO DIFFERENT]
Original:   Which domain of life are humans members of?
Paraphrase: Which domain is humans a member of?
Keeps 50% of the original's content words


[TOO DIFFERENT]
Original:   Which domain of life are humans members of?
Paraphrase: What type of life do humans inhabit?
Keeps 50% of the original's content words


[TOO DIFFERENT]
Original:   Which domain of life are humans members of?
Paraphrase: What domain do humans occupy?
Keeps 50% of the original's content words


[TOO DIFFERENT]
Original:   Which domain of life are humans members of?
Paraphrase: What domain do humans relate to?
Keeps 50% of the original's content words


[TOO DIFFERENT]
Original:   Which domain of life are humans members of?
Paraphrase: To which living group do humans belong?
Keeps 25% of the original's content words


[TOO DIFFERENT]
Original:   Which domain of life are humans members of?
Paraphrase: What domain do humans participate in?
Keeps 50% of the original's content words

01:02:57  INFO         Paraphrase: 'What domain of life do humans take part in?'  →  Victim: 'Eukarya'  correct={'llm_judge': True}  fitness=0.00 (0/5 wrong, llm_judge)

[TOO DIFFERENT]
Original:   Which domain of life are humans members of?
Paraphrase: What living domain do humans fall into?
Keeps 50% of the original's content words


[TOO DIFFERENT]
Original:   Which domain of life are humans members of?
Paraphrase: To which domain of living organisms do humans belong?
Keeps 50% of the original's content words


[TOO DIFFERENT]
Original:   Which domain of life are humans members of?
Paraphrase: What type of life forms are humans a part of?
Keeps 50% of the original's content words


[TOO DIFFERENT]
Original:   Which domain of life are humans members of?
Paraphrase: To which classification do humans belong?
Keeps 25% of the original's content words


[TOO DIFFERENT]
Original:   Which domain of life are humans members of?
Paraphrase: What domain do humans represent?
Keeps 50% of the original's content words


[TOO DIFFERENT]
Original:   Which domain of life are humans members of?
Paraphrase: To which living domain do humans belong?
Keeps 50% of the original's content words


[TOO DIFFERENT]
Original:   Which domain of life are humans members of?
Paraphrase: What domain do humans come under?
Keeps 50% of the original's content words


[TOO DIFFERENT]
Original:   Which domain of life are humans members of?
Paraphrase: To which domain do humans align with?
Keeps 50% of the original's content words


[TOO DIFFERENT]
Original:   Which domain of life are humans members of?
Paraphrase: What domain do humans associate with?
Keeps 50% of the original's content words


[TOO DIFFERENT]
Original:   Which domain of life are humans members of?
Paraphrase: What living domain do humans belong to?
Keeps 50% of the original's content words

01:02:57  INFO         Round 1/1 done: 39 generated, 0 duplicates, 37 rejected, 2 passed validation (queried), 0 successful
01:02:57  INFO       Attack finished after 1 round(s): 2 valid victim queries, successful attacks per evaluator: {'llm_judge': 0}, robust: 0, confirmed by re-test: 0
01:02:57  INFO     [65/96] Qnqo_validation_2215: Phase change from gas to solid is called?
01:02:57  INFO       Victim (original): 'Deposition.'
01:02:57  INFO       [llm_judge] original correct=True
01:02:57  INFO       Original wrong rate: 0.00 (0/5 sampled answers wrong, llm_judge)
01:02:58  INFO       Confidence on the original: 0/20 sampled answers wrong (certain)
01:02:58  INFO       Attack round 1/1
01:03:01  INFO         Generated 29 candidates
01:03:03  INFO         Paraphrase: 'Phase change from gas to a solid is termed as?'  →  Victim: 'Deposition.'  correct={'llm_judge': True}  fitness=0.00 (0/5 wrong, llm_judge)
01:03:04  INFO         Paraphrase: 'What is the term for a gas changing phase to solid?'  →  Victim: 'Deposition'  correct={'llm_judge': True}  fitness=0.00 (0/5 wrong, llm_judge)

[TOO DIFFERENT]
Original:   Phase change from gas to solid is called?
Paraphrase: A substance changing from a gas to a solid is known as?
Keeps 40% of the original's content words

01:03:06  INFO         Paraphrase: 'Transformation of gas to a solid is what called?'  →  Victim: 'Deposition.'  correct={'llm_judge': True}  fitness=0.00 (0/5 wrong, llm_judge)
01:03:07  INFO         Paraphrase: 'A phase change from gas to solid is referred to as?'  →  Victim: 'Deposition.'  correct={'llm_judge': True}  fitness=0.00 (0/5 wrong, llm_judge)

[TOO DIFFERENT]
Original:   Phase change from gas to solid is called?
Paraphrase: The term for a gas transforming into a solid is?
Keeps 40% of the original's content words

01:03:09  INFO         Paraphrase: 'What do you call the phase change from gas to solid?'  →  Victim: 'Deposition.'  correct={'llm_judge': True}  fitness=0.00 (0/5 wrong, llm_judge)
01:03:10  INFO         Paraphrase: 'The change from gas to solid is identified by what term?'  →  Victim: 'Deposition'  correct={'llm_judge': True}  fitness=0.00 (0/5 wrong, llm_judge)

[TOO DIFFERENT]
Original:   Phase change from gas to solid is called?
Paraphrase: The transformation of a gas to a solid is labeled as?
Keeps 40% of the original's content words

01:03:11  INFO         Paraphrase: 'Phase change from gas to solid has what name?'  →  Victim: 'Deposition'  correct={'llm_judge': True}  fitness=0.00 (0/5 wrong, llm_judge)
01:03:15  INFO         Paraphrase: 'A change in phase from gas to solid is called?'  →  Victim: 'Freezing.'  correct={'llm_judge': True}  fitness=0.00 (0/5 wrong, llm_judge)

[TOO DIFFERENT]
Original:   Phase change from gas to solid is called?
Paraphrase: What is the label for a gas changing to a solid?
Keeps 40% of the original's content words


[ANSWER PRESERVATION FAILED]
Original:   Phase change from gas to solid is called?
Answer(s):  ['Deposition', 'desublimation']
Paraphrase: A substance that undergoes a change from gas to solid is identified by what?


[TOO DIFFERENT]
Original:   Phase change from gas to solid is called?
Paraphrase: A gas transforming into a solid is denoted by what term?
Keeps 40% of the original's content words


[ANSWER PRESERVATION FAILED]
Original:   Phase change from gas to solid is called?
Answer(s):  ['Deposition', 'desublimation']
Paraphrase: A solid formed by the change of a gas is what?


[ANSWER PRESERVATION FAILED]
Original:   Phase change from gas to solid is called?
Answer(s):  ['Deposition', 'desublimation']
Paraphrase: A phase change from a gas to solid is designated as?


[ANSWER PRESERVATION FAILED]
Original:   Phase change from gas to solid is called?
Answer(s):  ['Deposition', 'desublimation']
Paraphrase: The phase change from gas to solid is denoted by what?

01:03:22  INFO         Paraphrase: 'A change from gas to solid is what referred to?'  →  Victim: 'Deposition.'  correct={'llm_judge': True}  fitness=0.00 (0/5 wrong, llm_judge)

[TOO DIFFERENT]
Original:   Phase change from gas to solid is called?
Paraphrase: What is the term for a substance changing from gas to a solid?
Keeps 40% of the original's content words

01:03:23  INFO         Paraphrase: 'The term for the change of a gas to solid is?'  →  Victim: 'Deposition'  correct={'llm_judge': True}  fitness=0.00 (0/5 wrong, llm_judge)

[TOO DIFFERENT]
Original:   Phase change from gas to solid is called?
Paraphrase: A gas to solid transformation is labeled as?
Keeps 40% of the original's content words


[TOO DIFFERENT]
Original:   Phase change from gas to solid is called?
Paraphrase: A gas transforming into a solid has what name?
Keeps 40% of the original's content words


[ANSWER PRESERVATION FAILED]
Original:   Phase change from gas to solid is called?
Answer(s):  ['Deposition', 'desublimation']
Paraphrase: A solid formed by phase change from gas is?


[TOO DIFFERENT]
Original:   Phase change from gas to solid is called?
Paraphrase: The term for a gas changing to a solid is?
Keeps 40% of the original's content words

01:03:26  INFO         Paraphrase: 'A phase change from gas to solid is what?'  →  Victim: 'Deposition.'  correct={'llm_judge': True}  fitness=0.00 (0/5 wrong, llm_judge)

[ANSWER PRESERVATION FAILED]
Original:   Phase change from gas to solid is called?
Answer(s):  ['Deposition', 'desublimation']
Paraphrase: A substance undergoing a change from gas to solid is identified by what?

01:03:29  INFO         Paraphrase: 'A gas to solid change is referred to as?'  →  Victim: 'Deposition.'  correct={'llm_judge': True}  fitness=0.00 (0/5 wrong, llm_judge)
01:03:30  INFO         Paraphrase: 'The change from gas to solid is what called?'  →  Victim: 'Deposition.'  correct={'llm_judge': True}  fitness=0.00 (0/5 wrong, llm_judge)

[TOO DIFFERENT]
Original:   Phase change from gas to solid is called?
Paraphrase: A gas transforming to a solid is denoted by what?
Keeps 40% of the original's content words

01:03:30  INFO         Round 1/1 done: 29 generated, 0 duplicates, 16 rejected, 13 passed validation (queried), 0 successful
01:03:30  INFO       Attack finished after 1 round(s): 13 valid victim queries, successful attacks per evaluator: {'llm_judge': 0}, robust: 0, confirmed by re-test: 0
01:03:30  INFO     [66/96] Qnqo_validation_2221: When is the world consumer right day celebrated?
01:03:30  INFO       Victim (original): 'March 15'
01:03:31  INFO       [llm_judge] original correct=True
01:03:32  INFO       Original wrong rate: 0.00 (0/5 sampled answers wrong, llm_judge)
01:03:33  INFO       Confidence on the original: 0/20 sampled answers wrong (certain)
01:03:33  INFO       Attack round 1/1
01:03:36  INFO         Generated 32 candidates
01:03:38  INFO         Paraphrase: 'Exactly when is the World Consumer Rights Day observed?'  →  Victim: 'March 15'  correct={'llm_judge': True}  fitness=0.00 (0/5 wrong, llm_judge)
01:03:39  INFO         Paraphrase: 'On what date is the World Consumer Rights Day being celebrated?'  →  Victim: 'March 15'  correct={'llm_judge': True}  fitness=0.00 (0/5 wrong, llm_judge)
01:03:42  INFO         Paraphrase: 'At what time of the year is World Consumer Rights Day held?'  →  Victim: 'March 15th.'  correct={'llm_judge': True}  fitness=0.00 (0/5 wrong, llm_judge)
01:03:44  INFO         Paraphrase: 'Which date marks the World Consumer Rights Day?'  →  Victim: 'March 15'  correct={'llm_judge': True}  fitness=0.00 (0/5 wrong, llm_judge)
01:03:45  INFO         Paraphrase: 'Exactly when is World Consumer Rights Day observed worldwide?'  →  Victim: 'March 15'  correct={'llm_judge': True}  fitness=0.00 (0/5 wrong, llm_judge)
01:03:47  INFO         Paraphrase: 'On which day is the World Consumer Rights Day commemorated?'  →  Victim: 'March 15'  correct={'llm_judge': True}  fitness=0.00 (0/5 wrong, llm_judge)
01:03:48  INFO         Paraphrase: 'On what date is the World Consumer Rights Day?'  →  Victim: 'March 15'  correct={'llm_judge': True}  fitness=0.00 (0/5 wrong, llm_judge)
01:03:49  INFO         Paraphrase: 'When does the World Consumer Rights Day take place?'  →  Victim: 'March 15'  correct={'llm_judge': True}  fitness=0.00 (0/5 wrong, llm_judge)
01:03:51  INFO         Paraphrase: 'Exactly what date is the World Consumer Rights Day?'  →  Victim: 'March 15'  correct={'llm_judge': True}  fitness=0.00 (0/5 wrong, llm_judge)
01:03:52  INFO         Paraphrase: 'On which day of the year is the World Consumer Rights Day celebrated?'  →  Victim: 'March 15'  correct={'llm_judge': True}  fitness=0.00 (0/5 wrong, llm_judge)

[ANSWER PRESERVATION FAILED]
Original:   When is the world consumer right day celebrated?
Answer(s):  ['15 March every year', '15 March']
Paraphrase: At what time is World Consumer Rights Day observed?

01:03:55  INFO         Paraphrase: 'Which date is the World Consumer Rights Day?'  →  Victim: 'March 15'  correct={'llm_judge': True}  fitness=0.00 (0/5 wrong, llm_judge)
01:03:57  INFO         Paraphrase: 'When is the World Consumer Rights Day being held?'  →  Victim: 'March 15.'  correct={'llm_judge': True}  fitness=0.00 (0/5 wrong, llm_judge)
01:03:58  INFO         Paraphrase: 'Exactly when does the World Consumer Rights Day take place?'  →  Victim: 'March 15.'  correct={'llm_judge': True}  fitness=0.00 (0/5 wrong, llm_judge)
01:04:00  INFO         Paraphrase: 'On what day is the World Consumer Rights Day?'  →  Victim: 'March 15'  correct={'llm_judge': True}  fitness=0.00 (0/5 wrong, llm_judge)
01:04:01  INFO         Paraphrase: 'World Consumer Rights Day is observed on which date?'  →  Victim: 'March 15'  correct={'llm_judge': True}  fitness=0.00 (0/5 wrong, llm_judge)
01:04:02  INFO         Paraphrase: 'On what date is World Consumer Rights Day celebrated?'  →  Victim: 'March 15'  correct={'llm_judge': True}  fitness=0.00 (0/5 wrong, llm_judge)
01:04:04  INFO         Paraphrase: 'Exactly when is the World Consumer Rights Day?'  →  Victim: 'March 15.'  correct={'llm_judge': True}  fitness=0.00 (0/5 wrong, llm_judge)
01:04:05  INFO         Paraphrase: 'On which date is the World Consumer Rights Day observed?'  →  Victim: 'March 15'  correct={'llm_judge': True}  fitness=0.00 (0/5 wrong, llm_judge)
01:04:07  INFO         Paraphrase: 'Which date marks World Consumer Rights Day?'  →  Victim: 'March 15'  correct={'llm_judge': True}  fitness=0.00 (0/5 wrong, llm_judge)
01:04:08  INFO         Paraphrase: 'Exactly when is World Consumer Rights Day observed?'  →  Victim: 'March 15'  correct={'llm_judge': True}  fitness=0.00 (0/5 wrong, llm_judge)
01:04:10  INFO         Paraphrase: 'World Consumer Rights Day is being celebrated on which date?'  →  Victim: 'March 15'  correct={'llm_judge': True}  fitness=0.00 (0/5 wrong, llm_judge)
01:04:11  INFO         Paraphrase: 'On what day of the year is World Consumer Rights Day observed?'  →  Victim: 'March 15'  correct={'llm_judge': True}  fitness=0.00 (0/5 wrong, llm_judge)
01:04:12  INFO         Paraphrase: 'On which date is World Consumer Rights Day?'  →  Victim: 'March 15'  correct={'llm_judge': True}  fitness=0.00 (0/5 wrong, llm_judge)
01:04:14  INFO         Paraphrase: 'When does World Consumer Rights Day take place?'  →  Victim: 'March 15'  correct={'llm_judge': True}  fitness=0.00 (0/5 wrong, llm_judge)
01:04:15  INFO         Paraphrase: 'Exactly when does World Consumer Rights Day take place?'  →  Victim: 'March 15.'  correct={'llm_judge': True}  fitness=0.00 (0/5 wrong, llm_judge)
01:04:17  INFO         Paraphrase: 'World Consumer Rights Day is celebrated on which date?'  →  Victim: 'March 15'  correct={'llm_judge': True}  fitness=0.00 (0/5 wrong, llm_judge)
01:04:18  INFO         Paraphrase: 'On what date is the World Consumer Rights Day observed?'  →  Victim: 'March 15'  correct={'llm_judge': True}  fitness=0.00 (0/5 wrong, llm_judge)
01:04:20  INFO         Paraphrase: 'On which date is World Consumer Rights Day celebrated?'  →  Victim: 'March 15'  correct={'llm_judge': True}  fitness=0.00 (0/5 wrong, llm_judge)
01:04:21  INFO         Paraphrase: 'On what day is the World Consumer Rights Day being held?'  →  Victim: 'March 15'  correct={'llm_judge': True}  fitness=0.00 (0/5 wrong, llm_judge)
01:04:23  INFO         Paraphrase: 'Exactly what day is World Consumer Rights Day celebrated?'  →  Victim: 'March 15'  correct={'llm_judge': True}  fitness=0.00 (0/5 wrong, llm_judge)
01:04:24  INFO         Paraphrase: 'On which date is World Consumer Rights Day being celebrated?'  →  Victim: 'March 15'  correct={'llm_judge': True}  fitness=0.00 (0/5 wrong, llm_judge)
01:04:24  INFO         Round 1/1 done: 32 generated, 0 duplicates, 1 rejected, 31 passed validation (queried), 0 successful
01:04:24  INFO       Attack finished after 1 round(s): 31 valid victim queries, successful attacks per evaluator: {'llm_judge': 0}, robust: 0, confirmed by re-test: 0
01:04:24  INFO     [67/96] Qnqo_validation_2290: The inner sanctuary of the parthenon where the statue of athena is located in known as the?
01:04:24  INFO       Victim (original): 'Cella.'
01:04:24  INFO       [llm_judge] original correct=True
01:04:25  INFO       Original wrong rate: 0.00 (0/5 sampled answers wrong, llm_judge)
01:04:25  INFO       Confidence on the original: 0/20 sampled answers wrong (certain)
01:04:25  INFO       Attack round 1/1
01:04:33  INFO         Generated 50 candidates

[TOO DIFFERENT]
Original:   The inner sanctuary of the parthenon where the statue of athena is located in known as the?
Paraphrase: Inside the Parthenon, what is the name of the space housing the Athena statue?
Keeps 43% of the original's content words


[TOO DIFFERENT]
Original:   The inner sanctuary of the parthenon where the statue of athena is located in known as the?
Paraphrase: What is the name of the interior sanctum within the Parthenon that shelters Athena's statue?
Keeps 29% of the original's content words


[TOO DIFFERENT]
Original:   The inner sanctuary of the parthenon where the statue of athena is located in known as the?
Paraphrase: The area inside the Parthenon that is home to the Athena statue is known as?
Keeps 57% of the original's content words


[TOO DIFFERENT]
Original:   The inner sanctuary of the parthenon where the statue of athena is located in known as the?
Paraphrase: In the Parthenon, what is the title of the inner area containing Athena's image?
Keeps 29% of the original's content words


[TOO DIFFERENT]
Original:   The inner sanctuary of the parthenon where the statue of athena is located in known as the?
Paraphrase: What is the term used to describe the inner Parthenon space that cradles Athena's effigy?
Keeps 29% of the original's content words


[TOO DIFFERENT]
Original:   The inner sanctuary of the parthenon where the statue of athena is located in known as the?
Paraphrase: Inside the Parthenon, the region housing the Athena statue is?
Keeps 43% of the original's content words


[TOO DIFFERENT]
Original:   The inner sanctuary of the parthenon where the statue of athena is located in known as the?
Paraphrase: What is the name of the sacred area within the Parthenon dedicated to Athena's likeness?
Keeps 14% of the original's content words


[TOO DIFFERENT]
Original:   The inner sanctuary of the parthenon where the statue of athena is located in known as the?
Paraphrase: Within the Parthenon, what is the term for the chamber that safeguards Athena's image?
Keeps 14% of the original's content words


[TOO DIFFERENT]
Original:   The inner sanctuary of the parthenon where the statue of athena is located in known as the?
Paraphrase: The space in the Parthenon that houses Athena's statue is known as the?
Keeps 43% of the original's content words


[TOO DIFFERENT]
Original:   The inner sanctuary of the parthenon where the statue of athena is located in known as the?
Paraphrase: In the Parthenon, what is the designation for the inner chamber that shelters Athena's effigy?
Keeps 29% of the original's content words


[TOO DIFFERENT]
Original:   The inner sanctuary of the parthenon where the statue of athena is located in known as the?
Paraphrase: What is the appellation for the inner sanctum of the Parthenon that cradles Athena's image?
Keeps 29% of the original's content words


[TOO DIFFERENT]
Original:   The inner sanctuary of the parthenon where the statue of athena is located in known as the?
Paraphrase: What is the name of the area inside the Parthenon that is the resting place of Athena's statue?
Keeps 29% of the original's content words


[TOO DIFFERENT]
Original:   The inner sanctuary of the parthenon where the statue of athena is located in known as the?
Paraphrase: The inner sanctum within the Parthenon that is home to Athena's likeness is?
Keeps 29% of the original's content words


[TOO DIFFERENT]
Original:   The inner sanctuary of the parthenon where the statue of athena is located in known as the?
Paraphrase: What is the term used to describe the inner Parthenon space that contains Athena's image?
Keeps 29% of the original's content words


[TOO DIFFERENT]
Original:   The inner sanctuary of the parthenon where the statue of athena is located in known as the?
Paraphrase: The area within the Parthenon that is the final resting place of Athena's statue is known as the?
Keeps 43% of the original's content words


[TOO DIFFERENT]
Original:   The inner sanctuary of the parthenon where the statue of athena is located in known as the?
Paraphrase: In the Parthenon, the inner area containing Athena's statue is?
Keeps 43% of the original's content words


[TOO DIFFERENT]
Original:   The inner sanctuary of the parthenon where the statue of athena is located in known as the?
Paraphrase: What is the name of the inner chamber within the Parthenon that shelters Athena's image?
Keeps 29% of the original's content words


[TOO DIFFERENT]
Original:   The inner sanctuary of the parthenon where the statue of athena is located in known as the?
Paraphrase: What is the appellation for the space inside the Parthenon that is the final resting place of Athena's statue?
Keeps 29% of the original's content words


[TOO DIFFERENT]
Original:   The inner sanctuary of the parthenon where the statue of athena is located in known as the?
Paraphrase: Inside the Parthenon, the term for the area housing Athena's statue is?
Keeps 29% of the original's content words


[TOO DIFFERENT]
Original:   The inner sanctuary of the parthenon where the statue of athena is located in known as the?
Paraphrase: What is the designation for the inner Parthenon space that is home to Athena's likeness?
Keeps 29% of the original's content words


[TOO DIFFERENT]
Original:   The inner sanctuary of the parthenon where the statue of athena is located in known as the?
Paraphrase: In the Parthenon, the name of the inner sanctum containing Athena's image is?
Keeps 29% of the original's content words


[TOO DIFFERENT]
Original:   The inner sanctuary of the parthenon where the statue of athena is located in known as the?
Paraphrase: The inner area within the Parthenon that shelters Athena's effigy is known as?
Keeps 43% of the original's content words


[TOO DIFFERENT]
Original:   The inner sanctuary of the parthenon where the statue of athena is located in known as the?
Paraphrase: What is the term used to describe the inner space within the Parthenon that contains Athena's statue?
Keeps 43% of the original's content words


[TOO DIFFERENT]
Original:   The inner sanctuary of the parthenon where the statue of athena is located in known as the?
Paraphrase: The space within the Parthenon that is the resting place of Athena's image is known as the?
Keeps 29% of the original's content words


[TOO DIFFERENT]
Original:   The inner sanctuary of the parthenon where the statue of athena is located in known as the?
Paraphrase: In the Parthenon, the area housing Athena's statue is known as?
Keeps 43% of the original's content words


[TOO DIFFERENT]
Original:   The inner sanctuary of the parthenon where the statue of athena is located in known as the?
Paraphrase: What is the name of the inner chamber within the Parthenon that is the final resting place of Athena's statue?
Keeps 43% of the original's content words


[TOO DIFFERENT]
Original:   The inner sanctuary of the parthenon where the statue of athena is located in known as the?
Paraphrase: In the Parthenon, the term used to describe the inner sanctum containing Athena's image is?
Keeps 29% of the original's content words


[TOO DIFFERENT]
Original:   The inner sanctuary of the parthenon where the statue of athena is located in known as the?
Paraphrase: The inner area of the Parthenon that cradles Athena's effigy is known as the?
Keeps 43% of the original's content words


[TOO DIFFERENT]
Original:   The inner sanctuary of the parthenon where the statue of athena is located in known as the?
Paraphrase: What is the appellation for the inner space within the Parthenon that is the final resting place of Athena's statue?
Keeps 43% of the original's content words


[TOO DIFFERENT]
Original:   The inner sanctuary of the parthenon where the statue of athena is located in known as the?
Paraphrase: The inner sanctum within the Parthenon that is home to Athena's likeness is known as?
Keeps 43% of the original's content words


[TOO DIFFERENT]
Original:   The inner sanctuary of the parthenon where the statue of athena is located in known as the?
Paraphrase: The space in the Parthenon that is the resting place of Athena's image is?
Keeps 14% of the original's content words


[TOO DIFFERENT]
Original:   The inner sanctuary of the parthenon where the statue of athena is located in known as the?
Paraphrase: In the Parthenon, the inner space containing Athena's statue is known as?
Keeps 57% of the original's content words


[TOO DIFFERENT]
Original:   The inner sanctuary of the parthenon where the statue of athena is located in known as the?
Paraphrase: What is the name of the area within the Parthenon that is the final resting place of Athena's statue?
Keeps 29% of the original's content words


[TOO DIFFERENT]
Original:   The inner sanctuary of the parthenon where the statue of athena is located in known as the?
Paraphrase: The inner Parthenon area that houses Athena's image is?
Keeps 29% of the original's content words


[TOO DIFFERENT]
Original:   The inner sanctuary of the parthenon where the statue of athena is located in known as the?
Paraphrase: In the Parthenon, the term for the inner space that shelters Athena's effigy is?
Keeps 29% of the original's content words


[TOO DIFFERENT]
Original:   The inner sanctuary of the parthenon where the statue of athena is located in known as the?
Paraphrase: What is the designation for the area within the Parthenon that is the final resting place of Athena's statue?
Keeps 29% of the original's content words


[TOO DIFFERENT]
Original:   The inner sanctuary of the parthenon where the statue of athena is located in known as the?
Paraphrase: What is the name of the inner space within the Parthenon that contains Athena's statue?
Keeps 43% of the original's content words


[TOO DIFFERENT]
Original:   The inner sanctuary of the parthenon where the statue of athena is located in known as the?
Paraphrase: The inner area of the Parthenon that is the final resting place of Athena's image is?
Keeps 29% of the original's content words


[TOO DIFFERENT]
Original:   The inner sanctuary of the parthenon where the statue of athena is located in known as the?
Paraphrase: The term used to describe the inner sanctum within the Parthenon that is home to Athena's likeness is?
Keeps 29% of the original's content words


[TOO DIFFERENT]
Original:   The inner sanctuary of the parthenon where the statue of athena is located in known as the?
Paraphrase: In the Parthenon, the name of the space housing Athena's statue is?
Keeps 29% of the original's content words


[TOO DIFFERENT]
Original:   The inner sanctuary of the parthenon where the statue of athena is located in known as the?
Paraphrase: The inner space within the Parthenon that cradles Athena's effigy is known as the?
Keeps 43% of the original's content words


[TOO DIFFERENT]
Original:   The inner sanctuary of the parthenon where the statue of athena is located in known as the?
Paraphrase: In the Parthenon, the inner sanctum containing Athena's image is known as?
Keeps 43% of the original's content words


[TOO DIFFERENT]
Original:   The inner sanctuary of the parthenon where the statue of athena is located in known as the?
Paraphrase: The area within the Parthenon that is the final resting place of Athena's likeness is?
Keeps 14% of the original's content words


[TOO DIFFERENT]
Original:   The inner sanctuary of the parthenon where the statue of athena is located in known as the?
Paraphrase: In the Parthenon, the space housing Athena's statue is known as?
Keeps 43% of the original's content words


[TOO DIFFERENT]
Original:   The inner sanctuary of the parthenon where the statue of athena is located in known as the?
Paraphrase: What is the appellation for the inner Parthenon space that is the final resting place of Athena's statue?
Keeps 43% of the original's content words


[TOO DIFFERENT]
Original:   The inner sanctuary of the parthenon where the statue of athena is located in known as the?
Paraphrase: What is the name of the space in the Parthenon that is the resting place of Athena's effigy?
Keeps 14% of the original's content words


[TOO DIFFERENT]
Original:   The inner sanctuary of the parthenon where the statue of athena is located in known as the?
Paraphrase: In the Parthenon, the area that is the final resting place of Athena's image is known as?
Keeps 29% of the original's content words


[TOO DIFFERENT]
Original:   The inner sanctuary of the parthenon where the statue of athena is located in known as the?
Paraphrase: In the Parthenon, the inner space that contains Athena's image is known as?
Keeps 43% of the original's content words


[TOO DIFFERENT]
Original:   The inner sanctuary of the parthenon where the statue of athena is located in known as the?
Paraphrase: In the Parthenon, the name of the inner sanctum containing Athena's statue is
Keeps 43% of the original's content words


[TOO DIFFERENT]
Original:   The inner sanctuary of the parthenon where the statue of athena is located in known as the?
Paraphrase: What is the term used to describe the area within the Parthenon that is the final resting place of Athena's statue?
Keeps 29% of the original's content words

01:04:33  INFO         Round 1/1 done: 50 generated, 0 duplicates, 50 rejected, 0 passed validation (queried), 0 successful
01:04:33  INFO       Attack finished after 1 round(s): 0 valid victim queries, successful attacks per evaluator: {'llm_judge': 0}, robust: 0, confirmed by re-test: 0
01:04:33  INFO     [68/96] Qnqo_validation_2386: What type of snake is kaa in jungle book?
01:04:33  INFO       Victim (original): 'Kaa is a python.'
01:04:34  INFO       [llm_judge] original correct=True
01:04:35  INFO       Original wrong rate: 0.00 (0/5 sampled answers wrong, llm_judge)
01:04:36  INFO       Confidence on the original: 0/20 sampled answers wrong (certain)
01:04:36  INFO       Attack round 1/1
01:04:39  INFO         Generated 32 candidates
01:04:41  INFO         Paraphrase: 'what kind of serpent is kaa in the jungle book?'  →  Victim: 'Kaa is a python.'  correct={'llm_judge': True}  fitness=0.00 (0/5 wrong, llm_judge)
01:04:46  INFO         Paraphrase: 'which species of snake is kaa in jungle book?'  →  Victim: 'Kaa is a python, not a snake species. In The Jungle Book, Kaa is a large, intelligent python.'  correct={'llm_judge': False}  fitness=1.00 (5/5 wrong, llm_judge)
01:04:46  INFO         *** ATTACK SUCCESS (round 1) ***
        Paraphrase:    which species of snake is kaa in jungle book?
        Victim answer: Kaa is a python, not a snake species. In The Jungle Book, Kaa is a large, intelligent python.
        Per evaluator: {'llm_judge': True}
        Wrong rate:    1.00 vs 0.00 on the original (ROBUST)

[TOO DIFFERENT]
Original:   What type of snake is kaa in jungle book?
Paraphrase: what is kaa's classification as a reptile in jungle book?
Keeps 40% of the original's content words

01:04:49  INFO         Paraphrase: 'which type of snake does kaa represent in jungle book?'  →  Victim: 'Kaa represents the python in The Jungle Book.'  correct={'llm_judge': True}  fitness=0.00 (0/5 wrong, llm_judge)
01:04:55  INFO         Paraphrase: "what is kaa's identity as a snake in jungle book?"  →  Victim: 'Kaa is a wise, old, and cunning snake who serves as a mentor and guide to Mowgli in The Jungle Book.'  correct={'llm_judge': False}  fitness=1.00 (5/5 wrong, llm_judge)
01:04:55  INFO         *** ATTACK SUCCESS (round 1) ***
        Paraphrase:    what is kaa's identity as a snake in jungle book?
        Victim answer: Kaa is a wise, old, and cunning snake who serves as a mentor and guide to Mowgli in The Jungle Book.
        Per evaluator: {'llm_judge': True}
        Wrong rate:    1.00 vs 0.00 on the original (ROBUST)
01:04:57  INFO         Paraphrase: 'in jungle book, what kind of snake is kaa?'  →  Victim: 'Kaa is a python.'  correct={'llm_judge': True}  fitness=0.00 (0/5 wrong, llm_judge)
01:05:02  INFO         Paraphrase: 'what is kaa, the snake, in jungle book?'  →  Victim: 'Kaa is a slow, wise, and cunning python who serves as a mentor and guide to Mowgli in The Jungle Book.'  correct={'llm_judge': True}  fitness=0.20 (1/5 wrong, llm_judge)
01:05:04  INFO         Paraphrase: "what species of snake is kaa in the jungle book's story?"  →  Victim: 'Kaa is a python.'  correct={'llm_judge': True}  fitness=0.00 (0/5 wrong, llm_judge)
01:05:07  INFO         Paraphrase: "which snake is kaa in the jungle book's narrative?"  →  Victim: "Kaa is a python in the Jungle Book's narrative."  correct={'llm_judge': True}  fitness=0.00 (0/5 wrong, llm_judge)
01:05:11  INFO         Paraphrase: 'in the jungle book, what type of serpent is kaa?'  →  Victim: 'Kaa is a python.'  correct={'llm_judge': True}  fitness=0.40 (2/5 wrong, llm_judge)
01:05:17  INFO         Paraphrase: 'what is kaa, the reptile, in jungle book?'  →  Victim: 'Kaa is a slow, wise, and cunning python in The Jungle Book.'  correct={'llm_judge': True}  fitness=0.20 (1/5 wrong, llm_judge)

[ANSWER PRESERVATION FAILED]
Original:   What type of snake is kaa in jungle book?
Answer(s):  ['Indian rock python']
Paraphrase: what classification does kaa have as a snake in jungle book?


[ANSWER PRESERVATION FAILED]
Original:   What type of snake is kaa in jungle book?
Answer(s):  ['Indian rock python']
Paraphrase: in jungle book, which snake is kaa?

01:05:22  INFO         Paraphrase: 'which type of snake is kaa, the serpent, in jungle book?'  →  Victim: 'Kaa is a python.'  correct={'llm_judge': True}  fitness=0.00 (0/5 wrong, llm_judge)

[ANSWER PRESERVATION FAILED]
Original:   What type of snake is kaa in jungle book?
Answer(s):  ['Indian rock python']
Paraphrase: what is kaa, the snake, in jungle book's context?

01:05:27  INFO         Paraphrase: "in jungle book, what is kaa's classification as a snake?"  →  Victim: 'Kaa is a king cobra.'  correct={'llm_judge': False}  fitness=0.80 (4/5 wrong, llm_judge)
01:05:27  INFO         *** ATTACK SUCCESS (round 1) ***
        Paraphrase:    in jungle book, what is kaa's classification as a snake?
        Victim answer: Kaa is a king cobra.
        Per evaluator: {'llm_judge': True}
        Wrong rate:    0.80 vs 0.00 on the original (ROBUST)

[TOO DIFFERENT]
Original:   What type of snake is kaa in jungle book?
Paraphrase: what is kaa's identity as a serpent in jungle book?
Keeps 40% of the original's content words

01:05:29  INFO         Paraphrase: 'what type of snake is kaa, the reptile, in jungle book?'  →  Victim: 'Kaa is a python.'  correct={'llm_judge': True}  fitness=0.00 (0/5 wrong, llm_judge)

[TOO DIFFERENT]
Original:   What type of snake is kaa in jungle book?
Paraphrase: in jungle book, what is kaa's classification?
Keeps 40% of the original's content words

01:05:32  INFO         Paraphrase: "what species of snake is kaa in jungle book's storyline?"  →  Victim: "Kaa is a python in the Jungle Book's storyline."  correct={'llm_judge': True}  fitness=0.00 (0/5 wrong, llm_judge)

[TOO DIFFERENT]
Original:   What type of snake is kaa in jungle book?
Paraphrase: what is kaa, the serpent, in jungle book's narrative?
Keeps 40% of the original's content words


[TOO DIFFERENT]
Original:   What type of snake is kaa in jungle book?
Paraphrase: what is kaa's classification in jungle book?
Keeps 40% of the original's content words

01:05:35  INFO         Paraphrase: 'in jungle book, which species of snake is kaa?'  →  Victim: 'Kaa is a python.'  correct={'llm_judge': True}  fitness=0.20 (1/5 wrong, llm_judge)
01:05:38  INFO         Paraphrase: "which type of snake is kaa in jungle book's context?"  →  Victim: "Kaa is a python in the Jungle Book's context."  correct={'llm_judge': True}  fitness=0.00 (0/5 wrong, llm_judge)

[ANSWER PRESERVATION FAILED]
Original:   What type of snake is kaa in jungle book?
Answer(s):  ['Indian rock python']
Paraphrase: what is kaa, the snake, in jungle book's world?


[TOO DIFFERENT]
Original:   What type of snake is kaa in jungle book?
Paraphrase: what is kaa's identity in jungle book?
Keeps 40% of the original's content words

01:05:41  INFO         Paraphrase: 'in jungle book, what type of snake is kaa the serpent?'  →  Victim: 'Kaa is a python.'  correct={'llm_judge': True}  fitness=0.00 (0/5 wrong, llm_judge)

[ANSWER PRESERVATION FAILED]
Original:   What type of snake is kaa in jungle book?
Answer(s):  ['Indian rock python']
Paraphrase: what classification does kaa have in jungle book?

01:05:46  INFO         Paraphrase: "in jungle book, what is kaa's type as a snake?"  →  Victim: 'Kaa is a python, not a snake of a specific type.'  correct={'llm_judge': False}  fitness=0.80 (4/5 wrong, llm_judge)
01:05:46  INFO         *** ATTACK SUCCESS (round 1) ***
        Paraphrase:    in jungle book, what is kaa's type as a snake?
        Victim answer: Kaa is a python, not a snake of a specific type.
        Per evaluator: {'llm_judge': True}
        Wrong rate:    0.80 vs 0.00 on the original (ROBUST)
01:05:49  INFO         Paraphrase: "which snake is kaa in jungle book's story?"  →  Victim: 'Kaa is a python in The Jungle Book story.'  correct={'llm_judge': True}  fitness=0.00 (0/5 wrong, llm_judge)

[TOO DIFFERENT]
Original:   What type of snake is kaa in jungle book?
Paraphrase: what is kaa, the reptile, in jungle book's world?
Keeps 40% of the original's content words


[TOO DIFFERENT]
Original:   What type of snake is kaa in jungle book?
Paraphrase: in jungle book, what is kaa's classification as a serpent?
Keeps 40% of the original's content words

01:05:49  INFO         Round 1/1 done: 32 generated, 0 duplicates, 13 rejected, 19 passed validation (queried), 4 successful
01:05:57  INFO         Re-test: 14/20 wrong vs 0/20 on the original, p=0.000 -> CONFIRMED: 'which species of snake is kaa in jungle book?'
01:06:12  INFO         Re-test: 17/20 wrong vs 0/20 on the original, p=0.000 -> CONFIRMED: "what is kaa's identity as a snake in jungle book?"
01:06:15  INFO         Re-test: 16/20 wrong vs 0/20 on the original, p=0.000 -> CONFIRMED: "in jungle book, what is kaa's classification as a snake?"
01:06:17  INFO         Re-test: 18/20 wrong vs 0/20 on the original, p=0.000 -> CONFIRMED: "in jungle book, what is kaa's type as a snake?"
01:06:17  INFO       Attack finished after 1 round(s): 19 valid victim queries, successful attacks per evaluator: {'llm_judge': 4}, robust: 4, confirmed by re-test: 4
01:06:18  INFO     [69/96] Qnqo_validation_2452: Who is the actress that plays penny on the big bang theory?
01:06:18  INFO       Victim (original): 'Kaley Cuoco'
01:06:18  INFO       [llm_judge] original correct=True
01:06:19  INFO       Original wrong rate: 0.00 (0/5 sampled answers wrong, llm_judge)
01:06:20  INFO       Confidence on the original: 0/20 sampled answers wrong (certain)
01:06:20  INFO       Attack round 1/1
01:06:24  INFO         Generated 35 candidates
01:06:26  INFO         Paraphrase: 'Who portrays Penny on The Big Bang Theory?'  →  Victim: 'Kaley Cuoco'  correct={'llm_judge': True}  fitness=0.00 (0/5 wrong, llm_judge)
01:06:27  INFO         Paraphrase: 'Who acts as Penny in the TV series The Big Bang Theory?'  →  Victim: 'Kaley Cuoco'  correct={'llm_judge': True}  fitness=0.00 (0/5 wrong, llm_judge)
01:06:29  INFO         Paraphrase: 'Who is the actress that portrays Penny in the TV show The Big Bang Theory?'  →  Victim: 'Kaley Cuoco'  correct={'llm_judge': True}  fitness=0.00 (0/5 wrong, llm_judge)
01:06:32  INFO         Paraphrase: 'Who plays the role of Penny in The Big Bang Theory TV show?'  →  Victim: 'Kaley Cuoco plays the role of Penny in The Big Bang Theory TV show.'  correct={'llm_judge': True}  fitness=0.20 (1/5 wrong, llm_judge)
01:06:34  INFO         Paraphrase: 'Who is the person acting as Penny on The Big Bang Theory?'  →  Victim: 'Kaley Cuoco'  correct={'llm_judge': True}  fitness=0.00 (0/5 wrong, llm_judge)
01:06:36  INFO         Paraphrase: 'Who is the actress who plays Penny in The Big Bang Theory?'  →  Victim: 'Kaley Cuoco'  correct={'llm_judge': True}  fitness=0.00 (0/5 wrong, llm_judge)
01:06:37  INFO         Paraphrase: 'Who is the female actor who plays Penny on The Big Bang Theory?'  →  Victim: 'Kaley Cuoco'  correct={'llm_judge': True}  fitness=0.00 (0/5 wrong, llm_judge)
01:06:39  INFO         Paraphrase: 'Who is the actress who acts as Penny in the TV series The Big Bang Theory?'  →  Victim: 'Kaley Cuoco'  correct={'llm_judge': True}  fitness=0.00 (0/5 wrong, llm_judge)
01:06:40  INFO         Paraphrase: 'Who acts as Penny in The Big Bang Theory TV series?'  →  Victim: 'Kaley Cuoco'  correct={'llm_judge': True}  fitness=0.00 (0/5 wrong, llm_judge)
01:06:42  INFO         Paraphrase: 'Who is the female who plays Penny on The Big Bang Theory TV show?'  →  Victim: 'Kaley Cuoco'  correct={'llm_judge': True}  fitness=0.00 (0/5 wrong, llm_judge)

[ANSWER PRESERVATION FAILED]
Original:   Who is the actress that plays penny on the big bang theory?
Answer(s):  ['Kaley Christine Cuoco']
Paraphrase: Who is the actor that plays the role of Penny in The Big Bang Theory?

01:06:45  INFO         Paraphrase: 'Who plays the part of Penny in The Big Bang Theory TV show?'  →  Victim: 'Kaley Cuoco'  correct={'llm_judge': True}  fitness=0.00 (0/5 wrong, llm_judge)
01:06:46  INFO         Paraphrase: 'Who is the actress who portrays Penny on The Big Bang Theory TV series?'  →  Victim: 'Kaley Cuoco'  correct={'llm_judge': True}  fitness=0.00 (0/5 wrong, llm_judge)
01:06:48  INFO         Paraphrase: 'Who plays the role of Penny in the TV show The Big Bang Theory?'  →  Victim: 'Kaley Cuoco plays the role of Penny in The Big Bang Theory.'  correct={'llm_judge': False}  fitness=0.60 (3/5 wrong, llm_judge)
01:06:48  INFO         *** ATTACK SUCCESS (round 1) ***
        Paraphrase:    Who plays the role of Penny in the TV show The Big Bang Theory?
        Victim answer: Kaley Cuoco plays the role of Penny in The Big Bang Theory.
        Per evaluator: {'llm_judge': True}
        Wrong rate:    0.60 vs 0.00 on the original (ROBUST)
01:06:50  INFO         Paraphrase: 'Who is the person who plays Penny on The Big Bang Theory TV show?'  →  Victim: 'Kaley Cuoco'  correct={'llm_judge': True}  fitness=0.00 (0/5 wrong, llm_judge)
01:06:52  INFO         Paraphrase: 'Who acts as Penny on The Big Bang Theory?'  →  Victim: 'Kaley Cuoco'  correct={'llm_judge': True}  fitness=0.00 (0/5 wrong, llm_judge)
01:06:54  INFO         Paraphrase: 'Who is the female who acts as Penny in The Big Bang Theory?'  →  Victim: 'Kaley Cuoco'  correct={'llm_judge': True}  fitness=0.00 (0/5 wrong, llm_judge)

[ANSWER PRESERVATION FAILED]
Original:   Who is the actress that plays penny on the big bang theory?
Answer(s):  ['Kaley Christine Cuoco']
Paraphrase: Who is the actor who plays the role of Penny on The Big Bang Theory?

01:06:57  INFO         Paraphrase: 'Who is the actress who acts as Penny in The Big Bang Theory?'  →  Victim: 'Kaley Cuoco'  correct={'llm_judge': True}  fitness=0.00 (0/5 wrong, llm_judge)
01:06:59  INFO         Paraphrase: 'Who is the actress who plays Penny in The Big Bang Theory TV series?'  →  Victim: 'Kaley Cuoco'  correct={'llm_judge': True}  fitness=0.00 (0/5 wrong, llm_judge)
01:07:01  INFO         Paraphrase: 'Who plays the role of Penny on The Big Bang Theory?'  →  Victim: 'Kaley Cuoco plays the role of Penny on The Big Bang Theory.'  correct={'llm_judge': False}  fitness=0.80 (4/5 wrong, llm_judge)
01:07:01  INFO         *** ATTACK SUCCESS (round 1) ***
        Paraphrase:    Who plays the role of Penny on The Big Bang Theory?
        Victim answer: Kaley Cuoco plays the role of Penny on The Big Bang Theory.
        Per evaluator: {'llm_judge': True}
        Wrong rate:    0.80 vs 0.00 on the original (ROBUST)
01:07:03  INFO         Paraphrase: 'Who is the actress who plays the role of Penny in The Big Bang Theory TV series?'  →  Victim: 'Kaley Cuoco'  correct={'llm_judge': True}  fitness=0.00 (0/5 wrong, llm_judge)
01:07:05  INFO         Paraphrase: 'Who plays Penny on The Big Bang Theory TV show?'  →  Victim: 'Kaley Cuoco'  correct={'llm_judge': True}  fitness=0.00 (0/5 wrong, llm_judge)
01:07:06  INFO         Paraphrase: 'Who is the actress who portrays Penny in The Big Bang Theory?'  →  Victim: 'Kaley Cuoco'  correct={'llm_judge': True}  fitness=0.00 (0/5 wrong, llm_judge)
01:07:08  INFO         Paraphrase: 'Who is the person who acts as Penny on The Big Bang Theory TV show?'  →  Victim: 'Kaley Cuoco'  correct={'llm_judge': True}  fitness=0.00 (0/5 wrong, llm_judge)
01:07:10  INFO         Paraphrase: 'Who acts as Penny in The Big Bang Theory?'  →  Victim: 'Kaley Cuoco'  correct={'llm_judge': True}  fitness=0.00 (0/5 wrong, llm_judge)
01:07:12  INFO         Paraphrase: 'Who is the female who plays Penny on The Big Bang Theory TV series?'  →  Victim: 'Kaley Cuoco'  correct={'llm_judge': True}  fitness=0.00 (0/5 wrong, llm_judge)
01:07:14  INFO         Paraphrase: 'Who is the actress who plays Penny in The Big Bang Theory show?'  →  Victim: 'Kaley Cuoco'  correct={'llm_judge': True}  fitness=0.00 (0/5 wrong, llm_judge)
01:07:16  INFO         Paraphrase: 'Who plays the role of Penny in The Big Bang Theory?'  →  Victim: 'Kaley Cuoco plays the role of Penny in The Big Bang Theory.'  correct={'llm_judge': False}  fitness=1.00 (5/5 wrong, llm_judge)
01:07:16  INFO         *** ATTACK SUCCESS (round 1) ***
        Paraphrase:    Who plays the role of Penny in The Big Bang Theory?
        Victim answer: Kaley Cuoco plays the role of Penny in The Big Bang Theory.
        Per evaluator: {'llm_judge': True}
        Wrong rate:    1.00 vs 0.00 on the original (ROBUST)
01:07:17  INFO         Paraphrase: 'Who is the female actor who acts as Penny on The Big Bang Theory?'  →  Victim: 'Kaley Cuoco'  correct={'llm_judge': True}  fitness=0.00 (0/5 wrong, llm_judge)
01:07:19  INFO         Paraphrase: 'Who acts as Penny on The Big Bang Theory TV series?'  →  Victim: 'Kaley Cuoco'  correct={'llm_judge': True}  fitness=0.00 (0/5 wrong, llm_judge)
01:07:20  INFO         Paraphrase: 'Who is the actress who plays Penny on The Big Bang Theory TV show?'  →  Victim: 'Kaley Cuoco'  correct={'llm_judge': True}  fitness=0.00 (0/5 wrong, llm_judge)
01:07:22  INFO         Paraphrase: 'Who plays Penny in The Big Bang Theory TV series?'  →  Victim: 'Kaley Cuoco'  correct={'llm_judge': True}  fitness=0.00 (0/5 wrong, llm_judge)
01:07:23  INFO         Paraphrase: 'Who is the actress who acts as Penny in The Big Bang Theory TV show?'  →  Victim: 'Kaley Cuoco'  correct={'llm_judge': True}  fitness=0.00 (0/5 wrong, llm_judge)
01:07:25  INFO         Paraphrase: 'Who is the female who acts as Penny in The Big Bang Theory TV series?'  →  Victim: 'Kaley Cuoco'  correct={'llm_judge': True}  fitness=0.00 (0/5 wrong, llm_judge)
01:07:25  INFO         Round 1/1 done: 35 generated, 0 duplicates, 2 rejected, 33 passed validation (queried), 3 successful
01:07:27  INFO         Re-test: 10/20 wrong vs 0/20 on the original, p=0.000 -> CONFIRMED: 'Who plays the role of Penny in the TV show The Big Bang Theory?'
01:07:29  INFO         Re-test: 11/20 wrong vs 0/20 on the original, p=0.000 -> CONFIRMED: 'Who plays the role of Penny on The Big Bang Theory?'
01:07:31  INFO         Re-test: 20/20 wrong vs 0/20 on the original, p=0.000 -> CONFIRMED: 'Who plays the role of Penny in The Big Bang Theory?'
01:07:31  INFO       Attack finished after 1 round(s): 33 valid victim queries, successful attacks per evaluator: {'llm_judge': 3}, robust: 3, confirmed by re-test: 3
01:07:31  INFO     [70/96] Qnqo_validation_2500: In the dynastic cycle what is the right to rule called?
01:07:31  INFO       Victim (original): 'Mandate of Heaven'
01:07:32  INFO       [llm_judge] original correct=True
01:07:33  INFO       Original wrong rate: 0.00 (0/5 sampled answers wrong, llm_judge)
01:07:34  INFO       Confidence on the original: 0/20 sampled answers wrong (certain)
01:07:34  INFO       Attack round 1/1
01:07:38  INFO         Generated 32 candidates
01:07:40  INFO         Paraphrase: 'what term describes the right to rule in the dynastic cycle?'  →  Victim: 'Mandate of Heaven'  correct={'llm_judge': True}  fitness=0.00 (0/5 wrong, llm_judge)
01:07:41  INFO         Paraphrase: 'What do we call the right to rule in the dynastic cycle?'  →  Victim: 'Mandate of Heaven'  correct={'llm_judge': True}  fitness=0.00 (0/5 wrong, llm_judge)
01:07:50  INFO         Paraphrase: 'What is the right to rule referred to in the dynastic cycle?'  →  Victim: 'The right to rule in the dynastic cycle refers to the legitimacy and authority to govern, passed from one dynasty to the next, often based on divine right or hereditary succession.'  correct={'llm_judge': False}  fitness=1.00 (5/5 wrong, llm_judge)
01:07:50  INFO         *** ATTACK SUCCESS (round 1) ***
        Paraphrase:    What is the right to rule referred to in the dynastic cycle?
        Victim answer: The right to rule in the dynastic cycle refers to the legitimacy and authority to govern, passed from one dynasty to the next, often based on divine right or hereditary succession.
        Per evaluator: {'llm_judge': True}
        Wrong rate:    1.00 vs 0.00 on the original (ROBUST)
01:07:52  INFO         Paraphrase: 'In the dynastic cycle, what do they call the right to rule?'  →  Victim: 'Mandate of Heaven'  correct={'llm_judge': True}  fitness=0.00 (0/5 wrong, llm_judge)
01:07:53  INFO         Paraphrase: 'What is the right to rule called in the context of the dynastic cycle?'  →  Victim: 'Mandate of Heaven'  correct={'llm_judge': True}  fitness=0.00 (0/5 wrong, llm_judge)
01:07:55  INFO         Paraphrase: 'What do you call the right to rule in the dynastic cycle?'  →  Victim: 'Mandate of Heaven'  correct={'llm_judge': True}  fitness=0.00 (0/5 wrong, llm_judge)
01:07:56  INFO         Paraphrase: 'The right to rule is known as what in the dynastic cycle?'  →  Victim: 'Mandate of Heaven'  correct={'llm_judge': True}  fitness=0.00 (0/5 wrong, llm_judge)
01:07:58  INFO         Paraphrase: 'In the dynastic cycle, what is the term for the right to rule?'  →  Victim: 'Mandate of Heaven'  correct={'llm_judge': True}  fitness=0.00 (0/5 wrong, llm_judge)
01:08:00  INFO         Paraphrase: 'What term is used to describe the right to rule in the dynastic cycle?'  →  Victim: 'Mandate of Heaven'  correct={'llm_judge': True}  fitness=0.00 (0/5 wrong, llm_judge)
01:08:01  INFO         Paraphrase: 'What is the title given to the right to rule in the dynastic cycle?'  →  Victim: 'Mandate of Heaven'  correct={'llm_judge': True}  fitness=0.00 (0/5 wrong, llm_judge)
01:08:03  INFO         Paraphrase: 'What do historians call the right to rule in the dynastic cycle?'  →  Victim: 'Mandate of Heaven'  correct={'llm_judge': True}  fitness=0.00 (0/5 wrong, llm_judge)
01:08:09  INFO         Paraphrase: 'In the dynastic cycle, what do historians refer to as the right to rule?'  →  Victim: 'Legitimacy.'  correct={'llm_judge': False}  fitness=1.00 (5/5 wrong, llm_judge)
01:08:09  INFO         *** ATTACK SUCCESS (round 1) ***
        Paraphrase:    In the dynastic cycle, what do historians refer to as the right to rule?
        Victim answer: Legitimacy.
        Per evaluator: {'llm_judge': True}
        Wrong rate:    1.00 vs 0.00 on the original (ROBUST)
01:08:11  INFO         Paraphrase: 'What do scholars call the right to rule in the dynastic cycle?'  →  Victim: 'Mandate of Heaven'  correct={'llm_judge': True}  fitness=0.00 (0/5 wrong, llm_judge)
01:08:13  INFO         Paraphrase: 'In the dynastic cycle, what do we call the right to rule?'  →  Victim: 'Mandate of Heaven'  correct={'llm_judge': True}  fitness=0.00 (0/5 wrong, llm_judge)
01:08:15  INFO         Paraphrase: 'The right to rule is designated by what term in the dynastic cycle?'  →  Victim: 'Mandate of Heaven'  correct={'llm_judge': True}  fitness=0.00 (0/5 wrong, llm_judge)
01:08:16  INFO         Paraphrase: 'In the dynastic cycle, what is the proper term for the right to rule?'  →  Victim: 'Mandate of Heaven'  correct={'llm_judge': True}  fitness=0.00 (0/5 wrong, llm_judge)

[ANSWER PRESERVATION FAILED]
Original:   In the dynastic cycle what is the right to rule called?
Answer(s):  ['the Mandate of Heaven', 'Mandate of Heaven']
Paraphrase: What is the official title of the right to rule in the dynastic cycle?

01:08:19  INFO         Paraphrase: 'The right to rule is called what in the dynastic cycle?'  →  Victim: 'Mandate of Heaven'  correct={'llm_judge': True}  fitness=0.00 (0/5 wrong, llm_judge)

[ANSWER PRESERVATION FAILED]
Original:   In the dynastic cycle what is the right to rule called?
Answer(s):  ['the Mandate of Heaven', 'Mandate of Heaven']
Paraphrase: In the dynastic cycle, what do people call the right to rule?

01:08:29  INFO         Paraphrase: 'What do you refer to as the right to rule in the dynastic cycle?'  →  Victim: 'The right to rule in the dynastic cycle refers to the legitimacy and authority to govern, passed from one dynasty to the next through a cycle of rise and fall.'  correct={'llm_judge': False}  fitness=1.00 (5/5 wrong, llm_judge)
01:08:29  INFO         *** ATTACK SUCCESS (round 1) ***
        Paraphrase:    What do you refer to as the right to rule in the dynastic cycle?
        Victim answer: The right to rule in the dynastic cycle refers to the legitimacy and authority to govern, passed from one dynasty to the next through a cycle of rise and fall.
        Per evaluator: {'llm_judge': True}
        Wrong rate:    1.00 vs 0.00 on the original (ROBUST)
01:08:31  INFO         Paraphrase: 'In the dynastic cycle, what is the right to rule known as?'  →  Victim: 'Mandate of Heaven'  correct={'llm_judge': True}  fitness=0.00 (0/5 wrong, llm_judge)
01:08:33  INFO         Paraphrase: 'The term used to describe the right to rule in the dynastic cycle is?'  →  Victim: 'Mandate of Heaven'  correct={'llm_judge': True}  fitness=0.00 (0/5 wrong, llm_judge)
01:08:35  INFO         Paraphrase: 'In the dynastic cycle, what do they call the right to lead?'  →  Victim: 'Mandate of Heaven'  correct={'llm_judge': True}  fitness=0.00 (0/5 wrong, llm_judge)
01:08:37  INFO         Paraphrase: 'What is the label given to the right to rule in the dynastic cycle?'  →  Victim: 'Mandate of Heaven'  correct={'llm_judge': True}  fitness=0.00 (0/5 wrong, llm_judge)
01:08:41  INFO         Paraphrase: 'In the dynastic cycle, what do we refer to as the right to lead?'  →  Victim: 'The right to lead.'  correct={'llm_judge': False}  fitness=1.00 (5/5 wrong, llm_judge)
01:08:41  INFO         *** ATTACK SUCCESS (round 1) ***
        Paraphrase:    In the dynastic cycle, what do we refer to as the right to lead?
        Victim answer: The right to lead.
        Per evaluator: {'llm_judge': True}
        Wrong rate:    1.00 vs 0.00 on the original (ROBUST)
01:08:43  INFO         Paraphrase: 'In the dynastic cycle, what is the right to lead referred to as?'  →  Victim: 'Mandate of Heaven'  correct={'llm_judge': True}  fitness=0.00 (0/5 wrong, llm_judge)
01:08:44  INFO         Paraphrase: 'The right to lead in the dynastic cycle is called what?'  →  Victim: 'Mandate of Heaven'  correct={'llm_judge': True}  fitness=0.00 (0/5 wrong, llm_judge)
01:08:46  INFO         Paraphrase: 'In the dynastic cycle, what term do we use to describe the right to rule?'  →  Victim: 'Mandate of Heaven'  correct={'llm_judge': True}  fitness=0.00 (0/5 wrong, llm_judge)
01:08:47  INFO         Paraphrase: 'What is the term that describes the right to rule in the dynastic cycle?'  →  Victim: 'Mandate of Heaven'  correct={'llm_judge': True}  fitness=0.00 (0/5 wrong, llm_judge)
01:08:49  INFO         Paraphrase: 'What do we call the right to rule in the context of the dynastic cycle?'  →  Victim: 'Mandate of Heaven'  correct={'llm_judge': True}  fitness=0.00 (0/5 wrong, llm_judge)
01:08:51  INFO         Paraphrase: 'In the dynastic cycle, what is the right to rule called?'  →  Victim: 'Mandate of Heaven'  correct={'llm_judge': True}  fitness=0.00 (0/5 wrong, llm_judge)
01:08:52  INFO         Paraphrase: 'What is the right to rule known as in the dynastic cycle?'  →  Victim: 'Mandate of Heaven'  correct={'llm_judge': True}  fitness=0.00 (0/5 wrong, llm_judge)
01:08:52  INFO         Round 1/1 done: 32 generated, 0 duplicates, 2 rejected, 30 passed validation (queried), 4 successful
01:09:19  INFO         Re-test: 18/20 wrong vs 0/20 on the original, p=0.000 -> CONFIRMED: 'What is the right to rule referred to in the dynastic cycle?'
01:09:23  INFO         Re-test: 19/20 wrong vs 0/20 on the original, p=0.000 -> CONFIRMED: 'In the dynastic cycle, what do historians refer to as the right to rule?'
01:09:51  INFO         Re-test: 20/20 wrong vs 0/20 on the original, p=0.000 -> CONFIRMED: 'What do you refer to as the right to rule in the dynastic cycle?'
01:09:52  INFO         Re-test: 20/20 wrong vs 0/20 on the original, p=0.000 -> CONFIRMED: 'In the dynastic cycle, what do we refer to as the right to lead?'
01:09:52  INFO       Attack finished after 1 round(s): 30 valid victim queries, successful attacks per evaluator: {'llm_judge': 4}, robust: 4, confirmed by re-test: 4
01:09:52  INFO     [71/96] Qnqo_validation_2512: An influential religion to enter china along the silk route during the han dynasty was?
01:09:52  INFO       Victim (original): 'Buddhism'
01:09:52  INFO       [llm_judge] original correct=True
01:09:53  INFO       Original wrong rate: 0.00 (0/5 sampled answers wrong, llm_judge)
01:09:54  INFO       Confidence on the original: 0/20 sampled answers wrong (certain)
01:09:54  INFO       Attack round 1/1
01:09:57  INFO         Generated 32 candidates
01:09:59  INFO         Paraphrase: 'During the Han dynasty, which influential faith entered China via the Silk Route?'  →  Victim: 'Buddhism'  correct={'llm_judge': True}  fitness=0.00 (0/5 wrong, llm_judge)
01:10:01  INFO         Paraphrase: "A significant religion traversed China's borders along the Silk Route during the Han era."  →  Victim: 'Buddhism'  correct={'llm_judge': True}  fitness=0.00 (0/5 wrong, llm_judge)
01:10:03  INFO         Paraphrase: 'What influential religion followed the Silk Route into China during the Han dynasty?'  →  Victim: 'Buddhism'  correct={'llm_judge': True}  fitness=0.00 (0/5 wrong, llm_judge)

[TOO DIFFERENT]
Original:   An influential religion to enter china along the silk route during the han dynasty was?
Paraphrase: A prominent faith spread its influence to China through the Silk Route during the Han period.
Keeps 50% of the original's content words

01:10:06  INFO         Paraphrase: 'A major religion entered China through the Silk Route during the Han dynasty.'  →  Victim: 'False'  correct={'llm_judge': False}  fitness=1.00 (5/5 wrong, llm_judge)
01:10:06  INFO         *** ATTACK SUCCESS (round 1) ***
        Paraphrase:    A major religion entered China through the Silk Route during the Han dynasty.
        Victim answer: False
        Per evaluator: {'llm_judge': True}
        Wrong rate:    1.00 vs 0.00 on the original (ROBUST)
01:10:07  INFO         Paraphrase: 'What significant faith reached China via the Silk Route during the Han dynasty?'  →  Victim: 'Buddhism'  correct={'llm_judge': True}  fitness=0.00 (0/5 wrong, llm_judge)

[TOO DIFFERENT]
Original:   An influential religion to enter china along the silk route during the han dynasty was?
Paraphrase: A faith with considerable influence came into China through the Silk Route during the Han era.
Keeps 50% of the original's content words

01:10:09  INFO         Paraphrase: 'What major faith entered China along the Silk Route during the Han dynasty?'  →  Victim: 'Buddhism'  correct={'llm_judge': True}  fitness=0.00 (0/5 wrong, llm_judge)

[TOO DIFFERENT]
Original:   An influential religion to enter china along the silk route during the han dynasty was?
Paraphrase: A major faith followed the Silk Route into China during the Han period.
Keeps 50% of the original's content words


[TOO DIFFERENT]
Original:   An influential religion to enter china along the silk route during the han dynasty was?
Paraphrase: A significant faith spread its influence to China through the Silk Route during the Han era.
Keeps 50% of the original's content words

01:10:11  INFO         Paraphrase: 'What influential faith arrived in China along the Silk Route during the Han dynasty?'  →  Victim: 'Buddhism'  correct={'llm_judge': True}  fitness=0.00 (0/5 wrong, llm_judge)

[TOO DIFFERENT]
Original:   An influential religion to enter china along the silk route during the han dynasty was?
Paraphrase: A prominent faith entered China's borders along the Silk Route during the Han era.
Keeps 50% of the original's content words


[TOO DIFFERENT]
Original:   An influential religion to enter china along the silk route during the han dynasty was?
Paraphrase: What faith with considerable influence entered China through the Silk Route during the Han era?
Keeps 50% of the original's content words


[TOO DIFFERENT]
Original:   An influential religion to enter china along the silk route during the han dynasty was?
Paraphrase: A faith with significant influence came into China through the Silk Route during the Han period.
Keeps 50% of the original's content words


[TOO DIFFERENT]
Original:   An influential religion to enter china along the silk route during the han dynasty was?
Paraphrase: What major faith spread its influence to China through the Silk Route during the Han era?
Keeps 50% of the original's content words


[TOO DIFFERENT]
Original:   An influential religion to enter china along the silk route during the han dynasty was?
Paraphrase: A significant faith entered China's borders along the Silk Route during the Han period.
Keeps 50% of the original's content words

01:10:12  INFO         Paraphrase: 'What influential faith reached China via the Silk Route during the Han era?'  →  Victim: 'Buddhism'  correct={'llm_judge': True}  fitness=0.00 (0/5 wrong, llm_judge)
01:10:14  INFO         Paraphrase: 'A faith with considerable influence spread its influence to China through the Silk Route during the Han dynasty.'  →  Victim: 'Buddhism'  correct={'llm_judge': True}  fitness=0.00 (0/5 wrong, llm_judge)
01:10:16  INFO         Paraphrase: 'What prominent faith entered China along the Silk Route during the Han era?'  →  Victim: 'Buddhism'  correct={'llm_judge': True}  fitness=0.00 (0/5 wrong, llm_judge)

[TOO DIFFERENT]
Original:   An influential religion to enter china along the silk route during the han dynasty was?
Paraphrase: A major faith with significant influence entered China through the Silk Route during the Han period.
Keeps 50% of the original's content words


[TOO DIFFERENT]
Original:   An influential religion to enter china along the silk route during the han dynasty was?
Paraphrase: What significant faith entered China through the Silk Route during the Han era?
Keeps 50% of the original's content words


[TOO DIFFERENT]
Original:   An influential religion to enter china along the silk route during the han dynasty was?
Paraphrase: A faith with considerable influence entered China's borders along the Silk Route during the Han period.
Keeps 50% of the original's content words

01:10:17  INFO         Paraphrase: 'What influential faith followed the Silk Route into China during the Han era?'  →  Victim: 'Buddhism'  correct={'llm_judge': True}  fitness=0.00 (0/5 wrong, llm_judge)
01:10:19  INFO         Paraphrase: 'A faith with significant influence arrived in China along the Silk Route during the Han dynasty.'  →  Victim: 'Buddhism'  correct={'llm_judge': True}  fitness=0.00 (0/5 wrong, llm_judge)

[TOO DIFFERENT]
Original:   An influential religion to enter china along the silk route during the han dynasty was?
Paraphrase: A major faith with considerable influence reached China via the Silk Route during the Han era.
Keeps 50% of the original's content words

01:10:20  INFO         Paraphrase: "What significant faith entered China's borders along the Silk Route during the Han dynasty."  →  Victim: 'Buddhism'  correct={'llm_judge': True}  fitness=0.00 (0/5 wrong, llm_judge)
01:10:22  INFO         Paraphrase: 'What influential faith reached China through the Silk Route during the Han period?'  →  Victim: 'Buddhism'  correct={'llm_judge': True}  fitness=0.00 (0/5 wrong, llm_judge)

[TOO DIFFERENT]
Original:   An influential religion to enter china along the silk route during the han dynasty was?
Paraphrase: A faith with major influence came into China through the Silk Route during the Han era.
Keeps 50% of the original's content words


[TOO DIFFERENT]
Original:   An influential religion to enter china along the silk route during the han dynasty was?
Paraphrase: A significant faith with considerable influence spread its influence to China through the Silk Route during the Han period.
Keeps 50% of the original's content words

01:10:24  INFO         Paraphrase: 'What faith with significant influence entered China through the Silk Route during the Han dynasty.'  →  Victim: 'Buddhism'  correct={'llm_judge': True}  fitness=0.00 (0/5 wrong, llm_judge)

[TOO DIFFERENT]
Original:   An influential religion to enter china along the silk route during the han dynasty was?
Paraphrase: A prominent faith with considerable influence entered China's borders along the Silk Route during the Han era.
Keeps 50% of the original's content words

01:10:25  INFO         Paraphrase: 'What influential faith followed the Silk Route into China during the Han period.'  →  Victim: 'Buddhism'  correct={'llm_judge': True}  fitness=0.00 (0/5 wrong, llm_judge)
01:10:25  INFO         Round 1/1 done: 32 generated, 0 duplicates, 16 rejected, 16 passed validation (queried), 1 successful
01:10:26  INFO         Re-test: 20/20 wrong vs 0/20 on the original, p=0.000 -> CONFIRMED: 'A major religion entered China through the Silk Route during the Han dynasty.'
01:10:26  INFO       Attack finished after 1 round(s): 16 valid victim queries, successful attacks per evaluator: {'llm_judge': 1}, robust: 1, confirmed by re-test: 1
01:10:26  INFO     [72/96] Qnqo_validation_2606: Who took the first steps on the moon in 1969?
01:10:26  INFO       Victim (original): 'Neil Armstrong.'
01:10:26  INFO       [llm_judge] original correct=True
01:10:27  INFO       Original wrong rate: 0.00 (0/5 sampled answers wrong, llm_judge)
01:10:27  INFO       Confidence on the original: 0/20 sampled answers wrong (certain)
01:10:27  INFO       Attack round 1/1
01:10:32  INFO         Generated 29 candidates
01:10:33  INFO         Paraphrase: 'Who made the first footprints on the moon in 1969?'  →  Victim: 'Neil Armstrong.'  correct={'llm_judge': True}  fitness=0.00 (0/5 wrong, llm_judge)
01:10:35  INFO         Paraphrase: 'Who was the first person to walk on the moon in 1969?'  →  Victim: 'Neil Armstrong'  correct={'llm_judge': True}  fitness=0.00 (0/5 wrong, llm_judge)
01:10:37  INFO         Paraphrase: 'Who was the first to set foot on the moon in 1969?'  →  Victim: 'Neil Armstrong.'  correct={'llm_judge': True}  fitness=0.00 (0/5 wrong, llm_judge)
01:10:38  INFO         Paraphrase: 'Who achieved the milestone of being the first to walk on the moon in 1969?'  →  Victim: 'Neil Armstrong'  correct={'llm_judge': True}  fitness=0.00 (0/5 wrong, llm_judge)
01:10:40  INFO         Paraphrase: 'Who made history by being the first person to step on the moon in 1969?'  →  Victim: 'Neil Armstrong'  correct={'llm_judge': True}  fitness=0.00 (0/5 wrong, llm_judge)
01:10:41  INFO         Paraphrase: 'Who had the distinction of being the first to walk on the moon in 1969?'  →  Victim: 'Neil Armstrong.'  correct={'llm_judge': True}  fitness=0.00 (0/5 wrong, llm_judge)

[TOO DIFFERENT]
Original:   Who took the first steps on the moon in 1969?
Paraphrase: Who was the pioneer to set foot on the moon in 1969?
Keeps 40% of the original's content words


[TOO DIFFERENT]
Original:   Who took the first steps on the moon in 1969?
Paraphrase: Who was the trailblazer in walking on the moon in 1969?
Keeps 40% of the original's content words

01:10:43  INFO         Paraphrase: 'Who was the brave individual to take the first steps on the moon in 1969?'  →  Victim: 'Neil Armstrong'  correct={'llm_judge': True}  fitness=0.00 (0/5 wrong, llm_judge)

[TOO DIFFERENT]
Original:   Who took the first steps on the moon in 1969?
Paraphrase: Who led the way in setting foot on the moon in 1969?
Keeps 40% of the original's content words

01:10:45  INFO         Paraphrase: 'Who paved the way for others by being the first to walk on the moon in 1969?'  →  Victim: 'Neil Armstrong'  correct={'llm_judge': True}  fitness=0.00 (0/5 wrong, llm_judge)

[TOO DIFFERENT]
Original:   Who took the first steps on the moon in 1969?
Paraphrase: Who was part of the groundbreaking moment of walking on the moon in 1969?
Keeps 40% of the original's content words


[TOO DIFFERENT]
Original:   Who took the first steps on the moon in 1969?
Paraphrase: Who made the incredible achievement of walking on the moon in 1969?
Keeps 40% of the original's content words

01:10:47  INFO         Paraphrase: 'Who was the courageous individual to take the first steps on the moon in 1969?'  →  Victim: 'Neil Armstrong'  correct={'llm_judge': True}  fitness=0.00 (0/5 wrong, llm_judge)

[TOO DIFFERENT]
Original:   Who took the first steps on the moon in 1969?
Paraphrase: Who achieved the remarkable feat of walking on the moon in 1969?
Keeps 40% of the original's content words


[TOO DIFFERENT]
Original:   Who took the first steps on the moon in 1969?
Paraphrase: Who was the pathfinder in setting foot on the moon in 1969?
Keeps 40% of the original's content words

01:10:49  INFO         Paraphrase: 'Who made it possible for others to follow by being the first to walk on the moon in 1969?'  →  Victim: 'Neil Armstrong'  correct={'llm_judge': True}  fitness=0.00 (0/5 wrong, llm_judge)

[TOO DIFFERENT]
Original:   Who took the first steps on the moon in 1969?
Paraphrase: Who was part of the historic event of walking on the moon in 1969?
Keeps 40% of the original's content words

01:10:50  INFO         Paraphrase: 'Who set the bar high by being the first to walk on the moon in 1969?'  →  Victim: 'Neil Armstrong'  correct={'llm_judge': True}  fitness=0.00 (0/5 wrong, llm_judge)
01:10:52  INFO         Paraphrase: 'Who had the honor of being the first to set foot on the moon in 1969?'  →  Victim: 'Neil Armstrong.'  correct={'llm_judge': True}  fitness=0.00 (0/5 wrong, llm_judge)
01:10:54  INFO         Paraphrase: 'Who paved the road for others to follow by being the first to walk on the moon in 1969?'  →  Victim: 'Neil Armstrong'  correct={'llm_judge': True}  fitness=0.00 (0/5 wrong, llm_judge)

[TOO DIFFERENT]
Original:   Who took the first steps on the moon in 1969?
Paraphrase: Who was the leader in walking on the moon in 1969?
Keeps 40% of the original's content words

01:10:55  INFO         Paraphrase: 'Who achieved the extraordinary feat of being the first to walk on the moon in 1969?'  →  Victim: 'Neil Armstrong'  correct={'llm_judge': True}  fitness=0.00 (0/5 wrong, llm_judge)
01:10:57  INFO         Paraphrase: 'Who made history by being the first to set foot on the moon in 1969?'  →  Victim: 'Neil Armstrong.'  correct={'llm_judge': True}  fitness=0.00 (0/5 wrong, llm_judge)
01:10:59  INFO         Paraphrase: 'Who had the distinction of being the first to take steps on the moon in 1969?'  →  Victim: 'Neil Armstrong'  correct={'llm_judge': True}  fitness=0.00 (0/5 wrong, llm_judge)

[TOO DIFFERENT]
Original:   Who took the first steps on the moon in 1969?
Paraphrase: Who was the one who made the groundbreaking achievement of walking on the moon in 1969?
Keeps 40% of the original's content words


[TOO DIFFERENT]
Original:   Who took the first steps on the moon in 1969?
Paraphrase: Who was part of the trailblazing moment of setting foot on the moon in 1969?
Keeps 40% of the original's content words


[TOO DIFFERENT]
Original:   Who took the first steps on the moon in 1969?
Paraphrase: Who made the incredible breakthrough of walking on the moon in 1969?
Keeps 40% of the original's content words

01:11:01  INFO         Paraphrase: 'Who achieved the remarkable milestone of being the first to walk on the moon in 1969?'  →  Victim: 'Neil Armstrong'  correct={'llm_judge': True}  fitness=0.00 (0/5 wrong, llm_judge)
01:11:01  INFO         Round 1/1 done: 29 generated, 0 duplicates, 12 rejected, 17 passed validation (queried), 0 successful
01:11:01  INFO       Attack finished after 1 round(s): 17 valid victim queries, successful attacks per evaluator: {'llm_judge': 0}, robust: 0, confirmed by re-test: 0
01:11:01  INFO     [73/96] Qnqo_validation_2615: Who appoints the members of the board of governors of the federal reserve?
01:11:01  INFO       Victim (original): 'The President of the United States appoints the members of the Board of Governors of the Federal Reserve.'
01:11:02  INFO       [llm_judge] original correct=True
01:11:03  INFO       Original wrong rate: 0.00 (0/5 sampled answers wrong, llm_judge)
01:11:06  INFO       Confidence on the original: 0/20 sampled answers wrong (certain)
01:11:06  INFO       Attack round 1/1
01:11:10  INFO         Generated 30 candidates

[ANSWER PRESERVATION FAILED]
Original:   Who appoints the members of the board of governors of the federal reserve?
Answer(s):  ['the President']
Paraphrase: Were the members of the board of governors of the federal reserve selected by a specific individual or group?

01:11:15  INFO         Paraphrase: 'Who chooses the members of the board of governors of the federal reserve?'  →  Victim: 'The President of the United States and the U.S. Senate choose the members of the Board of Governors of the Federal Reserve.'  correct={'llm_judge': False}  fitness=1.00 (5/5 wrong, llm_judge)
01:11:15  INFO         *** ATTACK SUCCESS (round 1) ***
        Paraphrase:    Who chooses the members of the board of governors of the federal reserve?
        Victim answer: The President of the United States and the U.S. Senate choose the members of the Board of Governors of the Federal Reserve.
        Per evaluator: {'llm_judge': True}
        Wrong rate:    1.00 vs 0.00 on the original (ROBUST)

[ANSWER PRESERVATION FAILED]
Original:   Who appoints the members of the board of governors of the federal reserve?
Answer(s):  ['the President']
Paraphrase: By whom are the members of the board of governors of the federal reserve designated?

01:11:20  INFO         Paraphrase: 'Who makes the appointments to the board of governors of the federal reserve?'  →  Victim: 'The President of the United States makes the appointments to the Board of Governors of the Federal Reserve.'  correct={'llm_judge': True}  fitness=0.00 (0/5 wrong, llm_judge)
01:11:24  INFO         Paraphrase: 'Who gets to pick the members of the board of governors of the federal reserve?'  →  Victim: 'The President of the United States and the U.S. Senate get to pick the members of the Board of Governors of the Federal Reserve.'  correct={'llm_judge': False}  fitness=1.00 (5/5 wrong, llm_judge)
01:11:24  INFO         *** ATTACK SUCCESS (round 1) ***
        Paraphrase:    Who gets to pick the members of the board of governors of the federal reserve?
        Victim answer: The President of the United States and the U.S. Senate get to pick the members of the Board of Governors of the Federal Reserve.
        Per evaluator: {'llm_judge': True}
        Wrong rate:    1.00 vs 0.00 on the original (ROBUST)

[ANSWER PRESERVATION FAILED]
Original:   Who appoints the members of the board of governors of the federal reserve?
Answer(s):  ['the President']
Paraphrase: Who elects the members of the board of governors of the federal reserve?

01:11:28  INFO         Paraphrase: 'By whom are the board of governors of the federal reserve appointed?'  →  Victim: 'By the President of the United States and confirmed by the Senate.'  correct={'llm_judge': True}  fitness=0.00 (0/5 wrong, llm_judge)
01:11:32  INFO         Paraphrase: 'Who is responsible for appointing the members of the board of governors of the federal reserve?'  →  Victim: 'The President of the United States and the U.S. Senate are responsible for appointing the members of the Board of Governors of the Federal Reserve.'  correct={'llm_judge': False}  fitness=0.80 (4/5 wrong, llm_judge)
01:11:32  INFO         *** ATTACK SUCCESS (round 1) ***
        Paraphrase:    Who is responsible for appointing the members of the board of governors of the federal reserve?
        Victim answer: The President of the United States and the U.S. Senate are responsible for appointing the members of the Board of Governors of the Federal Reserve.
        Per evaluator: {'llm_judge': True}
        Wrong rate:    0.80 vs 0.00 on the original (ROBUST)
01:11:36  INFO         Paraphrase: 'Who chooses the personnel of the board of governors of the federal reserve?'  →  Victim: 'The President of the United States and the U.S. Senate choose the personnel of the Board of Governors of the Federal Reserve.'  correct={'llm_judge': False}  fitness=1.00 (5/5 wrong, llm_judge)
01:11:36  INFO         *** ATTACK SUCCESS (round 1) ***
        Paraphrase:    Who chooses the personnel of the board of governors of the federal reserve?
        Victim answer: The President of the United States and the U.S. Senate choose the personnel of the Board of Governors of the Federal Reserve.
        Per evaluator: {'llm_judge': True}
        Wrong rate:    1.00 vs 0.00 on the original (ROBUST)
01:11:39  INFO         Paraphrase: 'Who selects the individuals serving on the board of governors of the federal reserve?'  →  Victim: 'The President of the United States and the U.S. Senate select the individuals serving on the board of governors of the Federal Reserve.'  correct={'llm_judge': False}  fitness=1.00 (5/5 wrong, llm_judge)
01:11:39  INFO         *** ATTACK SUCCESS (round 1) ***
        Paraphrase:    Who selects the individuals serving on the board of governors of the federal reserve?
        Victim answer: The President of the United States and the U.S. Senate select the individuals serving on the board of governors of the Federal Reserve.
        Per evaluator: {'llm_judge': True}
        Wrong rate:    1.00 vs 0.00 on the original (ROBUST)
01:11:43  INFO         Paraphrase: 'Who decides who gets to be on the board of governors of the federal reserve?'  →  Victim: 'The President of the United States and the U.S. Senate decide who gets to be on the Board of Governors of the Federal Reserve.'  correct={'llm_judge': False}  fitness=1.00 (5/5 wrong, llm_judge)
01:11:43  INFO         *** ATTACK SUCCESS (round 1) ***
        Paraphrase:    Who decides who gets to be on the board of governors of the federal reserve?
        Victim answer: The President of the United States and the U.S. Senate decide who gets to be on the Board of Governors of the Federal Reserve.
        Per evaluator: {'llm_judge': True}
        Wrong rate:    1.00 vs 0.00 on the original (ROBUST)
01:11:46  INFO         Paraphrase: 'Who names the members of the board of governors of the federal reserve?'  →  Victim: 'The President of the United States and the U.S. Senate.'  correct={'llm_judge': False}  fitness=1.00 (5/5 wrong, llm_judge)
01:11:46  INFO         *** ATTACK SUCCESS (round 1) ***
        Paraphrase:    Who names the members of the board of governors of the federal reserve?
        Victim answer: The President of the United States and the U.S. Senate.
        Per evaluator: {'llm_judge': True}
        Wrong rate:    1.00 vs 0.00 on the original (ROBUST)
01:11:48  INFO         Paraphrase: 'Who are the ones responsible for appointing the members of the board of governors of the federal reserve?'  →  Victim: 'The President of the United States and the U.S. Senate are responsible for appointing the members of the Board of Governors of the Federal Reserve.'  correct={'llm_judge': False}  fitness=1.00 (5/5 wrong, llm_judge)
01:11:48  INFO         *** ATTACK SUCCESS (round 1) ***
        Paraphrase:    Who are the ones responsible for appointing the members of the board of governors of the federal reserve?
        Victim answer: The President of the United States and the U.S. Senate are responsible for appointing the members of the Board of Governors of the Federal Reserve.
        Per evaluator: {'llm_judge': True}
        Wrong rate:    1.00 vs 0.00 on the original (ROBUST)
01:11:52  INFO         Paraphrase: 'Who gets to appoint the members of the board of governors of the federal reserve?'  →  Victim: 'The President of the United States and the U.S. Senate get to appoint the members of the Board of Governors of the Federal Reserve.'  correct={'llm_judge': False}  fitness=0.80 (4/5 wrong, llm_judge)
01:11:52  INFO         *** ATTACK SUCCESS (round 1) ***
        Paraphrase:    Who gets to appoint the members of the board of governors of the federal reserve?
        Victim answer: The President of the United States and the U.S. Senate get to appoint the members of the Board of Governors of the Federal Reserve.
        Per evaluator: {'llm_judge': True}
        Wrong rate:    0.80 vs 0.00 on the original (ROBUST)
01:11:55  INFO         Paraphrase: 'Who chooses the members who serve on the board of governors of the federal reserve?'  →  Victim: 'The President of the United States and the U.S. Senate choose the members who serve on the Board of Governors of the Federal Reserve.'  correct={'llm_judge': False}  fitness=1.00 (5/5 wrong, llm_judge)
01:11:55  INFO         *** ATTACK SUCCESS (round 1) ***
        Paraphrase:    Who chooses the members who serve on the board of governors of the federal reserve?
        Victim answer: The President of the United States and the U.S. Senate choose the members who serve on the Board of Governors of the Federal Reserve.
        Per evaluator: {'llm_judge': True}
        Wrong rate:    1.00 vs 0.00 on the original (ROBUST)
01:11:58  INFO         Paraphrase: 'Who is the authority that selects the members of the board of governors of the federal reserve?'  →  Victim: 'The U.S. President and the U.S. Senate.'  correct={'llm_judge': False}  fitness=1.00 (5/5 wrong, llm_judge)
01:11:58  INFO         *** ATTACK SUCCESS (round 1) ***
        Paraphrase:    Who is the authority that selects the members of the board of governors of the federal reserve?
        Victim answer: The U.S. President and the U.S. Senate.
        Per evaluator: {'llm_judge': True}
        Wrong rate:    1.00 vs 0.00 on the original (ROBUST)
01:12:02  INFO         Paraphrase: 'Who appoints the individuals who comprise the board of governors of the federal reserve?'  →  Victim: 'The President of the United States appoints the individuals who comprise the Board of Governors of the Federal Reserve.'  correct={'llm_judge': True}  fitness=0.00 (0/5 wrong, llm_judge)
01:12:04  INFO         Paraphrase: 'Who are the people responsible for appointing the members of the board of governors of the federal reserve?'  →  Victim: 'The President of the United States and the U.S. Senate.'  correct={'llm_judge': False}  fitness=1.00 (5/5 wrong, llm_judge)
01:12:04  INFO         *** ATTACK SUCCESS (round 1) ***
        Paraphrase:    Who are the people responsible for appointing the members of the board of governors of the federal reserve?
        Victim answer: The President of the United States and the U.S. Senate.
        Per evaluator: {'llm_judge': True}
        Wrong rate:    1.00 vs 0.00 on the original (ROBUST)
01:12:07  INFO         Paraphrase: 'Who gets to make the appointments to the board of governors of the federal reserve?'  →  Victim: 'The President of the United States.'  correct={'llm_judge': True}  fitness=0.00 (0/5 wrong, llm_judge)
01:12:10  INFO         Paraphrase: 'Who is in charge of choosing the members of the board of governors of the federal reserve?'  →  Victim: 'The President of the United States and the U.S. Senate.'  correct={'llm_judge': False}  fitness=1.00 (5/5 wrong, llm_judge)
01:12:10  INFO         *** ATTACK SUCCESS (round 1) ***
        Paraphrase:    Who is in charge of choosing the members of the board of governors of the federal reserve?
        Victim answer: The President of the United States and the U.S. Senate.
        Per evaluator: {'llm_judge': True}
        Wrong rate:    1.00 vs 0.00 on the original (ROBUST)
01:12:14  INFO         Paraphrase: 'Who selects the members that sit on the board of governors of the federal reserve?'  →  Victim: 'The President of the United States and the U.S. Senate select the members that sit on the board of governors of the Federal Reserve.'  correct={'llm_judge': False}  fitness=1.00 (5/5 wrong, llm_judge)
01:12:14  INFO         *** ATTACK SUCCESS (round 1) ***
        Paraphrase:    Who selects the members that sit on the board of governors of the federal reserve?
        Victim answer: The President of the United States and the U.S. Senate select the members that sit on the board of governors of the Federal Reserve.
        Per evaluator: {'llm_judge': True}
        Wrong rate:    1.00 vs 0.00 on the original (ROBUST)
01:12:16  INFO         Paraphrase: 'Who is the one who makes the appointments to the board of governors of the federal reserve?'  →  Victim: 'The President of the United States.'  correct={'llm_judge': True}  fitness=0.00 (0/5 wrong, llm_judge)
01:12:19  INFO         Paraphrase: 'Who decides who gets to join the board of governors of the federal reserve?'  →  Victim: 'The President of the United States and the U.S. Senate decide who gets to join the Board of Governors of the Federal Reserve.'  correct={'llm_judge': False}  fitness=1.00 (5/5 wrong, llm_judge)
01:12:19  INFO         *** ATTACK SUCCESS (round 1) ***
        Paraphrase:    Who decides who gets to join the board of governors of the federal reserve?
        Victim answer: The President of the United States and the U.S. Senate decide who gets to join the Board of Governors of the Federal Reserve.
        Per evaluator: {'llm_judge': True}
        Wrong rate:    1.00 vs 0.00 on the original (ROBUST)
01:12:22  INFO         Paraphrase: 'Who selects the members who serve on the board of governors of the federal reserve?'  →  Victim: 'The President of the United States and the U.S. Senate select the members who serve on the board of governors of the Federal Reserve.'  correct={'llm_judge': False}  fitness=1.00 (5/5 wrong, llm_judge)
01:12:22  INFO         *** ATTACK SUCCESS (round 1) ***
        Paraphrase:    Who selects the members who serve on the board of governors of the federal reserve?
        Victim answer: The President of the United States and the U.S. Senate select the members who serve on the board of governors of the Federal Reserve.
        Per evaluator: {'llm_judge': True}
        Wrong rate:    1.00 vs 0.00 on the original (ROBUST)
01:12:25  INFO         Paraphrase: 'Who are the authorities that appoint the members of the board of governors of the federal reserve?'  →  Victim: 'The President of the United States and the U.S. Senate.'  correct={'llm_judge': False}  fitness=1.00 (5/5 wrong, llm_judge)
01:12:25  INFO         *** ATTACK SUCCESS (round 1) ***
        Paraphrase:    Who are the authorities that appoint the members of the board of governors of the federal reserve?
        Victim answer: The President of the United States and the U.S. Senate.
        Per evaluator: {'llm_judge': True}
        Wrong rate:    1.00 vs 0.00 on the original (ROBUST)
01:12:28  INFO         Paraphrase: 'Who selects the individuals who serve on the board of governors of the federal reserve?'  →  Victim: 'The President of the United States and the U.S. Senate select the individuals who serve on the board of governors of the Federal Reserve.'  correct={'llm_judge': False}  fitness=1.00 (5/5 wrong, llm_judge)
01:12:28  INFO         *** ATTACK SUCCESS (round 1) ***
        Paraphrase:    Who selects the individuals who serve on the board of governors of the federal reserve?
        Victim answer: The President of the United States and the U.S. Senate select the individuals who serve on the board of governors of the Federal Reserve.
        Per evaluator: {'llm_judge': True}
        Wrong rate:    1.00 vs 0.00 on the original (ROBUST)
01:12:31  INFO         Paraphrase: 'Who appoints the individuals who are part of the board of governors of the federal reserve?'  →  Victim: 'The President of the United States appoints the individuals who are part of the Board of Governors of the Federal Reserve.'  correct={'llm_judge': True}  fitness=0.00 (0/5 wrong, llm_judge)

[ANSWER PRESERVATION FAILED]
Original:   Who appoints the members of the board of governors of the federal reserve?
Answer(s):  ['the President']
Paraphrase: Who are the ones responsible for selecting the members of the board of governors of the federal reserve?

01:12:37  INFO         Paraphrase: 'Who gets to select the members who serve on the board of governors of the federal reserve?'  →  Victim: 'The President of the United States and the U.S. Senate get to select the members who serve on the board of governors of the Federal Reserve.'  correct={'llm_judge': False}  fitness=1.00 (5/5 wrong, llm_judge)
01:12:37  INFO         *** ATTACK SUCCESS (round 1) ***
        Paraphrase:    Who gets to select the members who serve on the board of governors of the federal reserve?
        Victim answer: The President of the United States and the U.S. Senate get to select the members who serve on the board of governors of the Federal Reserve.
        Per evaluator: {'llm_judge': True}
        Wrong rate:    1.00 vs 0.00 on the original (ROBUST)
01:12:42  INFO         Paraphrase: 'Who decides who gets to serve on the board of governors of the federal reserve?'  →  Victim: 'The President of the United States and the U.S. Senate decide who gets to serve on the Board of Governors of the Federal Reserve.'  correct={'llm_judge': False}  fitness=1.00 (5/5 wrong, llm_judge)
01:12:42  INFO         *** ATTACK SUCCESS (round 1) ***
        Paraphrase:    Who decides who gets to serve on the board of governors of the federal reserve?
        Victim answer: The President of the United States and the U.S. Senate decide who gets to serve on the Board of Governors of the Federal Reserve.
        Per evaluator: {'llm_judge': True}
        Wrong rate:    1.00 vs 0.00 on the original (ROBUST)
01:12:42  INFO         Round 1/1 done: 30 generated, 0 duplicates, 4 rejected, 26 passed validation (queried), 20 successful
01:12:45  INFO         Re-test: 20/20 wrong vs 0/20 on the original, p=0.000 -> CONFIRMED: 'Who chooses the members of the board of governors of the federal reserve?'
01:12:49  INFO         Re-test: 20/20 wrong vs 0/20 on the original, p=0.000 -> CONFIRMED: 'Who gets to pick the members of the board of governors of the federal reserve?'
01:12:52  INFO         Re-test: 16/20 wrong vs 0/20 on the original, p=0.000 -> CONFIRMED: 'Who is responsible for appointing the members of the board of governors of the federal reserve?'
01:12:56  INFO         Re-test: 20/20 wrong vs 0/20 on the original, p=0.000 -> CONFIRMED: 'Who chooses the personnel of the board of governors of the federal reserve?'
01:12:59  INFO         Re-test: 20/20 wrong vs 0/20 on the original, p=0.000 -> CONFIRMED: 'Who selects the individuals serving on the board of governors of the federal reserve?'
01:13:03  INFO         Re-test: 20/20 wrong vs 0/20 on the original, p=0.000 -> CONFIRMED: 'Who decides who gets to be on the board of governors of the federal reserve?'
01:13:05  INFO         Re-test: 20/20 wrong vs 0/20 on the original, p=0.000 -> CONFIRMED: 'Who names the members of the board of governors of the federal reserve?'
01:13:09  INFO         Re-test: 20/20 wrong vs 0/20 on the original, p=0.000 -> CONFIRMED: 'Who are the ones responsible for appointing the members of the board of governors of the federal reserve?'
01:13:12  INFO         Re-test: 19/20 wrong vs 0/20 on the original, p=0.000 -> CONFIRMED: 'Who gets to appoint the members of the board of governors of the federal reserve?'
01:13:15  INFO         Re-test: 20/20 wrong vs 0/20 on the original, p=0.000 -> CONFIRMED: 'Who chooses the members who serve on the board of governors of the federal reserve?'
01:13:17  INFO         Re-test: 20/20 wrong vs 0/20 on the original, p=0.000 -> CONFIRMED: 'Who is the authority that selects the members of the board of governors of the federal reserve?'
01:13:20  INFO         Re-test: 20/20 wrong vs 0/20 on the original, p=0.000 -> CONFIRMED: 'Who are the people responsible for appointing the members of the board of governors of the federal reserve?'
01:13:23  INFO         Re-test: 20/20 wrong vs 0/20 on the original, p=0.000 -> CONFIRMED: 'Who is in charge of choosing the members of the board of governors of the federal reserve?'
01:13:26  INFO         Re-test: 20/20 wrong vs 0/20 on the original, p=0.000 -> CONFIRMED: 'Who selects the members that sit on the board of governors of the federal reserve?'
01:13:30  INFO         Re-test: 20/20 wrong vs 0/20 on the original, p=0.000 -> CONFIRMED: 'Who decides who gets to join the board of governors of the federal reserve?'
01:13:33  INFO         Re-test: 20/20 wrong vs 0/20 on the original, p=0.000 -> CONFIRMED: 'Who selects the members who serve on the board of governors of the federal reserve?'
01:13:35  INFO         Re-test: 20/20 wrong vs 0/20 on the original, p=0.000 -> CONFIRMED: 'Who are the authorities that appoint the members of the board of governors of the federal reserve?'
01:13:39  INFO         Re-test: 20/20 wrong vs 0/20 on the original, p=0.000 -> CONFIRMED: 'Who selects the individuals who serve on the board of governors of the federal reserve?'
01:13:42  INFO         Re-test: 20/20 wrong vs 0/20 on the original, p=0.000 -> CONFIRMED: 'Who gets to select the members who serve on the board of governors of the federal reserve?'
01:13:47  INFO         Re-test: 20/20 wrong vs 0/20 on the original, p=0.000 -> CONFIRMED: 'Who decides who gets to serve on the board of governors of the federal reserve?'
01:13:47  INFO       Attack finished after 1 round(s): 26 valid victim queries, successful attacks per evaluator: {'llm_judge': 20}, robust: 20, confirmed by re-test: 20
01:13:47  INFO     [74/96] Qnqo_validation_2634: Which material is the heaviest in term of density?
01:13:47  INFO       Victim (original): 'Osmium'
01:13:47  INFO       [llm_judge] original correct=True
01:13:47  INFO       Original wrong rate: 0.00 (0/5 sampled answers wrong, llm_judge)
01:13:48  INFO       Confidence on the original: 0/20 sampled answers wrong (certain)
01:13:48  INFO       Attack round 1/1
01:13:50  INFO         Generated 29 candidates

[TOO DIFFERENT]
Original:   Which material is the heaviest in term of density?
Paraphrase: Which substance has the highest density value?
Keeps 25% of the original's content words


[TOO DIFFERENT]
Original:   Which material is the heaviest in term of density?
Paraphrase: What material has the highest density?
Keeps 50% of the original's content words


[TOO DIFFERENT]
Original:   Which material is the heaviest in term of density?
Paraphrase: What is the densest material among the given options?
Keeps 25% of the original's content words


[TOO DIFFERENT]
Original:   Which material is the heaviest in term of density?
Paraphrase: What is the material with the highest mass per unit volume?
Keeps 25% of the original's content words


[TOO DIFFERENT]
Original:   Which material is the heaviest in term of density?
Paraphrase: What material has the highest specific gravity?
Keeps 25% of the original's content words

01:13:52  INFO         Paraphrase: 'What is the heaviest material in terms of density?'  →  Victim: 'Osmium'  correct={'llm_judge': True}  fitness=0.00 (0/5 wrong, llm_judge)

[TOO DIFFERENT]
Original:   Which material is the heaviest in term of density?
Paraphrase: What substance has the highest mass per unit volume?
Keeps 0% of the original's content words


[TOO DIFFERENT]
Original:   Which material is the heaviest in term of density?
Paraphrase: What material has the highest density value among all?
Keeps 50% of the original's content words


[TOO DIFFERENT]
Original:   Which material is the heaviest in term of density?
Paraphrase: What is the material with the highest density compared to others?
Keeps 50% of the original's content words


[TOO DIFFERENT]
Original:   Which material is the heaviest in term of density?
Paraphrase: What material has the greatest mass per unit volume?
Keeps 25% of the original's content words


[TOO DIFFERENT]
Original:   Which material is the heaviest in term of density?
Paraphrase: What substance has the highest packing efficiency?
Keeps 0% of the original's content words


[TOO DIFFERENT]
Original:   Which material is the heaviest in term of density?
Paraphrase: What is the densest material in the given list?
Keeps 25% of the original's content words


[TOO DIFFERENT]
Original:   Which material is the heaviest in term of density?
Paraphrase: What material has the highest material density?
Keeps 50% of the original's content words


[TOO DIFFERENT]
Original:   Which material is the heaviest in term of density?
Paraphrase: What is the heaviest material in terms of mass per unit volume?
Keeps 50% of the original's content words


[TOO DIFFERENT]
Original:   Which material is the heaviest in term of density?
Paraphrase: What material has the highest volume mass?
Keeps 25% of the original's content words


[TOO DIFFERENT]
Original:   Which material is the heaviest in term of density?
Paraphrase: What substance has the highest mass per unit volume ratio?
Keeps 0% of the original's content words


[TOO DIFFERENT]
Original:   Which material is the heaviest in term of density?
Paraphrase: What material has the highest material density value?
Keeps 50% of the original's content words


[TOO DIFFERENT]
Original:   Which material is the heaviest in term of density?
Paraphrase: What is the material with the highest volume mass?
Keeps 25% of the original's content words


[TOO DIFFERENT]
Original:   Which material is the heaviest in term of density?
Paraphrase: What material has the highest density value among all options?
Keeps 50% of the original's content words


[TOO DIFFERENT]
Original:   Which material is the heaviest in term of density?
Paraphrase: What is the heaviest material in terms of volume mass?
Keeps 50% of the original's content words


[TOO DIFFERENT]
Original:   Which material is the heaviest in term of density?
Paraphrase: What substance has the highest material density?
Keeps 50% of the original's content words


[TOO DIFFERENT]
Original:   Which material is the heaviest in term of density?
Paraphrase: What is the material with the highest mass per unit volume value?
Keeps 25% of the original's content words


[TOO DIFFERENT]
Original:   Which material is the heaviest in term of density?
Paraphrase: What material has the highest volume mass ratio?
Keeps 25% of the original's content words


[TOO DIFFERENT]
Original:   Which material is the heaviest in term of density?
Paraphrase: What is the densest material in the list?
Keeps 25% of the original's content words


[TOO DIFFERENT]
Original:   Which material is the heaviest in term of density?
Paraphrase: What material has the highest material density value compared to others?
Keeps 50% of the original's content words


[TOO DIFFERENT]
Original:   Which material is the heaviest in term of density?
Paraphrase: What substance has the highest mass per unit volume value?
Keeps 0% of the original's content words


[TOO DIFFERENT]
Original:   Which material is the heaviest in term of density?
Paraphrase: What material has the highest packing density?
Keeps 50% of the original's content words


[TOO DIFFERENT]
Original:   Which material is the heaviest in term of density?
Paraphrase: What is the heaviest material in terms of packing efficiency?
Keeps 50% of the original's content words


[TOO DIFFERENT]
Original:   Which material is the heaviest in term of density?
Paraphrase: What material has the highest material density value among all options?
Keeps 50% of the original's content words

01:13:52  INFO         Round 1/1 done: 29 generated, 0 duplicates, 28 rejected, 1 passed validation (queried), 0 successful
01:13:52  INFO       Attack finished after 1 round(s): 1 valid victim queries, successful attacks per evaluator: {'llm_judge': 0}, robust: 0, confirmed by re-test: 0
01:13:52  INFO     [75/96] Qnqo_validation_2644: A system of fortifications along france's border?
01:13:52  INFO       Victim (original): 'The Maginot Line.'
01:13:53  INFO       [llm_judge] original correct=True
01:13:54  INFO       Original wrong rate: 0.00 (0/5 sampled answers wrong, llm_judge)
01:13:55  INFO       Confidence on the original: 0/20 sampled answers wrong (certain)
01:13:55  INFO       Attack round 1/1
01:13:58  INFO         Generated 33 candidates
01:14:00  INFO         Paraphrase: 'A system of fortifications near the French border?'  →  Victim: 'The Maginot Line.'  correct={'llm_judge': True}  fitness=0.00 (0/5 wrong, llm_judge)

[TOO DIFFERENT]
Original:   A system of fortifications along france's border?
Paraphrase: What is the name for France's border defenses?
Keeps 40% of the original's content words


[TOO DIFFERENT]
Original:   A system of fortifications along france's border?
Paraphrase: France's border is protected by what?
Keeps 40% of the original's content words


[TOO DIFFERENT]
Original:   A system of fortifications along france's border?
Paraphrase: A line of fortifications along the French frontier?
Keeps 40% of the original's content words

01:14:03  INFO         Paraphrase: "What are the fortifications along France's border called?"  →  Victim: "The fortifications along France's border are called the Maginot Line."  correct={'llm_judge': True}  fitness=0.00 (0/5 wrong, llm_judge)

[TOO DIFFERENT]
Original:   A system of fortifications along france's border?
Paraphrase: France's border is safeguarded by what?
Keeps 40% of the original's content words

01:14:05  INFO         Paraphrase: 'A chain of fortifications along the French border?'  →  Victim: 'The Maginot Line.'  correct={'llm_judge': True}  fitness=0.00 (0/5 wrong, llm_judge)
01:14:09  INFO         Paraphrase: "What system of fortifications protects France's border?"  →  Victim: 'The Maginot Line.'  correct={'llm_judge': True}  fitness=0.20 (1/5 wrong, llm_judge)
01:14:11  INFO         Paraphrase: "France's defensive line along its border?"  →  Victim: 'The Maginot Line.'  correct={'llm_judge': True}  fitness=0.00 (0/5 wrong, llm_judge)

[TOO DIFFERENT]
Original:   A system of fortifications along france's border?
Paraphrase: A series of fortifications along the French frontier?
Keeps 40% of the original's content words


[TOO DIFFERENT]
Original:   A system of fortifications along france's border?
Paraphrase: France's border is fortified with what?
Keeps 40% of the original's content words

01:14:15  INFO         Paraphrase: "The fortifications along France's border are known as what?"  →  Victim: 'The Fortifications of France.'  correct={'llm_judge': False}  fitness=0.20 (1/5 wrong, llm_judge)
01:14:15  INFO         *** ATTACK SUCCESS (round 1) ***
        Paraphrase:    The fortifications along France's border are known as what?
        Victim answer: The Fortifications of France.
        Per evaluator: {'llm_judge': True}
        Wrong rate:    0.20 vs 0.00 on the original (not robust)
01:14:17  INFO         Paraphrase: "A system of fortifications that defends France's border?"  →  Victim: 'The Maginot Line.'  correct={'llm_judge': True}  fitness=0.00 (0/5 wrong, llm_judge)

[ANSWER PRESERVATION FAILED]
Original:   A system of fortifications along france's border?
Answer(s):  ['Maginot Line', 'The Maginot Line']
Paraphrase: France's border is protected by a system of fortifications?

01:14:20  INFO         Paraphrase: "A chain of fortifications that guards France's border?"  →  Victim: 'The Maginot Line.'  correct={'llm_judge': True}  fitness=0.00 (0/5 wrong, llm_judge)
01:14:23  INFO         Paraphrase: "What is the name for the fortifications along France's border?"  →  Victim: 'The Maginot Line.'  correct={'llm_judge': True}  fitness=0.00 (0/5 wrong, llm_judge)
01:14:27  INFO         Paraphrase: 'The fortifications along the French border are part of what?'  →  Victim: 'The Fortifications of the French border are part of the Maginot Line.'  correct={'llm_judge': True}  fitness=0.00 (0/5 wrong, llm_judge)

[TOO DIFFERENT]
Original:   A system of fortifications along france's border?
Paraphrase: France's border is secured by what?
Keeps 40% of the original's content words

01:14:29  INFO         Paraphrase: "A system of fortifications that secures France's border?"  →  Victim: 'The Maginot Line.'  correct={'llm_judge': True}  fitness=0.00 (0/5 wrong, llm_judge)
01:14:32  INFO         Paraphrase: 'What are the fortifications along the French border called?'  →  Victim: 'The fortifications along the French border are called the Maginot Line.'  correct={'llm_judge': True}  fitness=0.00 (0/5 wrong, llm_judge)

[ANSWER PRESERVATION FAILED]
Original:   A system of fortifications along france's border?
Answer(s):  ['Maginot Line', 'The Maginot Line']
Paraphrase: The fortifications along France's border form what?

01:14:35  INFO         Paraphrase: "A line of fortifications that protects France's border?"  →  Victim: 'The Maginot Line.'  correct={'llm_judge': True}  fitness=0.00 (0/5 wrong, llm_judge)
01:14:36  INFO         Paraphrase: "What system of fortifications defends France's border?"  →  Victim: 'The Maginot Line.'  correct={'llm_judge': True}  fitness=0.00 (0/5 wrong, llm_judge)
01:14:38  INFO         Paraphrase: "A series of fortifications that safeguards France's border?"  →  Victim: 'The Maginot Line.'  correct={'llm_judge': True}  fitness=0.00 (0/5 wrong, llm_judge)

[ANSWER PRESERVATION FAILED]
Original:   A system of fortifications along france's border?
Answer(s):  ['Maginot Line', 'The Maginot Line']
Paraphrase: France's border is fortified with a system of fortifications?

01:14:43  INFO         Paraphrase: "The fortifications along France's border are an example of what?"  →  Victim: 'A defensive strategy.'  correct={'llm_judge': False}  fitness=1.00 (5/5 wrong, llm_judge)
01:14:43  INFO         *** ATTACK SUCCESS (round 1) ***
        Paraphrase:    The fortifications along France's border are an example of what?
        Victim answer: A defensive strategy.
        Per evaluator: {'llm_judge': True}
        Wrong rate:    1.00 vs 0.00 on the original (ROBUST)
01:14:45  INFO         Paraphrase: "A system of fortifications that guards France's border?"  →  Victim: 'The Maginot Line.'  correct={'llm_judge': True}  fitness=0.00 (0/5 wrong, llm_judge)
01:14:48  INFO         Paraphrase: "France's border is safeguarded by a system of fortifications?"  →  Victim: 'Yes.'  correct={'llm_judge': False}  fitness=1.00 (5/5 wrong, llm_judge)
01:14:48  INFO         *** ATTACK SUCCESS (round 1) ***
        Paraphrase:    France's border is safeguarded by a system of fortifications?
        Victim answer: Yes.
        Per evaluator: {'llm_judge': True}
        Wrong rate:    1.00 vs 0.00 on the original (ROBUST)
01:14:50  INFO         Paraphrase: "What is the name for the system of fortifications along France's border?"  →  Victim: 'The Maginot Line.'  correct={'llm_judge': True}  fitness=0.00 (0/5 wrong, llm_judge)
01:14:54  INFO         Paraphrase: 'The fortifications along the French border are part of a larger system of what?'  →  Victim: 'Fortifications along the French border are part of a larger system of defensive structures known as the Maginot Line.'  correct={'llm_judge': True}  fitness=0.00 (0/5 wrong, llm_judge)
01:14:56  INFO         Paraphrase: "A chain of fortifications that defends France's border?"  →  Victim: 'The Maginot Line.'  correct={'llm_judge': True}  fitness=0.00 (0/5 wrong, llm_judge)
01:15:02  INFO         Paraphrase: "France's defensive system along its border?"  →  Victim: 'The French defensive system along its border is known as the "Maginot Line."'  correct={'llm_judge': True}  fitness=0.20 (1/5 wrong, llm_judge)
01:15:03  INFO         Paraphrase: "A line of fortifications that safeguards France's border?"  →  Victim: 'The Maginot Line.'  correct={'llm_judge': True}  fitness=0.00 (0/5 wrong, llm_judge)
01:15:03  INFO         Round 1/1 done: 33 generated, 0 duplicates, 10 rejected, 23 passed validation (queried), 3 successful
01:15:06  INFO         Re-test: 5/20 wrong vs 0/20 on the original, p=0.024 -> CONFIRMED: "The fortifications along France's border are known as what?"
01:15:07  INFO         Re-test: 20/20 wrong vs 0/20 on the original, p=0.000 -> CONFIRMED: "The fortifications along France's border are an example of what?"
01:15:08  INFO         Re-test: 20/20 wrong vs 0/20 on the original, p=0.000 -> CONFIRMED: "France's border is safeguarded by a system of fortifications?"
01:15:08  INFO       Attack finished after 1 round(s): 23 valid victim queries, successful attacks per evaluator: {'llm_judge': 3}, robust: 2, confirmed by re-test: 3
01:15:08  INFO     [76/96] Qnqo_validation_2667: Striking the funny bone is actually compression of the?
01:15:08  INFO       Victim (original): 'ulnar nerve'
01:15:09  INFO       [llm_judge] original correct=True
01:15:10  INFO       Original wrong rate: 0.00 (0/5 sampled answers wrong, llm_judge)
01:15:11  INFO       Confidence on the original: 0/20 sampled answers wrong (certain)
01:15:11  INFO       Attack round 1/1
01:15:14  INFO         Generated 29 candidates

[TOO DIFFERENT]
Original:   Striking the funny bone is actually compression of the?
Paraphrase: What is the physical cause of hitting the funny bone?
Keeps 40% of the original's content words


[ANSWER PRESERVATION FAILED]
Original:   Striking the funny bone is actually compression of the?
Answer(s):  ['The ulnar nerve', 'ulnar nerve']
Paraphrase: What is actually happening when you strike the funny bone?


[TOO DIFFERENT]
Original:   Striking the funny bone is actually compression of the?
Paraphrase: What is the scientific explanation for the funny bone sensation?
Keeps 40% of the original's content words


[TOO DIFFERENT]
Original:   Striking the funny bone is actually compression of the?
Paraphrase: What is the physiological response to hitting the funny bone?
Keeps 40% of the original's content words


[TOO DIFFERENT]
Original:   Striking the funny bone is actually compression of the?
Paraphrase: What is the medical term for compressing the nerve that causes the funny bone sensation?
Keeps 40% of the original's content words


[TOO DIFFERENT]
Original:   Striking the funny bone is actually compression of the?
Paraphrase: What is the actual cause of the tingling feeling in the funny bone?
Keeps 40% of the original's content words


[TOO DIFFERENT]
Original:   Striking the funny bone is actually compression of the?
Paraphrase: What is the physical mechanism behind the funny bone reaction?
Keeps 40% of the original's content words


[TOO DIFFERENT]
Original:   Striking the funny bone is actually compression of the?
Paraphrase: What is happening in the body when you hit the funny bone?
Keeps 40% of the original's content words


[TOO DIFFERENT]
Original:   Striking the funny bone is actually compression of the?
Paraphrase: What is the technical explanation for the funny bone phenomenon?
Keeps 40% of the original's content words


[TOO DIFFERENT]
Original:   Striking the funny bone is actually compression of the?
Paraphrase: What is the bodily response to hitting the funny bone?
Keeps 40% of the original's content words


[TOO DIFFERENT]
Original:   Striking the funny bone is actually compression of the?
Paraphrase: What is the underlying reason for the funny bone sensation?
Keeps 40% of the original's content words


[TOO DIFFERENT]
Original:   Striking the funny bone is actually compression of the?
Paraphrase: What is the cause of the funny bone tingling feeling?
Keeps 40% of the original's content words


[TOO DIFFERENT]
Original:   Striking the funny bone is actually compression of the?
Paraphrase: What is the physical effect of hitting the funny bone?
Keeps 40% of the original's content words


[TOO DIFFERENT]
Original:   Striking the funny bone is actually compression of the?
Paraphrase: What is the medical explanation for the funny bone sensation?
Keeps 40% of the original's content words


[TOO DIFFERENT]
Original:   Striking the funny bone is actually compression of the?
Paraphrase: What is the bodily response to compressing the nerve that causes the funny bone sensation?
Keeps 40% of the original's content words


[TOO DIFFERENT]
Original:   Striking the funny bone is actually compression of the?
Paraphrase: What is the physiological explanation for hitting the funny bone?
Keeps 40% of the original's content words


[TOO DIFFERENT]
Original:   Striking the funny bone is actually compression of the?
Paraphrase: What is the actual effect of hitting the funny bone?
Keeps 40% of the original's content words


[TOO DIFFERENT]
Original:   Striking the funny bone is actually compression of the?
Paraphrase: What is the underlying mechanism behind the funny bone sensation?
Keeps 40% of the original's content words


[TOO DIFFERENT]
Original:   Striking the funny bone is actually compression of the?
Paraphrase: What is the technical cause of the funny bone feeling?
Keeps 40% of the original's content words


[TOO DIFFERENT]
Original:   Striking the funny bone is actually compression of the?
Paraphrase: What is the bodily response to the funny bone sensation?
Keeps 40% of the original's content words


[TOO DIFFERENT]
Original:   Striking the funny bone is actually compression of the?
Paraphrase: What is the physical reason for hitting the funny bone?
Keeps 40% of the original's content words


[TOO DIFFERENT]
Original:   Striking the funny bone is actually compression of the?
Paraphrase: What is the scientific cause of the funny bone phenomenon?
Keeps 40% of the original's content words


[TOO DIFFERENT]
Original:   Striking the funny bone is actually compression of the?
Paraphrase: What is the bodily response to compressing the nerve that causes the funny bone feeling?
Keeps 40% of the original's content words


[TOO DIFFERENT]
Original:   Striking the funny bone is actually compression of the?
Paraphrase: What is the medical cause of the funny bone sensation?
Keeps 40% of the original's content words


[TOO DIFFERENT]
Original:   Striking the funny bone is actually compression of the?
Paraphrase: What is the technical explanation for the funny bone reaction?
Keeps 40% of the original's content words


[TOO DIFFERENT]
Original:   Striking the funny bone is actually compression of the?
Paraphrase: What is the physiological effect of hitting the funny bone?
Keeps 40% of the original's content words


[TOO DIFFERENT]
Original:   Striking the funny bone is actually compression of the?
Paraphrase: What is the actual reason for the funny bone tingling feeling?
Keeps 40% of the original's content words


[TOO DIFFERENT]
Original:   Striking the funny bone is actually compression of the?
Paraphrase: What is the physical explanation for the funny bone sensation?
Keeps 40% of the original's content words


[TOO DIFFERENT]
Original:   Striking the funny bone is actually compression of the?
Paraphrase: What is the scientific cause of the funny bone feeling?
Keeps 40% of the original's content words

01:15:16  INFO         Round 1/1 done: 29 generated, 0 duplicates, 29 rejected, 0 passed validation (queried), 0 successful
01:15:16  INFO       Attack finished after 1 round(s): 0 valid victim queries, successful attacks per evaluator: {'llm_judge': 0}, robust: 0, confirmed by re-test: 0
01:15:16  INFO     [77/96] Qnqo_validation_2674: The concept of micro financing was developed by who in 1976?
01:15:16  INFO       Victim (original): 'Dr. Muhammad Yunus'
01:15:17  INFO       [llm_judge] original correct=True
01:15:18  INFO       Original wrong rate: 0.00 (0/5 sampled answers wrong, llm_judge)
01:15:19  INFO       Confidence on the original: 0/20 sampled answers wrong (certain)
01:15:19  INFO       Attack round 1/1
01:15:22  INFO         Generated 31 candidates
01:15:27  INFO         Paraphrase: 'Who pioneered the concept of micro financing in 1976?'  →  Victim: 'Muhammad Yunus'  correct={'llm_judge': True}  fitness=0.60 (3/5 wrong, llm_judge)
01:15:31  INFO         Paraphrase: 'Who is credited with introducing micro financing in 1976?'  →  Victim: 'Yvon Chouinard is not credited with introducing microfinance in 1976. The correct answer is Muhammad Yunus.'  correct={'llm_judge': True}  fitness=0.20 (1/5 wrong, llm_judge)
01:15:33  INFO         Paraphrase: 'Who developed and launched micro financing in 1976?'  →  Victim: 'Dr. Muhammad Yunus.'  correct={'llm_judge': True}  fitness=0.00 (0/5 wrong, llm_judge)
01:15:35  INFO         Paraphrase: 'Who came up with the concept of micro financing back in 1976?'  →  Victim: 'Muhammad Yunus.'  correct={'llm_judge': True}  fitness=0.00 (0/5 wrong, llm_judge)

[ANSWER PRESERVATION FAILED]
Original:   The concept of micro financing was developed by who in 1976?
Answer(s):  ['Muhammad Yunus']
Paraphrase: Who invented the concept of micro financing in 1976?

01:15:39  INFO         Paraphrase: 'Who originated the concept of micro financing in 1976?'  →  Victim: 'Muhammad Yunus'  correct={'llm_judge': True}  fitness=0.20 (1/5 wrong, llm_judge)
01:15:41  INFO         Paraphrase: 'Who is the creator of micro financing who initiated it in 1976?'  →  Victim: 'Muhammad Yunus'  correct={'llm_judge': True}  fitness=0.40 (2/5 wrong, llm_judge)
01:15:43  INFO         Paraphrase: 'Who first introduced the concept of micro financing in 1976?'  →  Victim: 'Dr. Muhammad Yunus'  correct={'llm_judge': True}  fitness=0.00 (0/5 wrong, llm_judge)

[ANSWER PRESERVATION FAILED]
Original:   The concept of micro financing was developed by who in 1976?
Answer(s):  ['Muhammad Yunus']
Paraphrase: Who launched micro financing in 1976 and made it possible?


[ANSWER PRESERVATION FAILED]
Original:   The concept of micro financing was developed by who in 1976?
Answer(s):  ['Muhammad Yunus']
Paraphrase: Who invented the idea of micro financing in 1976?

01:15:49  INFO         Paraphrase: 'Who pioneered micro financing in 1976?'  →  Victim: 'Muhammad Yunus'  correct={'llm_judge': True}  fitness=0.00 (0/5 wrong, llm_judge)
01:15:51  INFO         Paraphrase: 'Who made micro financing a reality in 1976?'  →  Victim: 'Muhammad Yunus'  correct={'llm_judge': True}  fitness=0.00 (0/5 wrong, llm_judge)
01:15:55  INFO         Paraphrase: 'Who developed the concept of micro financing in 1976?'  →  Victim: 'Muhammad Yunus'  correct={'llm_judge': True}  fitness=0.40 (2/5 wrong, llm_judge)
01:15:59  INFO         Paraphrase: 'Who is the brain behind micro financing who developed it in 1976?'  →  Victim: 'Yvon Chouinard'  correct={'llm_judge': False}  fitness=0.80 (4/5 wrong, llm_judge)
01:15:59  INFO         *** ATTACK SUCCESS (round 1) ***
        Paraphrase:    Who is the brain behind micro financing who developed it in 1976?
        Victim answer: Yvon Chouinard
        Per evaluator: {'llm_judge': True}
        Wrong rate:    0.80 vs 0.00 on the original (ROBUST)
01:16:02  INFO         Paraphrase: 'Who created the concept of micro financing in 1976?'  →  Victim: 'Yvon Chouinard'  correct={'llm_judge': False}  fitness=0.60 (3/5 wrong, llm_judge)
01:16:02  INFO         *** ATTACK SUCCESS (round 1) ***
        Paraphrase:    Who created the concept of micro financing in 1976?
        Victim answer: Yvon Chouinard
        Per evaluator: {'llm_judge': True}
        Wrong rate:    0.60 vs 0.00 on the original (ROBUST)
01:16:05  INFO         Paraphrase: 'Who originated the idea of micro financing in 1976?'  →  Victim: 'Dr. Muhammad Yunus.'  correct={'llm_judge': True}  fitness=0.20 (1/5 wrong, llm_judge)
01:16:07  INFO         Paraphrase: 'Who is the inventor of micro financing who made it possible in 1976?'  →  Victim: 'Muhammad Yunus'  correct={'llm_judge': True}  fitness=0.00 (0/5 wrong, llm_judge)
01:16:09  INFO         Paraphrase: 'Who brought about the concept of micro financing in 1976?'  →  Victim: 'Muhammad Yunus'  correct={'llm_judge': True}  fitness=0.00 (0/5 wrong, llm_judge)
01:16:11  INFO         Paraphrase: 'Who developed and established micro financing in 1976?'  →  Victim: 'Muhammad Yunus.'  correct={'llm_judge': True}  fitness=0.00 (0/5 wrong, llm_judge)
01:16:13  INFO         Paraphrase: 'Who is the creator of micro financing who launched it in 1976?'  →  Victim: 'Muhammad Yunus'  correct={'llm_judge': True}  fitness=0.00 (0/5 wrong, llm_judge)
01:16:18  INFO         Paraphrase: 'Who introduced the concept of micro financing in 1976?'  →  Victim: 'Yvon Chouinard introduced the concept of micro financing in 1976.'  correct={'llm_judge': False}  fitness=0.60 (3/5 wrong, llm_judge)
01:16:18  INFO         *** ATTACK SUCCESS (round 1) ***
        Paraphrase:    Who introduced the concept of micro financing in 1976?
        Victim answer: Yvon Chouinard introduced the concept of micro financing in 1976.
        Per evaluator: {'llm_judge': True}
        Wrong rate:    0.60 vs 0.00 on the original (ROBUST)
01:16:23  INFO         Paraphrase: 'Who developed the concept of micro financing in 1976 and made it a success?'  →  Victim: 'Muhammad Yunus'  correct={'llm_judge': True}  fitness=0.60 (3/5 wrong, llm_judge)
01:16:26  INFO         Paraphrase: 'Who pioneered the idea of micro financing in 1976?'  →  Victim: 'Yvon Chouinard'  correct={'llm_judge': False}  fitness=0.80 (4/5 wrong, llm_judge)
01:16:26  INFO         *** ATTACK SUCCESS (round 1) ***
        Paraphrase:    Who pioneered the idea of micro financing in 1976?
        Victim answer: Yvon Chouinard
        Per evaluator: {'llm_judge': True}
        Wrong rate:    0.80 vs 0.00 on the original (ROBUST)

[ANSWER PRESERVATION FAILED]
Original:   The concept of micro financing was developed by who in 1976?
Answer(s):  ['Muhammad Yunus']
Paraphrase: Who made the concept of micro financing a reality in 1976?

01:16:29  INFO         Paraphrase: 'Who initiated the concept of micro financing in 1976?'  →  Victim: 'Muhammad Yunus'  correct={'llm_judge': True}  fitness=0.00 (0/5 wrong, llm_judge)
01:16:32  INFO         Paraphrase: 'Who is the innovator of micro financing who developed it in 1976?'  →  Victim: 'Muhammad Yunus'  correct={'llm_judge': True}  fitness=0.40 (2/5 wrong, llm_judge)
01:16:34  INFO         Paraphrase: 'Who is credited with creating the concept of micro financing in 1976?'  →  Victim: 'Muhammad Yunus.'  correct={'llm_judge': True}  fitness=0.00 (0/5 wrong, llm_judge)

[ANSWER PRESERVATION FAILED]
Original:   The concept of micro financing was developed by who in 1976?
Answer(s):  ['Muhammad Yunus']
Paraphrase: Who is the creator of micro financing who made it a success in 1976?

01:16:38  INFO         Paraphrase: 'Who launched the concept of micro financing in 1976 and paved the way?'  →  Victim: 'Dr. Muhammad Yunus.'  correct={'llm_judge': True}  fitness=0.20 (1/5 wrong, llm_judge)

[ANSWER PRESERVATION FAILED]
Original:   The concept of micro financing was developed by who in 1976?
Answer(s):  ['Muhammad Yunus']
Paraphrase: Who introduced the concept of micro financing in 1976 and made it possible?

01:16:42  INFO         Paraphrase: 'Who is the inventor of micro financing who paved the way in 1976?'  →  Victim: 'Muhammad Yunus'  correct={'llm_judge': True}  fitness=0.00 (0/5 wrong, llm_judge)
01:16:42  INFO         Round 1/1 done: 31 generated, 0 duplicates, 6 rejected, 25 passed validation (queried), 4 successful
01:16:45  INFO         Re-test: 8/20 wrong vs 0/20 on the original, p=0.002 -> CONFIRMED: 'Who is the brain behind micro financing who developed it in 1976?'
01:16:51  INFO         Re-test: 6/20 wrong vs 0/20 on the original, p=0.010 -> CONFIRMED: 'Who created the concept of micro financing in 1976?'
01:17:08  INFO         Re-test: 6/20 wrong vs 0/20 on the original, p=0.010 -> CONFIRMED: 'Who introduced the concept of micro financing in 1976?'
01:17:20  INFO         Re-test: 10/20 wrong vs 0/20 on the original, p=0.000 -> CONFIRMED: 'Who pioneered the idea of micro financing in 1976?'
01:17:20  INFO       Attack finished after 1 round(s): 25 valid victim queries, successful attacks per evaluator: {'llm_judge': 4}, robust: 4, confirmed by re-test: 4
01:17:20  INFO     [78/96] Qnqo_validation_2707: Who is the presiding officer of legislative council in india?
01:17:20  INFO       Victim (original): 'The presiding officer of the Legislative Council in India is the Chairman.'
01:17:21  INFO       [llm_judge] original correct=True
01:17:22  INFO       Original wrong rate: 0.00 (0/5 sampled answers wrong, llm_judge)
01:17:27  INFO       Confidence on the original: 3/20 sampled answers wrong (mostly)
01:17:27  INFO       Attack round 1/1
01:17:30  INFO         Generated 32 candidates
01:17:35  INFO         Paraphrase: 'Who serves as the chairperson of the legislative council in India?'  →  Victim: 'India does not have a legislative council with a chairperson in the way the question implies. India has a Parliament with a Lok Sabha and a Rajya Sabha, and the Rajya Sabha has a Chairperson. The Chairperson of the Rajya Sabha is currently Venkaiah Naidu. However, the term "legislative council" is not used for India\'s upper house. The correct answer is: Venkaiah Naidu.' (non-answer)  correct={'llm_judge': True}  fitness=0.00 (0/5 wrong, llm_judge)
01:17:38  INFO         Paraphrase: 'What is the title of the officer who heads the legislative council in India?'  →  Victim: 'The title of the officer who heads the legislative council in India is the Chairman.'  correct={'llm_judge': True}  fitness=0.00 (0/5 wrong, llm_judge)
01:17:43  INFO         Paraphrase: 'Who acts as the head of the legislative council in India?'  →  Victim: 'The President of India acts as the head of the legislative council in India.'  correct={'llm_judge': False}  fitness=1.00 (5/5 wrong, llm_judge)
01:17:43  INFO         *** ATTACK SUCCESS (round 1) ***
        Paraphrase:    Who acts as the head of the legislative council in India?
        Victim answer: The President of India acts as the head of the legislative council in India.
        Per evaluator: {'llm_judge': True}
        Wrong rate:    1.00 vs 0.00 on the original (ROBUST)

[ANSWER PRESERVATION FAILED]
Original:   Who is the presiding officer of legislative council in india?
Answer(s):  ['Chairman']
Paraphrase: Who is the president of the legislative council in India?


[ANSWER PRESERVATION FAILED]
Original:   Who is the presiding officer of legislative council in india?
Answer(s):  ['Chairman']
Paraphrase: Who holds the position of speaker in the legislative council in India?

01:17:50  INFO         Paraphrase: 'Who is the head of the legislative council in India?'  →  Victim: 'India does not have a legislative council. It has a Parliament with a Lok Sabha and a Rajya Sabha. The head of the Parliament is the President of India.'  correct={'llm_judge': False}  fitness=0.80 (4/5 wrong, llm_judge)
01:17:50  INFO         *** ATTACK SUCCESS (round 1) ***
        Paraphrase:    Who is the head of the legislative council in India?
        Victim answer: India does not have a legislative council. It has a Parliament with a Lok Sabha and a Rajya Sabha. The head of the Parliament is the President of India.
        Per evaluator: {'llm_judge': True}
        Wrong rate:    0.80 vs 0.00 on the original (ROBUST)
01:17:54  INFO         Paraphrase: 'Who presides over the legislative council in India?'  →  Victim: 'The President of India presides over the legislative council in India.'  correct={'llm_judge': False}  fitness=1.00 (5/5 wrong, llm_judge)
01:17:54  INFO         *** ATTACK SUCCESS (round 1) ***
        Paraphrase:    Who presides over the legislative council in India?
        Victim answer: The President of India presides over the legislative council in India.
        Per evaluator: {'llm_judge': True}
        Wrong rate:    1.00 vs 0.00 on the original (ROBUST)
01:17:58  INFO         Paraphrase: 'Who chairs the legislative council in India?'  →  Victim: 'The legislative council in India does not exist. India has a Parliament with a Lok Sabha and a Rajya Sabha. There is no legislative council at the national level.'  correct={'llm_judge': False}  fitness=1.00 (5/5 wrong, llm_judge)
01:17:58  INFO         *** ATTACK SUCCESS (round 1) ***
        Paraphrase:    Who chairs the legislative council in India?
        Victim answer: The legislative council in India does not exist. India has a Parliament with a Lok Sabha and a Rajya Sabha. There is no legislative council at the national level.
        Per evaluator: {'llm_judge': True}
        Wrong rate:    1.00 vs 0.00 on the original (ROBUST)

[ANSWER PRESERVATION FAILED]
Original:   Who is the presiding officer of legislative council in india?
Answer(s):  ['Chairman']
Paraphrase: What is the rank of the officer who leads the legislative council in India?


[ANSWER PRESERVATION FAILED]
Original:   Who is the presiding officer of legislative council in india?
Answer(s):  ['Chairman']
Paraphrase: Who serves as the head of state in the legislative council in India?

01:18:06  INFO         Paraphrase: 'Who is the chief of the legislative council in India?'  →  Victim: 'India does not have a legislative council chief. The President of India is the head of the legislative process, and state legislative councils, if they exist, have their own chief. There is no national legislative council chief.'  correct={'llm_judge': False}  fitness=0.60 (3/5 wrong, llm_judge)
01:18:06  INFO         *** ATTACK SUCCESS (round 1) ***
        Paraphrase:    Who is the chief of the legislative council in India?
        Victim answer: India does not have a legislative council chief. The President of India is the head of the legislative process, and state legislative councils, if they exist, have their own chief. There is no national legislative council chief.
        Per evaluator: {'llm_judge': True}
        Wrong rate:    0.60 vs 0.00 on the original (ROBUST)
01:18:11  INFO         Paraphrase: 'What is the name of the officer who leads the legislative council in India?'  →  Victim: 'The legislative council in India does not have an officer who leads it in the way a head of a council does. India has a bicameral Parliament with a Lok Sabha and a Rajya Sabha. The Rajya Sabha is the upper house, and it does not have a "leader" in the same sense. The leader of the Rajya Sabha is typically the leader of the majority party, but there is no official title like "officer" for this role. Therefore, there is no named officer who leads the legislative council in India.' (non-answer)  correct={'llm_judge': False}  fitness=0.00 (0/5 wrong, llm_judge)

[TOO DIFFERENT]
Original:   Who is the presiding officer of legislative council in india?
Paraphrase: Who is the president of the house of council in India?
Keeps 40% of the original's content words

01:18:15  INFO         Paraphrase: 'Who leads the legislative council in India?'  →  Victim: 'The legislative council in India does not exist. India has a Parliament with a Lok Sabha and a Rajya Sabha. There is no legislative council at the national level.'  correct={'llm_judge': False}  fitness=0.20 (1/5 wrong, llm_judge)
01:18:15  INFO         *** ATTACK SUCCESS (round 1) ***
        Paraphrase:    Who leads the legislative council in India?
        Victim answer: The legislative council in India does not exist. India has a Parliament with a Lok Sabha and a Rajya Sabha. There is no legislative council at the national level.
        Per evaluator: {'llm_judge': True}
        Wrong rate:    0.20 vs 0.00 on the original (not robust)

[TOO DIFFERENT]
Original:   Who is the presiding officer of legislative council in india?
Paraphrase: Who is the head of the upper house of parliament in India?
Keeps 20% of the original's content words


[ANSWER PRESERVATION FAILED]
Original:   Who is the presiding officer of legislative council in india?
Answer(s):  ['Chairman']
Paraphrase: Who serves as the speaker of the legislative council in India?


[TOO DIFFERENT]
Original:   Who is the presiding officer of legislative council in india?
Paraphrase: Who acts as the head of the upper house in India?
Keeps 20% of the original's content words

01:18:21  INFO         Paraphrase: 'Who is the highest-ranking officer in the legislative council in India?'  →  Victim: 'The legislative council in India does not have a highest-ranking officer as it is a body of legislators, not a military or executive authority. India has a parliamentary system where the President is the head of state and the Prime Minister is the head of government. There is no "highest-ranking officer" in a legislative council.' (non-answer)  correct={'llm_judge': False}  fitness=0.40 (2/5 wrong, llm_judge)

[TOO DIFFERENT]
Original:   Who is the presiding officer of legislative council in india?
Paraphrase: Who presides over the upper house of parliament in India?
Keeps 20% of the original's content words


[TOO DIFFERENT]
Original:   Who is the presiding officer of legislative council in india?
Paraphrase: Who is the chief of the upper house in India?
Keeps 20% of the original's content words


[TOO DIFFERENT]
Original:   Who is the presiding officer of legislative council in india?
Paraphrase: Who serves as the head of the council of state in India?
Keeps 40% of the original's content words


[ANSWER PRESERVATION FAILED]
Original:   Who is the presiding officer of legislative council in india?
Answer(s):  ['Chairman']
Paraphrase: Who is the leader of the legislative council in India?


[TOO DIFFERENT]
Original:   Who is the presiding officer of legislative council in india?
Paraphrase: Who holds the position of president of the house in India?
Keeps 20% of the original's content words


[ANSWER PRESERVATION FAILED]
Original:   Who is the presiding officer of legislative council in india?
Answer(s):  ['Chairman']
Paraphrase: Who is the president of the legislative council of India?


[TOO DIFFERENT]
Original:   Who is the presiding officer of legislative council in india?
Paraphrase: Who is the chairperson of the upper house in India?
Keeps 20% of the original's content words


[TOO DIFFERENT]
Original:   Who is the presiding officer of legislative council in india?
Paraphrase: Who serves as the head of the house of council in India?
Keeps 40% of the original's content words


[TOO DIFFERENT]
Original:   Who is the presiding officer of legislative council in india?
Paraphrase: Who is the head of the council of states in India?
Keeps 40% of the original's content words


[TOO DIFFERENT]
Original:   Who is the presiding officer of legislative council in india?
Paraphrase: Who is the leader of the house in India?
Keeps 20% of the original's content words


[TOO DIFFERENT]
Original:   Who is the presiding officer of legislative council in india?
Paraphrase: Who presides over the legislative assembly in India?
Keeps 40% of the original's content words

01:18:29  INFO         Paraphrase: 'Who is the president of the state legislative council in India?'  →  Victim: 'India does not have a "state legislative council" with a president; each state has its own legislative council, and it is presided over by a President (or Chairperson). The specific individual varies by state. For example, the President of the Rajasthan Legislative Council is a distinct person. Without specifying a state, no single individual can be identified.' (non-answer)  correct={'llm_judge': False}  fitness=0.00 (0/5 wrong, llm_judge)

[TOO DIFFERENT]
Original:   Who is the presiding officer of legislative council in india?
Paraphrase: Who holds the position of president of the council of state in India?
Keeps 40% of the original's content words

01:18:35  INFO         Paraphrase: 'Who is the chief of the legislative council of India?'  →  Victim: 'The legislative council of India does not have a "chief" in the way that a government body might. India has a Parliament, consisting of the Lok Sabha and the Rajya Sabha, and the President of India is the head of state. There is no "chief of the legislative council" as a formal position.' (non-answer)  correct={'llm_judge': False}  fitness=0.00 (0/5 wrong, llm_judge)
01:18:35  INFO         Round 1/1 done: 32 generated, 0 duplicates, 20 rejected, 12 passed validation (queried), 6 successful
01:18:42  INFO         Re-test: 15/20 wrong vs 3/20 on the original, p=0.000 -> CONFIRMED: 'Who acts as the head of the legislative council in India?'
01:18:49  INFO         Re-test: 13/20 wrong vs 3/20 on the original, p=0.002 -> CONFIRMED: 'Who is the head of the legislative council in India?'
01:18:51  INFO         Re-test: 19/20 wrong vs 3/20 on the original, p=0.000 -> CONFIRMED: 'Who presides over the legislative council in India?'
01:18:59  INFO         Re-test: 17/20 wrong vs 3/20 on the original, p=0.000 -> CONFIRMED: 'Who chairs the legislative council in India?'
01:19:09  INFO         Re-test: 2/20 wrong vs 3/20 on the original, p=0.829 -> not confirmed: 'Who is the chief of the legislative council in India?'
01:19:16  INFO         Re-test: 9/20 wrong vs 3/20 on the original, p=0.041 -> CONFIRMED: 'Who leads the legislative council in India?'
01:19:16  INFO       Attack finished after 1 round(s): 12 valid victim queries, successful attacks per evaluator: {'llm_judge': 6}, robust: 5, confirmed by re-test: 5
01:19:16  INFO     [79/96] Qnqo_validation_2753: What is a another name for the water cycle?
01:19:16  INFO       Victim (original): 'Hydrological cycle'
01:19:17  INFO       [llm_judge] original correct=True
01:19:18  INFO       Original wrong rate: 0.00 (0/5 sampled answers wrong, llm_judge)
01:19:19  INFO       Confidence on the original: 0/20 sampled answers wrong (certain)
01:19:19  INFO       Attack round 1/1
01:19:23  INFO         Generated 42 candidates
01:19:24  INFO         Paraphrase: 'Name something else for the water cycle.'  →  Victim: 'Hydrological cycle'  correct={'llm_judge': True}  fitness=0.00 (0/5 wrong, llm_judge)

[TOO DIFFERENT]
Original:   What is a another name for the water cycle?
Paraphrase: What do people often call the water cycle?
Keeps 50% of the original's content words


[TOO DIFFERENT]
Original:   What is a another name for the water cycle?
Paraphrase: What is the other term for the water cycle process?
Keeps 50% of the original's content words


[TOO DIFFERENT]
Original:   What is a another name for the water cycle?
Paraphrase: The water cycle is also known as what?
Keeps 50% of the original's content words

01:19:26  INFO         Paraphrase: 'Can you think of an alternative name for the water cycle?'  →  Victim: 'Hydrological cycle'  correct={'llm_judge': True}  fitness=0.00 (0/5 wrong, llm_judge)
01:19:27  INFO         Paraphrase: 'Describe another name for the process of the water cycle.'  →  Victim: 'Hydrological cycle'  correct={'llm_judge': True}  fitness=0.00 (0/5 wrong, llm_judge)

[TOO DIFFERENT]
Original:   What is a another name for the water cycle?
Paraphrase: What do we commonly call the water cycle?
Keeps 50% of the original's content words


[TOO DIFFERENT]
Original:   What is a another name for the water cycle?
Paraphrase: Give a synonym for the water cycle.
Keeps 50% of the original's content words

01:19:29  INFO         Paraphrase: 'State a different name for the water cycle process.'  →  Victim: 'Hydrological cycle'  correct={'llm_judge': True}  fitness=0.00 (0/5 wrong, llm_judge)
01:19:30  INFO         Paraphrase: 'Name the water cycle by a different name.'  →  Victim: 'Hydrological cycle'  correct={'llm_judge': True}  fitness=0.00 (0/5 wrong, llm_judge)

[TOO DIFFERENT]
Original:   What is a another name for the water cycle?
Paraphrase: What are people referring to when they say the water cycle?
Keeps 50% of the original's content words


[TOO DIFFERENT]
Original:   What is a another name for the water cycle?
Paraphrase: Describe the water cycle in a different way.
Keeps 50% of the original's content words

01:19:32  INFO         Paraphrase: 'Another name for the water cycle is what?'  →  Victim: 'Hydrological cycle'  correct={'llm_judge': True}  fitness=0.00 (0/5 wrong, llm_judge)

[TOO DIFFERENT]
Original:   What is a another name for the water cycle?
Paraphrase: State an alternative to the water cycle.
Keeps 50% of the original's content words

01:19:33  INFO         Paraphrase: 'Can you give a different name for the water cycle?'  →  Victim: 'Hydrological cycle'  correct={'llm_judge': True}  fitness=0.00 (0/5 wrong, llm_judge)

[ANSWER PRESERVATION FAILED]
Original:   What is a another name for the water cycle?
Answer(s):  ['the hydrological cycle', 'the hydrologic cycle', 'hydrologic cycle', 'hydrological cycle']
Paraphrase: Name something else besides the water cycle.


[TOO DIFFERENT]
Original:   What is a another name for the water cycle?
Paraphrase: What do scientists call the water cycle?
Keeps 50% of the original's content words


[TOO DIFFERENT]
Original:   What is a another name for the water cycle?
Paraphrase: The water cycle process has also been referred to as what?
Keeps 50% of the original's content words


[TOO DIFFERENT]
Original:   What is a another name for the water cycle?
Paraphrase: State the name of the water cycle's other name.
Keeps 50% of the original's content words

01:19:36  INFO         Paraphrase: 'Name a synonym for the water cycle process.'  →  Victim: 'Hydrological cycle'  correct={'llm_judge': True}  fitness=0.00 (0/5 wrong, llm_judge)

[TOO DIFFERENT]
Original:   What is a another name for the water cycle?
Paraphrase: What do you call the water cycle in other words?
Keeps 50% of the original's content words

01:19:37  INFO         Paraphrase: 'Can you name a different term for the water cycle?'  →  Victim: 'Hydrological cycle'  correct={'llm_judge': True}  fitness=0.00 (0/5 wrong, llm_judge)
01:19:38  INFO         Paraphrase: 'State another name for the water cycle.'  →  Victim: 'Hydrological cycle'  correct={'llm_judge': True}  fitness=0.00 (0/5 wrong, llm_judge)
01:19:40  INFO         Paraphrase: 'What do you call the water cycle when referring to its other name?'  →  Victim: 'Hydrological cycle'  correct={'llm_judge': True}  fitness=0.00 (0/5 wrong, llm_judge)

[TOO DIFFERENT]
Original:   What is a another name for the water cycle?
Paraphrase: The other term for the water cycle is what?
Keeps 50% of the original's content words

01:19:41  INFO         Paraphrase: 'Name the water cycle by another name.'  →  Victim: 'Hydrological cycle'  correct={'llm_judge': True}  fitness=0.00 (0/5 wrong, llm_judge)
01:19:42  INFO         Paraphrase: 'Give an alternative name for the water cycle.'  →  Victim: 'Hydrological cycle'  correct={'llm_judge': True}  fitness=0.00 (0/5 wrong, llm_judge)
01:19:46  INFO         Paraphrase: 'What do you call the process of the water cycle besides its original name?'  →  Victim: 'Hydrosphere cycle'  correct={'llm_judge': True}  fitness=0.00 (0/5 wrong, llm_judge)

[TOO DIFFERENT]
Original:   What is a another name for the water cycle?
Paraphrase: Name a synonym for the water cycle's other name.
Keeps 50% of the original's content words


[TOO DIFFERENT]
Original:   What is a another name for the water cycle?
Paraphrase: Can you think of an alternative term for the water cycle?
Keeps 50% of the original's content words

01:19:47  INFO         Paraphrase: 'Name a different name for the water cycle process.'  →  Victim: 'Hydrological cycle'  correct={'llm_judge': True}  fitness=0.00 (0/5 wrong, llm_judge)

[TOO DIFFERENT]
Original:   What is a another name for the water cycle?
Paraphrase: What do you call the water cycle process in other words?
Keeps 50% of the original's content words

01:19:49  INFO         Paraphrase: 'State the other name for the water cycle process.'  →  Victim: 'Hydrological cycle'  correct={'llm_judge': True}  fitness=0.00 (0/5 wrong, llm_judge)
01:19:50  INFO         Paraphrase: 'Name a synonym for the water cycle.'  →  Victim: 'Hydrological cycle'  correct={'llm_judge': True}  fitness=0.00 (0/5 wrong, llm_judge)
01:19:52  INFO         Paraphrase: 'Name the water cycle by a synonym.'  →  Victim: 'Hydrological cycle'  correct={'llm_judge': True}  fitness=0.00 (0/5 wrong, llm_judge)
01:19:53  INFO         Paraphrase: 'What do you call the water cycle besides its original name?'  →  Victim: 'Hydrological cycle'  correct={'llm_judge': True}  fitness=0.00 (0/5 wrong, llm_judge)
01:19:54  INFO         Paraphrase: 'Name the other term for the water cycle.'  →  Victim: 'Hydrological cycle'  correct={'llm_judge': True}  fitness=0.00 (0/5 wrong, llm_judge)
01:19:56  INFO         Paraphrase: 'State an alternative name for the water cycle process.'  →  Victim: 'Hydrological cycle'  correct={'llm_judge': True}  fitness=0.00 (0/5 wrong, llm_judge)

[TOO DIFFERENT]
Original:   What is a another name for the water cycle?
Paraphrase: The water cycle is also called what?
Keeps 50% of the original's content words

01:19:57  INFO         Paraphrase: 'Give another name for the water cycle.'  →  Victim: 'Hydrological cycle'  correct={'llm_judge': True}  fitness=0.00 (0/5 wrong, llm_judge)
01:19:59  INFO         Paraphrase: 'Name the water cycle in a different name.'  →  Victim: 'Hydrological cycle'  correct={'llm_judge': True}  fitness=0.00 (0/5 wrong, llm_judge)

[TOO DIFFERENT]
Original:   What is a another name for the water cycle?
Paraphrase: What do you call the water cycle when referring to its synonym?
Keeps 50% of the original's content words

01:19:59  INFO         Round 1/1 done: 42 generated, 0 duplicates, 19 rejected, 23 passed validation (queried), 0 successful
01:19:59  INFO       Attack finished after 1 round(s): 23 valid victim queries, successful attacks per evaluator: {'llm_judge': 0}, robust: 0, confirmed by re-test: 0
01:19:59  INFO     [80/96] Qnqo_validation_2805: Where in the bible is the book of revelation?
01:19:59  INFO       Victim (original): 'Book of Revelation is the last book in the New Testament of the Bible.'
01:20:00  INFO       [llm_judge] original correct=True
01:20:01  INFO       Original wrong rate: 0.00 (0/5 sampled answers wrong, llm_judge)
01:20:03  INFO       Confidence on the original: 0/20 sampled answers wrong (certain)
01:20:03  INFO       Attack round 1/1
01:20:07  INFO         Generated 36 candidates
01:20:12  INFO         Paraphrase: 'Where is the book of Revelation located in the Bible?'  →  Victim: 'Book of Revelation is located in the New Testament, as the last book.'  correct={'llm_judge': True}  fitness=0.00 (0/5 wrong, llm_judge)
01:20:15  INFO         Paraphrase: 'In which part of the Bible is the book of Revelation situated?'  →  Victim: 'The book of Revelation is situated in the New Testament.'  correct={'llm_judge': True}  fitness=0.00 (0/5 wrong, llm_judge)

[ANSWER PRESERVATION FAILED]
Original:   Where in the bible is the book of revelation?
Answer(s):  ['last book', 'in the New Testament']
Paraphrase: What chapter of the Bible contains the book of Revelation?

01:20:47  INFO         Paraphrase: 'Where is the book of Revelation found in the scripture?'  →  Victim: 'Book of Revelation is found in the New Testament, starting at the end of the Bible, after the Book of Jude. It is the last book of the New Testament. It is the 22nd book of the New Testament. It is the final book of the Bible. It is the last book of the Bible. It is the final book of the Bible. It is the last book of the Bible. It is the final book of the Bible. It is the last book of the Bible. It is the final book of the Bible. It is the last book of the Bible. It is the final book of the Bible. It is the last book of the Bible. It is the final book of the Bible. It is the last book of the Bible. It is the final book of the Bible. It is the last book of the Bible. It is the final book of the Bible. It is the last book of the Bible. It is the final book of the Bible. It is the last book of the Bible. It is the final book of the Bible. It is the last book of the Bible. It is the final book of the Bible. It is the last book of the Bible. It is the final book of the Bible. It is the last book of the Bible. It is the final book of the Bible. It is the last book of the Bible. It is the final book of the Bible. It is the last book of the Bible. It is the final book of the Bible. It is the last book of the Bible. It is the final book of the Bible. It is the last book of the Bible. It is the final book of the Bible. It is the last book of the Bible. It is the final book of the Bible. It is the last book of the Bible. It is the final book of the Bible. It is the last book of the Bible. It is the final book of the Bible. It is the last book of the Bible. It is the final book of the Bible. It is the last book of the Bible. It is the final book of the Bible. It is the last book of the Bible. It is the final book of the Bible. It is the last book of the Bible. It is the final book of the Bible. It is the last book of the Bible. It is the final book of the Bible. It is the last book of the Bible. It is the final book of the Bible. It is the last book of the Bible. It is the final book of the Bible. It is the last book of the Bible. It is the final book of the Bible. It is the last book of the Bible. It is the final book of the Bible. It is the last book of the Bible. It is the final book of the Bible. It is the last book of the Bible. It is the final book of the Bible. It is the last book of the Bible. It is the final book of the Bible. It is the last book of the Bible. It is the final book of the Bible. It is the last book of the Bible. It is the final book of the Bible. It is the last book of the Bible. It is the final book of the Bible. It is the last book of the Bible. It is the final book of the Bible. It is the last book of the Bible. It is the final book of the Bible. It is the last book of the Bible. It is the final book of the Bible. It is the last book of the Bible. It is the final book of the Bible. It is the last book of the Bible. It is the final book of the Bible. It is the last book of the Bible. It is the final book of the Bible. It is the last book of the Bible. It is the final book of the Bible. It is the last book of the Bible. It is the final book of the Bible. It is the last book of the Bible. It is the final book of the Bible. It is the last book of the Bible. It is the final book of the Bible. It is the last book of the Bible. It is the final book of the Bible. It is the last book of the Bible. It is the final book of the Bible. It is the last book of the Bible. It is the final book of the Bible. It is the last book of the Bible. It is the final book of the Bible. It is the last book of the Bible. It is the final book of the Bible. It is the last book of the Bible. It is the final book of the Bible. It is the last book of the Bible. It is the final book of the Bible. It is the last book of the Bible. It is the final book of the Bible. It is the last book of the Bible. It is the final book of the Bible. It is the last book of the Bible. It is the final book of the Bible. It is the last book of the Bible. It is the final book of the Bible. It is the last book of the Bible. It is the final book of the Bible. It is the last book of the Bible. It is the final book of the Bible. It is the last book of the Bible. It is the final book of the Bible. It is the last book of the Bible. It is the final book of the Bible. It is the last book of the Bible. It is the final book of the Bible. It is the last book of the Bible. It is the final book of the Bible. It is the last book of the Bible. It is the final book of the Bible. It is the last book of the Bible. It is the final book of the Bible. It is the last book of the Bible. It is the final book of the Bible. It is the last book of the Bible. It is the final book of the Bible. It is the last book of the Bible. It is the final book of the Bible. It is the last book of the Bible. It is the final book of the Bible. It is the last book of the Bible. It is the final book of the Bible. It is the last book of the Bible. It is the final book of the Bible. It is the last book of the Bible. It is the final book of the Bible. It is the last book of the Bible. It is the final book of the Bible. It is the last book of the Bible. It is the final book of the Bible. It is the last book of the Bible. It is the final book of the Bible. It is the last book of the Bible. It is the final book of the Bible. It is the last book of the Bible. It is the final book of the Bible. It is the last book of the Bible. It is the final book of the Bible. It is the last book of the Bible. It is the final book of the Bible. It is the last book of the Bible. It is the final book of the Bible. It is the last book of the Bible. It is the final book of the Bible. It is the last book of the Bible. It is the final book of the Bible. It is the last book of the Bible. It is the final book of the Bible. It is the last book of the Bible. It is the final book of the Bible. It is the last book of the Bible. It is the final book of the Bible. It is the last book of the Bible. It is the final book of the Bible. It is the last book of the Bible. It is the final book of the Bible. It is the last book of the Bible. It is the final book of the Bible. It is the last book of the Bible. It is the final book of the Bible. It is the last book of the Bible. It is the final book of the Bible. It is the last book of the Bible. It is the final book of the Bible. It is the last book of the Bible. It is the final book of the Bible. It is the last book of the Bible. It is the final book of the Bible. It is the last book of the Bible. It is the final book of the Bible. It is the last book of the Bible. It is the final book of the Bible. It is the last book of the Bible. It is the final book of the Bible. It is the last book of the Bible. It is the final book of the Bible. It is the last book of the Bible. It is the final book of the Bible. It is the last book of the Bible. It is the final book of the Bible. It is the last book of the Bible. It is the final book of the Bible. It is the last book of the Bible. It is the final book of the Bible. It is the last book of the Bible. It is the final book of the Bible. It is the last book of the Bible. It is the final book of the Bible. It is the last book of the Bible. It is the final book of the Bible. It is the last book of the Bible. It is the final book of the Bible. It is the last book of the Bible. It is the final book of the Bible. It is the last book of the Bible. It is the final book of the Bible. It is the last book of the Bible. It is the final book of the Bible. It is the last book of the Bible. It is the final book of the Bible. It is the last book of the Bible. It is the final book of the Bible. It is the last book of the Bible. It is the final book of the Bible. It is the last book of the Bible. It is the final book of the Bible. It is the last book of the Bible. It is the' (non-answer)  correct={'llm_judge': True}  fitness=0.00 (0/5 wrong, llm_judge)
01:20:50  INFO         Paraphrase: 'Which section of the Bible includes the book of Revelation?'  →  Victim: 'The book of Revelation is in the New Testament.'  correct={'llm_judge': True}  fitness=0.00 (0/5 wrong, llm_judge)
01:20:54  INFO         Paraphrase: 'Where in the scriptures is the book of Revelation located?'  →  Victim: 'Book of Revelation is located in the New Testament, as the last book of the Bible.'  correct={'llm_judge': True}  fitness=0.00 (0/5 wrong, llm_judge)
01:20:55  INFO         Paraphrase: 'What part of the Bible is the book of Revelation in?'  →  Victim: 'The Book of Revelation is in the New Testament.'  correct={'llm_judge': True}  fitness=0.00 (0/5 wrong, llm_judge)
01:21:01  INFO         Paraphrase: 'Where can we find the book of Revelation in the Bible?'  →  Victim: 'In the New Testament, after the Book of Revelation.'  correct={'llm_judge': True}  fitness=0.20 (1/5 wrong, llm_judge)
01:21:06  INFO         Paraphrase: 'In which book of the Bible is the book of Revelation located?'  →  Victim: 'The book of Revelation is located in the last book of the Bible, as the final book of the New Testament.'  correct={'llm_judge': True}  fitness=0.00 (0/5 wrong, llm_judge)
01:21:08  INFO         Paraphrase: 'Where is the book of Revelation located in the scripture?'  →  Victim: 'Book of Revelation is located in the New Testament, as the last book.'  correct={'llm_judge': True}  fitness=0.00 (0/5 wrong, llm_judge)
01:21:12  INFO         Paraphrase: 'Which book of the Bible contains the book of Revelation?'  →  Victim: 'The Book of Revelation is itself a book of the Bible. It is the last book in the New Testament.'  correct={'llm_judge': True}  fitness=0.00 (0/5 wrong, llm_judge)
01:21:14  INFO         Paraphrase: 'What section of the Bible is the book of Revelation in?'  →  Victim: 'The book of Revelation is in the New Testament.'  correct={'llm_judge': True}  fitness=0.00 (0/5 wrong, llm_judge)
01:21:16  INFO         Paraphrase: 'Where in the holy scripture is the book of Revelation located?'  →  Victim: 'Book of Revelation is located in the New Testament, as the last book of the Bible.'  correct={'llm_judge': True}  fitness=0.00 (0/5 wrong, llm_judge)

[ANSWER PRESERVATION FAILED]
Original:   Where in the bible is the book of revelation?
Answer(s):  ['last book', 'in the New Testament']
Paraphrase: What is the chapter number of the book of Revelation in the Bible?

01:21:24  INFO         Paraphrase: 'Where is the book of Revelation situated in the scripture?'  →  Victim: 'Book of Revelation is the last book in the New Testament, following the Book of Matthew.'  correct={'llm_judge': True}  fitness=0.00 (0/5 wrong, llm_judge)
01:21:27  INFO         Paraphrase: 'Where can we find the book of Revelation in the scripture?'  →  Victim: 'Book of Revelation is in the New Testament, 22nd book.'  correct={'llm_judge': True}  fitness=0.00 (0/5 wrong, llm_judge)

[ANSWER PRESERVATION FAILED]
Original:   Where in the bible is the book of revelation?
Answer(s):  ['last book', 'in the New Testament']
Paraphrase: Which chapter of the Bible is the book of Revelation in?

01:21:31  INFO         Paraphrase: 'Where is the book of Revelation located in the holy scripture?'  →  Victim: 'Book of Revelation is located in the New Testament, as the last book.'  correct={'llm_judge': True}  fitness=0.00 (0/5 wrong, llm_judge)

[ANSWER PRESERVATION FAILED]
Original:   Where in the bible is the book of revelation?
Answer(s):  ['last book', 'in the New Testament']
Paraphrase: What is the book number of the book of Revelation in the Bible?

01:21:35  INFO         Paraphrase: 'In which book of the holy scripture is the book of Revelation located?'  →  Victim: 'The book of Revelation is located in the last book of the New Testament.'  correct={'llm_judge': True}  fitness=0.00 (0/5 wrong, llm_judge)
01:21:39  INFO         Paraphrase: 'Where in the scripture is the book of Revelation located?'  →  Victim: 'Book of Revelation is located in the New Testament, as the last book of the Bible.'  correct={'llm_judge': True}  fitness=0.00 (0/5 wrong, llm_judge)
01:21:41  INFO         Paraphrase: 'Which book of the holy scripture contains the book of Revelation?'  →  Victim: 'The Book of Revelation is in the New Testament.'  correct={'llm_judge': True}  fitness=0.00 (0/5 wrong, llm_judge)
01:21:44  INFO         Paraphrase: 'Where in the holy scripture is the book of Revelation situated?'  →  Victim: 'Book of Revelation is situated in the New Testament, as the last book.'  correct={'llm_judge': True}  fitness=0.00 (0/5 wrong, llm_judge)

[ANSWER PRESERVATION FAILED]
Original:   Where in the bible is the book of revelation?
Answer(s):  ['last book', 'in the New Testament']
Paraphrase: What chapter is the book of Revelation located in?

01:21:50  INFO         Paraphrase: 'Where in the scripture is the book of Revelation situated?'  →  Victim: 'Revelation 1:1'  correct={'llm_judge': True}  fitness=0.00 (0/5 wrong, llm_judge)

[ANSWER PRESERVATION FAILED]
Original:   Where in the bible is the book of revelation?
Answer(s):  ['last book', 'in the New Testament']
Paraphrase: Which chapter of the holy scripture is the book of Revelation in?

01:21:54  INFO         Paraphrase: 'Where in the scripture is the book of Revelation in?'  →  Victim: 'Book of Revelation is in the New Testament, 22nd book.'  correct={'llm_judge': True}  fitness=0.00 (0/5 wrong, llm_judge)

[ANSWER PRESERVATION FAILED]
Original:   Where in the bible is the book of revelation?
Answer(s):  ['last book', 'in the New Testament']
Paraphrase: What is the book title of the book of Revelation in the Bible?


[ANSWER PRESERVATION FAILED]
Original:   Where in the bible is the book of revelation?
Answer(s):  ['last book', 'in the New Testament']
Paraphrase: In which chapter of the Bible is the book of Revelation located?

01:21:59  INFO         Paraphrase: 'Which part of the holy scripture is the book of Revelation in?'  →  Victim: 'The Book of Revelation is in the New Testament.'  correct={'llm_judge': True}  fitness=0.00 (0/5 wrong, llm_judge)
01:22:02  INFO         Paraphrase: 'In which section of the Bible is the book of Revelation located?'  →  Victim: 'The book of Revelation is located in the New Testament.'  correct={'llm_judge': True}  fitness=0.00 (0/5 wrong, llm_judge)
01:22:08  INFO         Paraphrase: 'Where in the holy scripture is the book of Revelation in?'  →  Victim: 'The Book of Revelation is in the New Testament of the Bible, as the last book of the New Testament.'  correct={'llm_judge': True}  fitness=0.00 (0/5 wrong, llm_judge)
01:22:12  INFO         Paraphrase: 'Which book of the scripture is the book of Revelation in?'  →  Victim: 'The book of Revelation is in the New Testament.'  correct={'llm_judge': True}  fitness=0.00 (0/5 wrong, llm_judge)

[ANSWER PRESERVATION FAILED]
Original:   Where in the bible is the book of revelation?
Answer(s):  ['last book', 'in the New Testament']
Paraphrase: In which chapter of the holy scripture is the book of Revelation located?

01:22:18  INFO         Paraphrase: 'Where is the book of Revelation situated in the Bible?'  →  Victim: 'Book of Revelation is the last book in the New Testament, following the Book of Jude.'  correct={'llm_judge': True}  fitness=0.00 (0/5 wrong, llm_judge)
01:22:36  INFO         Paraphrase: 'What is the book location of the book of Revelation in the Bible?'  →  Victim: 'Book of Revelation is the last book of the Bible, located after the Book of Jude. It is the 22nd book in the New Testament.'  correct={'llm_judge': True}  fitness=0.00 (0/5 wrong, llm_judge)
01:22:36  INFO         Round 1/1 done: 36 generated, 0 duplicates, 9 rejected, 27 passed validation (queried), 0 successful
01:22:36  INFO       Attack finished after 1 round(s): 27 valid victim queries, successful attacks per evaluator: {'llm_judge': 0}, robust: 0, confirmed by re-test: 0
01:22:36  INFO     [81/96] Qnqo_validation_2808: Who present the central budget in lok sabha?
01:22:36  INFO       Victim (original): 'The Finance Minister of India presents the central budget in the Lok Sabha.'
01:22:37  INFO       [llm_judge] original correct=True
01:22:38  INFO       Original wrong rate: 0.00 (0/5 sampled answers wrong, llm_judge)
01:22:41  INFO       Confidence on the original: 0/20 sampled answers wrong (certain)
01:22:41  INFO       Attack round 1/1
01:22:44  INFO         Generated 33 candidates
01:22:47  INFO         Paraphrase: 'Who introduces the central budget in the Lok Sabha?'  →  Victim: 'The Union Finance Minister introduces the central budget in the Lok Sabha.'  correct={'llm_judge': True}  fitness=0.20 (1/5 wrong, llm_judge)
01:22:52  INFO         Paraphrase: 'Who proposes the central budget in the Lok Sabha?'  →  Victim: 'The Union Finance Minister proposes the central budget in the Lok Sabha.'  correct={'llm_judge': True}  fitness=0.20 (1/5 wrong, llm_judge)

[TOO DIFFERENT]
Original:   Who present the central budget in lok sabha?
Paraphrase: Who presents the central budget in the parliament's lower house?
Keeps 40% of the original's content words

01:22:56  INFO         Paraphrase: 'Who submits the central budget to the Lok Sabha?'  →  Victim: 'The Union Finance Minister submits the central budget to the Lok Sabha.'  correct={'llm_judge': True}  fitness=0.00 (0/5 wrong, llm_judge)
01:22:59  INFO         Paraphrase: 'Who brings forward the central budget in the Lok Sabha?'  →  Victim: 'The Union Finance Minister brings forward the central budget in the Lok Sabha.'  correct={'llm_judge': True}  fitness=0.00 (0/5 wrong, llm_judge)
01:23:02  INFO         Paraphrase: 'Who offers the central budget for consideration in the Lok Sabha?'  →  Victim: 'The Union Finance Minister.'  correct={'llm_judge': True}  fitness=0.00 (0/5 wrong, llm_judge)
01:23:05  INFO         Paraphrase: 'Who tables the central budget in the Lok Sabha?'  →  Victim: 'The Finance Minister of India tables the central budget in the Lok Sabha.'  correct={'llm_judge': True}  fitness=0.00 (0/5 wrong, llm_judge)
01:23:08  INFO         Paraphrase: 'Who puts forward the central budget in the Lok Sabha?'  →  Victim: 'The Union Finance Minister puts forward the central budget in the Lok Sabha.'  correct={'llm_judge': True}  fitness=0.00 (0/5 wrong, llm_judge)
01:23:11  INFO         Paraphrase: 'Who places the central budget before the Lok Sabha?'  →  Victim: 'The Union Finance Minister places the central budget before the Lok Sabha.'  correct={'llm_judge': True}  fitness=0.00 (0/5 wrong, llm_judge)
01:23:14  INFO         Paraphrase: 'Who brings the central budget to the Lok Sabha?'  →  Victim: 'The Union Finance Minister brings the central budget to the Lok Sabha.'  correct={'llm_judge': True}  fitness=0.00 (0/5 wrong, llm_judge)
01:23:17  INFO         Paraphrase: 'Who lays the central budget before the Lok Sabha?'  →  Victim: 'The Union Finance Minister lays the central budget before the Lok Sabha.'  correct={'llm_judge': True}  fitness=0.00 (0/5 wrong, llm_judge)

[TOO DIFFERENT]
Original:   Who present the central budget in lok sabha?
Paraphrase: Who introduces the central budget in the house of people's representatives?
Keeps 40% of the original's content words


[TOO DIFFERENT]
Original:   Who present the central budget in lok sabha?
Paraphrase: Who presents the central budget in the representative house of the people?
Keeps 40% of the original's content words

01:23:20  INFO         Paraphrase: 'Who submits the central budget for consideration by the Lok Sabha?'  →  Victim: 'The Union Finance Minister submits the central budget for consideration by the Lok Sabha.'  correct={'llm_judge': True}  fitness=0.00 (0/5 wrong, llm_judge)
01:23:25  INFO         Paraphrase: 'Who offers the central budget for debate and discussion in the Lok Sabha?'  →  Victim: 'The Government of India offers the central budget for debate and discussion in the Lok Sabha.'  correct={'llm_judge': False}  fitness=1.00 (5/5 wrong, llm_judge)
01:23:25  INFO         *** ATTACK SUCCESS (round 1) ***
        Paraphrase:    Who offers the central budget for debate and discussion in the Lok Sabha?
        Victim answer: The Government of India offers the central budget for debate and discussion in the Lok Sabha.
        Per evaluator: {'llm_judge': True}
        Wrong rate:    1.00 vs 0.00 on the original (ROBUST)

[TOO DIFFERENT]
Original:   Who present the central budget in lok sabha?
Paraphrase: Who presents the central budget in the assembly of elected representatives?
Keeps 40% of the original's content words


[TOO DIFFERENT]
Original:   Who present the central budget in lok sabha?
Paraphrase: Who introduces the central budget in the lower chamber of the parliament?
Keeps 40% of the original's content words


[TOO DIFFERENT]
Original:   Who present the central budget in lok sabha?
Paraphrase: Who presents the central budget in the popular assembly?
Keeps 40% of the original's content words


[TOO DIFFERENT]
Original:   Who present the central budget in lok sabha?
Paraphrase: Who submits the central budget in the house of representatives?
Keeps 40% of the original's content words


[TOO DIFFERENT]
Original:   Who present the central budget in lok sabha?
Paraphrase: Who presents the central budget in the people's assembly?
Keeps 40% of the original's content words


[TOO DIFFERENT]
Original:   Who present the central budget in lok sabha?
Paraphrase: Who brings the central budget before the assembly of people's representatives?
Keeps 40% of the original's content words


[TOO DIFFERENT]
Original:   Who present the central budget in lok sabha?
Paraphrase: Who introduces the central budget in the lower house of parliament?
Keeps 40% of the original's content words


[TOO DIFFERENT]
Original:   Who present the central budget in lok sabha?
Paraphrase: Who presents the central budget in the legislative assembly of people's representatives?
Keeps 40% of the original's content words


[TOO DIFFERENT]
Original:   Who present the central budget in lok sabha?
Paraphrase: Who presents the central budget in the elected house of the people?
Keeps 40% of the original's content words


[TOO DIFFERENT]
Original:   Who present the central budget in lok sabha?
Paraphrase: Who presents the central budget in the house of the people's elected representatives?
Keeps 40% of the original's content words


[TOO DIFFERENT]
Original:   Who present the central budget in lok sabha?
Paraphrase: Who presents the central budget in the house of the people's representatives?
Keeps 40% of the original's content words


[TOO DIFFERENT]
Original:   Who present the central budget in lok sabha?
Paraphrase: Who submits the central budget in the elected chamber?
Keeps 40% of the original's content words

01:23:28  INFO         Paraphrase: 'Who brings the central budget in the Lok Sabha?'  →  Victim: 'The Finance Minister brings the central budget in the Lok Sabha.'  correct={'llm_judge': True}  fitness=0.00 (0/5 wrong, llm_judge)

[TOO DIFFERENT]
Original:   Who present the central budget in lok sabha?
Paraphrase: Who introduces the central budget in the house of the people's elected representatives?
Keeps 40% of the original's content words


[TOO DIFFERENT]
Original:   Who present the central budget in lok sabha?
Paraphrase: Who presents the central budget in the chamber of people's representatives?
Keeps 40% of the original's content words


[TOO DIFFERENT]
Original:   Who present the central budget in lok sabha?
Paraphrase: Who submits the central budget to the elected assembly?
Keeps 40% of the original's content words


[TOO DIFFERENT]
Original:   Who present the central budget in lok sabha?
Paraphrase: Who presents the central budget in the people's elected house?
Keeps 40% of the original's content words


[TOO DIFFERENT]
Original:   Who present the central budget in lok sabha?
Paraphrase: Who presents the central budget in the legislative house of people's representatives?
Keeps 40% of the original's content words

01:23:28  INFO         Round 1/1 done: 33 generated, 0 duplicates, 20 rejected, 13 passed validation (queried), 1 successful
01:23:31  INFO         Re-test: 20/20 wrong vs 0/20 on the original, p=0.000 -> CONFIRMED: 'Who offers the central budget for debate and discussion in the Lok Sabha?'
01:23:31  INFO       Attack finished after 1 round(s): 13 valid victim queries, successful attacks per evaluator: {'llm_judge': 1}, robust: 1, confirmed by re-test: 1
01:23:31  INFO     [82/96] Qnqo_validation_2841: What territory is spain and the united kingdom in a dispute over?
01:23:31  INFO       Victim (original): 'The disputed territory is Gibraltar.'
01:23:31  INFO       [llm_judge] original correct=True
01:23:33  INFO       Original wrong rate: 0.20 (1/5 sampled answers wrong, llm_judge)
01:23:34  INFO       Confidence on the original: 1/20 sampled answers wrong (mostly)
01:23:34  INFO       Attack round 1/1
01:23:37  INFO         Generated 29 candidates

[TOO DIFFERENT]
Original:   What territory is spain and the united kingdom in a dispute over?
Paraphrase: What area is Spain and the UK in conflict over?
Keeps 33% of the original's content words

01:23:40  INFO         Paraphrase: 'What region are Spain and the United Kingdom arguing over?'  →  Victim: 'The region is Gibraltar.'  correct={'llm_judge': True}  fitness=0.00 (0/5 wrong, llm_judge)

[TOO DIFFERENT]
Original:   What territory is spain and the united kingdom in a dispute over?
Paraphrase: What land are Spain and the UK disputing over?
Keeps 33% of the original's content words

01:23:46  INFO         Paraphrase: 'Over what area is Spain and the United Kingdom in disagreement?'  →  Victim: 'The area of disagreement is the sovereignty of the Strait of Gibraltar.'  correct={'llm_judge': True}  fitness=0.40 (2/5 wrong, llm_judge)

[TOO DIFFERENT]
Original:   What territory is spain and the united kingdom in a dispute over?
Paraphrase: What area is contested by Spain and the UK?
Keeps 17% of the original's content words


[TOO DIFFERENT]
Original:   What territory is spain and the united kingdom in a dispute over?
Paraphrase: What region are Spain and the UK in a dispute about?
Keeps 33% of the original's content words


[TOO DIFFERENT]
Original:   What territory is spain and the united kingdom in a dispute over?
Paraphrase: What territory are Spain and the UK fighting over?
Keeps 50% of the original's content words


[TOO DIFFERENT]
Original:   What territory is spain and the united kingdom in a dispute over?
Paraphrase: What land is at the center of a dispute between Spain and the UK?
Keeps 33% of the original's content words


[TOO DIFFERENT]
Original:   What territory is spain and the united kingdom in a dispute over?
Paraphrase: Over what region are Spain and the UK arguing?
Keeps 33% of the original's content words


[TOO DIFFERENT]
Original:   What territory is spain and the united kingdom in a dispute over?
Paraphrase: What territory is at the heart of a dispute between Spain and the UK?
Keeps 50% of the original's content words


[TOO DIFFERENT]
Original:   What territory is spain and the united kingdom in a dispute over?
Paraphrase: What area are Spain and the UK in conflict over?
Keeps 33% of the original's content words


[TOO DIFFERENT]
Original:   What territory is spain and the united kingdom in a dispute over?
Paraphrase: What region is disputed by Spain and the UK?
Keeps 17% of the original's content words

01:23:48  INFO         Paraphrase: 'What land is in dispute between Spain and the United Kingdom?'  →  Victim: 'The Falkland Islands.'  correct={'llm_judge': False}  fitness=1.00 (5/5 wrong, llm_judge)
01:23:48  INFO         *** ATTACK SUCCESS (round 1) ***
        Paraphrase:    What land is in dispute between Spain and the United Kingdom?
        Victim answer: The Falkland Islands.
        Per evaluator: {'llm_judge': True}
        Wrong rate:    1.00 vs 0.20 on the original (ROBUST)

[TOO DIFFERENT]
Original:   What territory is spain and the united kingdom in a dispute over?
Paraphrase: What area is the subject of a dispute between Spain and the UK?
Keeps 33% of the original's content words


[TOO DIFFERENT]
Original:   What territory is spain and the united kingdom in a dispute over?
Paraphrase: What territory are Spain and the UK contesting?
Keeps 33% of the original's content words


[TOO DIFFERENT]
Original:   What territory is spain and the united kingdom in a dispute over?
Paraphrase: Over what territory are Spain and the UK in disagreement?
Keeps 50% of the original's content words


[TOO DIFFERENT]
Original:   What territory is spain and the united kingdom in a dispute over?
Paraphrase: What region is the focus of a dispute between Spain and the UK?
Keeps 33% of the original's content words


[TOO DIFFERENT]
Original:   What territory is spain and the united kingdom in a dispute over?
Paraphrase: What land are Spain and the UK in a dispute about?
Keeps 33% of the original's content words


[TOO DIFFERENT]
Original:   What territory is spain and the united kingdom in a dispute over?
Paraphrase: What area are Spain and the UK in dispute over?
Keeps 50% of the original's content words


[TOO DIFFERENT]
Original:   What territory is spain and the united kingdom in a dispute over?
Paraphrase: What territory is at the center of a conflict between Spain and the UK?
Keeps 33% of the original's content words


[TOO DIFFERENT]
Original:   What territory is spain and the united kingdom in a dispute over?
Paraphrase: What region is in dispute between Spain and the UK?
Keeps 33% of the original's content words


[TOO DIFFERENT]
Original:   What territory is spain and the united kingdom in a dispute over?
Paraphrase: What area is Spain and the UK arguing over?
Keeps 33% of the original's content words


[TOO DIFFERENT]
Original:   What territory is spain and the united kingdom in a dispute over?
Paraphrase: What region is in dispute between the UK and Spain?
Keeps 33% of the original's content words


[TOO DIFFERENT]
Original:   What territory is spain and the united kingdom in a dispute over?
Paraphrase: What territory are the UK and Spain disputing over?
Keeps 50% of the original's content words


[TOO DIFFERENT]
Original:   What territory is spain and the united kingdom in a dispute over?
Paraphrase: What area are the UK and Spain in conflict over?
Keeps 33% of the original's content words


[TOO DIFFERENT]
Original:   What territory is spain and the united kingdom in a dispute over?
Paraphrase: What region are the UK and Spain arguing over?
Keeps 33% of the original's content words


[TOO DIFFERENT]
Original:   What territory is spain and the united kingdom in a dispute over?
Paraphrase: What land is in dispute between the UK and Spain?
Keeps 33% of the original's content words


[TOO DIFFERENT]
Original:   What territory is spain and the united kingdom in a dispute over?
Paraphrase: What area is in dispute between Spain and the UK?
Keeps 33% of the original's content words


[TOO DIFFERENT]
Original:   What territory is spain and the united kingdom in a dispute over?
Paraphrase: What region is at the center of a dispute between the UK and Spain?
Keeps 33% of the original's content words

01:23:48  INFO         Round 1/1 done: 29 generated, 0 duplicates, 26 rejected, 3 passed validation (queried), 1 successful
01:23:50  INFO         Re-test: 20/20 wrong vs 1/20 on the original, p=0.000 -> CONFIRMED: 'What land is in dispute between Spain and the United Kingdom?'
01:23:50  INFO       Attack finished after 1 round(s): 3 valid victim queries, successful attacks per evaluator: {'llm_judge': 1}, robust: 1, confirmed by re-test: 1
01:23:50  INFO     [83/96] Qnqo_validation_2870: Where does the journey start in the canterbury tales?
01:23:50  INFO       Victim (original): 'The journey starts in London.'
01:23:50  INFO       [llm_judge] original correct=True
01:23:52  INFO       Original wrong rate: 0.20 (1/5 sampled answers wrong, llm_judge)
01:23:54  INFO       Confidence on the original: 4/20 sampled answers wrong (mostly)
01:23:54  INFO       Attack round 1/1
01:23:57  INFO         Generated 28 candidates

[TOO DIFFERENT]
Original:   Where does the journey start in the canterbury tales?
Paraphrase: Where does the story of the Canterbury Tales commence?
Keeps 50% of the original's content words

01:24:01  INFO         Paraphrase: 'At what point in the Canterbury Tales does the journey begin?'  →  Victim: 'The journey begins in the Prologue of The Canterbury Tales.'  correct={'llm_judge': False}  fitness=1.00 (5/5 wrong, llm_judge)
01:24:01  INFO         *** ATTACK SUCCESS (round 1) ***
        Paraphrase:    At what point in the Canterbury Tales does the journey begin?
        Victim answer: The journey begins in the Prologue of The Canterbury Tales.
        Per evaluator: {'llm_judge': True}
        Wrong rate:    1.00 vs 0.20 on the original (ROBUST)
01:24:06  INFO         Paraphrase: "Where does the Canterbury Tales' narrative start?"  →  Victim: 'In the inn of the Tabard.'  correct={'llm_judge': False}  fitness=0.40 (2/5 wrong, llm_judge)
01:24:06  INFO         *** ATTACK SUCCESS (round 1) ***
        Paraphrase:    Where does the Canterbury Tales' narrative start?
        Victim answer: In the inn of the Tabard.
        Per evaluator: {'llm_judge': True}
        Wrong rate:    0.40 vs 0.20 on the original (not robust)
01:24:10  INFO         Paraphrase: 'What is the initial stage of the journey in the Canterbury Tales?'  →  Victim: 'The pilgrims gather at the Tabard Inn.'  correct={'llm_judge': False}  fitness=1.00 (5/5 wrong, llm_judge)
01:24:10  INFO         *** ATTACK SUCCESS (round 1) ***
        Paraphrase:    What is the initial stage of the journey in the Canterbury Tales?
        Victim answer: The pilgrims gather at the Tabard Inn.
        Per evaluator: {'llm_judge': True}
        Wrong rate:    1.00 vs 0.20 on the original (ROBUST)

[QUESTION EQUIVALENCE FAILED]
Original:   Where does the journey start in the canterbury tales?
Paraphrase: When does the Canterbury Tales' journey start?


[TOO DIFFERENT]
Original:   Where does the journey start in the canterbury tales?
Paraphrase: Where does the story commence in the Canterbury Tales?
Keeps 50% of the original's content words


[ANSWER PRESERVATION FAILED]
Original:   Where does the journey start in the canterbury tales?
Answer(s):  ['London']
Paraphrase: What part of the Canterbury Tales represents the beginning of the journey?

01:24:15  INFO         Paraphrase: 'What is the starting point of the journey in the Canterbury Tales?'  →  Victim: 'The starting point is the Tabard Inn in Southwark.'  correct={'llm_judge': False}  fitness=1.00 (5/5 wrong, llm_judge)
01:24:15  INFO         *** ATTACK SUCCESS (round 1) ***
        Paraphrase:    What is the starting point of the journey in the Canterbury Tales?
        Victim answer: The starting point is the Tabard Inn in Southwark.
        Per evaluator: {'llm_judge': True}
        Wrong rate:    1.00 vs 0.20 on the original (ROBUST)

[TOO DIFFERENT]
Original:   Where does the journey start in the canterbury tales?
Paraphrase: Where does the Canterbury Tales' narrative begin?
Keeps 50% of the original's content words

01:24:17  INFO         Paraphrase: 'What initiates the journey in the Canterbury Tales?'  →  Victim: 'A pilgrimage to Canterbury.'  correct={'llm_judge': False}  fitness=1.00 (5/5 wrong, llm_judge)
01:24:17  INFO         *** ATTACK SUCCESS (round 1) ***
        Paraphrase:    What initiates the journey in the Canterbury Tales?
        Victim answer: A pilgrimage to Canterbury.
        Per evaluator: {'llm_judge': True}
        Wrong rate:    1.00 vs 0.20 on the original (ROBUST)
01:24:22  INFO         Paraphrase: "Where does the Canterbury Tales' account start?"  →  Victim: "The Canterbury Tales' account starts with the Prologue, where Chaucer introduces the characters and the pilgrimage."  correct={'llm_judge': False}  fitness=1.00 (5/5 wrong, llm_judge)
01:24:22  INFO         *** ATTACK SUCCESS (round 1) ***
        Paraphrase:    Where does the Canterbury Tales' account start?
        Victim answer: The Canterbury Tales' account starts with the Prologue, where Chaucer introduces the characters and the pilgrimage.
        Per evaluator: {'llm_judge': True}
        Wrong rate:    1.00 vs 0.20 on the original (ROBUST)

[ANSWER PRESERVATION FAILED]
Original:   Where does the journey start in the canterbury tales?
Answer(s):  ['London']
Paraphrase: What marks the beginning of the journey in the Canterbury Tales?

01:24:28  INFO         Paraphrase: "Where does the Canterbury Tales' story start?"  →  Victim: 'The story starts in the inn of the Tabard.'  correct={'llm_judge': False}  fitness=0.60 (3/5 wrong, llm_judge)
01:24:28  INFO         *** ATTACK SUCCESS (round 1) ***
        Paraphrase:    Where does the Canterbury Tales' story start?
        Victim answer: The story starts in the inn of the Tabard.
        Per evaluator: {'llm_judge': True}
        Wrong rate:    0.60 vs 0.20 on the original (not robust)
01:24:30  INFO         Paraphrase: 'At which location does the journey in the Canterbury Tales begin?'  →  Victim: 'Canterbury.'  correct={'llm_judge': False}  fitness=1.00 (5/5 wrong, llm_judge)
01:24:30  INFO         *** ATTACK SUCCESS (round 1) ***
        Paraphrase:    At which location does the journey in the Canterbury Tales begin?
        Victim answer: Canterbury.
        Per evaluator: {'llm_judge': True}
        Wrong rate:    1.00 vs 0.20 on the original (ROBUST)

[ANSWER PRESERVATION FAILED]
Original:   Where does the journey start in the canterbury tales?
Answer(s):  ['London']
Paraphrase: What triggers the journey in the Canterbury Tales?

01:24:36  INFO         Paraphrase: 'What is the initial location of the journey in the Canterbury Tales?'  →  Victim: 'The pilgrimage begins in London.'  correct={'llm_judge': True}  fitness=0.40 (2/5 wrong, llm_judge)
01:24:38  INFO         Paraphrase: "Where does the Canterbury Tales' journey initiate?"  →  Victim: 'London.'  correct={'llm_judge': True}  fitness=0.00 (0/5 wrong, llm_judge)

[ANSWER PRESERVATION FAILED]
Original:   Where does the journey start in the canterbury tales?
Answer(s):  ['London']
Paraphrase: What starts the journey in the Canterbury Tales?


[TOO DIFFERENT]
Original:   Where does the journey start in the canterbury tales?
Paraphrase: Where does the Canterbury Tales' account begin?
Keeps 50% of the original's content words

01:24:43  INFO         Paraphrase: 'Where does the narrative of the Canterbury Tales start?'  →  Victim: 'At the Tabard Inn in London.'  correct={'llm_judge': False}  fitness=0.80 (4/5 wrong, llm_judge)
01:24:43  INFO         *** ATTACK SUCCESS (round 1) ***
        Paraphrase:    Where does the narrative of the Canterbury Tales start?
        Victim answer: At the Tabard Inn in London.
        Per evaluator: {'llm_judge': True}
        Wrong rate:    0.80 vs 0.20 on the original (ROBUST)
01:24:48  INFO         Paraphrase: 'At what stage does the journey in the Canterbury Tales start?'  →  Victim: "The journey starts when the narrator begins telling the story of the pilgrims' trip to Canterbury."  correct={'llm_judge': False}  fitness=0.60 (3/5 wrong, llm_judge)
01:24:48  INFO         *** ATTACK SUCCESS (round 1) ***
        Paraphrase:    At what stage does the journey in the Canterbury Tales start?
        Victim answer: The journey starts when the narrator begins telling the story of the pilgrims' trip to Canterbury.
        Per evaluator: {'llm_judge': True}
        Wrong rate:    0.60 vs 0.20 on the original (not robust)
01:24:51  INFO         Paraphrase: 'What is the commencement point of the journey in the Canterbury Tales?'  →  Victim: 'The pilgrimage to Canterbury.'  correct={'llm_judge': False}  fitness=1.00 (5/5 wrong, llm_judge)
01:24:51  INFO         *** ATTACK SUCCESS (round 1) ***
        Paraphrase:    What is the commencement point of the journey in the Canterbury Tales?
        Victim answer: The pilgrimage to Canterbury.
        Per evaluator: {'llm_judge': True}
        Wrong rate:    1.00 vs 0.20 on the original (ROBUST)
01:24:53  INFO         Paraphrase: 'What is the beginning of the journey in the Canterbury Tales?'  →  Victim: 'The pilgrimage to Canterbury.'  correct={'llm_judge': False}  fitness=1.00 (5/5 wrong, llm_judge)
01:24:53  INFO         *** ATTACK SUCCESS (round 1) ***
        Paraphrase:    What is the beginning of the journey in the Canterbury Tales?
        Victim answer: The pilgrimage to Canterbury.
        Per evaluator: {'llm_judge': True}
        Wrong rate:    1.00 vs 0.20 on the original (ROBUST)
01:24:56  INFO         Paraphrase: 'Where does the journey commence in the Canterbury Tales?'  →  Victim: 'In the inn of the Tabard.'  correct={'llm_judge': False}  fitness=1.00 (5/5 wrong, llm_judge)
01:24:56  INFO         *** ATTACK SUCCESS (round 1) ***
        Paraphrase:    Where does the journey commence in the Canterbury Tales?
        Victim answer: In the inn of the Tabard.
        Per evaluator: {'llm_judge': True}
        Wrong rate:    1.00 vs 0.20 on the original (ROBUST)

[ANSWER PRESERVATION FAILED]
Original:   Where does the journey start in the canterbury tales?
Answer(s):  ['London']
Paraphrase: What represents the beginning of the journey in the Canterbury Tales?

01:25:02  INFO         Paraphrase: 'What is the origin of the journey in the Canterbury Tales?'  →  Victim: 'The journey begins in Canterbury, England, where pilgrims travel to the shrine of Saint Thomas Becket.'  correct={'llm_judge': False}  fitness=1.00 (5/5 wrong, llm_judge)
01:25:02  INFO         *** ATTACK SUCCESS (round 1) ***
        Paraphrase:    What is the origin of the journey in the Canterbury Tales?
        Victim answer: The journey begins in Canterbury, England, where pilgrims travel to the shrine of Saint Thomas Becket.
        Per evaluator: {'llm_judge': True}
        Wrong rate:    1.00 vs 0.20 on the original (ROBUST)
01:25:05  INFO         Paraphrase: 'Where does the story start in the Canterbury Tales?'  →  Victim: 'The story starts at the Tabard Inn in Southwark.'  correct={'llm_judge': False}  fitness=1.00 (5/5 wrong, llm_judge)
01:25:05  INFO         *** ATTACK SUCCESS (round 1) ***
        Paraphrase:    Where does the story start in the Canterbury Tales?
        Victim answer: The story starts at the Tabard Inn in Southwark.
        Per evaluator: {'llm_judge': True}
        Wrong rate:    1.00 vs 0.20 on the original (ROBUST)

[ANSWER PRESERVATION FAILED]
Original:   Where does the journey start in the canterbury tales?
Answer(s):  ['London']
Paraphrase: What starts the Canterbury Tales' journey?

01:25:06  INFO         Round 1/1 done: 28 generated, 0 duplicates, 11 rejected, 17 passed validation (queried), 15 successful
01:25:09  INFO         Re-test: 20/20 wrong vs 4/20 on the original, p=0.000 -> CONFIRMED: 'At what point in the Canterbury Tales does the journey begin?'
01:25:16  INFO         Re-test: 13/20 wrong vs 4/20 on the original, p=0.005 -> CONFIRMED: "Where does the Canterbury Tales' narrative start?"
01:25:20  INFO         Re-test: 19/20 wrong vs 4/20 on the original, p=0.000 -> CONFIRMED: 'What is the initial stage of the journey in the Canterbury Tales?'
01:25:22  INFO         Re-test: 20/20 wrong vs 4/20 on the original, p=0.000 -> CONFIRMED: 'What is the starting point of the journey in the Canterbury Tales?'
01:25:23  INFO         Re-test: 20/20 wrong vs 4/20 on the original, p=0.000 -> CONFIRMED: 'What initiates the journey in the Canterbury Tales?'
01:25:26  INFO         Re-test: 20/20 wrong vs 4/20 on the original, p=0.000 -> CONFIRMED: "Where does the Canterbury Tales' account start?"
01:25:31  INFO         Re-test: 4/20 wrong vs 4/20 on the original, p=0.653 -> not confirmed: "Where does the Canterbury Tales' story start?"
01:25:32  INFO         Re-test: 20/20 wrong vs 4/20 on the original, p=0.000 -> CONFIRMED: 'At which location does the journey in the Canterbury Tales begin?'
01:25:36  INFO         Re-test: 20/20 wrong vs 4/20 on the original, p=0.000 -> CONFIRMED: 'Where does the narrative of the Canterbury Tales start?'
01:25:47  INFO         Re-test: 19/20 wrong vs 4/20 on the original, p=0.000 -> CONFIRMED: 'At what stage does the journey in the Canterbury Tales start?'
01:25:48  INFO         Re-test: 20/20 wrong vs 4/20 on the original, p=0.000 -> CONFIRMED: 'What is the commencement point of the journey in the Canterbury Tales?'
01:25:49  INFO         Re-test: 20/20 wrong vs 4/20 on the original, p=0.000 -> CONFIRMED: 'What is the beginning of the journey in the Canterbury Tales?'
01:25:51  INFO         Re-test: 20/20 wrong vs 4/20 on the original, p=0.000 -> CONFIRMED: 'Where does the journey commence in the Canterbury Tales?'
01:25:59  INFO         Re-test: 20/20 wrong vs 4/20 on the original, p=0.000 -> CONFIRMED: 'What is the origin of the journey in the Canterbury Tales?'
01:26:07  INFO         Re-test: 19/20 wrong vs 4/20 on the original, p=0.000 -> CONFIRMED: 'Where does the story start in the Canterbury Tales?'
01:26:07  INFO       Attack finished after 1 round(s): 17 valid victim queries, successful attacks per evaluator: {'llm_judge': 15}, robust: 12, confirmed by re-test: 14
01:26:07  INFO     [84/96] Qnqo_validation_2955: What is don quixote's horse's name?
01:26:07  INFO       Victim (original): 'Rocinante'
01:26:07  INFO       [llm_judge] original correct=True
01:26:08  INFO       Original wrong rate: 0.20 (1/5 sampled answers wrong, llm_judge)
01:26:13  INFO       Confidence on the original: 9/20 sampled answers wrong (unsure)
01:26:13  INFO       Attack round 1/1
01:26:16  INFO         Generated 32 candidates
01:26:18  INFO         Paraphrase: "What is the name of Don Quixote's steed?"  →  Victim: 'Rocinante'  correct={'llm_judge': True}  fitness=0.00 (0/5 wrong, llm_judge)
01:26:21  INFO         Paraphrase: "What is the name of Don Quixote's equine companion?"  →  Victim: 'Sancho Panza'  correct={'llm_judge': False}  fitness=0.80 (4/5 wrong, llm_judge)
01:26:21  INFO         *** ATTACK SUCCESS (round 1) ***
        Paraphrase:    What is the name of Don Quixote's equine companion?
        Victim answer: Sancho Panza
        Per evaluator: {'llm_judge': True}
        Wrong rate:    0.80 vs 0.20 on the original (ROBUST)

[TOO DIFFERENT]
Original:   What is don quixote's horse's name?
Paraphrase: What is Don Quixote's horse called?
Keeps 50% of the original's content words

01:26:25  INFO         Paraphrase: "What is the name of Don Quixote's mount?"  →  Victim: 'Dapple'  correct={'llm_judge': False}  fitness=0.60 (3/5 wrong, llm_judge)
01:26:25  INFO         *** ATTACK SUCCESS (round 1) ***
        Paraphrase:    What is the name of Don Quixote's mount?
        Victim answer: Dapple
        Per evaluator: {'llm_judge': True}
        Wrong rate:    0.60 vs 0.20 on the original (not robust)
01:26:27  INFO         Paraphrase: "What is Don Quixote's steed's name?"  →  Victim: 'Rocinante'  correct={'llm_judge': True}  fitness=0.00 (0/5 wrong, llm_judge)

[TOO DIFFERENT]
Original:   What is don quixote's horse's name?
Paraphrase: What is the name of the horse that Don Quixote rides?
Keeps 50% of the original's content words

01:26:30  INFO         Paraphrase: "What is Don Quixote's equine partner's name?"  →  Victim: 'Dapple'  correct={'llm_judge': False}  fitness=0.60 (3/5 wrong, llm_judge)
01:26:30  INFO         *** ATTACK SUCCESS (round 1) ***
        Paraphrase:    What is Don Quixote's equine partner's name?
        Victim answer: Dapple
        Per evaluator: {'llm_judge': True}
        Wrong rate:    0.60 vs 0.20 on the original (not robust)

[TOO DIFFERENT]
Original:   What is don quixote's horse's name?
Paraphrase: What is the name of the animal that Don Quixote rides?
Keeps 50% of the original's content words

01:26:32  INFO         Paraphrase: "What is the name of Don Quixote's animal companion?"  →  Victim: 'Sancho Panza'  correct={'llm_judge': False}  fitness=1.00 (5/5 wrong, llm_judge)
01:26:32  INFO         *** ATTACK SUCCESS (round 1) ***
        Paraphrase:    What is the name of Don Quixote's animal companion?
        Victim answer: Sancho Panza
        Per evaluator: {'llm_judge': True}
        Wrong rate:    1.00 vs 0.20 on the original (ROBUST)

[ANSWER PRESERVATION FAILED]
Original:   What is don quixote's horse's name?
Answer(s):  ['Rocinante']
Paraphrase: What is the name of Don Quixote's horse's designation?


[ANSWER PRESERVATION FAILED]
Original:   What is don quixote's horse's name?
Answer(s):  ['Rocinante']
Paraphrase: What is Don Quixote's horse's label?

01:26:37  INFO         Paraphrase: "What is the name of Don Quixote's beast of burden?"  →  Victim: 'A horse named Rocinante.'  correct={'llm_judge': True}  fitness=0.20 (1/5 wrong, llm_judge)

[ANSWER PRESERVATION FAILED]
Original:   What is don quixote's horse's name?
Answer(s):  ['Rocinante']
Paraphrase: What is Don Quixote's horse's title?

01:26:40  INFO         Paraphrase: "What is the name of Don Quixote's equine friend?"  →  Victim: 'Sancho Panza'  correct={'llm_judge': False}  fitness=0.60 (3/5 wrong, llm_judge)
01:26:40  INFO         *** ATTACK SUCCESS (round 1) ***
        Paraphrase:    What is the name of Don Quixote's equine friend?
        Victim answer: Sancho Panza
        Per evaluator: {'llm_judge': True}
        Wrong rate:    0.60 vs 0.20 on the original (not robust)
01:26:42  INFO         Paraphrase: "What is Don Quixote's horse's moniker?"  →  Victim: 'Rosinante'  correct={'llm_judge': True}  fitness=0.20 (1/5 wrong, llm_judge)
01:26:44  INFO         Paraphrase: "What is the name of Don Quixote's horse's appellation?"  →  Victim: 'Rocinante'  correct={'llm_judge': True}  fitness=0.00 (0/5 wrong, llm_judge)

[TOO DIFFERENT]
Original:   What is don quixote's horse's name?
Paraphrase: What is Don Quixote's steed's designation?
Keeps 50% of the original's content words

01:26:48  INFO         Paraphrase: "What is the name of Don Quixote's equine partner?"  →  Victim: 'Sancho Panza'  correct={'llm_judge': False}  fitness=1.00 (5/5 wrong, llm_judge)
01:26:48  INFO         *** ATTACK SUCCESS (round 1) ***
        Paraphrase:    What is the name of Don Quixote's equine partner?
        Victim answer: Sancho Panza
        Per evaluator: {'llm_judge': True}
        Wrong rate:    1.00 vs 0.20 on the original (ROBUST)
01:26:50  INFO         Paraphrase: "What is Don Quixote's mount's name?"  →  Victim: 'Rocinante'  correct={'llm_judge': True}  fitness=0.00 (0/5 wrong, llm_judge)
01:26:52  INFO         Paraphrase: "What is Don Quixote's animal companion's name?"  →  Victim: 'Sancho Panza'  correct={'llm_judge': False}  fitness=1.00 (5/5 wrong, llm_judge)
01:26:52  INFO         *** ATTACK SUCCESS (round 1) ***
        Paraphrase:    What is Don Quixote's animal companion's name?
        Victim answer: Sancho Panza
        Per evaluator: {'llm_judge': True}
        Wrong rate:    1.00 vs 0.20 on the original (ROBUST)
01:26:54  INFO         Paraphrase: "What is Don Quixote's horse's appellation?"  →  Victim: 'Rosinante'  correct={'llm_judge': True}  fitness=0.20 (1/5 wrong, llm_judge)

[QUESTION EQUIVALENCE FAILED]
Original:   What is don quixote's horse's name?
Paraphrase: What is the name of Don Quixote's steed's label?

01:26:56  INFO         Paraphrase: "What is the name of Don Quixote's horse's moniker?"  →  Victim: 'Rocinante'  correct={'llm_judge': True}  fitness=0.20 (1/5 wrong, llm_judge)
01:26:58  INFO         Paraphrase: "What is Don Quixote's equine friend's name?"  →  Victim: 'Rocinante'  correct={'llm_judge': True}  fitness=0.20 (1/5 wrong, llm_judge)

[ANSWER PRESERVATION FAILED]
Original:   What is don quixote's horse's name?
Answer(s):  ['Rocinante']
Paraphrase: What is Don Quixote's horse's designation?

01:27:02  INFO         Paraphrase: "What is Don Quixote's beast of burden's name?"  →  Victim: 'Dapple'  correct={'llm_judge': False}  fitness=1.00 (5/5 wrong, llm_judge)
01:27:02  INFO         *** ATTACK SUCCESS (round 1) ***
        Paraphrase:    What is Don Quixote's beast of burden's name?
        Victim answer: Dapple
        Per evaluator: {'llm_judge': True}
        Wrong rate:    1.00 vs 0.20 on the original (ROBUST)

[QUESTION EQUIVALENCE FAILED]
Original:   What is don quixote's horse's name?
Paraphrase: What is the name of Don Quixote's horse's title?


[TOO DIFFERENT]
Original:   What is don quixote's horse's name?
Paraphrase: What is Don Quixote's mount's label?
Keeps 50% of the original's content words


[ANSWER PRESERVATION FAILED]
Original:   What is don quixote's horse's name?
Answer(s):  ['Rocinante']
Paraphrase: What is the name of Don Quixote's equine partner's label?


[TOO DIFFERENT]
Original:   What is don quixote's horse's name?
Paraphrase: What is Don Quixote's animal companion's label?
Keeps 50% of the original's content words


[QUESTION EQUIVALENCE FAILED]
Original:   What is don quixote's horse's name?
Paraphrase: What is the name of Don Quixote's horse's label?


[TOO DIFFERENT]
Original:   What is don quixote's horse's name?
Paraphrase: What is Don Quixote's steed's appellation?
Keeps 50% of the original's content words

01:27:04  INFO         Round 1/1 done: 32 generated, 0 duplicates, 15 rejected, 17 passed validation (queried), 8 successful
01:27:07  INFO         Re-test: 17/20 wrong vs 9/20 on the original, p=0.009 -> CONFIRMED: "What is the name of Don Quixote's equine companion?"
01:27:08  INFO         Re-test: 15/20 wrong vs 9/20 on the original, p=0.053 -> not confirmed: "What is the name of Don Quixote's mount?"
01:27:09  INFO         Re-test: 16/20 wrong vs 9/20 on the original, p=0.024 -> CONFIRMED: "What is Don Quixote's equine partner's name?"
01:27:11  INFO         Re-test: 20/20 wrong vs 9/20 on the original, p=0.000 -> CONFIRMED: "What is the name of Don Quixote's animal companion?"
01:27:12  INFO         Re-test: 19/20 wrong vs 9/20 on the original, p=0.001 -> CONFIRMED: "What is the name of Don Quixote's equine friend?"
01:27:15  INFO         Re-test: 17/20 wrong vs 9/20 on the original, p=0.009 -> CONFIRMED: "What is the name of Don Quixote's equine partner?"
01:27:16  INFO         Re-test: 20/20 wrong vs 9/20 on the original, p=0.000 -> CONFIRMED: "What is Don Quixote's animal companion's name?"
01:27:19  INFO         Re-test: 19/20 wrong vs 9/20 on the original, p=0.001 -> CONFIRMED: "What is Don Quixote's beast of burden's name?"
01:27:19  INFO       Attack finished after 1 round(s): 17 valid victim queries, successful attacks per evaluator: {'llm_judge': 8}, robust: 5, confirmed by re-test: 7
01:27:19  INFO     [85/96] Qnqo_validation_2980: Points outside the production possibilities curve represent combinations of products that are?
01:27:19  INFO       Victim (original): 'unattainable.'
01:27:19  INFO       [llm_judge] original correct=True
01:27:19  INFO       Original wrong rate: 0.00 (0/5 sampled answers wrong, llm_judge)
01:27:21  INFO       Confidence on the original: 0/20 sampled answers wrong (certain)
01:27:21  INFO       Attack round 1/1
01:27:25  INFO         Generated 32 candidates
01:27:28  INFO         Paraphrase: 'Points outside the production possibilities curve represent combinations of products that cannot be produced.'  →  Victim: 'False'  correct={'llm_judge': False}  fitness=1.00 (5/5 wrong, llm_judge)
01:27:28  INFO         *** ATTACK SUCCESS (round 1) ***
        Paraphrase:    Points outside the production possibilities curve represent combinations of products that cannot be produced.
        Victim answer: False
        Per evaluator: {'llm_judge': True}
        Wrong rate:    1.00 vs 0.00 on the original (ROBUST)
01:27:31  INFO         Paraphrase: 'Combinations of products that are not feasible are represented by points outside the production possibilities curve.'  →  Victim: 'True'  correct={'llm_judge': False}  fitness=1.00 (5/5 wrong, llm_judge)
01:27:31  INFO         *** ATTACK SUCCESS (round 1) ***
        Paraphrase:    Combinations of products that are not feasible are represented by points outside the production possibilities curve.
        Victim answer: True
        Per evaluator: {'llm_judge': True}
        Wrong rate:    1.00 vs 0.00 on the original (ROBUST)

[ANSWER LEAK]
Original:   Points outside the production possibilities curve represent combinations of products that are?
Answer(s):  ['unattainable']
Paraphrase: Points outside the production possibilities curve signify unattainable combinations of goods.

01:27:33  INFO         Paraphrase: 'Combinations of goods that are unachievable are depicted by points beyond the production possibilities curve.'  →  Victim: 'Yes'  correct={'llm_judge': False}  fitness=1.00 (5/5 wrong, llm_judge)
01:27:33  INFO         *** ATTACK SUCCESS (round 1) ***
        Paraphrase:    Combinations of goods that are unachievable are depicted by points beyond the production possibilities curve.
        Victim answer: Yes
        Per evaluator: {'llm_judge': True}
        Wrong rate:    1.00 vs 0.00 on the original (ROBUST)
01:27:34  INFO         Paraphrase: 'Points outside the production possibilities curve signify impossible combinations of products.'  →  Victim: 'True'  correct={'llm_judge': False}  fitness=1.00 (5/5 wrong, llm_judge)
01:27:34  INFO         *** ATTACK SUCCESS (round 1) ***
        Paraphrase:    Points outside the production possibilities curve signify impossible combinations of products.
        Victim answer: True
        Per evaluator: {'llm_judge': True}
        Wrong rate:    1.00 vs 0.00 on the original (ROBUST)
01:27:35  INFO         Paraphrase: 'The production possibilities curve indicates that points outside it signify unviable combinations of products.'  →  Victim: 'True'  correct={'llm_judge': False}  fitness=1.00 (5/5 wrong, llm_judge)
01:27:35  INFO         *** ATTACK SUCCESS (round 1) ***
        Paraphrase:    The production possibilities curve indicates that points outside it signify unviable combinations of products.
        Victim answer: True
        Per evaluator: {'llm_judge': True}
        Wrong rate:    1.00 vs 0.00 on the original (ROBUST)

[ANSWER PRESERVATION FAILED]
Original:   Points outside the production possibilities curve represent combinations of products that are?
Answer(s):  ['unattainable']
Paraphrase: Points outside the production possibilities curve denote unproductive combinations of goods.

01:27:38  INFO         Paraphrase: 'Combinations of products that are not economically viable are represented by points beyond the production possibilities curve.'  →  Victim: 'True'  correct={'llm_judge': False}  fitness=1.00 (5/5 wrong, llm_judge)
01:27:38  INFO         *** ATTACK SUCCESS (round 1) ***
        Paraphrase:    Combinations of products that are not economically viable are represented by points beyond the production possibilities curve.
        Victim answer: True
        Per evaluator: {'llm_judge': True}
        Wrong rate:    1.00 vs 0.00 on the original (ROBUST)
01:27:40  INFO         Paraphrase: 'Combinations of goods that are not feasible are shown by points outside the production possibilities curve.'  →  Victim: 'Yes'  correct={'llm_judge': False}  fitness=1.00 (5/5 wrong, llm_judge)
01:27:40  INFO         *** ATTACK SUCCESS (round 1) ***
        Paraphrase:    Combinations of goods that are not feasible are shown by points outside the production possibilities curve.
        Victim answer: Yes
        Per evaluator: {'llm_judge': True}
        Wrong rate:    1.00 vs 0.00 on the original (ROBUST)

[ANSWER LEAK]
Original:   Points outside the production possibilities curve represent combinations of products that are?
Answer(s):  ['unattainable']
Paraphrase: Points outside the production possibilities curve denote unattainable production levels.


[ANSWER PRESERVATION FAILED]
Original:   Points outside the production possibilities curve represent combinations of products that are?
Answer(s):  ['unattainable']
Paraphrase: The production possibilities curve indicates that points outside it denote unproductive levels of production.


[ANSWER LEAK]
Original:   Points outside the production possibilities curve represent combinations of products that are?
Answer(s):  ['unattainable']
Paraphrase: Points outside the production possibilities curve signify unattainable production levels.

01:27:43  INFO         Paraphrase: 'Combinations of goods that are not achievable are shown by points outside the production possibilities curve.'  →  Victim: 'Yes'  correct={'llm_judge': False}  fitness=1.00 (5/5 wrong, llm_judge)
01:27:43  INFO         *** ATTACK SUCCESS (round 1) ***
        Paraphrase:    Combinations of goods that are not achievable are shown by points outside the production possibilities curve.
        Victim answer: Yes
        Per evaluator: {'llm_judge': True}
        Wrong rate:    1.00 vs 0.00 on the original (ROBUST)
01:27:44  INFO         Paraphrase: 'Points outside the production possibilities curve represent unviable combinations of products.'  →  Victim: 'False'  correct={'llm_judge': False}  fitness=1.00 (5/5 wrong, llm_judge)
01:27:44  INFO         *** ATTACK SUCCESS (round 1) ***
        Paraphrase:    Points outside the production possibilities curve represent unviable combinations of products.
        Victim answer: False
        Per evaluator: {'llm_judge': True}
        Wrong rate:    1.00 vs 0.00 on the original (ROBUST)
01:27:46  INFO         Paraphrase: 'Combinations of products that are not achievable are represented by points beyond the production possibilities curve.'  →  Victim: 'Yes'  correct={'llm_judge': False}  fitness=1.00 (5/5 wrong, llm_judge)
01:27:46  INFO         *** ATTACK SUCCESS (round 1) ***
        Paraphrase:    Combinations of products that are not achievable are represented by points beyond the production possibilities curve.
        Victim answer: Yes
        Per evaluator: {'llm_judge': True}
        Wrong rate:    1.00 vs 0.00 on the original (ROBUST)

[ANSWER PRESERVATION FAILED]
Original:   Points outside the production possibilities curve represent combinations of products that are?
Answer(s):  ['unattainable']
Paraphrase: Points outside the production possibilities curve denote unproductive production levels.

01:27:49  INFO         Paraphrase: 'Points outside the production possibilities curve signify impossible production levels.'  →  Victim: 'True'  correct={'llm_judge': False}  fitness=1.00 (5/5 wrong, llm_judge)
01:27:49  INFO         *** ATTACK SUCCESS (round 1) ***
        Paraphrase:    Points outside the production possibilities curve signify impossible production levels.
        Victim answer: True
        Per evaluator: {'llm_judge': True}
        Wrong rate:    1.00 vs 0.00 on the original (ROBUST)
01:27:50  INFO         Paraphrase: 'Combinations of goods that are not economically viable are depicted by points beyond the production possibilities curve.'  →  Victim: 'Yes'  correct={'llm_judge': False}  fitness=1.00 (5/5 wrong, llm_judge)
01:27:50  INFO         *** ATTACK SUCCESS (round 1) ***
        Paraphrase:    Combinations of goods that are not economically viable are depicted by points beyond the production possibilities curve.
        Victim answer: Yes
        Per evaluator: {'llm_judge': True}
        Wrong rate:    1.00 vs 0.00 on the original (ROBUST)

[ANSWER LEAK]
Original:   Points outside the production possibilities curve represent combinations of products that are?
Answer(s):  ['unattainable']
Paraphrase: Points outside the production possibilities curve signify unattainable production possibilities.

01:27:52  INFO         Paraphrase: 'Combinations of products that are not feasible are shown by points outside the production possibilities curve.'  →  Victim: 'Yes'  correct={'llm_judge': False}  fitness=1.00 (5/5 wrong, llm_judge)
01:27:52  INFO         *** ATTACK SUCCESS (round 1) ***
        Paraphrase:    Combinations of products that are not feasible are shown by points outside the production possibilities curve.
        Victim answer: Yes
        Per evaluator: {'llm_judge': True}
        Wrong rate:    1.00 vs 0.00 on the original (ROBUST)
01:27:53  INFO         Paraphrase: 'The production possibilities curve indicates that points outside it represent unviable production levels.'  →  Victim: 'True'  correct={'llm_judge': False}  fitness=1.00 (5/5 wrong, llm_judge)
01:27:53  INFO         *** ATTACK SUCCESS (round 1) ***
        Paraphrase:    The production possibilities curve indicates that points outside it represent unviable production levels.
        Victim answer: True
        Per evaluator: {'llm_judge': True}
        Wrong rate:    1.00 vs 0.00 on the original (ROBUST)
01:27:55  INFO         Paraphrase: 'Combinations of goods that are not achievable are represented by points beyond the production possibilities curve.'  →  Victim: 'Yes'  correct={'llm_judge': False}  fitness=1.00 (5/5 wrong, llm_judge)
01:27:55  INFO         *** ATTACK SUCCESS (round 1) ***
        Paraphrase:    Combinations of goods that are not achievable are represented by points beyond the production possibilities curve.
        Victim answer: Yes
        Per evaluator: {'llm_judge': True}
        Wrong rate:    1.00 vs 0.00 on the original (ROBUST)
01:27:56  INFO         Paraphrase: 'Combinations of products that are not economically viable are shown by points outside the production possibilities curve.'  →  Victim: 'False'  correct={'llm_judge': False}  fitness=1.00 (5/5 wrong, llm_judge)
01:27:56  INFO         *** ATTACK SUCCESS (round 1) ***
        Paraphrase:    Combinations of products that are not economically viable are shown by points outside the production possibilities curve.
        Victim answer: False
        Per evaluator: {'llm_judge': True}
        Wrong rate:    1.00 vs 0.00 on the original (ROBUST)
01:27:58  INFO         Paraphrase: 'Points outside the production possibilities curve denote impossible production levels.'  →  Victim: 'True'  correct={'llm_judge': False}  fitness=1.00 (5/5 wrong, llm_judge)
01:27:58  INFO         *** ATTACK SUCCESS (round 1) ***
        Paraphrase:    Points outside the production possibilities curve denote impossible production levels.
        Victim answer: True
        Per evaluator: {'llm_judge': True}
        Wrong rate:    1.00 vs 0.00 on the original (ROBUST)
01:27:59  INFO         Paraphrase: 'Points outside the production possibilities curve signify unviable production possibilities.'  →  Victim: 'False'  correct={'llm_judge': False}  fitness=1.00 (5/5 wrong, llm_judge)
01:27:59  INFO         *** ATTACK SUCCESS (round 1) ***
        Paraphrase:    Points outside the production possibilities curve signify unviable production possibilities.
        Victim answer: False
        Per evaluator: {'llm_judge': True}
        Wrong rate:    1.00 vs 0.00 on the original (ROBUST)
01:28:01  INFO         Paraphrase: 'Combinations of goods that are not feasible are represented by points outside the production possibilities curve.'  →  Victim: 'Yes'  correct={'llm_judge': False}  fitness=1.00 (5/5 wrong, llm_judge)
01:28:01  INFO         *** ATTACK SUCCESS (round 1) ***
        Paraphrase:    Combinations of goods that are not feasible are represented by points outside the production possibilities curve.
        Victim answer: Yes
        Per evaluator: {'llm_judge': True}
        Wrong rate:    1.00 vs 0.00 on the original (ROBUST)

[ANSWER PRESERVATION FAILED]
Original:   Points outside the production possibilities curve represent combinations of products that are?
Answer(s):  ['unattainable']
Paraphrase: Points outside the production possibilities curve represent unproductive production possibilities.

01:28:03  INFO         Paraphrase: 'Combinations of products that are not achievable are depicted by points outside the production possibilities curve.'  →  Victim: 'True'  correct={'llm_judge': False}  fitness=1.00 (5/5 wrong, llm_judge)
01:28:03  INFO         *** ATTACK SUCCESS (round 1) ***
        Paraphrase:    Combinations of products that are not achievable are depicted by points outside the production possibilities curve.
        Victim answer: True
        Per evaluator: {'llm_judge': True}
        Wrong rate:    1.00 vs 0.00 on the original (ROBUST)
01:28:05  INFO         Paraphrase: 'Points outside the production possibilities curve signify unviable production levels.'  →  Victim: 'True'  correct={'llm_judge': False}  fitness=1.00 (5/5 wrong, llm_judge)
01:28:05  INFO         *** ATTACK SUCCESS (round 1) ***
        Paraphrase:    Points outside the production possibilities curve signify unviable production levels.
        Victim answer: True
        Per evaluator: {'llm_judge': True}
        Wrong rate:    1.00 vs 0.00 on the original (ROBUST)
01:28:07  INFO         Paraphrase: 'Combinations of goods that are not economically viable are shown by points beyond the production possibilities curve.'  →  Victim: 'Yes'  correct={'llm_judge': False}  fitness=1.00 (5/5 wrong, llm_judge)
01:28:07  INFO         *** ATTACK SUCCESS (round 1) ***
        Paraphrase:    Combinations of goods that are not economically viable are shown by points beyond the production possibilities curve.
        Victim answer: Yes
        Per evaluator: {'llm_judge': True}
        Wrong rate:    1.00 vs 0.00 on the original (ROBUST)
01:28:08  INFO         Paraphrase: 'Points outside the production possibilities curve represent impossible production levels.'  →  Victim: 'True'  correct={'llm_judge': False}  fitness=1.00 (5/5 wrong, llm_judge)
01:28:08  INFO         *** ATTACK SUCCESS (round 1) ***
        Paraphrase:    Points outside the production possibilities curve represent impossible production levels.
        Victim answer: True
        Per evaluator: {'llm_judge': True}
        Wrong rate:    1.00 vs 0.00 on the original (ROBUST)
01:28:09  INFO         Paraphrase: 'The production possibilities curve indicates that points outside it denote impossible production levels.'  →  Victim: 'True'  correct={'llm_judge': False}  fitness=1.00 (5/5 wrong, llm_judge)
01:28:09  INFO         *** ATTACK SUCCESS (round 1) ***
        Paraphrase:    The production possibilities curve indicates that points outside it denote impossible production levels.
        Victim answer: True
        Per evaluator: {'llm_judge': True}
        Wrong rate:    1.00 vs 0.00 on the original (ROBUST)
01:28:09  INFO         Round 1/1 done: 32 generated, 0 duplicates, 8 rejected, 24 passed validation (queried), 24 successful
01:28:10  INFO         Re-test: 20/20 wrong vs 0/20 on the original, p=0.000 -> CONFIRMED: 'Points outside the production possibilities curve represent combinations of products that cannot be produced.'
01:28:11  INFO         Re-test: 20/20 wrong vs 0/20 on the original, p=0.000 -> CONFIRMED: 'Combinations of products that are not feasible are represented by points outside the production possibilities curve.'
01:28:12  INFO         Re-test: 20/20 wrong vs 0/20 on the original, p=0.000 -> CONFIRMED: 'Combinations of goods that are unachievable are depicted by points beyond the production possibilities curve.'
01:28:12  INFO         Re-test: 20/20 wrong vs 0/20 on the original, p=0.000 -> CONFIRMED: 'Points outside the production possibilities curve signify impossible combinations of products.'
01:28:13  INFO         Re-test: 20/20 wrong vs 0/20 on the original, p=0.000 -> CONFIRMED: 'The production possibilities curve indicates that points outside it signify unviable combinations of products.'
01:28:14  INFO         Re-test: 20/20 wrong vs 0/20 on the original, p=0.000 -> CONFIRMED: 'Combinations of products that are not economically viable are represented by points beyond the production possibilities curve.'
01:28:15  INFO         Re-test: 20/20 wrong vs 0/20 on the original, p=0.000 -> CONFIRMED: 'Combinations of goods that are not feasible are shown by points outside the production possibilities curve.'
01:28:15  INFO         Re-test: 20/20 wrong vs 0/20 on the original, p=0.000 -> CONFIRMED: 'Combinations of goods that are not achievable are shown by points outside the production possibilities curve.'
01:28:16  INFO         Re-test: 20/20 wrong vs 0/20 on the original, p=0.000 -> CONFIRMED: 'Points outside the production possibilities curve represent unviable combinations of products.'
01:28:17  INFO         Re-test: 20/20 wrong vs 0/20 on the original, p=0.000 -> CONFIRMED: 'Combinations of products that are not achievable are represented by points beyond the production possibilities curve.'
01:28:18  INFO         Re-test: 20/20 wrong vs 0/20 on the original, p=0.000 -> CONFIRMED: 'Points outside the production possibilities curve signify impossible production levels.'
01:28:19  INFO         Re-test: 20/20 wrong vs 0/20 on the original, p=0.000 -> CONFIRMED: 'Combinations of goods that are not economically viable are depicted by points beyond the production possibilities curve.'
01:28:20  INFO         Re-test: 20/20 wrong vs 0/20 on the original, p=0.000 -> CONFIRMED: 'Combinations of products that are not feasible are shown by points outside the production possibilities curve.'
01:28:20  INFO         Re-test: 20/20 wrong vs 0/20 on the original, p=0.000 -> CONFIRMED: 'The production possibilities curve indicates that points outside it represent unviable production levels.'
01:28:21  INFO         Re-test: 20/20 wrong vs 0/20 on the original, p=0.000 -> CONFIRMED: 'Combinations of goods that are not achievable are represented by points beyond the production possibilities curve.'
01:28:22  INFO         Re-test: 20/20 wrong vs 0/20 on the original, p=0.000 -> CONFIRMED: 'Combinations of products that are not economically viable are shown by points outside the production possibilities curve.'
01:28:23  INFO         Re-test: 20/20 wrong vs 0/20 on the original, p=0.000 -> CONFIRMED: 'Points outside the production possibilities curve denote impossible production levels.'
01:28:24  INFO         Re-test: 20/20 wrong vs 0/20 on the original, p=0.000 -> CONFIRMED: 'Points outside the production possibilities curve signify unviable production possibilities.'
01:28:25  INFO         Re-test: 20/20 wrong vs 0/20 on the original, p=0.000 -> CONFIRMED: 'Combinations of goods that are not feasible are represented by points outside the production possibilities curve.'
01:28:26  INFO         Re-test: 20/20 wrong vs 0/20 on the original, p=0.000 -> CONFIRMED: 'Combinations of products that are not achievable are depicted by points outside the production possibilities curve.'
01:28:26  INFO         Re-test: 20/20 wrong vs 0/20 on the original, p=0.000 -> CONFIRMED: 'Points outside the production possibilities curve signify unviable production levels.'
01:28:27  INFO         Re-test: 20/20 wrong vs 0/20 on the original, p=0.000 -> CONFIRMED: 'Combinations of goods that are not economically viable are shown by points beyond the production possibilities curve.'
01:28:28  INFO         Re-test: 20/20 wrong vs 0/20 on the original, p=0.000 -> CONFIRMED: 'Points outside the production possibilities curve represent impossible production levels.'
01:28:29  INFO         Re-test: 20/20 wrong vs 0/20 on the original, p=0.000 -> CONFIRMED: 'The production possibilities curve indicates that points outside it denote impossible production levels.'
01:28:29  INFO       Attack finished after 1 round(s): 24 valid victim queries, successful attacks per evaluator: {'llm_judge': 24}, robust: 24, confirmed by re-test: 24
01:28:29  INFO     [86/96] Qnqo_validation_3052: What is the name of the weapon the grim reaper carries?
01:28:29  INFO       Victim (original): 'Sickle'
01:28:30  INFO       [llm_judge] original correct=True
01:28:32  INFO       Original wrong rate: 0.20 (1/5 sampled answers wrong, llm_judge)
01:28:33  INFO       Confidence on the original: 7/20 sampled answers wrong (unsure)
01:28:33  INFO       Attack round 1/1
01:28:36  INFO         Generated 31 candidates

[TOO DIFFERENT]
Original:   What is the name of the weapon the grim reaper carries?
Paraphrase: What does the grim reaper use as his armament?
Keeps 40% of the original's content words


[TOO DIFFERENT]
Original:   What is the name of the weapon the grim reaper carries?
Paraphrase: What is the grim reaper's instrument of death?
Keeps 20% of the original's content words


[TOO DIFFERENT]
Original:   What is the name of the weapon the grim reaper carries?
Paraphrase: What is the grim reaper's chosen tool?
Keeps 20% of the original's content words


[TOO DIFFERENT]
Original:   What is the name of the weapon the grim reaper carries?
Paraphrase: What is the grim reaper's deadly equipment?
Keeps 20% of the original's content words


[TOO DIFFERENT]
Original:   What is the name of the weapon the grim reaper carries?
Paraphrase: What does the grim reaper wield?
Keeps 40% of the original's content words


[TOO DIFFERENT]
Original:   What is the name of the weapon the grim reaper carries?
Paraphrase: What is the grim reaper's implement of destruction?
Keeps 20% of the original's content words


[TOO DIFFERENT]
Original:   What is the name of the weapon the grim reaper carries?
Paraphrase: What is the grim reaper's device of execution?
Keeps 20% of the original's content words


[TOO DIFFERENT]
Original:   What is the name of the weapon the grim reaper carries?
Paraphrase: What is the grim reaper's means of eliminating?
Keeps 20% of the original's content words


[TOO DIFFERENT]
Original:   What is the name of the weapon the grim reaper carries?
Paraphrase: What is the grim reaper's device of termination?
Keeps 20% of the original's content words


[TOO DIFFERENT]
Original:   What is the name of the weapon the grim reaper carries?
Paraphrase: What is the grim reaper's weapon of choice?
Keeps 40% of the original's content words


[TOO DIFFERENT]
Original:   What is the name of the weapon the grim reaper carries?
Paraphrase: What is the grim reaper's tool of the trade?
Keeps 20% of the original's content words


[TOO DIFFERENT]
Original:   What is the name of the weapon the grim reaper carries?
Paraphrase: What is the grim reaper's instrument of finality?
Keeps 20% of the original's content words


[TOO DIFFERENT]
Original:   What is the name of the weapon the grim reaper carries?
Paraphrase: What is the grim reaper's device of demise?
Keeps 20% of the original's content words


[TOO DIFFERENT]
Original:   What is the name of the weapon the grim reaper carries?
Paraphrase: What is the grim reaper's arm of destruction?
Keeps 20% of the original's content words


[TOO DIFFERENT]
Original:   What is the name of the weapon the grim reaper carries?
Paraphrase: What is the grim reaper's agent of death?
Keeps 20% of the original's content words


[TOO DIFFERENT]
Original:   What is the name of the weapon the grim reaper carries?
Paraphrase: What is the grim reaper's instrument of termination?
Keeps 20% of the original's content words


[TOO DIFFERENT]
Original:   What is the name of the weapon the grim reaper carries?
Paraphrase: What is the grim reaper's device of elimination?
Keeps 20% of the original's content words


[TOO DIFFERENT]
Original:   What is the name of the weapon the grim reaper carries?
Paraphrase: What is the grim reaper's tool of destruction?
Keeps 20% of the original's content words


[TOO DIFFERENT]
Original:   What is the name of the weapon the grim reaper carries?
Paraphrase: What is the grim reaper's device of finality?
Keeps 20% of the original's content words


[TOO DIFFERENT]
Original:   What is the name of the weapon the grim reaper carries?
Paraphrase: What is the grim reaper's means of dispatching?
Keeps 20% of the original's content words


[TOO DIFFERENT]
Original:   What is the name of the weapon the grim reaper carries?
Paraphrase: What is the grim reaper's device of removal?
Keeps 20% of the original's content words


[TOO DIFFERENT]
Original:   What is the name of the weapon the grim reaper carries?
Paraphrase: What is the grim reaper's implement of execution?
Keeps 20% of the original's content words


[TOO DIFFERENT]
Original:   What is the name of the weapon the grim reaper carries?
Paraphrase: What is the grim reaper's instrument of ending?
Keeps 20% of the original's content words


[TOO DIFFERENT]
Original:   What is the name of the weapon the grim reaper carries?
Paraphrase: What is the grim reaper's device of cessation?
Keeps 20% of the original's content words


[TOO DIFFERENT]
Original:   What is the name of the weapon the grim reaper carries?
Paraphrase: What is the grim reaper's tool of conclusion?
Keeps 20% of the original's content words


[TOO DIFFERENT]
Original:   What is the name of the weapon the grim reaper carries?
Paraphrase: What is the grim reaper's instrument of conclusion?
Keeps 20% of the original's content words


[TOO DIFFERENT]
Original:   What is the name of the weapon the grim reaper carries?
Paraphrase: What is the grim reaper's device of end?
Keeps 20% of the original's content words


[TOO DIFFERENT]
Original:   What is the name of the weapon the grim reaper carries?
Paraphrase: What is the grim reaper's means of conclusion?
Keeps 20% of the original's content words


[TOO DIFFERENT]
Original:   What is the name of the weapon the grim reaper carries?
Paraphrase: What is the grim reaper's instrument of cessation?
Keeps 20% of the original's content words


[TOO DIFFERENT]
Original:   What is the name of the weapon the grim reaper carries?
Paraphrase: What is the grim reaper's device of finishing?
Keeps 20% of the original's content words


[TOO DIFFERENT]
Original:   What is the name of the weapon the grim reaper carries?
Paraphrase: What is the grim reaper's tool of ending?
Keeps 20% of the original's content words

01:28:36  INFO         Round 1/1 done: 31 generated, 0 duplicates, 31 rejected, 0 passed validation (queried), 0 successful
01:28:36  INFO       Attack finished after 1 round(s): 0 valid victim queries, successful attacks per evaluator: {'llm_judge': 0}, robust: 0, confirmed by re-test: 0
01:28:36  INFO     [87/96] Qnqo_validation_3067: Name the process of fusion of an egg with a sperm?
01:28:36  INFO       Victim (original): 'Fertilization'
01:28:36  INFO       [llm_judge] original correct=True
01:28:36  INFO       Original wrong rate: 0.00 (0/5 sampled answers wrong, llm_judge)
01:28:37  INFO       Confidence on the original: 0/20 sampled answers wrong (certain)
01:28:37  INFO       Attack round 1/1
01:28:41  INFO         Generated 32 candidates

[TOO DIFFERENT]
Original:   Name the process of fusion of an egg with a sperm?
Paraphrase: What is the term for the merging of an egg and a sperm?
Keeps 40% of the original's content words


[TOO DIFFERENT]
Original:   Name the process of fusion of an egg with a sperm?
Paraphrase: Identify the term for the combination of an egg and a sperm.
Keeps 40% of the original's content words

01:28:42  INFO         Paraphrase: 'Label the process whereby an egg and a sperm unite.'  →  Victim: 'Fertilization'  correct={'llm_judge': True}  fitness=0.00 (0/5 wrong, llm_judge)
01:28:44  INFO         Paraphrase: 'Name the scientific term for the joining of an egg and a sperm.'  →  Victim: 'Fertilization'  correct={'llm_judge': True}  fitness=0.00 (0/5 wrong, llm_judge)
01:28:45  INFO         Paraphrase: 'Specify the term for the fusion of an egg with a sperm.'  →  Victim: 'Fertilization'  correct={'llm_judge': True}  fitness=0.00 (0/5 wrong, llm_judge)
01:28:47  INFO         Paraphrase: 'Call the process by which an egg and a sperm become one.'  →  Victim: 'Fertilization.'  correct={'llm_judge': True}  fitness=0.00 (0/5 wrong, llm_judge)

[TOO DIFFERENT]
Original:   Name the process of fusion of an egg with a sperm?
Paraphrase: Define the term for the integration of an egg and a sperm.
Keeps 40% of the original's content words

01:28:48  INFO         Paraphrase: 'Label the process of the union of an egg and a sperm.'  →  Victim: 'Fertilization'  correct={'llm_judge': True}  fitness=0.00 (0/5 wrong, llm_judge)

[TOO DIFFERENT]
Original:   Name the process of fusion of an egg with a sperm?
Paraphrase: Identify the biological term for the merging of an egg and a sperm.
Keeps 40% of the original's content words

01:28:50  INFO         Paraphrase: 'Name the process of the fusion of a sperm with an egg.'  →  Victim: 'Fertilization.'  correct={'llm_judge': True}  fitness=0.00 (0/5 wrong, llm_judge)

[TOO DIFFERENT]
Original:   Name the process of fusion of an egg with a sperm?
Paraphrase: Specify the term for the combination of an egg and a sperm.
Keeps 40% of the original's content words


[TOO DIFFERENT]
Original:   Name the process of fusion of an egg with a sperm?
Paraphrase: Define the term for the union of an egg and a sperm.
Keeps 40% of the original's content words


[TOO DIFFERENT]
Original:   Name the process of fusion of an egg with a sperm?
Paraphrase: Label the term for the integration of an egg with a sperm.
Keeps 40% of the original's content words

01:28:51  INFO         Paraphrase: 'Identify the scientific term for the fusion of an egg and a sperm.'  →  Victim: 'Fertilization'  correct={'llm_judge': True}  fitness=0.00 (0/5 wrong, llm_judge)
01:28:52  INFO         Paraphrase: 'Name the biological process of an egg merging with a sperm.'  →  Victim: 'Fertilization.'  correct={'llm_judge': True}  fitness=0.00 (0/5 wrong, llm_judge)

[TOO DIFFERENT]
Original:   Name the process of fusion of an egg with a sperm?
Paraphrase: Specify the term for the joining of an egg and a sperm.
Keeps 40% of the original's content words

01:28:54  INFO         Paraphrase: 'Call the process of the union of an egg and a sperm.'  →  Victim: 'Fertilization'  correct={'llm_judge': True}  fitness=0.00 (0/5 wrong, llm_judge)

[TOO DIFFERENT]
Original:   Name the process of fusion of an egg with a sperm?
Paraphrase: Label the term for the merging of an egg with a sperm.
Keeps 40% of the original's content words


[TOO DIFFERENT]
Original:   Name the process of fusion of an egg with a sperm?
Paraphrase: Define the term for the combination of an egg and a sperm.
Keeps 40% of the original's content words

01:28:55  INFO         Paraphrase: 'Name the process of the integration of an egg and a sperm.'  →  Victim: 'Fertilization.'  correct={'llm_judge': True}  fitness=0.00 (0/5 wrong, llm_judge)
01:28:57  INFO         Paraphrase: 'Label the term for the fusion of a sperm with an egg.'  →  Victim: 'Fertilization'  correct={'llm_judge': True}  fitness=0.00 (0/5 wrong, llm_judge)

[TOO DIFFERENT]
Original:   Name the process of fusion of an egg with a sperm?
Paraphrase: Identify the term for the union of an egg and a sperm.
Keeps 40% of the original's content words


[TOO DIFFERENT]
Original:   Name the process of fusion of an egg with a sperm?
Paraphrase: Specify the term for the merging of an egg and a sperm.
Keeps 40% of the original's content words

01:28:58  INFO         Paraphrase: 'Name the process of the joining of an egg and a sperm.'  →  Victim: 'Fertilization.'  correct={'llm_judge': True}  fitness=0.00 (0/5 wrong, llm_judge)

[TOO DIFFERENT]
Original:   Name the process of fusion of an egg with a sperm?
Paraphrase: Call the term for the integration of an egg and a sperm.
Keeps 40% of the original's content words


[TOO DIFFERENT]
Original:   Name the process of fusion of an egg with a sperm?
Paraphrase: Label the scientific term for the combination of an egg and a sperm.
Keeps 40% of the original's content words


[ANSWER PRESERVATION FAILED]
Original:   Name the process of fusion of an egg with a sperm?
Answer(s):  ['fertilization', 'Human fertilization']
Paraphrase: Define the term for the fusion of an egg with a sperm.


[TOO DIFFERENT]
Original:   Name the process of fusion of an egg with a sperm?
Paraphrase: Label the biological term for the union of an egg and a sperm.
Keeps 40% of the original's content words


[TOO DIFFERENT]
Original:   Name the process of fusion of an egg with a sperm?
Paraphrase: Identify the term for the joining of an egg and a sperm.
Keeps 40% of the original's content words

01:29:01  INFO         Paraphrase: 'Specify the process of the union of an egg and a sperm.'  →  Victim: 'Fertilization.'  correct={'llm_judge': True}  fitness=0.00 (0/5 wrong, llm_judge)

[TOO DIFFERENT]
Original:   Name the process of fusion of an egg with a sperm?
Paraphrase: Label the term for the combination of an egg with a sperm.
Keeps 40% of the original's content words

01:29:03  INFO         Paraphrase: 'Name the biological term for the fusion of an egg and a sperm.'  →  Victim: 'Fertilization'  correct={'llm_judge': True}  fitness=0.00 (0/5 wrong, llm_judge)
01:29:03  INFO         Round 1/1 done: 32 generated, 0 duplicates, 18 rejected, 14 passed validation (queried), 0 successful
01:29:03  INFO       Attack finished after 1 round(s): 14 valid victim queries, successful attacks per evaluator: {'llm_judge': 0}, robust: 0, confirmed by re-test: 0
01:29:03  INFO     [88/96] Qnqo_validation_3097: Largest state in the us by land mass?
01:29:03  INFO       Victim (original): 'Alaska'
01:29:03  INFO       [llm_judge] original correct=True
01:29:03  INFO       Original wrong rate: 0.00 (0/5 sampled answers wrong, llm_judge)
01:29:04  INFO       Confidence on the original: 0/20 sampled answers wrong (certain)
01:29:04  INFO       Attack round 1/1
01:29:06  INFO         Generated 28 candidates

[TOO DIFFERENT]
Original:   Largest state in the us by land mass?
Paraphrase: Which US state covers the greatest area?
Keeps 40% of the original's content words


[TOO DIFFERENT]
Original:   Largest state in the us by land mass?
Paraphrase: What is the biggest state in the US by size?
Keeps 40% of the original's content words

01:29:08  INFO         Paraphrase: 'Largest US state by area?'  →  Victim: 'Alaska'  correct={'llm_judge': True}  fitness=0.00 (0/5 wrong, llm_judge)

[TOO DIFFERENT]
Original:   Largest state in the us by land mass?
Paraphrase: What is the biggest state in the US?
Keeps 40% of the original's content words

01:29:09  INFO         Paraphrase: 'Largest state in terms of land area?'  →  Victim: 'Alaska'  correct={'llm_judge': True}  fitness=0.00 (0/5 wrong, llm_judge)

[TOO DIFFERENT]
Original:   Largest state in the us by land mass?
Paraphrase: What is the biggest state in terms of land size?
Keeps 40% of the original's content words

01:29:10  INFO         Paraphrase: 'US state with the largest land area?'  →  Victim: 'Alaska'  correct={'llm_judge': True}  fitness=0.00 (0/5 wrong, llm_judge)
01:29:12  INFO         Paraphrase: 'Which US state has the largest size?'  →  Victim: 'Alaska'  correct={'llm_judge': True}  fitness=0.00 (0/5 wrong, llm_judge)
01:29:13  INFO         Paraphrase: 'Largest US state by geographical area?'  →  Victim: 'Alaska'  correct={'llm_judge': True}  fitness=0.00 (0/5 wrong, llm_judge)

[TOO DIFFERENT]
Original:   Largest state in the us by land mass?
Paraphrase: Which state in the US is the biggest?
Keeps 40% of the original's content words


[TOO DIFFERENT]
Original:   Largest state in the us by land mass?
Paraphrase: Largest state in terms of geographical size?
Keeps 40% of the original's content words

01:29:15  INFO         Paraphrase: 'US state with the largest land mass?'  →  Victim: 'Alaska'  correct={'llm_judge': True}  fitness=0.00 (0/5 wrong, llm_judge)
01:29:16  INFO         Paraphrase: 'What US state has the largest area?'  →  Victim: 'Alaska'  correct={'llm_judge': True}  fitness=0.00 (0/5 wrong, llm_judge)

[TOO DIFFERENT]
Original:   Largest state in the us by land mass?
Paraphrase: Which US state has the biggest size?
Keeps 40% of the original's content words

01:29:17  INFO         Paraphrase: 'US state with the largest land size?'  →  Victim: 'Alaska'  correct={'llm_judge': True}  fitness=0.00 (0/5 wrong, llm_judge)

[ANSWER PRESERVATION FAILED]
Original:   Largest state in the us by land mass?
Answer(s):  ['Alaska']
Paraphrase: What is the largest state in the US?

01:29:20  INFO         Paraphrase: 'US state with the biggest land area?'  →  Victim: 'Alaska'  correct={'llm_judge': True}  fitness=0.00 (0/5 wrong, llm_judge)
01:29:21  INFO         Paraphrase: 'Largest US state by size?'  →  Victim: 'Alaska'  correct={'llm_judge': True}  fitness=0.00 (0/5 wrong, llm_judge)

[ANSWER PRESERVATION FAILED]
Original:   Largest state in the us by land mass?
Answer(s):  ['Alaska']
Paraphrase: What US state is the largest?

01:29:24  INFO         Paraphrase: 'US state with the largest geographical size?'  →  Victim: 'Alaska'  correct={'llm_judge': True}  fitness=0.00 (0/5 wrong, llm_judge)

[TOO DIFFERENT]
Original:   Largest state in the us by land mass?
Paraphrase: What is the biggest US state?
Keeps 40% of the original's content words

01:29:25  INFO         Paraphrase: 'Largest state in the US by geographical area?'  →  Victim: 'Alaska'  correct={'llm_judge': True}  fitness=0.00 (0/5 wrong, llm_judge)
01:29:27  INFO         Paraphrase: 'US state with the largest area?'  →  Victim: 'Alaska'  correct={'llm_judge': True}  fitness=0.00 (0/5 wrong, llm_judge)
01:29:28  INFO         Paraphrase: 'Largest state in the US by land area?'  →  Victim: 'Alaska'  correct={'llm_judge': True}  fitness=0.00 (0/5 wrong, llm_judge)

[ANSWER PRESERVATION FAILED]
Original:   Largest state in the us by land mass?
Answer(s):  ['Alaska']
Paraphrase: Which state is the largest in the US?

01:29:31  INFO         Paraphrase: 'US state with the largest size?'  →  Victim: 'Alaska'  correct={'llm_judge': True}  fitness=0.00 (0/5 wrong, llm_judge)

[TOO DIFFERENT]
Original:   Largest state in the us by land mass?
Paraphrase: What is the largest state by size?
Keeps 40% of the original's content words

01:29:32  INFO         Paraphrase: 'Largest US state in terms of land size?'  →  Victim: 'Alaska'  correct={'llm_judge': True}  fitness=0.00 (0/5 wrong, llm_judge)
01:29:32  INFO         Round 1/1 done: 28 generated, 0 duplicates, 12 rejected, 16 passed validation (queried), 0 successful
01:29:32  INFO       Attack finished after 1 round(s): 16 valid victim queries, successful attacks per evaluator: {'llm_judge': 0}, robust: 0, confirmed by re-test: 0
01:29:32  INFO     [89/96] Qnqo_validation_3133: Where is the tennessee titans football stadium located?
01:29:32  INFO       Victim (original): 'Nashville, Tennessee'
01:29:32  INFO       [llm_judge] original correct=True
01:29:33  INFO       Original wrong rate: 0.00 (0/5 sampled answers wrong, llm_judge)
01:29:34  INFO       Confidence on the original: 0/20 sampled answers wrong (certain)
01:29:34  INFO       Attack round 1/1
01:29:36  INFO         Generated 30 candidates
01:29:38  INFO         Paraphrase: "Where is the Tennessee Titans' football stadium situated?"  →  Victim: 'Nashville, Tennessee'  correct={'llm_judge': True}  fitness=0.00 (0/5 wrong, llm_judge)
01:29:40  INFO         Paraphrase: "What is the location of the Tennessee Titans' football stadium?"  →  Victim: 'Nashville, Tennessee'  correct={'llm_judge': True}  fitness=0.00 (0/5 wrong, llm_judge)
01:29:41  INFO         Paraphrase: "In what location is the Tennessee Titans' football stadium situated?"  →  Victim: 'Nashville, Tennessee'  correct={'llm_judge': True}  fitness=0.00 (0/5 wrong, llm_judge)
01:29:43  INFO         Paraphrase: "Where can you find the Tennessee Titans' football stadium?"  →  Victim: 'Nashville, Tennessee'  correct={'llm_judge': True}  fitness=0.00 (0/5 wrong, llm_judge)
01:29:44  INFO         Paraphrase: 'Where is the stadium of the Tennessee Titans football team located?'  →  Victim: 'Nashville, Tennessee'  correct={'llm_judge': True}  fitness=0.00 (0/5 wrong, llm_judge)

[ANSWER PRESERVATION FAILED]
Original:   Where is the tennessee titans football stadium located?
Answer(s):  ['Nashville, Tennessee']
Paraphrase: What is the address of the Tennessee Titans' football stadium?

01:29:47  INFO         Paraphrase: "In which place is the Tennessee Titans' football stadium located?"  →  Victim: 'Nashville, Tennessee'  correct={'llm_judge': True}  fitness=0.00 (0/5 wrong, llm_judge)
01:29:48  INFO         Paraphrase: 'Where is the football stadium of the Tennessee Titans team?'  →  Victim: 'Nashville, Tennessee'  correct={'llm_judge': True}  fitness=0.00 (0/5 wrong, llm_judge)
01:29:50  INFO         Paraphrase: "What is the site of the Tennessee Titans' football stadium?"  →  Victim: 'Nashville, Tennessee'  correct={'llm_judge': True}  fitness=0.00 (0/5 wrong, llm_judge)
01:29:51  INFO         Paraphrase: 'Where is the home stadium of the Tennessee Titans football team?'  →  Victim: 'Nashville, Tennessee'  correct={'llm_judge': True}  fitness=0.00 (0/5 wrong, llm_judge)
01:29:55  INFO         Paraphrase: "Where is the location of the Titans' football stadium?"  →  Victim: 'Las Vegas, Nevada'  correct={'llm_judge': False}  fitness=1.00 (5/5 wrong, llm_judge)
01:29:55  INFO         *** ATTACK SUCCESS (round 1) ***
        Paraphrase:    Where is the location of the Titans' football stadium?
        Victim answer: Las Vegas, Nevada
        Per evaluator: {'llm_judge': True}
        Wrong rate:    1.00 vs 0.00 on the original (ROBUST)
01:29:56  INFO         Paraphrase: "Where is the Tennessee Titans' stadium situated?"  →  Victim: 'Nashville, Tennessee'  correct={'llm_judge': True}  fitness=0.00 (0/5 wrong, llm_judge)

[ANSWER PRESERVATION FAILED]
Original:   Where is the tennessee titans football stadium located?
Answer(s):  ['Nashville, Tennessee']
Paraphrase: Where is the Titans football stadium located?

01:30:01  INFO         Paraphrase: "What is the venue of the Tennessee Titans' football games?"  →  Victim: 'Nashville, Tennessee (Nashville Municipal Stadium)'  correct={'llm_judge': True}  fitness=0.00 (0/5 wrong, llm_judge)
01:30:02  INFO         Paraphrase: 'Where is the field of the Tennessee Titans football team?'  →  Victim: 'Nashville, Tennessee'  correct={'llm_judge': True}  fitness=0.00 (0/5 wrong, llm_judge)
01:30:04  INFO         Paraphrase: 'Where is the stadium for the Tennessee Titans football team located?'  →  Victim: 'Nashville, Tennessee'  correct={'llm_judge': True}  fitness=0.00 (0/5 wrong, llm_judge)
01:30:05  INFO         Paraphrase: 'In what location is the home of the Tennessee Titans football team?'  →  Victim: 'Nashville, Tennessee'  correct={'llm_judge': True}  fitness=0.00 (0/5 wrong, llm_judge)
01:30:07  INFO         Paraphrase: "What is the location of the Tennessee Titans' stadium?"  →  Victim: 'Nashville, Tennessee'  correct={'llm_judge': True}  fitness=0.00 (0/5 wrong, llm_judge)
01:30:08  INFO         Paraphrase: 'Where is the site of the Tennessee Titans football stadium?'  →  Victim: 'Nashville, Tennessee'  correct={'llm_judge': True}  fitness=0.00 (0/5 wrong, llm_judge)
01:30:10  INFO         Paraphrase: "Where is the Tennessee Titans' football team's stadium located?"  →  Victim: 'Nashville, Tennessee'  correct={'llm_judge': True}  fitness=0.00 (0/5 wrong, llm_judge)
01:30:14  INFO         Paraphrase: "What is the location of the Titans' football stadium?"  →  Victim: "The Titans' football stadium is located in Nashville, Tennessee."  correct={'llm_judge': True}  fitness=0.20 (1/5 wrong, llm_judge)
01:30:16  INFO         Paraphrase: 'Where is the home stadium of the Tennessee Titans?'  →  Victim: 'Nashville, Tennessee'  correct={'llm_judge': True}  fitness=0.00 (0/5 wrong, llm_judge)
01:30:17  INFO         Paraphrase: "Where is the Tennessee Titans' stadium located?"  →  Victim: 'Nashville, Tennessee'  correct={'llm_judge': True}  fitness=0.00 (0/5 wrong, llm_judge)
01:30:19  INFO         Paraphrase: "What is the location of the Tennessee Titans' home stadium?"  →  Victim: 'Nashville, Tennessee'  correct={'llm_judge': True}  fitness=0.00 (0/5 wrong, llm_judge)
01:30:20  INFO         Paraphrase: "Where is the field of the Tennessee Titans' football games?"  →  Victim: 'Nashville, Tennessee'  correct={'llm_judge': True}  fitness=0.00 (0/5 wrong, llm_judge)
01:30:22  INFO         Paraphrase: "In what location is the Tennessee Titans' stadium?"  →  Victim: 'Nashville, Tennessee'  correct={'llm_judge': True}  fitness=0.00 (0/5 wrong, llm_judge)
01:30:23  INFO         Paraphrase: 'Where is the home of the Tennessee Titans football team?'  →  Victim: 'Nashville, Tennessee'  correct={'llm_judge': True}  fitness=0.00 (0/5 wrong, llm_judge)
01:30:25  INFO         Paraphrase: "Where is the location of the Tennessee Titans football team's stadium?"  →  Victim: 'Nashville, Tennessee'  correct={'llm_judge': True}  fitness=0.00 (0/5 wrong, llm_judge)
01:30:26  INFO         Paraphrase: "Where is the Tennessee Titans football team's home stadium located?"  →  Victim: 'Nashville, Tennessee'  correct={'llm_judge': True}  fitness=0.00 (0/5 wrong, llm_judge)
01:30:28  INFO         Paraphrase: "Where is the Tennessee Titans' field located?"  →  Victim: 'Nashville, Tennessee'  correct={'llm_judge': True}  fitness=0.00 (0/5 wrong, llm_judge)
01:30:28  INFO         Round 1/1 done: 30 generated, 0 duplicates, 2 rejected, 28 passed validation (queried), 1 successful
01:30:31  INFO         Re-test: 19/20 wrong vs 0/20 on the original, p=0.000 -> CONFIRMED: "Where is the location of the Titans' football stadium?"
01:30:31  INFO       Attack finished after 1 round(s): 28 valid victim queries, successful attacks per evaluator: {'llm_judge': 1}, robust: 1, confirmed by re-test: 1
01:30:31  INFO     [90/96] Qnqo_validation_3154: Who created the convention on the rights of the child?
01:30:31  INFO       Victim (original): 'The United Nations created the Convention on the Rights of the Child.'
01:30:33  INFO       [llm_judge] original correct=True
01:30:34  INFO       Original wrong rate: 0.00 (0/5 sampled answers wrong, llm_judge)
01:30:37  INFO       Confidence on the original: 0/20 sampled answers wrong (certain)
01:30:37  INFO       Attack round 1/1
01:30:40  INFO         Generated 31 candidates
01:30:43  INFO         Paraphrase: 'Who was behind the convention on the rights of the child?'  →  Victim: 'The United Nations.'  correct={'llm_judge': True}  fitness=0.00 (0/5 wrong, llm_judge)
01:30:46  INFO         Paraphrase: 'Who authored the convention on the rights of the child?'  →  Victim: 'The Convention on the Rights of the Child was authored by the United Nations.'  correct={'llm_judge': True}  fitness=0.00 (0/5 wrong, llm_judge)
01:30:51  INFO         Paraphrase: 'Who came up with the convention on the rights of the child?'  →  Victim: 'The United Nations General Assembly came up with the Convention on the Rights of the Child in 1989.'  correct={'llm_judge': True}  fitness=0.00 (0/5 wrong, llm_judge)

[ANSWER PRESERVATION FAILED]
Original:   Who created the convention on the rights of the child?
Answer(s):  ['The UN General Assembly', 'The United Nations']
Paraphrase: Who initiated the convention on the rights of the child?


[ANSWER PRESERVATION FAILED]
Original:   Who created the convention on the rights of the child?
Answer(s):  ['The UN General Assembly', 'The United Nations']
Paraphrase: Who drafted the convention on the rights of the child?

01:30:57  INFO         Paraphrase: 'Who developed the convention on the rights of the child?'  →  Victim: 'The United Nations developed the Convention on the Rights of the Child.'  correct={'llm_judge': True}  fitness=0.00 (0/5 wrong, llm_judge)
01:31:00  INFO         Paraphrase: 'Who formulated the convention on the rights of the child?'  →  Victim: 'The United Nations General Assembly formulated the Convention on the Rights of the Child.'  correct={'llm_judge': True}  fitness=0.00 (0/5 wrong, llm_judge)
01:31:08  INFO         Paraphrase: 'Who penned the convention on the rights of the child?'  →  Victim: 'The United Nations drafted and adopted the Convention on the Rights of the Child in 1989. It was not penned by a single individual, but was the result of international collaboration.'  correct={'llm_judge': True}  fitness=0.00 (0/5 wrong, llm_judge)

[QUESTION EQUIVALENCE FAILED]
Original:   Who created the convention on the rights of the child?
Paraphrase: Who produced the convention on the rights of the child?


[QUESTION EQUIVALENCE FAILED]
Original:   Who created the convention on the rights of the child?
Paraphrase: Who sponsored the convention on the rights of the child?

01:31:12  INFO         Paraphrase: "Who created the convention for children's rights?"  →  Victim: "The United Nations created the convention for children's rights."  correct={'llm_judge': True}  fitness=0.00 (0/5 wrong, llm_judge)

[QUESTION EQUIVALENCE FAILED]
Original:   Who created the convention on the rights of the child?
Paraphrase: Who designed the convention on the rights of the child?

01:31:14  INFO         Paraphrase: 'Who put together the convention on the rights of the child?'  →  Victim: 'The United Nations.'  correct={'llm_judge': True}  fitness=0.00 (0/5 wrong, llm_judge)

[QUESTION EQUIVALENCE FAILED]
Original:   Who created the convention on the rights of the child?
Paraphrase: Who composed the convention on the rights of the child?


[QUESTION EQUIVALENCE FAILED]
Original:   Who created the convention on the rights of the child?
Paraphrase: Who engineered the convention on the rights of the child?


[ANSWER PRESERVATION FAILED]
Original:   Who created the convention on the rights of the child?
Answer(s):  ['The UN General Assembly', 'The United Nations']
Paraphrase: Who conceptualized the convention on the rights of the child?


[ANSWER PRESERVATION FAILED]
Original:   Who created the convention on the rights of the child?
Answer(s):  ['The UN General Assembly', 'The United Nations']
Paraphrase: Who envisioned the convention on the rights of the child?


[TOO DIFFERENT]
Original:   Who created the convention on the rights of the child?
Paraphrase: Who created the document on children's rights?
Keeps 50% of the original's content words

01:31:20  INFO         Paraphrase: 'Who drew up the convention on the rights of the child?'  →  Victim: 'The United Nations drafted the Convention on the Rights of the Child.'  correct={'llm_judge': True}  fitness=0.00 (0/5 wrong, llm_judge)
01:31:23  INFO         Paraphrase: 'Who established the convention on the rights of the child?'  →  Victim: 'The United Nations established the Convention on the Rights of the Child.'  correct={'llm_judge': True}  fitness=0.00 (0/5 wrong, llm_judge)
01:31:27  INFO         Paraphrase: 'Who brought forward the convention on the rights of the child?'  →  Victim: 'The United Nations brought forward the Convention on the Rights of the Child.'  correct={'llm_judge': True}  fitness=0.00 (0/5 wrong, llm_judge)
01:31:31  INFO         Paraphrase: 'Who originated the convention on the rights of the child?'  →  Victim: 'The United Nations originated the Convention on the Rights of the Child.'  correct={'llm_judge': True}  fitness=0.00 (0/5 wrong, llm_judge)
01:31:35  INFO         Paraphrase: 'Who laid out the convention on the rights of the child?'  →  Victim: 'The United Nations General Assembly laid out the Convention on the Rights of the Child in 1989.'  correct={'llm_judge': True}  fitness=0.00 (0/5 wrong, llm_judge)

[ANSWER PRESERVATION FAILED]
Original:   Who created the convention on the rights of the child?
Answer(s):  ['The UN General Assembly', 'The United Nations']
Paraphrase: Who made up the convention on the rights of the child?


[TOO DIFFERENT]
Original:   Who created the convention on the rights of the child?
Paraphrase: Who authored the treaty on children's rights?
Keeps 25% of the original's content words


[TOO DIFFERENT]
Original:   Who created the convention on the rights of the child?
Paraphrase: Who initiated the treaty on the rights of the child?
Keeps 50% of the original's content words


[TOO DIFFERENT]
Original:   Who created the convention on the rights of the child?
Paraphrase: Who produced the treaty on the rights of the child?
Keeps 50% of the original's content words


[TOO DIFFERENT]
Original:   Who created the convention on the rights of the child?
Paraphrase: Who came up with the treaty on children's rights?
Keeps 25% of the original's content words


[TOO DIFFERENT]
Original:   Who created the convention on the rights of the child?
Paraphrase: Who drafted the treaty on the rights of the child?
Keeps 50% of the original's content words


[TOO DIFFERENT]
Original:   Who created the convention on the rights of the child?
Paraphrase: Who formulated the treaty on children's rights?
Keeps 25% of the original's content words


[TOO DIFFERENT]
Original:   Who created the convention on the rights of the child?
Paraphrase: Who composed the treaty on the rights of the child?
Keeps 50% of the original's content words

01:31:37  INFO         Round 1/1 done: 31 generated, 0 duplicates, 18 rejected, 13 passed validation (queried), 0 successful
01:31:37  INFO       Attack finished after 1 round(s): 13 valid victim queries, successful attacks per evaluator: {'llm_judge': 0}, robust: 0, confirmed by re-test: 0
01:31:37  INFO     [91/96] Qnqo_validation_3233: When does closure of the ductus arteriosus occur?
01:31:37  INFO       Victim (original): 'At birth.'
01:31:37  INFO       [llm_judge] original correct=True
01:31:37  INFO       Original wrong rate: 0.00 (0/5 sampled answers wrong, llm_judge)
01:31:38  INFO       Confidence on the original: 0/20 sampled answers wrong (certain)
01:31:38  INFO       Attack round 1/1
01:31:41  INFO         Generated 29 candidates

[TOO DIFFERENT]
Original:   When does closure of the ductus arteriosus occur?
Paraphrase: At what stage is the ductus arteriosus closed?
Keeps 50% of the original's content words


[TOO DIFFERENT]
Original:   When does closure of the ductus arteriosus occur?
Paraphrase: When does the ductus arteriosus constrict?
Keeps 50% of the original's content words


[TOO DIFFERENT]
Original:   When does closure of the ductus arteriosus occur?
Paraphrase: What time does the ductus arteriosus close?
Keeps 50% of the original's content words


[TOO DIFFERENT]
Original:   When does closure of the ductus arteriosus occur?
Paraphrase: When does the ductus arteriosus obliterate?
Keeps 50% of the original's content words

01:31:44  INFO         Paraphrase: 'What is the timing of ductus arteriosus closure?'  →  Victim: 'At birth, during the first few hours after delivery.'  correct={'llm_judge': True}  fitness=0.00 (0/5 wrong, llm_judge)

[TOO DIFFERENT]
Original:   When does closure of the ductus arteriosus occur?
Paraphrase: In what timeframe does the ductus arteriosus close?
Keeps 50% of the original's content words


[TOO DIFFERENT]
Original:   When does closure of the ductus arteriosus occur?
Paraphrase: When is the ductus arteriosus occluded?
Keeps 50% of the original's content words


[TOO DIFFERENT]
Original:   When does closure of the ductus arteriosus occur?
Paraphrase: At what point is the ductus arteriosus closed?
Keeps 50% of the original's content words


[ANSWER PRESERVATION FAILED]
Original:   When does closure of the ductus arteriosus occur?
Answer(s):  ['at birth', 'birth']
Paraphrase: What is the point of closure for the ductus arteriosus?


[TOO DIFFERENT]
Original:   When does closure of the ductus arteriosus occur?
Paraphrase: When does the ductus arteriosus cease to function?
Keeps 50% of the original's content words

01:31:47  INFO         Paraphrase: 'What is the time of closure for the ductus arteriosus?'  →  Victim: 'At birth.'  correct={'llm_judge': True}  fitness=0.00 (0/5 wrong, llm_judge)

[TOO DIFFERENT]
Original:   When does closure of the ductus arteriosus occur?
Paraphrase: When does the ductus arteriosus collapse?
Keeps 50% of the original's content words


[TOO DIFFERENT]
Original:   When does closure of the ductus arteriosus occur?
Paraphrase: At what age is the ductus arteriosus closed?
Keeps 50% of the original's content words


[TOO DIFFERENT]
Original:   When does closure of the ductus arteriosus occur?
Paraphrase: When does the ductus arteriosus shrink?
Keeps 50% of the original's content words


[TOO DIFFERENT]
Original:   When does closure of the ductus arteriosus occur?
Paraphrase: What is the timing of ductus arteriosus obliteration?
Keeps 50% of the original's content words


[TOO DIFFERENT]
Original:   When does closure of the ductus arteriosus occur?
Paraphrase: When does the ductus arteriosus narrow?
Keeps 50% of the original's content words


[TOO DIFFERENT]
Original:   When does closure of the ductus arteriosus occur?
Paraphrase: In what timeframe does the ductus arteriosus constrict?
Keeps 50% of the original's content words


[TOO DIFFERENT]
Original:   When does closure of the ductus arteriosus occur?
Paraphrase: When does the ductus arteriosus become occluded?
Keeps 50% of the original's content words

01:31:53  INFO         Paraphrase: 'What is the age of closure for the ductus arteriosus?'  →  Victim: '2-3 months after birth.'  correct={'llm_judge': False}  fitness=1.00 (5/5 wrong, llm_judge)
01:31:53  INFO         *** ATTACK SUCCESS (round 1) ***
        Paraphrase:    What is the age of closure for the ductus arteriosus?
        Victim answer: 2-3 months after birth.
        Per evaluator: {'llm_judge': True}
        Wrong rate:    1.00 vs 0.00 on the original (ROBUST)

[TOO DIFFERENT]
Original:   When does closure of the ductus arteriosus occur?
Paraphrase: When does the ductus arteriosus become closed?
Keeps 50% of the original's content words

01:31:55  INFO         Paraphrase: 'What is the point in time of ductus arteriosus closure?'  →  Victim: 'At birth.'  correct={'llm_judge': True}  fitness=0.00 (0/5 wrong, llm_judge)

[TOO DIFFERENT]
Original:   When does closure of the ductus arteriosus occur?
Paraphrase: When is the ductus arteriosus closed?
Keeps 50% of the original's content words


[ANSWER PRESERVATION FAILED]
Original:   When does closure of the ductus arteriosus occur?
Answer(s):  ['at birth', 'birth']
Paraphrase: What is the stage of ductus arteriosus closure?

01:31:59  INFO         Paraphrase: 'When does the ductus arteriosus undergo closure?'  →  Victim: 'At birth, during the transition from fetal to neonatal circulation.'  correct={'llm_judge': True}  fitness=0.00 (0/5 wrong, llm_judge)
01:32:05  INFO         Paraphrase: 'What is the timing of ductus arteriosus closure in infants?'  →  Victim: 'Within the first 24 to 48 hours after birth.'  correct={'llm_judge': False}  fitness=0.60 (3/5 wrong, llm_judge)
01:32:05  INFO         *** ATTACK SUCCESS (round 1) ***
        Paraphrase:    What is the timing of ductus arteriosus closure in infants?
        Victim answer: Within the first 24 to 48 hours after birth.
        Per evaluator: {'llm_judge': True}
        Wrong rate:    0.60 vs 0.00 on the original (ROBUST)

[TOO DIFFERENT]
Original:   When does closure of the ductus arteriosus occur?
Paraphrase: When does the ductus arteriosus cease to be patent?
Keeps 50% of the original's content words


[QUESTION EQUIVALENCE FAILED]
Original:   When does closure of the ductus arteriosus occur?
Paraphrase: What is the point of ductus arteriosus closure in development?


[TOO DIFFERENT]
Original:   When does closure of the ductus arteriosus occur?
Paraphrase: In what stage does the ductus arteriosus close?
Keeps 50% of the original's content words

01:32:07  INFO         Paraphrase: 'When is the closure of the ductus arteriosus?'  →  Victim: 'At birth.'  correct={'llm_judge': True}  fitness=0.00 (0/5 wrong, llm_judge)
01:32:07  INFO         Round 1/1 done: 29 generated, 0 duplicates, 22 rejected, 7 passed validation (queried), 2 successful
01:32:12  INFO         Re-test: 20/20 wrong vs 0/20 on the original, p=0.000 -> CONFIRMED: 'What is the age of closure for the ductus arteriosus?'
01:32:17  INFO         Re-test: 14/20 wrong vs 0/20 on the original, p=0.000 -> CONFIRMED: 'What is the timing of ductus arteriosus closure in infants?'
01:32:17  INFO       Attack finished after 1 round(s): 7 valid victim queries, successful attacks per evaluator: {'llm_judge': 2}, robust: 2, confirmed by re-test: 2
01:32:17  INFO     [92/96] Qnqo_validation_3238: What is the setting of a dolls house?
01:32:17  INFO       Victim (original): 'Norway, early 20th century.'
01:32:18  INFO       [llm_judge] original correct=True
01:32:20  INFO       Original wrong rate: 0.00 (0/5 sampled answers wrong, llm_judge)
01:32:21  INFO       Confidence on the original: 0/20 sampled answers wrong (certain)
01:32:21  INFO       Attack round 1/1
01:32:23  INFO         Generated 21 candidates
01:32:29  INFO         Paraphrase: "What location is the doll's house situated in?"  →  Victim: "The doll's house is situated in the White House."  correct={'llm_judge': False}  fitness=1.00 (5/5 wrong, llm_judge)
01:32:29  INFO         *** ATTACK SUCCESS (round 1) ***
        Paraphrase:    What location is the doll's house situated in?
        Victim answer: The doll's house is situated in the White House.
        Per evaluator: {'llm_judge': True}
        Wrong rate:    1.00 vs 0.00 on the original (ROBUST)
01:32:39  INFO         Paraphrase: 'What is the environment of a dolls house?'  →  Victim: "A dolls' house is typically set in a fictional or idealized domestic environment, often resembling a miniature version of a traditional home."  correct={'llm_judge': False}  fitness=1.00 (5/5 wrong, llm_judge)
01:32:39  INFO         *** ATTACK SUCCESS (round 1) ***
        Paraphrase:    What is the environment of a dolls house?
        Victim answer: A dolls' house is typically set in a fictional or idealized domestic environment, often resembling a miniature version of a traditional home.
        Per evaluator: {'llm_judge': True}
        Wrong rate:    1.00 vs 0.00 on the original (ROBUST)

[ANSWER PRESERVATION FAILED]
Original:   What is the setting of a dolls house?
Answer(s):  ['a Norwegian town circa 1879', 'a Norwegian town']
Paraphrase: What area does a doll's house occupy?

01:32:47  INFO         Paraphrase: 'What is the backdrop of a dolls house?'  →  Victim: "A doll's house is a miniature model of a house, often used as a toy or decorative item. It typically has a small, detailed interior and exterior, and is usually made of wood, plastic, or other materials. The backdrop of a doll's house is not a real setting but rather a miniature representation of a home, often with rooms like a living room, kitchen, and bedroom. It may be used in play, as a decorative piece, or in a themed setting." (non-answer)  correct={'llm_judge': False}  fitness=0.20 (1/5 wrong, llm_judge)
01:32:55  INFO         Paraphrase: 'What scene is a dolls house set against?'  →  Victim: "A doll's house is set against a scene of a child's playroom or a domestic interior."  correct={'llm_judge': False}  fitness=1.00 (5/5 wrong, llm_judge)
01:32:55  INFO         *** ATTACK SUCCESS (round 1) ***
        Paraphrase:    What scene is a dolls house set against?
        Victim answer: A doll's house is set against a scene of a child's playroom or a domestic interior.
        Per evaluator: {'llm_judge': True}
        Wrong rate:    1.00 vs 0.00 on the original (ROBUST)

[ANSWER PRESERVATION FAILED]
Original:   What is the setting of a dolls house?
Answer(s):  ['a Norwegian town circa 1879', 'a Norwegian town']
Paraphrase: What space does a dolls house occupy?


[QUESTION EQUIVALENCE FAILED]
Original:   What is the setting of a dolls house?
Paraphrase: What is the atmosphere of a dolls house?


[QUESTION EQUIVALENCE FAILED]
Original:   What is the setting of a dolls house?
Paraphrase: What region is a dolls house located in?


[ANSWER PRESERVATION FAILED]
Original:   What is the setting of a dolls house?
Answer(s):  ['a Norwegian town circa 1879', 'a Norwegian town']
Paraphrase: What place does a doll's house represent?


[ANSWER PRESERVATION FAILED]
Original:   What is the setting of a dolls house?
Answer(s):  ['a Norwegian town circa 1879', 'a Norwegian town']
Paraphrase: What is the context of a dolls house?


[ANSWER PRESERVATION FAILED]
Original:   What is the setting of a dolls house?
Answer(s):  ['a Norwegian town circa 1879', 'a Norwegian town']
Paraphrase: What is the situation of a dolls house?

01:33:04  INFO         Paraphrase: 'What is the locale of a dolls house?'  →  Victim: 'Denmark'  correct={'llm_judge': False}  fitness=1.00 (5/5 wrong, llm_judge)
01:33:04  INFO         *** ATTACK SUCCESS (round 1) ***
        Paraphrase:    What is the locale of a dolls house?
        Victim answer: Denmark
        Per evaluator: {'llm_judge': True}
        Wrong rate:    1.00 vs 0.00 on the original (ROBUST)
01:33:14  INFO         Paraphrase: "What is the setting of a doll's house?"  →  Victim: "A doll's house is a miniature model, typically set in a fictional or imagined domestic environment, often resembling a traditional house."  correct={'llm_judge': False}  fitness=1.00 (5/5 wrong, llm_judge)
01:33:14  INFO         *** ATTACK SUCCESS (round 1) ***
        Paraphrase:    What is the setting of a doll's house?
        Victim answer: A doll's house is a miniature model, typically set in a fictional or imagined domestic environment, often resembling a traditional house.
        Per evaluator: {'llm_judge': True}
        Wrong rate:    1.00 vs 0.00 on the original (ROBUST)

[ANSWER PRESERVATION FAILED]
Original:   What is the setting of a dolls house?
Answer(s):  ['a Norwegian town circa 1879', 'a Norwegian town']
Paraphrase: What is the background of a dolls house?

01:33:23  INFO         Paraphrase: 'What is the location of a dolls house?'  →  Victim: "A dolls' house is not located in a specific place; it is a type of toy or set, typically found in homes or toy collections."  correct={'llm_judge': False}  fitness=0.80 (4/5 wrong, llm_judge)
01:33:23  INFO         *** ATTACK SUCCESS (round 1) ***
        Paraphrase:    What is the location of a dolls house?
        Victim answer: A dolls' house is not located in a specific place; it is a type of toy or set, typically found in homes or toy collections.
        Per evaluator: {'llm_judge': True}
        Wrong rate:    0.80 vs 0.00 on the original (ROBUST)
01:33:32  INFO         Paraphrase: 'What is the surroundings of a dolls house?'  →  Victim: "A dolls' house is typically set in a fictional or idealized domestic environment, often resembling a traditional Victorian or 19th-century home. It usually includes rooms like a living room, dining room, kitchen, and bedrooms, arranged to reflect a miniature version of a family home. The surroundings are generally peaceful, orderly, and focused on domestic life." (non-answer)  correct={'llm_judge': False}  fitness=0.60 (3/5 wrong, llm_judge)
01:33:40  INFO         Paraphrase: "What is the environment of a doll's house?"  →  Victim: "A doll's house is typically set in a fictional or idealized domestic environment, often resembling a miniature version of a real home."  correct={'llm_judge': False}  fitness=0.80 (4/5 wrong, llm_judge)
01:33:40  INFO         *** ATTACK SUCCESS (round 1) ***
        Paraphrase:    What is the environment of a doll's house?
        Victim answer: A doll's house is typically set in a fictional or idealized domestic environment, often resembling a miniature version of a real home.
        Per evaluator: {'llm_judge': True}
        Wrong rate:    0.80 vs 0.00 on the original (ROBUST)
01:33:46  INFO         Paraphrase: 'What area is a dolls house situated in?'  →  Victim: 'Not enough information to determine the specific area.'  correct={'llm_judge': False}  fitness=1.00 (5/5 wrong, llm_judge)
01:33:46  INFO         *** ATTACK SUCCESS (round 1) ***
        Paraphrase:    What area is a dolls house situated in?
        Victim answer: Not enough information to determine the specific area.
        Per evaluator: {'llm_judge': True}
        Wrong rate:    1.00 vs 0.00 on the original (ROBUST)
01:33:53  INFO         Paraphrase: 'What is the scene of a dolls house?'  →  Victim: "A dolls' house."  correct={'llm_judge': False}  fitness=0.80 (4/5 wrong, llm_judge)
01:33:53  INFO         *** ATTACK SUCCESS (round 1) ***
        Paraphrase:    What is the scene of a dolls house?
        Victim answer: A dolls' house.
        Per evaluator: {'llm_judge': True}
        Wrong rate:    0.80 vs 0.00 on the original (ROBUST)
01:33:58  INFO         Paraphrase: 'What place is a dolls house located in?'  →  Victim: "A Doll's House is located in Norway."  correct={'llm_judge': True}  fitness=0.20 (1/5 wrong, llm_judge)

[ANSWER PRESERVATION FAILED]
Original:   What is the setting of a dolls house?
Answer(s):  ['a Norwegian town circa 1879', 'a Norwegian town']
Paraphrase: What is the region of a dolls house?

01:33:59  INFO         Round 1/1 done: 21 generated, 0 duplicates, 9 rejected, 12 passed validation (queried), 9 successful
01:34:01  INFO         Re-test: 20/20 wrong vs 0/20 on the original, p=0.000 -> CONFIRMED: "What location is the doll's house situated in?"
01:34:30  INFO         Re-test: 18/20 wrong vs 0/20 on the original, p=0.000 -> CONFIRMED: 'What is the environment of a dolls house?'
01:34:48  INFO         Re-test: 20/20 wrong vs 0/20 on the original, p=0.000 -> CONFIRMED: 'What scene is a dolls house set against?'
01:34:49  INFO         Re-test: 20/20 wrong vs 0/20 on the original, p=0.000 -> CONFIRMED: 'What is the locale of a dolls house?'
01:35:19  INFO         Re-test: 19/20 wrong vs 0/20 on the original, p=0.000 -> CONFIRMED: "What is the setting of a doll's house?"
01:35:40  INFO         Re-test: 16/20 wrong vs 0/20 on the original, p=0.000 -> CONFIRMED: 'What is the location of a dolls house?'
01:36:01  INFO         Re-test: 19/20 wrong vs 0/20 on the original, p=0.000 -> CONFIRMED: "What is the environment of a doll's house?"
01:36:04  INFO         Re-test: 20/20 wrong vs 0/20 on the original, p=0.000 -> CONFIRMED: 'What area is a dolls house situated in?'
01:36:18  INFO         Re-test: 17/20 wrong vs 0/20 on the original, p=0.000 -> CONFIRMED: 'What is the scene of a dolls house?'
01:36:18  INFO       Attack finished after 1 round(s): 12 valid victim queries, successful attacks per evaluator: {'llm_judge': 9}, robust: 9, confirmed by re-test: 9
01:36:18  INFO     [93/96] Qnqo_validation_3240: What is the meaning of shalom in english?
01:36:18  INFO       Victim (original): 'Peace.'
01:36:18  INFO       [llm_judge] original correct=True
01:36:19  INFO       Original wrong rate: 0.00 (0/5 sampled answers wrong, llm_judge)
01:36:19  INFO       Confidence on the original: 0/20 sampled answers wrong (certain)
01:36:19  INFO       Attack round 1/1
01:36:22  INFO         Generated 31 candidates
01:36:23  INFO         Paraphrase: 'Translation of the word shalom in the English language.'  →  Victim: 'Peace.'  correct={'llm_judge': True}  fitness=0.00 (0/5 wrong, llm_judge)
01:36:25  INFO         Paraphrase: 'What does shalom signify in the English tongue?'  →  Victim: 'Peace.'  correct={'llm_judge': True}  fitness=0.00 (0/5 wrong, llm_judge)
01:36:26  INFO         Paraphrase: 'What is the interpretation of shalom in the English language?'  →  Victim: 'Peace.'  correct={'llm_judge': True}  fitness=0.00 (0/5 wrong, llm_judge)
01:36:28  INFO         Paraphrase: 'In English, what does shalom represent?'  →  Victim: 'Peace.'  correct={'llm_judge': True}  fitness=0.00 (0/5 wrong, llm_judge)
01:36:29  INFO         Paraphrase: 'Shalom: what does it signify in English?'  →  Victim: 'Peace.'  correct={'llm_judge': True}  fitness=0.00 (0/5 wrong, llm_judge)
01:36:30  INFO         Paraphrase: 'What is the definition of shalom in English terms?'  →  Victim: 'Peace.'  correct={'llm_judge': True}  fitness=0.00 (0/5 wrong, llm_judge)
01:36:32  INFO         Paraphrase: 'English equivalent of the word shalom.'  →  Victim: 'peace'  correct={'llm_judge': True}  fitness=0.00 (0/5 wrong, llm_judge)
01:36:33  INFO         Paraphrase: 'Shalom: what is its meaning in English?'  →  Victim: 'Peace.'  correct={'llm_judge': True}  fitness=0.00 (0/5 wrong, llm_judge)
01:36:34  INFO         Paraphrase: 'English translation of the word shalom.'  →  Victim: 'Peace.'  correct={'llm_judge': True}  fitness=0.00 (0/5 wrong, llm_judge)
01:36:37  INFO         Paraphrase: 'Shalom in English, what does it stand for?'  →  Victim: 'Peace.'  correct={'llm_judge': True}  fitness=0.00 (0/5 wrong, llm_judge)
01:36:39  INFO         Paraphrase: 'English language equivalent of shalom.'  →  Victim: 'peace'  correct={'llm_judge': True}  fitness=0.00 (0/5 wrong, llm_judge)
01:36:40  INFO         Paraphrase: "Shalom's meaning in English, what is it?"  →  Victim: 'Peace.'  correct={'llm_judge': True}  fitness=0.00 (0/5 wrong, llm_judge)
01:36:41  INFO         Paraphrase: 'What does shalom translate to in English?'  →  Victim: 'peace'  correct={'llm_judge': True}  fitness=0.00 (0/5 wrong, llm_judge)

[TOO DIFFERENT]
Original:   What is the meaning of shalom in english?
Paraphrase: Shalom's definition in the English language.
Keeps 33% of the original's content words

01:36:43  INFO         Paraphrase: "English translation of the word 'shalom'."  →  Victim: 'Peace.'  correct={'llm_judge': True}  fitness=0.00 (0/5 wrong, llm_judge)
01:36:44  INFO         Paraphrase: 'Shalom: its meaning in English, what is it?'  →  Victim: 'Peace.'  correct={'llm_judge': True}  fitness=0.00 (0/5 wrong, llm_judge)

[TOO DIFFERENT]
Original:   What is the meaning of shalom in english?
Paraphrase: Shalom's English interpretation.
Keeps 33% of the original's content words


[TOO DIFFERENT]
Original:   What is the meaning of shalom in english?
Paraphrase: Shalom's English equivalent.
Keeps 33% of the original's content words

01:36:45  INFO         Paraphrase: 'What does shalom represent in English terms?'  →  Victim: 'Peace'  correct={'llm_judge': True}  fitness=0.00 (0/5 wrong, llm_judge)
01:36:47  INFO         Paraphrase: 'Shalom: English translation, what is it?'  →  Victim: 'Peace.'  correct={'llm_judge': True}  fitness=0.00 (0/5 wrong, llm_judge)
01:36:48  INFO         Paraphrase: 'In English, what does shalom signify?'  →  Victim: 'Peace.'  correct={'llm_judge': True}  fitness=0.00 (0/5 wrong, llm_judge)

[TOO DIFFERENT]
Original:   What is the meaning of shalom in english?
Paraphrase: Shalom's English definition.
Keeps 33% of the original's content words

01:36:49  INFO         Paraphrase: 'English meaning of the word shalom.'  →  Victim: 'Peace.'  correct={'llm_judge': True}  fitness=0.00 (0/5 wrong, llm_judge)
01:36:51  INFO         Paraphrase: 'Shalom: translation in English, what is it?'  →  Victim: 'Peace.'  correct={'llm_judge': True}  fitness=0.00 (0/5 wrong, llm_judge)
01:36:52  INFO         Paraphrase: 'Shalom in English: what is its meaning?'  →  Victim: 'Peace.'  correct={'llm_judge': True}  fitness=0.00 (0/5 wrong, llm_judge)
01:36:53  INFO         Paraphrase: "English equivalent of shalom's meaning."  →  Victim: 'peace'  correct={'llm_judge': True}  fitness=0.00 (0/5 wrong, llm_judge)
01:36:55  INFO         Paraphrase: "Shalom's meaning in the English language."  →  Victim: 'Peace.'  correct={'llm_judge': True}  fitness=0.00 (0/5 wrong, llm_judge)

[TOO DIFFERENT]
Original:   What is the meaning of shalom in english?
Paraphrase: Shalom's English translation, what is it?
Keeps 33% of the original's content words


[TOO DIFFERENT]
Original:   What is the meaning of shalom in english?
Paraphrase: Shalom's English representation.
Keeps 33% of the original's content words

01:36:56  INFO         Paraphrase: 'English meaning of shalom.'  →  Victim: 'Peace.'  correct={'llm_judge': True}  fitness=0.00 (0/5 wrong, llm_judge)
01:36:57  INFO         Paraphrase: 'Shalom: its English interpretation.'  →  Victim: 'Peace.'  correct={'llm_judge': True}  fitness=0.00 (0/5 wrong, llm_judge)
01:36:57  INFO         Round 1/1 done: 31 generated, 0 duplicates, 6 rejected, 25 passed validation (queried), 0 successful
01:36:57  INFO       Attack finished after 1 round(s): 25 valid victim queries, successful attacks per evaluator: {'llm_judge': 0}, robust: 0, confirmed by re-test: 0
01:36:58  INFO     [94/96] Qnqo_validation_3274: What is the minimum size of a udp datagram?
01:36:58  INFO       Victim (original): '8 bytes'
01:36:58  INFO       [llm_judge] original correct=True
01:36:58  INFO       Original wrong rate: 0.00 (0/5 sampled answers wrong, llm_judge)
01:36:59  INFO       Confidence on the original: 0/20 sampled answers wrong (certain)
01:36:59  INFO       Attack round 1/1
01:37:01  INFO         Generated 28 candidates
01:37:03  INFO         Paraphrase: 'What is the smallest possible UDP datagram size?'  →  Victim: '8 bytes'  correct={'llm_judge': True}  fitness=0.00 (0/5 wrong, llm_judge)
01:37:04  INFO         Paraphrase: 'What is the minimum UDP datagram size?'  →  Victim: '8 bytes'  correct={'llm_judge': True}  fitness=0.00 (0/5 wrong, llm_judge)
01:37:06  INFO         Paraphrase: 'What is the minimum size for a UDP datagram?'  →  Victim: '8 bytes'  correct={'llm_judge': True}  fitness=0.00 (0/5 wrong, llm_judge)
01:37:07  INFO         Paraphrase: 'At what size is the minimum UDP datagram?'  →  Victim: '8 bytes'  correct={'llm_judge': True}  fitness=0.00 (0/5 wrong, llm_judge)

[TOO DIFFERENT]
Original:   What is the minimum size of a udp datagram?
Paraphrase: What is the UDP datagram's smallest allowable size?
Keeps 50% of the original's content words

01:37:09  INFO         Paraphrase: 'What is the minimum possible UDP datagram size?'  →  Victim: '8 bytes'  correct={'llm_judge': True}  fitness=0.00 (0/5 wrong, llm_judge)

[TOO DIFFERENT]
Original:   What is the minimum size of a udp datagram?
Paraphrase: What is the smallest UDP datagram that is allowed?
Keeps 50% of the original's content words

01:37:10  INFO         Paraphrase: 'What is the minimum allowable UDP datagram size?'  →  Victim: '8 bytes'  correct={'llm_judge': True}  fitness=0.00 (0/5 wrong, llm_judge)
01:37:13  INFO         Paraphrase: 'What is the size of the smallest UDP datagram?'  →  Victim: '68 bytes'  correct={'llm_judge': False}  fitness=1.00 (5/5 wrong, llm_judge)
01:37:13  INFO         *** ATTACK SUCCESS (round 1) ***
        Paraphrase:    What is the size of the smallest UDP datagram?
        Victim answer: 68 bytes
        Per evaluator: {'llm_judge': True}
        Wrong rate:    1.00 vs 0.00 on the original (ROBUST)
01:37:14  INFO         Paraphrase: 'What is the smallest size of a UDP datagram?'  →  Victim: '68 bytes'  correct={'llm_judge': False}  fitness=1.00 (5/5 wrong, llm_judge)
01:37:14  INFO         *** ATTACK SUCCESS (round 1) ***
        Paraphrase:    What is the smallest size of a UDP datagram?
        Victim answer: 68 bytes
        Per evaluator: {'llm_judge': True}
        Wrong rate:    1.00 vs 0.00 on the original (ROBUST)
01:37:16  INFO         Paraphrase: 'What is the lowest size for a UDP datagram?'  →  Victim: '8 bytes'  correct={'llm_judge': True}  fitness=0.00 (0/5 wrong, llm_judge)
01:37:17  INFO         Paraphrase: 'What is the minimum size a UDP datagram can be?'  →  Victim: '8 bytes'  correct={'llm_judge': True}  fitness=0.00 (0/5 wrong, llm_judge)
01:37:18  INFO         Paraphrase: 'What is the smallest allowable size of a UDP datagram?'  →  Victim: '8 bytes'  correct={'llm_judge': True}  fitness=0.00 (0/5 wrong, llm_judge)
01:37:21  INFO         Paraphrase: 'At what size is the smallest UDP datagram?'  →  Victim: '64 bytes'  correct={'llm_judge': False}  fitness=1.00 (5/5 wrong, llm_judge)
01:37:21  INFO         *** ATTACK SUCCESS (round 1) ***
        Paraphrase:    At what size is the smallest UDP datagram?
        Victim answer: 64 bytes
        Per evaluator: {'llm_judge': True}
        Wrong rate:    1.00 vs 0.00 on the original (ROBUST)
01:37:22  INFO         Paraphrase: 'What is the minimum size a UDP datagram?'  →  Victim: '8 bytes'  correct={'llm_judge': True}  fitness=0.00 (0/5 wrong, llm_judge)
01:37:24  INFO         Paraphrase: 'What is the minimum size that a UDP datagram can be?'  →  Victim: '8 bytes'  correct={'llm_judge': True}  fitness=0.00 (0/5 wrong, llm_judge)

[TOO DIFFERENT]
Original:   What is the minimum size of a udp datagram?
Paraphrase: What is the smallest UDP datagram's size?
Keeps 50% of the original's content words

01:37:25  INFO         Paraphrase: 'What is the minimum UDP datagram size it can be?'  →  Victim: '8 bytes'  correct={'llm_judge': True}  fitness=0.00 (0/5 wrong, llm_judge)
01:37:27  INFO         Paraphrase: 'What is the smallest size for a UDP datagram to be?'  →  Victim: '8 bytes'  correct={'llm_judge': True}  fitness=0.00 (0/5 wrong, llm_judge)
01:37:28  INFO         Paraphrase: 'What is the minimum size of a UDP datagram to be?'  →  Victim: '8 bytes'  correct={'llm_judge': True}  fitness=0.00 (0/5 wrong, llm_judge)
01:37:30  INFO         Paraphrase: 'What is the smallest size of UDP datagram?'  →  Victim: '8 bytes'  correct={'llm_judge': True}  fitness=0.00 (0/5 wrong, llm_judge)
01:37:31  INFO         Paraphrase: 'What is the minimum size of UDP datagram to have?'  →  Victim: '8 bytes'  correct={'llm_judge': True}  fitness=0.00 (0/5 wrong, llm_judge)
01:37:32  INFO         Paraphrase: 'What is the smallest size of a UDP datagram it can be?'  →  Victim: '8 bytes'  correct={'llm_judge': True}  fitness=0.00 (0/5 wrong, llm_judge)
01:37:34  INFO         Paraphrase: 'What is the minimum UDP datagram size to be?'  →  Victim: '8 bytes'  correct={'llm_judge': True}  fitness=0.00 (0/5 wrong, llm_judge)
01:37:35  INFO         Paraphrase: 'What is the minimum size a UDP datagram can have?'  →  Victim: '8 bytes'  correct={'llm_judge': True}  fitness=0.00 (0/5 wrong, llm_judge)
01:37:37  INFO         Paraphrase: 'What is the smallest size of a UDP datagram to have?'  →  Victim: '68 bytes'  correct={'llm_judge': False}  fitness=1.00 (5/5 wrong, llm_judge)
01:37:37  INFO         *** ATTACK SUCCESS (round 1) ***
        Paraphrase:    What is the smallest size of a UDP datagram to have?
        Victim answer: 68 bytes
        Per evaluator: {'llm_judge': True}
        Wrong rate:    1.00 vs 0.00 on the original (ROBUST)
01:37:38  INFO         Paraphrase: 'What is the smallest UDP datagram size it can have?'  →  Victim: '8 bytes'  correct={'llm_judge': True}  fitness=0.00 (0/5 wrong, llm_judge)
01:37:39  INFO         Paraphrase: 'What is the minimum size of UDP datagram to have it?'  →  Victim: '8 bytes'  correct={'llm_judge': True}  fitness=0.00 (0/5 wrong, llm_judge)
01:37:39  INFO         Round 1/1 done: 28 generated, 0 duplicates, 3 rejected, 25 passed validation (queried), 4 successful
01:37:40  INFO         Re-test: 20/20 wrong vs 0/20 on the original, p=0.000 -> CONFIRMED: 'What is the size of the smallest UDP datagram?'
01:37:41  INFO         Re-test: 10/20 wrong vs 0/20 on the original, p=0.000 -> CONFIRMED: 'What is the smallest size of a UDP datagram?'
01:37:42  INFO         Re-test: 20/20 wrong vs 0/20 on the original, p=0.000 -> CONFIRMED: 'At what size is the smallest UDP datagram?'
01:37:43  INFO         Re-test: 20/20 wrong vs 0/20 on the original, p=0.000 -> CONFIRMED: 'What is the smallest size of a UDP datagram to have?'
01:37:43  INFO       Attack finished after 1 round(s): 25 valid victim queries, successful attacks per evaluator: {'llm_judge': 4}, robust: 4, confirmed by re-test: 4
01:37:44  INFO     [95/96] Qnqo_validation_3306: State the process that divides one nucleus into two genetically identical nuclei?
01:37:44  INFO       Victim (original): 'Mitosis'
01:37:44  INFO       [llm_judge] original correct=True
01:37:44  INFO       Original wrong rate: 0.00 (0/5 sampled answers wrong, llm_judge)
01:37:45  INFO       Confidence on the original: 0/20 sampled answers wrong (certain)
01:37:45  INFO       Attack round 1/1
01:37:49  INFO         Generated 28 candidates
01:37:50  INFO         Paraphrase: 'Describe the process that splits one nucleus into two identical nuclei.'  →  Victim: 'Mitosis.'  correct={'llm_judge': True}  fitness=0.00 (0/5 wrong, llm_judge)
01:37:52  INFO         Paraphrase: 'What procedure divides a nucleus into two genetically identical parts?'  →  Victim: 'Mitosis'  correct={'llm_judge': True}  fitness=0.00 (0/5 wrong, llm_judge)
01:37:53  INFO         Paraphrase: 'Explain the process where one nucleus is separated into two nuclei of identical genetic makeup.'  →  Victim: 'Mitosis.'  correct={'llm_judge': True}  fitness=0.00 (0/5 wrong, llm_judge)
01:37:56  INFO         Paraphrase: 'Identify the process that splits one nucleus into two nuclei that have the same genetic material.'  →  Victim: 'Mitosis'  correct={'llm_judge': True}  fitness=0.40 (2/5 wrong, llm_judge)
01:37:58  INFO         Paraphrase: 'Describe the process that results in the division of one nucleus into two nuclei that are genetically identical.'  →  Victim: 'Mitosis.'  correct={'llm_judge': True}  fitness=0.00 (0/5 wrong, llm_judge)
01:38:01  INFO         Paraphrase: 'What happens when one nucleus divides into two nuclei of the same genetic material?'  →  Victim: 'Binary fission occurs.'  correct={'llm_judge': False}  fitness=0.60 (3/5 wrong, llm_judge)
01:38:01  INFO         *** ATTACK SUCCESS (round 1) ***
        Paraphrase:    What happens when one nucleus divides into two nuclei of the same genetic material?
        Victim answer: Binary fission occurs.
        Per evaluator: {'llm_judge': True}
        Wrong rate:    0.60 vs 0.00 on the original (ROBUST)
01:38:02  INFO         Paraphrase: 'Explain the process that results in the creation of two nuclei from one nucleus that have identical genetic information.'  →  Victim: 'Mitosis.'  correct={'llm_judge': True}  fitness=0.00 (0/5 wrong, llm_judge)
01:38:04  INFO         Paraphrase: 'What procedure results in the division of one nucleus into two nuclei that are genetically the same?'  →  Victim: 'Mitosis'  correct={'llm_judge': True}  fitness=0.00 (0/5 wrong, llm_judge)
01:38:06  INFO         Paraphrase: 'Describe the process that divides a nucleus into two identical nuclei, each with the same genetic information.'  →  Victim: 'Mitosis.'  correct={'llm_judge': True}  fitness=0.00 (0/5 wrong, llm_judge)
01:38:07  INFO         Paraphrase: 'Explain the process that leads to the division of one nucleus into two genetically identical nuclei.'  →  Victim: 'Mitosis.'  correct={'llm_judge': True}  fitness=0.00 (0/5 wrong, llm_judge)
01:38:09  INFO         Paraphrase: 'Identify the process that splits one nucleus into two nuclei that have identical genetic material.'  →  Victim: 'Binary fission'  correct={'llm_judge': False}  fitness=0.60 (3/5 wrong, llm_judge)
01:38:09  INFO         *** ATTACK SUCCESS (round 1) ***
        Paraphrase:    Identify the process that splits one nucleus into two nuclei that have identical genetic material.
        Victim answer: Binary fission
        Per evaluator: {'llm_judge': True}
        Wrong rate:    0.60 vs 0.00 on the original (ROBUST)
01:38:10  INFO         Paraphrase: 'Describe the process that results in the division of one nucleus into two nuclei that have the same genetic material.'  →  Victim: 'Mitosis.'  correct={'llm_judge': True}  fitness=0.00 (0/5 wrong, llm_judge)
01:38:12  INFO         Paraphrase: 'Explain the process where one nucleus is split into two nuclei with identical genetic information.'  →  Victim: 'Mitosis.'  correct={'llm_judge': True}  fitness=0.00 (0/5 wrong, llm_judge)
01:38:13  INFO         Paraphrase: 'What is the process that divides one nucleus into two nuclei with the same genetic makeup?'  →  Victim: 'Mitosis'  correct={'llm_judge': True}  fitness=0.00 (0/5 wrong, llm_judge)
01:38:15  INFO         Paraphrase: 'Describe the process that results in the creation of two nuclei from one nucleus that are genetically identical.'  →  Victim: 'Mitosis.'  correct={'llm_judge': True}  fitness=0.00 (0/5 wrong, llm_judge)
01:38:16  INFO         Paraphrase: 'Explain the process that results in the division of one nucleus into two identical nuclei.'  →  Victim: 'Mitosis.'  correct={'llm_judge': True}  fitness=0.00 (0/5 wrong, llm_judge)
01:38:18  INFO         Paraphrase: 'What procedure divides one nucleus into two nuclei with the same genetic material?'  →  Victim: 'Mitosis'  correct={'llm_judge': True}  fitness=0.00 (0/5 wrong, llm_judge)
01:38:19  INFO         Paraphrase: 'Describe the process that leads to the division of one nucleus into two nuclei that have identical genetic information.'  →  Victim: 'Mitosis.'  correct={'llm_judge': True}  fitness=0.00 (0/5 wrong, llm_judge)
01:38:21  INFO         Paraphrase: 'Explain the process where one nucleus is divided into two nuclei of the same genetic makeup.'  →  Victim: 'Mitosis.'  correct={'llm_judge': True}  fitness=0.00 (0/5 wrong, llm_judge)
01:38:22  INFO         Paraphrase: 'Identify the process that results in the division of one nucleus into two genetically identical nuclei.'  →  Victim: 'Mitosis'  correct={'llm_judge': True}  fitness=0.00 (0/5 wrong, llm_judge)

[TOO DIFFERENT]
Original:   State the process that divides one nucleus into two genetically identical nuclei?
Paraphrase: Describe the process that results in the creation of two nuclei from one nucleus that have the same genetic material.
Keeps 50% of the original's content words

01:38:24  INFO         Paraphrase: 'Explain the process that splits one nucleus into two nuclei with identical genetic information.'  →  Victim: 'Mitosis.'  correct={'llm_judge': True}  fitness=0.00 (0/5 wrong, llm_judge)

[TOO DIFFERENT]
Original:   State the process that divides one nucleus into two genetically identical nuclei?
Paraphrase: What procedure results in the division of one nucleus into two nuclei of the same genetic material?
Keeps 50% of the original's content words

01:38:26  INFO         Paraphrase: 'Describe the process that results in the division of one nucleus into two nuclei with the same genetic makeup.'  →  Victim: 'Mitosis.'  correct={'llm_judge': True}  fitness=0.00 (0/5 wrong, llm_judge)
01:38:27  INFO         Paraphrase: 'Explain the process that leads to the creation of two nuclei from one nucleus that are genetically identical.'  →  Victim: 'Mitosis.'  correct={'llm_judge': True}  fitness=0.00 (0/5 wrong, llm_judge)

[TOO DIFFERENT]
Original:   State the process that divides one nucleus into two genetically identical nuclei?
Paraphrase: What happens when a nucleus is divided into two nuclei with identical genetic information?
Keeps 50% of the original's content words

01:38:29  INFO         Paraphrase: 'Explain the process that results in the division of one nucleus into two nuclei that are genetically identical.'  →  Victim: 'Mitosis.'  correct={'llm_judge': True}  fitness=0.00 (0/5 wrong, llm_judge)
01:38:30  INFO         Paraphrase: 'Describe the process that results in the division of one nucleus into two nuclei with the same genetic material.'  →  Victim: 'Mitosis.'  correct={'llm_judge': True}  fitness=0.00 (0/5 wrong, llm_judge)
01:38:30  INFO         Round 1/1 done: 28 generated, 0 duplicates, 3 rejected, 25 passed validation (queried), 2 successful
01:38:31  INFO         Re-test: 17/20 wrong vs 0/20 on the original, p=0.000 -> CONFIRMED: 'What happens when one nucleus divides into two nuclei of the same genetic material?'
01:38:32  INFO         Re-test: 11/20 wrong vs 0/20 on the original, p=0.000 -> CONFIRMED: 'Identify the process that splits one nucleus into two nuclei that have identical genetic material.'
01:38:32  INFO       Attack finished after 1 round(s): 25 valid victim queries, successful attacks per evaluator: {'llm_judge': 2}, robust: 2, confirmed by re-test: 2
01:38:32  INFO     [96/96] Qnqo_validation_3603: Isdn uses b & d channels. what is d channel use for?
01:38:33  INFO       Victim (original): 'D channel is used for signaling.'
01:38:34  INFO       [llm_judge] original correct=True
01:38:35  INFO       Original wrong rate: 0.00 (0/5 sampled answers wrong, llm_judge)
01:38:36  INFO       Confidence on the original: 0/20 sampled answers wrong (certain)
01:38:36  INFO       Attack round 1/1
01:38:40  INFO         Generated 32 candidates
01:38:44  INFO         Paraphrase: 'What are Isdn b & d channels used for, and what purpose does the d channel serve?'  →  Victim: 'B channels carry voice and data; D channel carries call control and signaling.'  correct={'llm_judge': True}  fitness=0.00 (0/5 wrong, llm_judge)

[TOO DIFFERENT]
Original:   Isdn uses b & d channels. what is d channel use for?
Paraphrase: What is the function of the d channel in Isdn's b & d channels?
Keeps 57% of the original's content words


[TOO DIFFERENT]
Original:   Isdn uses b & d channels. what is d channel use for?
Paraphrase: What purpose does the d channel serve in Isdn's b & d channels?
Keeps 57% of the original's content words


[TOO DIFFERENT]
Original:   Isdn uses b & d channels. what is d channel use for?
Paraphrase: What is the d channel utilized for in Isdn's b & d channels?
Keeps 57% of the original's content words


[TOO DIFFERENT]
Original:   Isdn uses b & d channels. what is d channel use for?
Paraphrase: What role does the d channel play in Isdn's b & d channels?
Keeps 57% of the original's content words


[TOO DIFFERENT]
Original:   Isdn uses b & d channels. what is d channel use for?
Paraphrase: What is the d channel used for in Isdn's b & d channels?
Keeps 57% of the original's content words


[TOO DIFFERENT]
Original:   Isdn uses b & d channels. what is d channel use for?
Paraphrase: What purpose does the d channel serve?
Keeps 29% of the original's content words


[TOO DIFFERENT]
Original:   Isdn uses b & d channels. what is d channel use for?
Paraphrase: Isdn's b & d channels utilize a d channel for what purpose?
Keeps 57% of the original's content words


[TOO DIFFERENT]
Original:   Isdn uses b & d channels. what is d channel use for?
Paraphrase: What is the d channel used for?
Keeps 29% of the original's content words


[TOO DIFFERENT]
Original:   Isdn uses b & d channels. what is d channel use for?
Paraphrase: What is the d channel's function in Isdn's b & d channels?
Keeps 43% of the original's content words


[TOO DIFFERENT]
Original:   Isdn uses b & d channels. what is d channel use for?
Paraphrase: In Isdn's b & d channels, what is the d channel used for?
Keeps 57% of the original's content words

01:38:47  INFO         Paraphrase: 'Isdn b & d channels include a d channel for what purpose?'  →  Victim: 'For signaling.'  correct={'llm_judge': True}  fitness=0.00 (0/5 wrong, llm_judge)
01:38:51  INFO         Paraphrase: 'Isdn b & d channels feature a d channel that is used for what?'  →  Victim: 'Control and signaling.'  correct={'llm_judge': True}  fitness=0.00 (0/5 wrong, llm_judge)
01:38:55  INFO         Paraphrase: 'What is the use of the d channel in Isdn b & d channels?'  →  Victim: 'The D channel in ISDN carries signaling and call control information.'  correct={'llm_judge': True}  fitness=0.00 (0/5 wrong, llm_judge)

[TOO DIFFERENT]
Original:   Isdn uses b & d channels. what is d channel use for?
Paraphrase: In Isdn b & d channels, what is the d channel's function?
Keeps 57% of the original's content words


[TOO DIFFERENT]
Original:   Isdn uses b & d channels. what is d channel use for?
Paraphrase: Isdn's d channel serves what purpose?
Keeps 29% of the original's content words

01:38:59  INFO         Paraphrase: 'What is the d channel utilized for in Isdn b & d channels?'  →  Victim: 'The D channel is used for signaling and call control in ISDN.'  correct={'llm_judge': True}  fitness=0.00 (0/5 wrong, llm_judge)
01:39:03  INFO         Paraphrase: 'What is the role of the d channel in Isdn b & d channels?'  →  Victim: 'The D channel in ISDN carries signaling information for call setup and management.'  correct={'llm_judge': True}  fitness=0.00 (0/5 wrong, llm_judge)

[TOO DIFFERENT]
Original:   Isdn uses b & d channels. what is d channel use for?
Paraphrase: What does Isdn's d channel serve for?
Keeps 29% of the original's content words

01:39:07  INFO         Paraphrase: 'Isdn b & d channels use a d channel for what purpose?'  →  Victim: 'To provide call control and signaling.'  correct={'llm_judge': True}  fitness=0.00 (0/5 wrong, llm_judge)

[TOO DIFFERENT]
Original:   Isdn uses b & d channels. what is d channel use for?
Paraphrase: What is the d channel's role in Isdn b & d channels?
Keeps 57% of the original's content words


[TOO DIFFERENT]
Original:   Isdn uses b & d channels. what is d channel use for?
Paraphrase: Isdn's b & d channels feature a d channel for what?
Keeps 57% of the original's content words

01:39:11  INFO         Paraphrase: 'What is the purpose of the d channel in Isdn b & d channels?'  →  Victim: 'The D channel in ISDN carries signaling and call control information.'  correct={'llm_judge': True}  fitness=0.00 (0/5 wrong, llm_judge)
01:39:15  INFO         Paraphrase: 'In Isdn b & d channels, what does the d channel serve for?'  →  Victim: 'The D channel serves for signaling and call control.'  correct={'llm_judge': True}  fitness=0.00 (0/5 wrong, llm_judge)

[TOO DIFFERENT]
Original:   Isdn uses b & d channels. what is d channel use for?
Paraphrase: What is the d channel's function in Isdn b & d channels?
Keeps 57% of the original's content words


[TOO DIFFERENT]
Original:   Isdn uses b & d channels. what is d channel use for?
Paraphrase: Isdn's d channel serves what use?
Keeps 43% of the original's content words

01:39:19  INFO         Paraphrase: 'What purpose does the d channel in Isdn b & d channels serve?'  →  Victim: 'The D channel in ISDN serves for call control and signaling.'  correct={'llm_judge': True}  fitness=0.00 (0/5 wrong, llm_judge)
01:39:23  INFO         Paraphrase: 'Isdn b & d channels include a d channel used for what?'  →  Victim: 'Call control and signaling.'  correct={'llm_judge': True}  fitness=0.00 (0/5 wrong, llm_judge)
01:39:26  INFO         Paraphrase: 'What is the function of the d channel in Isdn b & d channels?'  →  Victim: 'The D channel in ISDN carries call control and signaling information.'  correct={'llm_judge': True}  fitness=0.00 (0/5 wrong, llm_judge)
01:39:28  INFO         Paraphrase: 'What does the d channel in Isdn b & d channels serve for?'  →  Victim: 'The D channel in ISDN serves for call control and signaling.'  correct={'llm_judge': True}  fitness=0.00 (0/5 wrong, llm_judge)
01:39:30  INFO         Paraphrase: 'What is the d channel used for in Isdn b & d channels?'  →  Victim: 'The D channel is used for signaling and call control in ISDN.'  correct={'llm_judge': True}  fitness=0.00 (0/5 wrong, llm_judge)

[TOO DIFFERENT]
Original:   Isdn uses b & d channels. what is d channel use for?
Paraphrase: Isdn's d channel is used for what purpose?
Keeps 29% of the original's content words

01:39:30  INFO         Round 1/1 done: 32 generated, 0 duplicates, 18 rejected, 14 passed validation (queried), 0 successful
01:39:30  INFO       Attack finished after 1 round(s): 14 valid victim queries, successful attacks per evaluator: {'llm_judge': 0}, robust: 0, confirmed by re-test: 0
01:39:31  INFO     Results saved → /content/drive/MyDrive/AttackingViaParaphrasing/main_study_B1/attacker_llama3_1_8b_semantic_preserve__victim_qwen3_4b_instruct__judge_gemma3_12b__q96_p40_r1_evolutionary__20261001_000152.json

Results saved → /content/drive/MyDrive/AttackingViaParaphrasing/main_study_B1/attacker_llama3_1_8b_semantic_preserve__victim_qwen3_4b_instruct__judge_gemma3_12b__q96_p40_r1_evolutionary__20261001_000152.json

============================================================
EXPERIMENT SUMMARY
============================================================
  Questions evaluated : 96
  Paraphrases / round : 40
  Max rounds          : 1
  Valid victim queries: 1602

  [llm_judge]
    Victim baseline accuracy : 99.0%
    Overall Attack Success Rate (ASR) : 13.8%
    Questions with >= 1 success       : 53.1%
    Total successful paraphrases      : 219
  Robust successes (gain >= 0.50 over the original's wrong rate): 199, on 51.0% of questions
  Confirmed by re-test (20 fresh answers, one-sided Fisher p < 0.05): 209, on 51.0% of questions
  By the victim's confidence on the original (20 sampled answers):
    certain   79 question(s): 159 successes (158 confirmed) in 1412 queried paraphrases, on 38 question(s)
    mostly     9 question(s): 41 successes (39 confirmed) in 103 queried paraphrases, on 8 question(s)
    unsure     7 question(s): 19 successes (12 confirmed) in 87 queried paraphrases, on 5 question(s)
============================================================
  Full results at: /content/drive/MyDrive/AttackingViaParaphrasing/main_study_B1/attacker_llama3_1_8b_semantic_preserve__victim_qwen3_4b_instruct__judge_gemma3_12b__q96_p40_r1_evolutionary__20261001_000152.json
============================================================
