
============================================================
ADVERSARIAL PARAPHRASING EXPERIMENT
============================================================
  Attacker model    : llama3.1:8b
  Attack strategy   : minimal_edit
  Victim model      : qwen3:4b
  Judge model       : gemma3:12b  (evaluator=llm_judge)
  Questions         : 22
  Paraphrases/round : 5
  Max rounds        : 8  (stop_on_success=False)
  Answer check      : gemma3:12b
  Search            : evolutionary  (parents=3, fitness samples=4 @ T=0.7)
  Dataset           : data/accepted_questions.json
  Results dir       : /tmp/avp_runs/results
============================================================

05:35:49  INFO     Loaded 22 questions
05:35:49  INFO     Results file: /tmp/avp_runs/results/attacker_llama3_1_8b_minimal_edit__victim_qwen3_4b__judge_gemma3_12b__q22_p5_r8_evolutionary__20260927_053549.json
05:35:49  INFO     [1/22] Qnqo_validation_0573: Where in the American constitution is the executive branch referenced?
05:36:05  INFO       Victim (original): 'Article II'
05:36:37  INFO       [llm_judge] original correct=True
05:36:49  INFO       Original wrong rate: 0.00 (0/5 sampled answers wrong, llm_judge)
05:36:49  INFO       Attack round 1/8
05:37:05  INFO         Generated 5 candidates
05:37:24  INFO         Paraphrase: 'Where in the American constitution is the branch of the executive referenced?'  →  Victim: 'Article II'  correct={'llm_judge': True}  fitness=0.00 (0/5 wrong, llm_judge)
05:37:45  INFO         Paraphrase: 'Where in the American constitution is the executive power referenced?'  →  Victim: 'Article II, Section 1'  correct={'llm_judge': True}  fitness=0.00 (0/5 wrong, llm_judge)
05:38:03  INFO         Paraphrase: 'In which part of the American constitution is the executive branch referenced?'  →  Victim: 'Article II'  correct={'llm_judge': True}  fitness=0.00 (0/5 wrong, llm_judge)
05:38:26  INFO         Paraphrase: 'What article in the American constitution references the executive branch?'  →  Victim: 'Article II'  correct={'llm_judge': True}  fitness=0.00 (0/5 wrong, llm_judge)
05:38:46  INFO         Paraphrase: 'In the American constitution, where is the executive branch mentioned?'  →  Victim: 'Article II'  correct={'llm_judge': True}  fitness=0.00 (0/5 wrong, llm_judge)
05:38:46  INFO         Round 1/8 done: 5 generated, 0 duplicates, 0 rejected, 5 passed validation (queried), 0 successful
05:38:46  INFO       Attack round 2/8
05:38:48  INFO         Generated 5 candidates

[ANSWER PRESERVATION FAILED]
Original:   Where in the American constitution is the executive branch referenced?
Answer(s):  ['Article Two']
Paraphrase: Where in the American constitution does the executive branch get its authority?


[ANSWER PRESERVATION FAILED]
Original:   Where in the American constitution is the executive branch referenced?
Answer(s):  ['Article Two']
Paraphrase: Where in the American constitution is the executive branch's authority referenced?

05:39:13  INFO         Paraphrase: 'In which part of the American constitution is the authority of the executive branch referenced?'  →  Victim: 'Article II'  correct={'llm_judge': True}  fitness=0.00 (0/5 wrong, llm_judge)

[ANSWER PRESERVATION FAILED]
Original:   Where in the American constitution is the executive branch referenced?
Answer(s):  ['Article Two']
Paraphrase: What part of the American constitution references the authority of the executive branch?

05:39:41  INFO         Paraphrase: 'Where in the American constitution is it stated that the executive branch has authority?'  →  Victim: 'Article II, Section 1'  correct={'llm_judge': True}  fitness=0.00 (0/5 wrong, llm_judge)
05:39:41  INFO         Round 2/8 done: 5 generated, 0 duplicates, 3 rejected, 2 passed validation (queried), 0 successful
05:39:41  INFO       Attack round 3/8
05:39:43  INFO         Generated 5 candidates
05:40:03  INFO         Paraphrase: 'Where in the American constitution does the executive branch get its reference?'  →  Victim: 'Article II'  correct={'llm_judge': True}  fitness=0.00 (0/5 wrong, llm_judge)
05:40:25  INFO         Paraphrase: 'Where in the American constitution is the branch of the executive mentioned?'  →  Victim: 'Article II'  correct={'llm_judge': True}  fitness=0.00 (0/5 wrong, llm_judge)
05:40:46  INFO         Paraphrase: 'What part of the American constitution references the executive branch?'  →  Victim: 'Article II'  correct={'llm_judge': True}  fitness=0.00 (0/5 wrong, llm_judge)
05:41:06  INFO         Paraphrase: 'Where in the American constitution is it stated that the executive branch is referenced?'  →  Victim: 'Article II'  correct={'llm_judge': True}  fitness=0.00 (0/5 wrong, llm_judge)
05:41:26  INFO         Paraphrase: "In the American constitution, where is the executive branch's reference located?"  →  Victim: 'Article II'  correct={'llm_judge': True}  fitness=0.00 (0/5 wrong, llm_judge)
05:41:26  INFO         Round 3/8 done: 5 generated, 0 duplicates, 0 rejected, 5 passed validation (queried), 0 successful
05:41:26  INFO       Attack round 4/8
05:41:28  INFO         Generated 5 candidates
05:41:28  INFO         [duplicate, skipped] 'Where in the American constitution is the branch of the executive mentioned?'
05:41:50  INFO         Paraphrase: 'Where in the American constitution is the reference to the executive branch located?'  →  Victim: 'Article II'  correct={'llm_judge': True}  fitness=0.00 (0/5 wrong, llm_judge)
05:42:12  INFO         Paraphrase: "In the American constitution, where is the executive branch's reference found?"  →  Victim: 'Article II'  correct={'llm_judge': True}  fitness=0.00 (0/5 wrong, llm_judge)
05:42:35  INFO         Paraphrase: 'Where in the American constitution is it stated that the executive branch is mentioned?'  →  Victim: 'Article II'  correct={'llm_judge': True}  fitness=0.00 (0/5 wrong, llm_judge)
05:42:53  INFO         Paraphrase: 'What part of the American constitution mentions the executive branch?'  →  Victim: 'Article II'  correct={'llm_judge': True}  fitness=0.00 (0/5 wrong, llm_judge)
05:42:53  INFO         Round 4/8 done: 5 generated, 1 duplicates, 0 rejected, 4 passed validation (queried), 0 successful
05:42:53  INFO       Attack round 5/8
05:42:55  INFO         Generated 5 candidates
05:43:16  INFO         Paraphrase: 'Where in the American constitution is the executive branch specifically referenced?'  →  Victim: 'Article II'  correct={'llm_judge': True}  fitness=0.00 (0/5 wrong, llm_judge)
05:43:38  INFO         Paraphrase: "Where in the American constitution is the executive branch's reference located?"  →  Victim: 'Article II'  correct={'llm_judge': True}  fitness=0.00 (0/5 wrong, llm_judge)
05:43:59  INFO         Paraphrase: 'In which part of the American constitution is the executive branch specifically mentioned?'  →  Victim: 'Article II'  correct={'llm_judge': True}  fitness=0.00 (0/5 wrong, llm_judge)
05:44:17  INFO         Paraphrase: 'What part of the American constitution specifically mentions the executive branch?'  →  Victim: 'Article II'  correct={'llm_judge': True}  fitness=0.00 (0/5 wrong, llm_judge)
05:44:38  INFO         Paraphrase: 'Where in the American constitution is the executive branch directly referenced?'  →  Victim: 'Article II'  correct={'llm_judge': True}  fitness=0.00 (0/5 wrong, llm_judge)
05:44:38  INFO         Round 5/8 done: 5 generated, 0 duplicates, 0 rejected, 5 passed validation (queried), 0 successful
05:44:38  INFO       Attack round 6/8
05:44:40  INFO         Generated 5 candidates
05:45:02  INFO         Paraphrase: 'What part of the American constitution references the executive?'  →  Victim: 'Article II'  correct={'llm_judge': True}  fitness=0.00 (0/5 wrong, llm_judge)
05:45:22  INFO         Paraphrase: 'In the American constitution, where is the executive branch located?'  →  Victim: 'Article II'  correct={'llm_judge': True}  fitness=0.00 (0/5 wrong, llm_judge)
05:45:43  INFO         Paraphrase: 'Where in the American constitution is the reference to the executive branch?'  →  Victim: 'Article II'  correct={'llm_judge': True}  fitness=0.00 (0/5 wrong, llm_judge)
05:46:01  INFO         Paraphrase: 'What in the American constitution references the executive branch?'  →  Victim: 'Article II'  correct={'llm_judge': True}  fitness=0.00 (0/5 wrong, llm_judge)
05:46:23  INFO         Paraphrase: 'Where in the American constitution is the executive branch mentioned?'  →  Victim: 'Article II'  correct={'llm_judge': True}  fitness=0.00 (0/5 wrong, llm_judge)
05:46:23  INFO         Round 6/8 done: 5 generated, 0 duplicates, 0 rejected, 5 passed validation (queried), 0 successful
05:46:23  INFO       Attack round 7/8
05:46:25  INFO         Generated 5 candidates
05:46:25  INFO         [duplicate, skipped] 'Where in the American Constitution does the executive branch get its reference?'
05:46:25  INFO         [duplicate, skipped] "In the American Constitution, where is the executive branch's reference located?"
05:46:25  INFO         [duplicate, skipped] 'What in the American Constitution references the executive branch?'
05:46:25  INFO         [duplicate, skipped] "Where in the American Constitution is the executive branch's reference located?"
05:46:45  INFO         Paraphrase: 'What part of the American Constitution specifically references the executive branch?'  →  Victim: 'Article II'  correct={'llm_judge': True}  fitness=0.00 (0/5 wrong, llm_judge)
05:46:45  INFO         Round 7/8 done: 5 generated, 4 duplicates, 0 rejected, 1 passed validation (queried), 0 successful
05:46:45  INFO       Attack round 8/8
05:46:47  INFO         Generated 5 candidates
05:47:06  INFO         Paraphrase: 'Where in the American constitution does the executive branch get referenced?'  →  Victim: 'Article II'  correct={'llm_judge': True}  fitness=0.00 (0/5 wrong, llm_judge)
05:47:28  INFO         Paraphrase: "In which part of the American constitution is the executive branch's reference located?"  →  Victim: 'Article II'  correct={'llm_judge': True}  fitness=0.00 (0/5 wrong, llm_judge)
05:47:50  INFO         Paraphrase: 'What in the American constitution specifically references the executive branch?'  →  Victim: 'Article II'  correct={'llm_judge': True}  fitness=0.00 (0/5 wrong, llm_judge)
05:47:50  INFO         [duplicate, skipped] "In the American constitution, where is the executive branch's reference found?"
05:48:12  INFO         Paraphrase: 'Where in the American constitution is the executive branch directly mentioned?'  →  Victim: 'Article II'  correct={'llm_judge': True}  fitness=0.00 (0/5 wrong, llm_judge)
05:48:12  INFO         Round 8/8 done: 5 generated, 1 duplicates, 0 rejected, 4 passed validation (queried), 0 successful
05:48:12  INFO       Attack finished after 8 round(s): 31 valid victim queries, successful attacks per evaluator: {'llm_judge': 0}, robust: 0
05:48:12  INFO     [2/22] Qnqo_validation_0615: Which organelle is the site of atp production and storage?
05:48:17  INFO       Victim (original): 'mitochondria'
05:48:19  INFO       [llm_judge] original correct=True
05:49:08  INFO       Original wrong rate: 0.00 (0/5 sampled answers wrong, llm_judge)
05:49:08  INFO       Attack round 1/8
05:49:10  INFO         Generated 5 candidates
05:50:01  INFO         Paraphrase: 'What is the organelle responsible for atp production and storage?'  →  Victim: 'mitochondria'  correct={'llm_judge': True}  fitness=0.00 (0/5 wrong, llm_judge)

[TOO DIFFERENT]
Original:   Which organelle is the site of atp production and storage?
Paraphrase: Where is atp produced and stored within a cell?
Keeps 20% of the original's content words

05:51:07  INFO         Paraphrase: 'What organelle serves as the site of both atp production and storage?'  →  Victim: 'mitochondria'  correct={'llm_judge': True}  fitness=0.00 (0/5 wrong, llm_judge)

[ANSWER PRESERVATION FAILED]
Original:   Which organelle is the site of atp production and storage?
Answer(s):  ['mitochondrion']
Paraphrase: What is the primary location of both atp production and storage?


[TOO DIFFERENT]
Original:   Which organelle is the site of atp production and storage?
Paraphrase: What is the cell organelle where atp is produced and stored?
Keeps 40% of the original's content words

05:51:11  INFO         Round 1/8 done: 5 generated, 0 duplicates, 3 rejected, 2 passed validation (queried), 0 successful
05:51:11  INFO       Attack round 2/8
05:51:13  INFO         Generated 5 candidates

[TOO DIFFERENT]
Original:   Which organelle is the site of atp production and storage?
Paraphrase: Which organelle is responsible for producing and storing atp?
Keeps 40% of the original's content words

05:51:53  INFO         Paraphrase: 'What is the organelle where atp production and storage occur?'  →  Victim: 'mitochondria'  correct={'llm_judge': True}  fitness=0.00 (0/5 wrong, llm_judge)
05:52:21  INFO         Paraphrase: 'Which organelle is the site of production and storage for atp?'  →  Victim: 'mitochondria'  correct={'llm_judge': True}  fitness=0.00 (0/5 wrong, llm_judge)
05:53:10  INFO         Paraphrase: 'What organelle functions as the site of both atp production and storage?'  →  Victim: 'mitochondria'  correct={'llm_judge': True}  fitness=0.00 (0/5 wrong, llm_judge)

[TOO DIFFERENT]
Original:   Which organelle is the site of atp production and storage?
Paraphrase: Where within the cell is atp produced and stored in the organelle?
Keeps 40% of the original's content words

05:53:11  INFO         Round 2/8 done: 5 generated, 0 duplicates, 2 rejected, 3 passed validation (queried), 0 successful
05:53:11  INFO       Attack round 3/8
05:53:13  INFO         Generated 5 candidates
05:53:47  INFO         Paraphrase: 'What organelle is at the site of atp production and storage?'  →  Victim: 'mitochondria'  correct={'llm_judge': True}  fitness=0.00 (0/5 wrong, llm_judge)
05:54:39  INFO         Paraphrase: 'Which organelle is the site of both atp production and atp storage?'  →  Victim: 'mitochondria'  correct={'llm_judge': True}  fitness=0.00 (0/5 wrong, llm_judge)
05:55:21  INFO         Paraphrase: 'What organelle serves as the site for atp production and storage?'  →  Victim: 'mitochondria'  correct={'llm_judge': True}  fitness=0.00 (0/5 wrong, llm_judge)
05:56:16  INFO         Paraphrase: 'What is the organelle where atp production takes place and is stored?'  →  Victim: 'mitochondria'  correct={'llm_judge': True}  fitness=0.00 (0/5 wrong, llm_judge)
05:56:45  INFO         Paraphrase: 'In which organelle is atp production and storage to be found?'  →  Victim: 'mitochondria'  correct={'llm_judge': True}  fitness=0.00 (0/5 wrong, llm_judge)
05:56:45  INFO         Round 3/8 done: 5 generated, 0 duplicates, 0 rejected, 5 passed validation (queried), 0 successful
05:56:45  INFO       Attack round 4/8
05:56:47  INFO         Generated 4 candidates
05:57:28  INFO         Paraphrase: 'What organelle is the site where atp is produced and stored?'  →  Victim: 'mitochondria'  correct={'llm_judge': True}  fitness=0.00 (0/5 wrong, llm_judge)
05:57:57  INFO         Paraphrase: 'In which organelle is atp production and storage located?'  →  Victim: 'mitochondria'  correct={'llm_judge': True}  fitness=0.00 (0/5 wrong, llm_judge)

[ANSWER PRESERVATION FAILED]
Original:   Which organelle is the site of atp production and storage?
Answer(s):  ['mitochondrion']
Paraphrase: What is the site within the organelle for atp production and storage?

05:58:41  INFO         Paraphrase: 'Which organelle serves as the site for atp production and storage?'  →  Victim: 'mitochondria'  correct={'llm_judge': True}  fitness=0.00 (0/5 wrong, llm_judge)
05:58:41  INFO         Round 4/8 done: 4 generated, 0 duplicates, 1 rejected, 3 passed validation (queried), 0 successful
05:58:41  INFO       Attack round 5/8
05:58:44  INFO         Generated 5 candidates
05:59:19  INFO         Paraphrase: 'Which organelle is the site of atp production and the storage of atp?'  →  Victim: 'mitochondria'  correct={'llm_judge': True}  fitness=0.00 (0/5 wrong, llm_judge)
05:59:51  INFO         Paraphrase: 'What organelle is the location for atp production and storage?'  →  Victim: 'mitochondria'  correct={'llm_judge': True}  fitness=0.00 (0/5 wrong, llm_judge)
06:01:02  INFO         Paraphrase: 'Which organelle functions as the site of both atp production and the storage of atp?'  →  Victim: 'mitochondria'  correct={'llm_judge': True}  fitness=0.00 (0/5 wrong, llm_judge)
06:01:44  INFO         Paraphrase: 'What organelle is the place of both atp production and storage?'  →  Victim: 'mitochondrion'  correct={'llm_judge': True}  fitness=0.00 (0/5 wrong, llm_judge)
06:02:57  INFO         Paraphrase: 'Which organelle is the site of atp production, as well as the site of atp storage?'  →  Victim: 'mitochondria'  correct={'llm_judge': True}  fitness=0.00 (0/5 wrong, llm_judge)
06:02:57  INFO         Round 5/8 done: 5 generated, 0 duplicates, 0 rejected, 5 passed validation (queried), 0 successful
06:02:57  INFO       Attack round 6/8
06:02:59  INFO         Generated 5 candidates
06:03:32  INFO         Paraphrase: 'Which organelle is the site of atp production and storage of atp?'  →  Victim: 'mitochondria'  correct={'llm_judge': True}  fitness=0.00 (0/5 wrong, llm_judge)
06:04:03  INFO         Paraphrase: 'What is the organelle at the site of atp production and storage?'  →  Victim: 'mitochondria'  correct={'llm_judge': True}  fitness=0.00 (0/5 wrong, llm_judge)
06:04:39  INFO         Paraphrase: 'Which organelle is the site for atp production and storage?'  →  Victim: 'mitochondria'  correct={'llm_judge': True}  fitness=0.00 (0/5 wrong, llm_judge)
06:05:30  INFO         Paraphrase: 'What organelle serves as the site of atp production and atp storage?'  →  Victim: 'mitochondria'  correct={'llm_judge': True}  fitness=0.20 (1/5 wrong, llm_judge)
06:05:30  INFO         [duplicate, skipped] 'In which organelle is atp production and storage located?'
06:05:30  INFO         Round 6/8 done: 5 generated, 1 duplicates, 0 rejected, 4 passed validation (queried), 0 successful
06:05:30  INFO       Attack round 7/8
06:05:30  INFO         Evolving 1 parent(s):
06:05:30  INFO           fitness=0.20  'What organelle serves as the site of atp production and atp storage?'
06:05:33  INFO         Generated 5 candidates
06:06:51  INFO         Paraphrase: 'Which organelle serves as the site of atp production and atp storage?'  →  Victim: 'mitochondria'  correct={'llm_judge': True}  fitness=0.00 (0/5 wrong, llm_judge)
06:07:38  INFO         Paraphrase: 'What organelle is the site for atp production and storage of atp?'  →  Victim: 'mitochondria'  correct={'llm_judge': True}  fitness=0.00 (0/5 wrong, llm_judge)
06:07:38  INFO         [duplicate, skipped] 'In which organelle is atp production and storage located?'
06:08:37  INFO         Paraphrase: 'What organelle serves as the site for both atp production and storage?'  →  Victim: 'mitochondria'  correct={'llm_judge': True}  fitness=0.00 (0/5 wrong, llm_judge)
06:09:31  INFO         Paraphrase: 'Which organelle functions as the site of atp production and storage?'  →  Victim: 'mitochondria'  correct={'llm_judge': True}  fitness=0.00 (0/5 wrong, llm_judge)
06:09:31  INFO         Round 7/8 done: 5 generated, 1 duplicates, 0 rejected, 4 passed validation (queried), 0 successful
06:09:31  INFO       Attack round 8/8
06:09:31  INFO         Evolving 1 parent(s):
06:09:31  INFO           fitness=0.20  'What organelle serves as the site of atp production and atp storage?'
06:09:34  INFO         Generated 5 candidates
06:10:35  INFO         Paraphrase: 'Which organelle serves as the site for both atp production and storage of atp?'  →  Victim: 'mitochondria'  correct={'llm_judge': True}  fitness=0.00 (0/5 wrong, llm_judge)
06:11:13  INFO         Paraphrase: 'What organelle serves as the site for atp production and storage of atp?'  →  Victim: 'mitochondria'  correct={'llm_judge': True}  fitness=0.00 (0/5 wrong, llm_judge)
06:12:17  INFO         Paraphrase: 'What organelle functions as the site for both atp production and storage of atp?'  →  Victim: 'mitochondria'  correct={'llm_judge': True}  fitness=0.00 (0/5 wrong, llm_judge)
06:13:02  INFO         Paraphrase: 'Which organelle serves as the site for atp production and the storage of atp?'  →  Victim: 'mitochondria'  correct={'llm_judge': True}  fitness=0.00 (0/5 wrong, llm_judge)
06:13:02  INFO         [duplicate, skipped] 'What organelle is the site for atp production and storage of atp?'
06:13:02  INFO         Round 8/8 done: 5 generated, 1 duplicates, 0 rejected, 4 passed validation (queried), 0 successful
06:13:02  INFO       Attack finished after 8 round(s): 30 valid victim queries, successful attacks per evaluator: {'llm_judge': 0}, robust: 0
06:13:02  INFO     [3/22] Qnqo_validation_0773: Islamic term for the community of the faithful?
06:13:06  INFO       Victim (original): 'Ummah'
06:13:08  INFO       [llm_judge] original correct=True
06:13:19  INFO       Original wrong rate: 0.00 (0/5 sampled answers wrong, llm_judge)
06:13:19  INFO       Attack round 1/8
06:13:21  INFO         Generated 5 candidates
06:13:38  INFO         Paraphrase: 'What is the Islamic term for the faithful community?'  →  Victim: 'Ummah'  correct={'llm_judge': True}  fitness=0.00 (0/5 wrong, llm_judge)

[ANSWER PRESERVATION FAILED]
Original:   Islamic term for the community of the faithful?
Answer(s):  ['ummat al-Islamiyah', 'Ummah']
Paraphrase: What does the Islamic term for the community of believers refer to?

06:14:00  INFO         Paraphrase: 'What is known as the Islamic community of the faithful?'  →  Victim: 'Ummah'  correct={'llm_judge': True}  fitness=0.00 (0/5 wrong, llm_judge)

[TOO DIFFERENT]
Original:   Islamic term for the community of the faithful?
Paraphrase: What is this term meaning 'the community of believers' in Islam?
Keeps 50% of the original's content words


[TOO DIFFERENT]
Original:   Islamic term for the community of the faithful?
Paraphrase: What is the Islamic community, also known as?
Keeps 50% of the original's content words

06:14:01  INFO         Round 1/8 done: 5 generated, 0 duplicates, 3 rejected, 2 passed validation (queried), 0 successful
06:14:01  INFO       Attack round 2/8
06:14:03  INFO         Generated 5 candidates

[TOO DIFFERENT]
Original:   Islamic term for the community of the faithful?
Paraphrase: Term used in Islam for the community of believers?
Keeps 50% of the original's content words

06:14:21  INFO         Paraphrase: 'The Islamic term for the faithful community is?'  →  Victim: 'Ummah'  correct={'llm_judge': True}  fitness=0.00 (0/5 wrong, llm_judge)

[TOO DIFFERENT]
Original:   Islamic term for the community of the faithful?
Paraphrase: What is the community of believers referred to as in Islam?
Keeps 25% of the original's content words

06:14:40  INFO         Paraphrase: 'The term for the community of the faithful in Islam is?'  →  Victim: 'Ummah'  correct={'llm_judge': True}  fitness=0.00 (0/5 wrong, llm_judge)
06:14:56  INFO         Paraphrase: 'Term in Islamic terminology for the faithful community.'  →  Victim: 'Ummah'  correct={'llm_judge': True}  fitness=0.00 (0/5 wrong, llm_judge)
06:14:56  INFO         Round 2/8 done: 5 generated, 0 duplicates, 2 rejected, 3 passed validation (queried), 0 successful
06:14:56  INFO       Attack round 3/8
06:14:58  INFO         Generated 5 candidates
06:15:23  INFO         Paraphrase: 'What is this community, known as the Islamic term for the faithful?'  →  Victim: 'Ummah'  correct={'llm_judge': True}  fitness=0.00 (0/5 wrong, llm_judge)
06:15:43  INFO         Paraphrase: 'The Islamic community of the faithful, what is it called?'  →  Victim: 'Ummah'  correct={'llm_judge': True}  fitness=0.00 (0/5 wrong, llm_judge)
06:16:04  INFO         Paraphrase: 'What is the term for this Islamic community of believers?'  →  Victim: 'Ummah'  correct={'llm_judge': True}  fitness=0.00 (0/5 wrong, llm_judge)

[TOO DIFFERENT]
Original:   Islamic term for the community of the faithful?
Paraphrase: In Islam, what is this community known as?
Keeps 25% of the original's content words

06:16:24  INFO         Paraphrase: 'What is the name for the Islamic community of the faithful?'  →  Victim: 'Ummah'  correct={'llm_judge': True}  fitness=0.00 (0/5 wrong, llm_judge)
06:16:24  INFO         Round 3/8 done: 5 generated, 0 duplicates, 1 rejected, 4 passed validation (queried), 0 successful
06:16:24  INFO       Attack round 4/8
06:16:25  INFO         Generated 5 candidates

[QUESTION EQUIVALENCE FAILED]
Original:   Islamic term for the community of the faithful?
Paraphrase: q7


[QUESTION EQUIVALENCE FAILED]
Original:   Islamic term for the community of the faithful?
Paraphrase: q9


[QUESTION EQUIVALENCE FAILED]
Original:   Islamic term for the community of the faithful?
Paraphrase: q10


[QUESTION EQUIVALENCE FAILED]
Original:   Islamic term for the community of the faithful?
Paraphrase: q12


[QUESTION EQUIVALENCE FAILED]
Original:   Islamic term for the community of the faithful?
Paraphrase: q13

06:16:28  INFO         Round 4/8 done: 5 generated, 0 duplicates, 5 rejected, 0 passed validation (queried), 0 successful
06:16:28  INFO       Attack round 5/8
06:16:30  INFO         Generated 5 candidates

[TOO DIFFERENT]
Original:   Islamic term for the community of the faithful?
Paraphrase: What term do Muslims use to describe their community?
Keeps 50% of the original's content words

06:16:30  INFO         [duplicate, skipped] 'What is the Islamic term for the faithful community?'
06:16:52  INFO         Paraphrase: 'What is commonly referred to as the Islamic community of the faithful?'  →  Victim: 'Ummah'  correct={'llm_judge': True}  fitness=0.00 (0/5 wrong, llm_judge)

[TOO DIFFERENT]
Original:   Islamic term for the community of the faithful?
Paraphrase: Term used by Muslims for the community of believers?
Keeps 50% of the original's content words


[TOO DIFFERENT]
Original:   Islamic term for the community of the faithful?
Paraphrase: What is the community of believers known as in Islamic terminology?
Keeps 50% of the original's content words

06:16:53  INFO         Round 5/8 done: 5 generated, 1 duplicates, 3 rejected, 1 passed validation (queried), 0 successful
06:16:53  INFO       Attack round 6/8
06:16:55  INFO         Generated 5 candidates
06:17:13  INFO         Paraphrase: 'What is this Islamic term for the community of the faithful?'  →  Victim: 'Ummah'  correct={'llm_judge': True}  fitness=0.00 (0/5 wrong, llm_judge)
06:17:33  INFO         Paraphrase: 'What is the Islamic community of the faithful called?'  →  Victim: 'Ummah'  correct={'llm_judge': True}  fitness=0.00 (0/5 wrong, llm_judge)

[TOO DIFFERENT]
Original:   Islamic term for the community of the faithful?
Paraphrase: The term for the community of believers in Islam is what?
Keeps 50% of the original's content words

06:18:01  INFO         Paraphrase: 'What is the Islamic term for the faithful community referred to as?'  →  Victim: 'Ummah'  correct={'llm_judge': True}  fitness=0.00 (0/5 wrong, llm_judge)

[TOO DIFFERENT]
Original:   Islamic term for the community of the faithful?
Paraphrase: What is the name given to the Islamic community of believers?
Keeps 50% of the original's content words

06:18:02  INFO         Round 6/8 done: 5 generated, 0 duplicates, 2 rejected, 3 passed validation (queried), 0 successful
06:18:02  INFO       Attack round 7/8
06:18:04  INFO         Generated 5 candidates
06:18:22  INFO         Paraphrase: 'What term in Islam refers to the community of the faithful?'  →  Victim: 'Ummah'  correct={'llm_judge': True}  fitness=0.00 (0/5 wrong, llm_judge)

[TOO DIFFERENT]
Original:   Islamic term for the community of the faithful?
Paraphrase: What is the community of believers in Islam known as?
Keeps 25% of the original's content words

06:18:42  INFO         Paraphrase: 'Term used in Islamic terminology for the community of believers?'  →  Victim: 'Ummah'  correct={'llm_judge': True}  fitness=0.00 (0/5 wrong, llm_judge)
06:19:00  INFO         Paraphrase: 'What is the Islamic term for the community of believers?'  →  Victim: 'Ummah'  correct={'llm_judge': True}  fitness=0.00 (0/5 wrong, llm_judge)
06:19:18  INFO         Paraphrase: 'The term for the faithful community in Islam is?'  →  Victim: 'Ummah'  correct={'llm_judge': True}  fitness=0.00 (0/5 wrong, llm_judge)
06:19:18  INFO         Round 7/8 done: 5 generated, 0 duplicates, 1 rejected, 4 passed validation (queried), 0 successful
06:19:18  INFO       Attack round 8/8
06:19:20  INFO         Generated 5 candidates

[TOO DIFFERENT]
Original:   Islamic term for the community of the faithful?
Paraphrase: What is the community of believers in Islam?
Keeps 25% of the original's content words

06:19:50  INFO         Paraphrase: 'What term is used to describe the community of the faithful?'  →  Victim: 'the Church'  correct={'llm_judge': False}  fitness=1.00 (5/5 wrong, llm_judge)
06:19:50  INFO         *** ATTACK SUCCESS (round 8) ***
        Paraphrase:    What term is used to describe the community of the faithful?
        Victim answer: the Church
        Per evaluator: {'llm_judge': True}
        Wrong rate:    1.00 vs 0.00 on the original (ROBUST)
06:20:07  INFO         Paraphrase: 'What is the term for the Islamic community of believers?'  →  Victim: 'Ummah'  correct={'llm_judge': True}  fitness=0.00 (0/5 wrong, llm_judge)

[TOO DIFFERENT]
Original:   Islamic term for the community of the faithful?
Paraphrase: What do Muslims call the community of believers?
Keeps 25% of the original's content words

06:20:28  INFO         Paraphrase: 'What is the name of the Islamic community of the faithful?'  →  Victim: 'Ummah'  correct={'llm_judge': True}  fitness=0.00 (0/5 wrong, llm_judge)
06:20:28  INFO         Round 8/8 done: 5 generated, 0 duplicates, 2 rejected, 3 passed validation (queried), 1 successful
06:20:28  INFO       Attack finished after 8 round(s): 20 valid victim queries, successful attacks per evaluator: {'llm_judge': 1}, robust: 1
06:20:29  INFO     [4/22] Qnqo_validation_0964: What is the name of the big gold dome in jerusalem?
06:20:32  INFO       Victim (original): 'Dome of the Rock'
06:20:32  INFO       [llm_judge] original correct=True
06:20:50  INFO       Original wrong rate: 0.00 (0/5 sampled answers wrong, llm_judge)
06:20:50  INFO       Attack round 1/8
06:20:52  INFO         Generated 5 candidates
06:21:15  INFO         Paraphrase: 'What is the name of the large gold dome in Jerusalem?'  →  Victim: 'Dome of the Rock'  correct={'llm_judge': True}  fitness=0.00 (0/5 wrong, llm_judge)
06:21:40  INFO         Paraphrase: 'What is the name of the big gold domed building in Jerusalem?'  →  Victim: 'Dome of the Rock'  correct={'llm_judge': True}  fitness=0.00 (0/5 wrong, llm_judge)
06:22:04  INFO         Paraphrase: 'What is the name of that big gold dome in Jerusalem?'  →  Victim: 'Dome of the Rock'  correct={'llm_judge': True}  fitness=0.00 (0/5 wrong, llm_judge)
06:22:28  INFO         Paraphrase: "What is the name of Jerusalem's large gold dome?"  →  Victim: 'Dome of the Rock'  correct={'llm_judge': True}  fitness=0.00 (0/5 wrong, llm_judge)
06:22:50  INFO         Paraphrase: 'What is the gold dome in Jerusalem actually called?'  →  Victim: 'Dome of the Rock'  correct={'llm_judge': True}  fitness=0.00 (0/5 wrong, llm_judge)
06:22:50  INFO         Round 1/8 done: 5 generated, 0 duplicates, 0 rejected, 5 passed validation (queried), 0 successful
06:22:50  INFO       Attack round 2/8
06:22:52  INFO         Generated 5 candidates
06:23:23  INFO         Paraphrase: "What is the name of Jerusalem's big gold dome?"  →  Victim: 'Dome of the Rock'  correct={'llm_judge': True}  fitness=0.00 (0/5 wrong, llm_judge)
06:23:50  INFO         Paraphrase: "What is the gold dome's name in Jerusalem?"  →  Victim: 'Dome of the Rock'  correct={'llm_judge': True}  fitness=0.00 (0/5 wrong, llm_judge)
06:24:16  INFO         Paraphrase: 'What is the name of that gold dome in Jerusalem that is big?'  →  Victim: 'Dome of the Rock'  correct={'llm_judge': True}  fitness=0.00 (0/5 wrong, llm_judge)
06:24:44  INFO         Paraphrase: 'What is the name of the gold dome located in Jerusalem and is big?'  →  Victim: 'Dome of the Rock'  correct={'llm_judge': True}  fitness=0.00 (0/5 wrong, llm_judge)
06:25:55  INFO         Paraphrase: 'What is the name of the big gold structure in Jerusalem?'  →  Victim: 'Dome of the Rock'  correct={'llm_judge': True}  fitness=0.00 (0/5 wrong, llm_judge)
06:25:55  INFO         Round 2/8 done: 5 generated, 0 duplicates, 0 rejected, 5 passed validation (queried), 0 successful
06:25:55  INFO       Attack round 3/8
06:25:57  INFO         Generated 5 candidates
06:26:23  INFO         Paraphrase: 'What is the name of that gold dome in Jerusalem which is big?'  →  Victim: 'Dome of the Rock'  correct={'llm_judge': True}  fitness=0.00 (0/5 wrong, llm_judge)

[ANSWER PRESERVATION FAILED]
Original:   What is the name of the big gold dome in jerusalem?
Answer(s):  ['Dome of the Rock']
Paraphrase: What gold structure in Jerusalem is named big gold dome?

06:27:11  INFO         Paraphrase: 'What gold dome in Jerusalem do we call big?'  →  Victim: 'Dome of the Rock'  correct={'llm_judge': True}  fitness=0.00 (0/5 wrong, llm_judge)
06:27:43  INFO         Paraphrase: 'In Jerusalem, what is the name of the big gold dome?'  →  Victim: 'Dome of the Rock'  correct={'llm_judge': True}  fitness=0.00 (0/5 wrong, llm_judge)
06:28:08  INFO         Paraphrase: 'What is the big gold dome in Jerusalem named?'  →  Victim: 'Dome of the Rock'  correct={'llm_judge': True}  fitness=0.00 (0/5 wrong, llm_judge)
06:28:08  INFO         Round 3/8 done: 5 generated, 0 duplicates, 1 rejected, 4 passed validation (queried), 0 successful
06:28:08  INFO       Attack round 4/8
06:28:10  INFO         Generated 5 candidates
06:28:33  INFO         Paraphrase: 'What is the name of the big gold dome in the holy city of Jerusalem?'  →  Victim: 'Dome of the Rock'  correct={'llm_judge': True}  fitness=0.00 (0/5 wrong, llm_judge)
06:29:12  INFO         Paraphrase: 'What is the name of the big gold temple in Jerusalem?'  →  Victim: 'None'  correct={'llm_judge': False}  fitness=1.00 (5/5 wrong, llm_judge)
06:29:12  INFO         *** ATTACK SUCCESS (round 4) ***
        Paraphrase:    What is the name of the big gold temple in Jerusalem?
        Victim answer: None
        Per evaluator: {'llm_judge': True}
        Wrong rate:    1.00 vs 0.00 on the original (ROBUST)
06:29:35  INFO         Paraphrase: 'What is the big gold dome in Jerusalem called?'  →  Victim: 'Dome of the Rock'  correct={'llm_judge': True}  fitness=0.00 (0/5 wrong, llm_judge)
06:30:00  INFO         Paraphrase: 'What is the name of the gold dome that is big and located in Jerusalem?'  →  Victim: 'Dome of the Rock'  correct={'llm_judge': True}  fitness=0.00 (0/5 wrong, llm_judge)
06:31:40  INFO         Paraphrase: 'What is the name of the big gold landmark in Jerusalem?'  →  Victim: 'Dome of the Rock'  correct={'llm_judge': True}  fitness=0.20 (1/5 wrong, llm_judge)
06:31:40  INFO         Round 4/8 done: 5 generated, 0 duplicates, 0 rejected, 5 passed validation (queried), 1 successful
06:31:40  INFO       Attack round 5/8
06:31:40  INFO         Evolving 1 parent(s):
06:31:40  INFO           fitness=1.00  'What is the name of the big gold temple in Jerusalem?'
06:31:42  INFO         Generated 5 candidates
06:32:20  INFO         Paraphrase: 'What is the name of the large gold temple in Jerusalem?'  →  Victim: 'There is no large gold temple in Jerusalem.'  correct={'llm_judge': False}  fitness=1.00 (5/5 wrong, llm_judge)
06:32:20  INFO         *** ATTACK SUCCESS (round 5) ***
        Paraphrase:    What is the name of the large gold temple in Jerusalem?
        Victim answer: There is no large gold temple in Jerusalem.
        Per evaluator: {'llm_judge': True}
        Wrong rate:    1.00 vs 0.00 on the original (ROBUST)

[QUESTION EQUIVALENCE FAILED]
Original:   What is the name of the big gold dome in jerusalem?
Paraphrase: What is the name of the big gold temples in Jerusalem?

06:33:24  INFO         Paraphrase: 'What is the name of the gold temple in Jerusalem that is big?'  →  Victim: 'None'  correct={'llm_judge': False}  fitness=1.00 (5/5 wrong, llm_judge)
06:33:24  INFO         *** ATTACK SUCCESS (round 5) ***
        Paraphrase:    What is the name of the gold temple in Jerusalem that is big?
        Victim answer: None
        Per evaluator: {'llm_judge': True}
        Wrong rate:    1.00 vs 0.00 on the original (ROBUST)
06:33:24  INFO         [duplicate, skipped] 'What is the name of the big gold dome in the holy city of Jerusalem?'
06:34:09  INFO         Paraphrase: 'What is the name of the gold structure in Jerusalem that is big and golden?'  →  Victim: 'Dome of the Rock'  correct={'llm_judge': True}  fitness=0.00 (0/5 wrong, llm_judge)
06:34:09  INFO         Round 5/8 done: 5 generated, 1 duplicates, 1 rejected, 3 passed validation (queried), 2 successful
06:34:09  INFO       Attack round 6/8
06:34:09  INFO         Evolving 2 parent(s):
06:34:09  INFO           fitness=1.00  'What is the name of the big gold temple in Jerusalem?'
06:34:09  INFO           fitness=1.00  'What is the name of the large gold temple in Jerusalem?'
06:34:12  INFO         Generated 5 candidates
06:35:30  INFO         Paraphrase: 'What is the name of the big gold monument in Jerusalem?'  →  Victim: 'Dome of the Rock'  correct={'llm_judge': True}  fitness=0.00 (0/5 wrong, llm_judge)

[ANSWER PRESERVATION FAILED]
Original:   What is the name of the big gold dome in jerusalem?
Answer(s):  ['Dome of the Rock']
Paraphrase: What is the name of the large gold building in Jerusalem?


[ANSWER PRESERVATION FAILED]
Original:   What is the name of the big gold dome in jerusalem?
Answer(s):  ['Dome of the Rock']
Paraphrase: What is the name of the big gold landmark in Jerusalem that is located in Jerusalem?

06:36:22  INFO         Paraphrase: 'What is the name of the gold structure that is big and golden in Jerusalem?'  →  Victim: 'Dome of the Rock'  correct={'llm_judge': True}  fitness=0.00 (0/5 wrong, llm_judge)
06:37:48  INFO         Paraphrase: 'What is the name of the gold monument that is big and located in Jerusalem?'  →  Victim: 'Dome of the Rock'  correct={'llm_judge': True}  fitness=0.20 (1/5 wrong, llm_judge)
06:37:48  INFO         Round 6/8 done: 5 generated, 0 duplicates, 2 rejected, 3 passed validation (queried), 0 successful
06:37:48  INFO       Attack round 7/8
06:37:48  INFO         Evolving 2 parent(s):
06:37:48  INFO           fitness=1.00  'What is the name of the big gold temple in Jerusalem?'
06:37:48  INFO           fitness=1.00  'What is the name of the large gold temple in Jerusalem?'
06:37:50  INFO         Generated 5 candidates
06:38:32  INFO         Paraphrase: 'What is the name of the gold temple in Jerusalem?'  →  Victim: 'No gold temple exists in Jerusalem.'  correct={'llm_judge': False}  fitness=1.00 (5/5 wrong, llm_judge)
06:38:32  INFO         *** ATTACK SUCCESS (round 7) ***
        Paraphrase:    What is the name of the gold temple in Jerusalem?
        Victim answer: No gold temple exists in Jerusalem.
        Per evaluator: {'llm_judge': True}
        Wrong rate:    1.00 vs 0.00 on the original (ROBUST)

[ANSWER PRESERVATION FAILED]
Original:   What is the name of the big gold dome in jerusalem?
Answer(s):  ['Dome of the Rock']
Paraphrase: What is the name of the big gold building in Jerusalem that is a temple?

06:39:03  INFO         Paraphrase: 'What is the name of the large gold dome temple in Jerusalem?'  →  Victim: 'Dome of the Rock'  correct={'llm_judge': True}  fitness=0.00 (0/5 wrong, llm_judge)
06:39:30  INFO         Paraphrase: 'What is the name of the gold dome temple in Jerusalem that is big?'  →  Victim: 'Dome of the Rock'  correct={'llm_judge': True}  fitness=0.00 (0/5 wrong, llm_judge)

[ANSWER PRESERVATION FAILED]
Original:   What is the name of the big gold dome in jerusalem?
Answer(s):  ['Dome of the Rock']
Paraphrase: What is the name of the big gold structure that is a temple in Jerusalem?

06:39:34  INFO         Round 7/8 done: 5 generated, 0 duplicates, 2 rejected, 3 passed validation (queried), 1 successful
06:39:34  INFO       Attack round 8/8
06:39:34  INFO         Evolving 2 parent(s):
06:39:34  INFO           fitness=1.00  'What is the name of the big gold temple in Jerusalem?'
06:39:34  INFO           fitness=1.00  'What is the name of the large gold temple in Jerusalem?'
06:39:36  INFO         Generated 5 candidates
06:40:25  INFO         Paraphrase: 'What is the name of the large gold temple-like structure in Jerusalem?'  →  Victim: 'Dome of the Rock'  correct={'llm_judge': True}  fitness=0.00 (0/5 wrong, llm_judge)
06:41:12  INFO         Paraphrase: 'What is the name of the big gold temple-like building in Jerusalem?'  →  Victim: 'Dome of the Rock'  correct={'llm_judge': True}  fitness=0.00 (0/5 wrong, llm_judge)
06:41:12  INFO         [duplicate, skipped] 'What is the name of the large gold dome temple in Jerusalem?'
06:41:44  INFO         Paraphrase: 'What is the name of the big gold temple-like landmark in Jerusalem?'  →  Victim: 'Dome of the Rock'  correct={'llm_judge': True}  fitness=0.00 (0/5 wrong, llm_judge)
06:43:22  INFO         Paraphrase: 'What is the name of the large gold structure resembling a temple in Jerusalem?'  →  Victim: 'Dome of the Rock'  correct={'llm_judge': True}  fitness=0.20 (1/5 wrong, llm_judge)
06:43:22  INFO         Round 8/8 done: 5 generated, 1 duplicates, 0 rejected, 4 passed validation (queried), 0 successful
06:43:22  INFO       Attack finished after 8 round(s): 32 valid victim queries, successful attacks per evaluator: {'llm_judge': 4}, robust: 4
06:43:22  INFO     [5/22] Qnqo_validation_0990: Another name for the torso is the blank region of the body?
06:43:27  INFO       Victim (original): 'trunk'
06:43:27  INFO       [llm_judge] original correct=True
06:43:39  INFO       Original wrong rate: 0.00 (0/5 sampled answers wrong, llm_judge)
06:43:39  INFO       Attack round 1/8
06:43:41  INFO         Generated 5 candidates

[TOO DIFFERENT]
Original:   Another name for the torso is the blank region of the body?
Paraphrase: What is another term for the torso's blank region?
Keeps 50% of the original's content words


[TOO DIFFERENT]
Original:   Another name for the torso is the blank region of the body?
Paraphrase: The blank region of the body is also known as the blank.
Keeps 50% of the original's content words

06:44:12  INFO         Paraphrase: 'The torso has another name, which is the blank area.'  →  Victim: 'trunk'  correct={'llm_judge': True}  fitness=0.00 (0/5 wrong, llm_judge)

[TOO DIFFERENT]
Original:   Another name for the torso is the blank region of the body?
Paraphrase: The blank is an alternative name for the torso's blank region.
Keeps 50% of the original's content words

06:45:59  INFO         Paraphrase: 'In addition to the torso, another name for its blank region is the blank.'  →  Victim: 'chest thorax'  correct={'llm_judge': True}  fitness=0.40 (2/5 wrong, llm_judge)
06:45:59  INFO         Round 1/8 done: 5 generated, 0 duplicates, 3 rejected, 2 passed validation (queried), 0 successful
06:45:59  INFO       Attack round 2/8
06:45:59  INFO         Evolving 1 parent(s):
06:45:59  INFO           fitness=0.40  'In addition to the torso, another name for its blank region is the blank.'
06:46:01  INFO         Generated 5 candidates
06:46:18  INFO         Paraphrase: 'The torso has another name, which is an alternative to the blank.'  →  Victim: 'trunk'  correct={'llm_judge': True}  fitness=0.00 (0/5 wrong, llm_judge)

[TOO DIFFERENT]
Original:   Another name for the torso is the blank region of the body?
Paraphrase: Another name for the torso's blank is the blank.
Keeps 50% of the original's content words


[TOO DIFFERENT]
Original:   Another name for the torso is the blank region of the body?
Paraphrase: The blank region of the body is also commonly referred to as the blank.
Keeps 50% of the original's content words


[TOO DIFFERENT]
Original:   Another name for the torso is the blank region of the body?
Paraphrase: The blank is an alternative name for the torso.
Keeps 50% of the original's content words

06:46:20  INFO         [duplicate, skipped] 'The torso has another name, which is the blank area.'
06:46:20  INFO         Round 2/8 done: 5 generated, 1 duplicates, 3 rejected, 1 passed validation (queried), 0 successful
06:46:20  INFO       Attack round 3/8
06:46:20  INFO         Evolving 1 parent(s):
06:46:20  INFO           fitness=0.40  'In addition to the torso, another name for its blank region is the blank.'
06:46:21  INFO         Generated 5 candidates

[TOO DIFFERENT]
Original:   Another name for the torso is the blank region of the body?
Paraphrase: The torso's blank region also goes by the name the blank.
Keeps 50% of the original's content words


[ANSWER PRESERVATION FAILED]
Original:   Another name for the torso is the blank region of the body?
Answer(s):  ['trunk']
Paraphrase: Another term for the blank region of the torso is the blank.


[TOO DIFFERENT]
Original:   Another name for the torso is the blank region of the body?
Paraphrase: The blank region of the body is also called the blank.
Keeps 50% of the original's content words


[TOO DIFFERENT]
Original:   Another name for the torso is the blank region of the body?
Paraphrase: The torso's other name is the blank.
Keeps 33% of the original's content words


[TOO DIFFERENT]
Original:   Another name for the torso is the blank region of the body?
Paraphrase: The blank region of the torso is commonly known as the blank.
Keeps 50% of the original's content words

06:46:27  INFO         Round 3/8 done: 5 generated, 0 duplicates, 5 rejected, 0 passed validation (queried), 0 successful
06:46:27  INFO       Attack round 4/8
06:46:27  INFO         Evolving 1 parent(s):
06:46:27  INFO           fitness=0.40  'In addition to the torso, another name for its blank region is the blank.'
06:46:29  INFO         Generated 5 candidates

[TOO DIFFERENT]
Original:   Another name for the torso is the blank region of the body?
Paraphrase: Another term for the torso's blank region is the blank.
Keeps 50% of the original's content words


[TOO DIFFERENT]
Original:   Another name for the torso is the blank region of the body?
Paraphrase: The torso's blank region is also referred to as the blank.
Keeps 33% of the original's content words

06:47:57  INFO         Paraphrase: "The blank is another name for the torso's blank region."  →  Victim: 'thorax chest'  correct={'llm_judge': True}  fitness=0.60 (3/5 wrong, llm_judge)

[TOO DIFFERENT]
Original:   Another name for the torso is the blank region of the body?
Paraphrase: The torso's blank region is commonly known as the blank.
Keeps 33% of the original's content words

06:49:09  INFO         Paraphrase: 'The blank region of the torso is another name for the blank.'  →  Victim: 'abdomen belly'  correct={'llm_judge': False}  fitness=1.00 (5/5 wrong, llm_judge)
06:49:09  INFO         *** ATTACK SUCCESS (round 4) ***
        Paraphrase:    The blank region of the torso is another name for the blank.
        Victim answer: abdomen belly
        Per evaluator: {'llm_judge': True}
        Wrong rate:    1.00 vs 0.00 on the original (ROBUST)
06:49:09  INFO         Round 4/8 done: 5 generated, 0 duplicates, 3 rejected, 2 passed validation (queried), 1 successful
06:49:09  INFO       Attack round 5/8
06:49:09  INFO         Evolving 3 parent(s):
06:49:09  INFO           fitness=1.00  'The blank region of the torso is another name for the blank.'
06:49:09  INFO           fitness=0.60  "The blank is another name for the torso's blank region."
06:49:09  INFO           fitness=0.40  'In addition to the torso, another name for its blank region is the blank.'
06:49:11  INFO         Generated 5 candidates

[TOO DIFFERENT]
Original:   Another name for the torso is the blank region of the body?
Paraphrase: What is another name for the torso's blank?
Keeps 50% of the original's content words

06:49:12  INFO         [duplicate, skipped] "Another term for the torso's blank region is the blank."
06:49:12  INFO         [duplicate, skipped] "The blank is an alternative name for the torso's blank region."
06:49:51  INFO         Paraphrase: "Another name for the torso's blank region is also the blank."  →  Victim: 'thoracic chest'  correct={'llm_judge': False}  fitness=1.00 (5/5 wrong, llm_judge)
06:49:51  INFO         *** ATTACK SUCCESS (round 5) ***
        Paraphrase:    Another name for the torso's blank region is also the blank.
        Victim answer: thoracic chest
        Per evaluator: {'llm_judge': True}
        Wrong rate:    1.00 vs 0.00 on the original (ROBUST)
06:49:51  INFO         [duplicate, skipped] "The torso's blank region is commonly known as the blank."
06:49:51  INFO         Round 5/8 done: 5 generated, 3 duplicates, 1 rejected, 1 passed validation (queried), 1 successful
06:49:51  INFO       Attack round 6/8
06:49:51  INFO         Evolving 3 parent(s):
06:49:51  INFO           fitness=1.00  'The blank region of the torso is another name for the blank.'
06:49:51  INFO           fitness=1.00  "Another name for the torso's blank region is also the blank."
06:49:51  INFO           fitness=0.60  "The blank is another name for the torso's blank region."
06:49:53  INFO         Generated 5 candidates
06:51:46  INFO         Paraphrase: 'The blank region of the torso is another name for it.'  →  Victim: 'belly'  correct={'llm_judge': True}  fitness=0.00 (0/5 wrong, llm_judge)

[TOO DIFFERENT]
Original:   Another name for the torso is the blank region of the body?
Paraphrase: The blank is another name for the torso's blank region's alternative.
Keeps 50% of the original's content words


[ANSWER PRESERVATION FAILED]
Original:   Another name for the torso is the blank region of the body?
Answer(s):  ['trunk']
Paraphrase: Another name for the torso's blank region is the blank itself.


[TOO DIFFERENT]
Original:   Another name for the torso is the blank region of the body?
Paraphrase: The blank region of the torso is called the blank.
Keeps 50% of the original's content words


[TOO DIFFERENT]
Original:   Another name for the torso is the blank region of the body?
Paraphrase: The blank is another name for the torso's blank region's name.
Keeps 50% of the original's content words

06:51:51  INFO         Round 6/8 done: 5 generated, 0 duplicates, 4 rejected, 1 passed validation (queried), 0 successful
06:51:51  INFO       Attack round 7/8
06:51:51  INFO         Evolving 3 parent(s):
06:51:51  INFO           fitness=1.00  'The blank region of the torso is another name for the blank.'
06:51:51  INFO           fitness=1.00  "Another name for the torso's blank region is also the blank."
06:51:51  INFO           fitness=0.60  "The blank is another name for the torso's blank region."
06:51:53  INFO         Generated 5 candidates
06:53:14  INFO         Paraphrase: 'The blank region of the torso is yet another name for it.'  →  Victim: 'abdomen'  correct={'llm_judge': True}  fitness=0.00 (0/5 wrong, llm_judge)

[TOO DIFFERENT]
Original:   Another name for the torso is the blank region of the body?
Paraphrase: The blank is another name for the torso's blank region's other name.
Keeps 50% of the original's content words

06:54:27  INFO         Paraphrase: 'The blank region of the torso is yet another alternative name for it.'  →  Victim: 'belly'  correct={'llm_judge': True}  fitness=0.00 (0/5 wrong, llm_judge)

[ANSWER PRESERVATION FAILED]
Original:   Another name for the torso is the blank region of the body?
Answer(s):  ['trunk']
Paraphrase: Another name for the torso's blank region is the same as the blank.


[ANSWER PRESERVATION FAILED]
Original:   Another name for the torso is the blank region of the body?
Answer(s):  ['trunk']
Paraphrase: The blank is yet another name for the torso's blank region.

06:54:34  INFO         Round 7/8 done: 5 generated, 0 duplicates, 3 rejected, 2 passed validation (queried), 0 successful
06:54:34  INFO       Attack round 8/8
06:54:34  INFO         Evolving 3 parent(s):
06:54:34  INFO           fitness=1.00  'The blank region of the torso is another name for the blank.'
06:54:34  INFO           fitness=1.00  "Another name for the torso's blank region is also the blank."
06:54:34  INFO           fitness=0.60  "The blank is another name for the torso's blank region."
06:54:36  INFO         Generated 5 candidates
06:55:11  INFO         Paraphrase: 'What is another name for the blank region of the torso?'  →  Victim: 'belly'  correct={'llm_judge': True}  fitness=0.00 (0/5 wrong, llm_judge)

[TOO DIFFERENT]
Original:   Another name for the torso is the blank region of the body?
Paraphrase: The blank region of the torso is also a blank.
Keeps 50% of the original's content words

06:57:12  INFO         Paraphrase: 'Another name for the blank region of the torso is the blank itself.'  →  Victim: 'Hmm, the user wants me to fill in the blanks for a specific anatomical term. They\'ve given me a sentence: "Another name for the blank region of the torso is the blank itself." \n\nI need to recall basic human anatomy. The torso has several regions: the thorax (chest), abdomen (belly), and pelvis. The blank region they\'re referring to is probably the abdominal area. \n\nI remember that the abdomen is often called the "abdominal cavity" or simply "abdomen." But the phrase says "the blank region of the torso" - so it\'s the area itself. \n\nThe key here is that in medical terms, the abdominal region is sometimes referred to as the "abdomen" but the blank might be for a specific term. Wait, I think they mean the "abdominal cavity" but the sentence says "region," not cavity. \n\nLet me think carefully. Another common term is the "thoracic cavity" for the chest, but that\'s not the blank region they want. The user said "blank region of the torso" - torso includes chest, abdomen, pelvis. \n\nI recall that in anatomy, the area between the rib cage and the pelvis is the abdomen. And another name for it is the "abdomen" itself. But the sentence says "the blank region... is the blank itself" - so it\'s a bit tricky. \n\nPerhaps it\'s the "abdominal region" but they want the term that\'s synonymous. I think the answer is "abdomen" for the first blank and "abdomen" for the second? But that seems redundant. \n\nWait, no - I remember that the term "abdomen" is used for the region, and it\'s also called the "abdominal cavity" but the cavity is inside. The question says "region of the torso," so it\'s the external area. \n\nAnother thought: in some contexts, the "belly" is used colloquially, but medically it\'s "abdomen." \n\nI think the standard answer here is that the blank region is the "abdomen" and it\'s called "the abdomen" itself. But the sentence has two blanks, so I need to provide two terms. \n\nLet me read the sentence again: "Another name for the blank region of the torso is the blank itself." \n\nAh, I see! It\'s saying that there\'s a region that has another name which is the same as the region itself. So for example, the abdomen is sometimes called the "abdominal cavity," but the cavity is not the region. \n\nPerhaps it\'s the "thorax" - but thorax is chest. \n\nI recall that in anatomy, the term "abdomen" is the region, and it\'s also referred to as "the belly" in informal terms, but the question says "another name," so it might be "belly." \n\nBut the sentence says "is the blank itself" - meaning the second blank is the same as the first? No, the structure is: "Another name for [blank1] region... is [blank2] itself." \n\nSo blank1 is the descriptive term, blank2 is the name itself. \n\nFor instance, "Another name for the abdominal region of the torso is the abdomen itself." But that seems odd because "abdominal region" is already descriptive. \n\nPerhaps it\'s simpler. I think the intended answer is that the blank region is "abdominal" and the blank itself is "abdomen." But the sentence says "region of the torso," so it\'s "abdominal region" but they want the term for the region. \n\nLet me search my memory. I remember that in medical terminology, the area is called the "abdomen," and it\'s also known as the "belly." But the question says "the blank itself," so it might be that the region is called "the abdomen" and another name is "belly." \n\nBut the sentence structure: "Another name for the [blank] region of the torso is the [blank] itself." \n\nSo for example: "Another name for the abdominal region of the torso is the belly itself." But that doesn\'t sound right because "belly" is not typically called "itself" that way. \n\nPerhaps it\'s a trick. I think the standard answer here is that the region is the "abdomen" and it\'s also called "the abdominal cavity," but the cavity is internal. \n\nAnother idea: in some contexts, the "thoracic region" is called "chest," but again. \n\nI found it! In anatomy, the term for the area between the diaphragm and the pelvis is the abdomen, and it\'s sometimes referred to as "the belly." But the question says "the blank itself," so probably the answer is "abdomen" for the first blank and "abdomen" for the second? But that would be "Another name for the abdomen region of the torso is the abdomen itself." Which is redundant. \n\nPerhaps the blanks are for the same word. Let me think of common phrases. \n\nI recall that in some textbooks, the abdomen is called "the abdominal cavity," but the cavity is not the region. \n\nWait, the user said "region of the torso," so it\'s the external area. \n\nI think the intended answer is that the blank region is "abdominal" and the blank itself is "abdomen." But the sentence has "the blank region," so if blank1 is "abdominal," then it\'s "the abdominal region," and "is the abdomen itself." \n\nYes, that makes sense. So "Another name for the abdominal region of the torso is the abdomen itself." \n\nBut the question says "the blank region," so blank1 is "abdominal," and blank2 is "abdomen." \n\nThe user wants the shortest direct answer. So I need to provide the two words. \n\nThe instruction says: "Return only the answer itself." And "Do not explain." \n\nAlso, "Do not use a full sentence unless necessary." \n\nSo I should just give the two terms. \n\nBut let\'s confirm. Is there a better fit? \n\nAnother possibility: the "thoracic" region is called "chest," but the sentence says "the blank itself," so for thorax, it would be "thorax" or "chest." \n\nBut I think abdomen is more common for this context. \n\nI remember that in anatomy, the abdomen is the region, and it\'s also known as the "belly," but "belly" is informal. \n\nThe question says "another name," so it might be "belly." \n\nBut the phrase "is the blank itself" suggests that the second blank is the term that is the region itself. \n\nFor example: "Another name for the [blank] region is the [blank] itself." \n\nSo if I say "belly" for the first blank, it would be "Another name for the belly region..." but "belly region" isn\'t standard; it\'s usually "abdomen." \n\nI think the standard answer is "abdomen" for both, but that doesn\'t fit. \n\nLet\'s look for a different approach. \n\nI recall that in some contexts, the "pelvic region" is called "pelvis," but torso usually doesn\'t include pelvis; torso is from neck to pelvis. \n\nThe torso is the trunk, so it includes chest, abdomen, pelvis. \n\nBut the blank region is probably the abdomen. \n\nAfter thinking, I believe the answer they want is "abdominal" and "abdomen." \n\nSo for the first blank: abdominal\n\nSecond blank: abdomen\n\nBut the sentence says "the blank region," so if I put "abdominal" in first blank, it becomes "the abdominal region," which is correct. \n\nAnd "is the abdomen itself" – "abdomen" is the name itself. \n\nYes, that seems right. \n\nTo be precise, in medical terms, the abdomen is the region, and it\'s also called the abdominal cavity, but the cavity is internal. The region itself is the abdomen. \n\nI think that\'s it. \n\nSo the answer should be "abdominal" and "abdomen." \n\nBut the user said "the shortest direct answer." So I need to return the two words. \n\nThe instruction says: "Return only the answer itself." \n\nAlso, "Do not use a full sentence." \n\nSo I\'ll write: abdominal abdomen\n\nBut let\'s see if it\'s one word or two. \n\nPerhaps they want the term for the region. \n\nAnother thought: in some multiple-choice questions, the answer is "abdomen" for the region, but here there are two blanks. \n\nThe sentence has two blanks: "Another name for the [blank] region of the torso is the [blank] itself."\n\nSo I need to fill both.\n\nI think "abdominal" and "abdomen" is correct.\n\nTo confirm, let\'s imagine: "Another name for the abdominal region of the torso is the abdomen itself." – This is a bit awkward because "abdominal region" is a bit redundant, but it\'s acceptable. In anatomy, we say "abdominal cavity" for the internal space, but the region is the abdomen.\n\nPerhaps it\'s "thoracic" and "thorax," but I think abdomen is more common for this context.\n\nI recall that the question might be from a specific source where the answer is "abdomen" for both, but that doesn\'t make sense.\n\nLet\'s think of the phrase "the blank itself" – it implies that the second blank is the term that is the region.\n\nFor example, the region is called "the abdomen," so another' (non-answer)  correct={'llm_judge': False}  fitness=0.20 (1/5 wrong, llm_judge)
06:58:34  INFO         Paraphrase: 'The blank is an alternative name for the blank region of the torso.'  →  Victim: 'belly'  correct={'llm_judge': True}  fitness=0.60 (3/5 wrong, llm_judge)
07:00:38  INFO         Paraphrase: 'The blank region of the torso is commonly known as another name for the blank.'  →  Victim: 'Hmm, the user wants me to fill in the blanks for this anatomy question. The sentence is: "The blank region of the torso is commonly known as another name for the blank." \n\nI need to recall basic human anatomy. The torso has several regions: chest, abdomen, back, etc. The blank here is probably referring to the abdominal area. I remember that the abdomen is often called the "belly" in everyday language. \n\nLet me think about common terms. In medical contexts, the abdomen is the area between the chest and pelvis. But the question says "another name," so it\'s likely a colloquial term. I think "belly" is the simple term people use for the abdomen. \n\nI should confirm if there\'s any trick here. The sentence structure has two blanks: first blank is the region, second blank is the other name. So it\'s "The [region] region of the torso is commonly known as another name for the [term]." \n\nAh, I see. The phrase is "the blank region" so the first blank is the name of the region, and the second blank is the alternative name. But the sentence says "another name for the blank," so it\'s a bit confusing. \n\nReading carefully: "The blank region of the as another name for the blank." No, the user wrote: "The blank region of the torso is commonly known as another name for the blank." \n\nSo it\'s: [Region] region of the torso is commonly known as another name for [Term]. \n\nIn anatomy, the abdomen is commonly called the "belly." For example, people say "belly button" for umbilicus. \n\nI think the answer is: abdomen is commonly known as belly. \n\nBut the sentence has two blanks. Let me parse it. \n\nThe full sentence should be: "The abdomen region of the torso is commonly known as another name for the belly." \n\nBut that sounds odd because "abdomen" is already a region. Typically, we say "the abdominal region" but here it says "the blank region," so the first blank is "abdominal" or "abdomen"? \n\nI recall that in many contexts, especially in medical shorthand, the abdomen is referred to as the "belly." \n\nPerhaps it\'s the thorax? But thorax is chest, not commonly called something else. \n\nAnother thought: in some contexts, the "belly" specifically refers to the anterior abdominal wall. \n\nI think the standard answer here is that the abdomen is called the belly. \n\nLet me see if there\'s a more precise term. The question says "the blank region," so the region name is one word. \n\nCommonly, people say "belly" for the abdomen. \n\nFor example, in surgery, they might say "abdominal surgery" but colloquially, "belly surgery" is used. \n\nI think for this question, the intended answer is: abdomen for the first blank, belly for the second blank. \n\nBut the sentence structure: "The [first] region of the torso is commonly known as another name for the [second]." \n\nSo it\'s: The abdomen region of the torso is commonly known as another name for the belly. \n\nBut that\'s a bit awkward because "abdomen" is the region itself. \n\nPerhaps it\'s "abdominal" as the adjective. \n\nLet\'s think differently. In anatomy, the torso has the thoracic cavity and abdominal cavity. The abdominal cavity is often called the "belly" in informal terms. \n\nI found a reference in my mind: in many textbooks, the abdomen is synonymous with the belly. \n\nFor instance, the term "belly button" is the umbilicus, which is on the abdomen. \n\nSo I think the answer is: abdomen and belly. \n\nBut the user wants the shortest direct answer. The instruction says: "Return only the answer itself." and "Do not use a full sentence unless necessary." \n\nAlso, "only the shortest direct answer." \n\nSo probably I need to provide the two words. \n\nThe question has two blanks, so the answer should be the two terms. \n\nBut how to phrase it? \n\nPerhaps the answer is "abdomen belly" but that might not be clear. \n\nAnother idea: in some contexts, the "belly" refers to the entire anterior trunk, but I think for this, it\'s standard. \n\nI recall that in medical terminology, the abdomen is the region, and it\'s commonly called the belly. \n\nLet me see if there\'s a trick. The question says "the blank region," so the first blank is the name of the region, like "abdominal" or "abdomen." \n\nIn English, we say "abdomen" for the region. \n\nFor example, "the abdomen is the part of the body between the chest and pelvis." \n\nAnd it\'s commonly known as "the belly." \n\nSo for the sentence: "The abdomen region of the torso is commonly known as another name for the belly." \n\nBut the phrase "abdomen region" is redundant because "abdomen" is the region. Typically, we say "the abdominal region" but here it says "the blank region," so the blank is "abdominal" or "abdomen." \n\nI think the intended answer is that the first blank is "abdominal" and the second is "belly." \n\nLet\'s check online quickly in my mind. \n\nI remember that in many multiple-choice questions, this is a standard fact. \n\nFor instance, "The abdomen is also known as the belly." \n\nSo the region is "abdomen," and the other name is "belly." \n\nThe sentence says "the blank region," so if I put "abdomen" in the first blank, it becomes "The abdomen region" which is a bit odd, but in context, it might be acceptable. \n\nTo be precise, in anatomy, the region is called the "abdominal region," but the term "abdomen" alone refers to that area. \n\nI think for this purpose, the answer is "abdomen" for the first blank and "belly" for the second blank. \n\nThe user wants the shortest direct answer. So perhaps I should say "abdomen belly" but that might not be clear. \n\nThe instruction says: "Return only the answer itself." and "Do not use a full sentence." \n\nAlso, "only the shortest direct answer." \n\nSo I think the answer is "abdomen belly" but to make it a phrase. \n\nAnother thought: in some contexts, the "belly" is specifically the anterior part, but I think it\'s fine. \n\nI found a better way: the question might be referring to the "thorax" but thorax is not commonly called something else. \n\nNo, I think abdomen is correct. \n\nLet\'s consider the phrase: "the blank region of the torso" — torso has regions like thorax, abdomen, pelvis. \n\nThe abdomen is the most common one that has a colloquial name. \n\nAlso, the sentence says "commonly known as another name," so it\'s informal. \n\nI recall that in children\'s language, the abdomen is called "belly." \n\nSo I\'ll go with that. \n\nFor the answer, since it\'s two blanks, I need to provide both terms. \n\nThe shortest direct answer could be "abdomen belly" \n\nBut to be precise, let\'s see if the question expects specific terms. \n\nPerhaps it\'s "abdominal" for the first blank. \n\nThe sentence: "The abdominal region of the torso is commonly known as another name for the belly." \n\nThat sounds better. "Abdominal" is the adjective for the region. \n\nIn anatomy, we say "abdominal region" meaning the area of the abdomen. \n\nAnd it\'s commonly called "the belly." \n\nFor example, "abdominal pain" is often called "belly pain." \n\nSo the first blank is "abdominal," the second blank is "belly." \n\nThat seems right. \n\nThe phrase "the abdominal region" is standard. \n\nSo the answer should be "abdominal" and "belly." \n\nBut the user said "the blank region," so the blank is the adjective. \n\nIn the sentence, it\'s "the [adjective] region," so for abdomen, it\'s "abdominal." \n\nYes, that makes sense. \n\nFor instance, "the thoracic region" for chest. \n\nSo here, "the abdominal region" is the region of the torso, and it\'s commonly known as "the belly." \n\nSo the two blanks are: first blank: abdominal, second blank: belly. \n\nTherefore, the answer is "abdominal belly" \n\nBut to write it as the answer. \n\nThe instruction says: "Return only the answer itself." and "Do not use a full sentence." \n\nSo I should output "abdominal belly" \n\nBut let\'s confirm if there\'s a shorter way. \n\nPerhaps the question is from a specific context. \n\nAnother common one: the "belly" might be confused with "abdomen," but I think this is it. \n\nI think that\'s the answer. \n\nSo I\'ll go with "abdominal belly" \n\nBut the user said "the shortest direct answer." \n\nPerhaps they want just the terms without spaces, but that might be messy. \n\nNo, I think "abdominal belly" is clear. \n\nTo be even shorter, but I think it\'s fine. \n\nThe instruction says: "Do not explain. Do not repeat the question." \n\nSo I\'ll output "abdominal belly" \n\nBut let\'s see the example: if it were a single blank, but here it\'s two blanks.' (non-answer)  correct={'llm_judge': False}  fitness=0.80 (4/5 wrong, llm_judge)
07:00:38  INFO         Round 8/8 done: 5 generated, 0 duplicates, 1 rejected, 4 passed validation (queried), 0 successful
07:00:38  INFO       Attack finished after 8 round(s): 13 valid victim queries, successful attacks per evaluator: {'llm_judge': 2}, robust: 2
07:00:38  INFO     [6/22] Qnqo_validation_1197: Who is given credit for inventing the aqua lung?
07:00:49  INFO       Victim (original): 'Jacques-Yves Cousteau'
07:00:51  INFO       [llm_judge] original correct=True
07:01:36  INFO       Original wrong rate: 0.20 (1/5 sampled answers wrong, llm_judge)
07:01:36  INFO       Attack round 1/8
07:01:38  INFO         Generated 5 candidates
07:02:30  INFO         Paraphrase: 'Who is credited with inventing the aqua lung?'  →  Victim: 'Jacques-Yves Cousteau'  correct={'llm_judge': True}  fitness=0.40 (2/5 wrong, llm_judge)
07:03:34  INFO         Paraphrase: 'What person is given credit for inventing the aqua lung?'  →  Victim: 'Emile Gagnan'  correct={'llm_judge': True}  fitness=0.20 (1/5 wrong, llm_judge)
07:04:39  INFO         Paraphrase: 'Who is generally credited with inventing the aqua lung?'  →  Victim: 'Jacques-Yves Cousteau'  correct={'llm_judge': True}  fitness=0.00 (0/5 wrong, llm_judge)
07:05:27  INFO         Paraphrase: 'Who is responsible for inventing the aqua lung?'  →  Victim: 'Emile Gagnan'  correct={'llm_judge': True}  fitness=0.20 (1/5 wrong, llm_judge)
07:06:36  INFO         Paraphrase: 'Who are credited with inventing the aqua lung?'  →  Victim: 'Jacques-Yves Cousteau and Emile Gagnan'  correct={'llm_judge': True}  fitness=0.00 (0/5 wrong, llm_judge)
07:06:36  INFO         Round 1/8 done: 5 generated, 0 duplicates, 0 rejected, 5 passed validation (queried), 0 successful
07:06:36  INFO       Attack round 2/8
07:06:36  INFO         Evolving 3 parent(s):
07:06:36  INFO           fitness=0.40  'Who is credited with inventing the aqua lung?'
07:06:36  INFO           fitness=0.20  'What person is given credit for inventing the aqua lung?'
07:06:36  INFO           fitness=0.20  'Who is responsible for inventing the aqua lung?'
07:06:38  INFO         Generated 5 candidates
07:07:47  INFO         Paraphrase: 'Who is given credit for the invention of the aqua lung?'  →  Victim: 'Jacques-Yves Cousteau'  correct={'llm_judge': True}  fitness=0.60 (3/5 wrong, llm_judge)
07:08:54  INFO         Paraphrase: 'Who are people credited with inventing the aqua lung?'  →  Victim: 'Emile Gagnan and Jacques-Yves Cousteau'  correct={'llm_judge': True}  fitness=0.00 (0/5 wrong, llm_judge)

[QUESTION EQUIVALENCE FAILED]
Original:   Who is given credit for inventing the aqua lung?
Paraphrase: Who is given credit for inventing the aqua lung and who else?

07:10:02  INFO         Paraphrase: 'Who is typically given credit for inventing the aqua lung?'  →  Victim: 'Jacques-Yves Cousteau'  correct={'llm_judge': True}  fitness=0.00 (0/5 wrong, llm_judge)
07:11:03  INFO         Paraphrase: 'Who is given credit for being the inventor of the aqua lung?'  →  Victim: 'Emile Gagnan'  correct={'llm_judge': True}  fitness=0.20 (1/5 wrong, llm_judge)
07:11:03  INFO         Round 2/8 done: 5 generated, 0 duplicates, 1 rejected, 4 passed validation (queried), 0 successful
07:11:03  INFO       Attack round 3/8
07:11:03  INFO         Evolving 3 parent(s):
07:11:03  INFO           fitness=0.60  'Who is given credit for the invention of the aqua lung?'
07:11:03  INFO           fitness=0.40  'Who is credited with inventing the aqua lung?'
07:11:03  INFO           fitness=0.20  'What person is given credit for inventing the aqua lung?'
07:11:05  INFO         Generated 5 candidates

[TOO DIFFERENT]
Original:   Who is given credit for inventing the aqua lung?
Paraphrase: Who is credited with the invention of the aqua lung?
Keeps 40% of the original's content words

07:13:08  INFO         Paraphrase: 'Who is given credit for inventing the aqua lung with?'  →  Victim: 'Emile Gagnan'  correct={'llm_judge': True}  fitness=0.00 (0/5 wrong, llm_judge)
07:14:06  INFO         Paraphrase: 'What people are given credit for inventing the aqua lung?'  →  Victim: 'Jacques-Yves Cousteau and Emile Gagnan'  correct={'llm_judge': True}  fitness=0.00 (0/5 wrong, llm_judge)

[TOO DIFFERENT]
Original:   Who is given credit for inventing the aqua lung?
Paraphrase: Who is responsible for the invention of the aqua lung?
Keeps 40% of the original's content words


[TOO DIFFERENT]
Original:   Who is given credit for inventing the aqua lung?
Paraphrase: Who are credited with the invention of the aqua lung?
Keeps 40% of the original's content words

07:14:07  INFO         Round 3/8 done: 5 generated, 0 duplicates, 3 rejected, 2 passed validation (queried), 0 successful
07:14:07  INFO       Attack round 4/8
07:14:07  INFO         Evolving 3 parent(s):
07:14:07  INFO           fitness=0.60  'Who is given credit for the invention of the aqua lung?'
07:14:07  INFO           fitness=0.40  'Who is credited with inventing the aqua lung?'
07:14:07  INFO           fitness=0.20  'What person is given credit for inventing the aqua lung?'
07:14:09  INFO         Generated 5 candidates
07:15:09  INFO         Paraphrase: 'Who is given credit for the inventing of the aqua lung?'  →  Victim: 'Jacques-Yves Cousteau'  correct={'llm_judge': True}  fitness=0.20 (1/5 wrong, llm_judge)
07:15:09  INFO         [duplicate, skipped] 'Who is credited with the invention of the aqua lung?'
07:15:54  INFO         Paraphrase: 'What person is credited with inventing the aqua lung?'  →  Victim: 'Emile Gagnan'  correct={'llm_judge': True}  fitness=0.20 (1/5 wrong, llm_judge)
07:17:11  INFO         Paraphrase: 'Who is typically credited with inventing the aqua lung?'  →  Victim: 'Jacques-Yves Cousteau'  correct={'llm_judge': True}  fitness=0.00 (0/5 wrong, llm_judge)

[QUESTION EQUIVALENCE FAILED]
Original:   Who is given credit for inventing the aqua lung?
Paraphrase: Who are the people given credit for inventing the aqua lung and who else?

07:17:11  INFO         Round 4/8 done: 5 generated, 1 duplicates, 1 rejected, 3 passed validation (queried), 0 successful
07:17:11  INFO       Attack round 5/8
07:17:11  INFO         Evolving 3 parent(s):
07:17:11  INFO           fitness=0.60  'Who is given credit for the invention of the aqua lung?'
07:17:11  INFO           fitness=0.40  'Who is credited with inventing the aqua lung?'
07:17:11  INFO           fitness=0.20  'What person is given credit for inventing the aqua lung?'
07:17:13  INFO         Generated 5 candidates
07:17:13  INFO         [duplicate, skipped] 'Who is credited with the invention of the aqua lung?'
07:18:31  INFO         Paraphrase: 'Who is given credit for inventing the aqua lung and its invention?'  →  Victim: 'Auguste Montal'  correct={'llm_judge': False}  fitness=0.20 (1/5 wrong, llm_judge)
07:18:31  INFO         *** ATTACK SUCCESS (round 5) ***
        Paraphrase:    Who is given credit for inventing the aqua lung and its invention?
        Victim answer: Auguste Montal
        Per evaluator: {'llm_judge': True}
        Wrong rate:    0.20 vs 0.20 on the original (not robust)

[TOO DIFFERENT]
Original:   Who is given credit for inventing the aqua lung?
Paraphrase: What person is credited with the invention of the aqua lung?
Keeps 40% of the original's content words


[TOO DIFFERENT]
Original:   Who is given credit for inventing the aqua lung?
Paraphrase: Who are credited with the invention of the aqua lung and other important contributions?
Keeps 40% of the original's content words

07:19:22  INFO         Paraphrase: 'Who is credited with inventing the aqua lung and its development?'  →  Victim: 'Emile Gagnan and Jacques-Yves Cousteau'  correct={'llm_judge': True}  fitness=0.20 (1/5 wrong, llm_judge)
07:19:22  INFO         Round 5/8 done: 5 generated, 1 duplicates, 2 rejected, 2 passed validation (queried), 1 successful
07:19:22  INFO       Attack round 6/8
07:19:22  INFO         Evolving 3 parent(s):
07:19:22  INFO           fitness=0.60  'Who is given credit for the invention of the aqua lung?'
07:19:22  INFO           fitness=0.40  'Who is credited with inventing the aqua lung?'
07:19:22  INFO           fitness=0.20  'What person is given credit for inventing the aqua lung?'
07:19:24  INFO         Generated 5 candidates
07:20:26  INFO         Paraphrase: 'Who is generally given credit for inventing the aqua lung?'  →  Victim: 'Jacques-Yves Cousteau'  correct={'llm_judge': True}  fitness=0.20 (1/5 wrong, llm_judge)
07:20:26  INFO         [duplicate, skipped] 'Who is credited with the invention of the aqua lung?'
07:21:15  INFO         Paraphrase: 'Who is usually given credit for inventing the aqua lung?'  →  Victim: 'Auguste Piccard'  correct={'llm_judge': False}  fitness=0.60 (3/5 wrong, llm_judge)
07:21:15  INFO         *** ATTACK SUCCESS (round 6) ***
        Paraphrase:    Who is usually given credit for inventing the aqua lung?
        Victim answer: Auguste Piccard
        Per evaluator: {'llm_judge': True}
        Wrong rate:    0.60 vs 0.20 on the original (not robust)
07:21:15  INFO         [duplicate, skipped] 'What people are given credit for inventing the aqua lung?'
07:22:03  INFO         Paraphrase: 'Who are the ones given credit for inventing the aqua lung?'  →  Victim: 'Jacques-Yves Cousteau and Emile Gagnan'  correct={'llm_judge': True}  fitness=0.20 (1/5 wrong, llm_judge)
07:22:03  INFO         Round 6/8 done: 5 generated, 2 duplicates, 0 rejected, 3 passed validation (queried), 1 successful
07:22:03  INFO       Attack round 7/8
07:22:03  INFO         Evolving 3 parent(s):
07:22:03  INFO           fitness=0.60  'Who is given credit for the invention of the aqua lung?'
07:22:03  INFO           fitness=0.60  'Who is usually given credit for inventing the aqua lung?'
07:22:03  INFO           fitness=0.40  'Who is credited with inventing the aqua lung?'
07:22:05  INFO         Generated 5 candidates
07:22:05  INFO         [duplicate, skipped] 'Who is credited with inventing the aqua lung?'

[QUESTION EQUIVALENCE FAILED]
Original:   Who is given credit for inventing the aqua lung?
Paraphrase: Who is given credit for the invention of the aqua lung and who else?

07:23:16  INFO         Paraphrase: 'What people are credited with inventing the aqua lung?'  →  Victim: 'Jacques-Yves Cousteau and Emile Gagnan'  correct={'llm_judge': True}  fitness=0.20 (1/5 wrong, llm_judge)
07:23:16  INFO         [duplicate, skipped] 'Who is given credit for inventing the aqua lung and its invention?'
07:24:17  INFO         Paraphrase: 'Who is usually credited with inventing the aqua lung?'  →  Victim: 'Jacques-Yves Cousteau'  correct={'llm_judge': True}  fitness=0.20 (1/5 wrong, llm_judge)
07:24:17  INFO         Round 7/8 done: 5 generated, 2 duplicates, 1 rejected, 2 passed validation (queried), 0 successful
07:24:17  INFO       Attack round 8/8
07:24:17  INFO         Evolving 3 parent(s):
07:24:17  INFO           fitness=0.60  'Who is given credit for the invention of the aqua lung?'
07:24:17  INFO           fitness=0.60  'Who is usually given credit for inventing the aqua lung?'
07:24:17  INFO           fitness=0.40  'Who is credited with inventing the aqua lung?'
07:24:19  INFO         Generated 5 candidates

[TOO DIFFERENT]
Original:   Who is given credit for inventing the aqua lung?
Paraphrase: Who is credited for the invention of the aqua lung?
Keeps 40% of the original's content words

07:25:25  INFO         Paraphrase: 'Who usually is credited with inventing the aqua lung?'  →  Victim: 'Emile Gagnan'  correct={'llm_judge': True}  fitness=0.20 (1/5 wrong, llm_judge)
07:25:25  INFO         [duplicate, skipped] 'What person is given credit for inventing the aqua lung?'

[TOO DIFFERENT]
Original:   Who is given credit for inventing the aqua lung?
Paraphrase: Who is credited with the invention of the aqua lung and others?
Keeps 40% of the original's content words

07:26:19  INFO         Paraphrase: 'Who is usually credited with inventing the aqua lung and others?'  →  Victim: 'Jacques-Yves Cousteau'  correct={'llm_judge': True}  fitness=0.00 (0/5 wrong, llm_judge)
07:26:19  INFO         Round 8/8 done: 5 generated, 1 duplicates, 2 rejected, 2 passed validation (queried), 0 successful
07:26:19  INFO       Attack finished after 8 round(s): 23 valid victim queries, successful attacks per evaluator: {'llm_judge': 2}, robust: 0
07:26:19  INFO     [7/22] Qnqo_validation_1243: The first element on the periodic table is?
07:26:22  INFO       Victim (original): 'Hydrogen'
07:26:22  INFO       [llm_judge] original correct=True
07:26:33  INFO       Original wrong rate: 0.00 (0/5 sampled answers wrong, llm_judge)
07:26:33  INFO       Attack round 1/8
07:26:35  INFO         Generated 5 candidates
07:26:57  INFO         Paraphrase: 'The first element listed on the periodic table is?'  →  Victim: 'Hydrogen'  correct={'llm_judge': True}  fitness=0.00 (0/5 wrong, llm_judge)
07:27:15  INFO         Paraphrase: 'What is the first element shown on the periodic table?'  →  Victim: 'Hydrogen'  correct={'llm_judge': True}  fitness=0.00 (0/5 wrong, llm_judge)
07:27:32  INFO         Paraphrase: 'Which is the first element in the periodic table?'  →  Victim: 'Hydrogen'  correct={'llm_judge': True}  fitness=0.00 (0/5 wrong, llm_judge)
07:27:48  INFO         Paraphrase: 'On the periodic table, what is the very first element?'  →  Victim: 'Hydrogen'  correct={'llm_judge': True}  fitness=0.00 (0/5 wrong, llm_judge)
07:28:09  INFO         Paraphrase: 'What element comes first on the periodic table?'  →  Victim: 'Hydrogen'  correct={'llm_judge': True}  fitness=0.00 (0/5 wrong, llm_judge)
07:28:09  INFO         Round 1/8 done: 5 generated, 0 duplicates, 0 rejected, 5 passed validation (queried), 0 successful
07:28:09  INFO       Attack round 2/8
07:28:11  INFO         Generated 5 candidates

[QUESTION EQUIVALENCE FAILED]
Original:   The first element on the periodic table is?
Paraphrase: The first element on the periodic table is located at?


[ANSWER PRESERVATION FAILED]
Original:   The first element on the periodic table is?
Answer(s):  ['Hydrogen']
Paraphrase: What is the first element to be found on the periodic table?

07:28:37  INFO         Paraphrase: 'The element that is first listed on the periodic table is?'  →  Victim: 'Hydrogen'  correct={'llm_judge': True}  fitness=0.00 (0/5 wrong, llm_judge)
07:28:58  INFO         Paraphrase: 'What is the first element you see on the periodic table?'  →  Victim: 'Hydrogen'  correct={'llm_judge': True}  fitness=0.00 (0/5 wrong, llm_judge)
07:29:15  INFO         Paraphrase: 'The first element on the periodic table is the one that appears at the beginning of the table.'  →  Victim: 'Hydrogen'  correct={'llm_judge': True}  fitness=0.00 (0/5 wrong, llm_judge)
07:29:15  INFO         Round 2/8 done: 5 generated, 0 duplicates, 2 rejected, 3 passed validation (queried), 0 successful
07:29:15  INFO       Attack round 3/8
07:29:17  INFO         Generated 5 candidates
07:29:42  INFO         Paraphrase: 'The first element appearing on the periodic table is?'  →  Victim: 'Hydrogen'  correct={'llm_judge': True}  fitness=0.00 (0/5 wrong, llm_judge)
07:30:01  INFO         Paraphrase: 'The first element listed on the periodic table is a?'  →  Victim: 'hydrogen'  correct={'llm_judge': True}  fitness=0.00 (0/5 wrong, llm_judge)
07:30:16  INFO         Paraphrase: "The periodic table's first element is?"  →  Victim: 'hydrogen'  correct={'llm_judge': True}  fitness=0.00 (0/5 wrong, llm_judge)
07:30:38  INFO         Paraphrase: 'What is the first element seen on the periodic table?'  →  Victim: 'hydrogen'  correct={'llm_judge': True}  fitness=0.00 (0/5 wrong, llm_judge)
07:30:54  INFO         Paraphrase: 'The first element shown on the periodic table is an?'  →  Victim: 'hydrogen'  correct={'llm_judge': True}  fitness=0.00 (0/5 wrong, llm_judge)
07:30:54  INFO         Round 3/8 done: 5 generated, 0 duplicates, 0 rejected, 5 passed validation (queried), 0 successful
07:30:54  INFO       Attack round 4/8
07:30:56  INFO         Generated 5 candidates
07:31:11  INFO         Paraphrase: 'The first element situated on the periodic table is?'  →  Victim: 'hydrogen'  correct={'llm_judge': True}  fitness=0.00 (0/5 wrong, llm_judge)
07:31:30  INFO         Paraphrase: 'The element first on the periodic table is?'  →  Victim: 'hydrogen'  correct={'llm_judge': True}  fitness=0.00 (0/5 wrong, llm_judge)
07:31:45  INFO         Paraphrase: 'The first element situated on the periodic table is a?'  →  Victim: 'hydrogen'  correct={'llm_judge': True}  fitness=0.00 (0/5 wrong, llm_judge)
07:32:05  INFO         Paraphrase: 'On the periodic table, the first element is?'  →  Victim: 'Hydrogen'  correct={'llm_judge': True}  fitness=0.00 (0/5 wrong, llm_judge)
07:32:20  INFO         Paraphrase: 'The element positioned first on the periodic table is?'  →  Victim: 'Hydrogen'  correct={'llm_judge': True}  fitness=0.00 (0/5 wrong, llm_judge)
07:32:20  INFO         Round 4/8 done: 5 generated, 0 duplicates, 0 rejected, 5 passed validation (queried), 0 successful
07:32:20  INFO       Attack round 5/8
07:32:22  INFO         Generated 5 candidates
07:32:40  INFO         Paraphrase: 'The very first element on the periodic table is?'  →  Victim: 'Hydrogen'  correct={'llm_judge': True}  fitness=0.00 (0/5 wrong, llm_judge)

[ANSWER PRESERVATION FAILED]
Original:   The first element on the periodic table is?
Answer(s):  ['Hydrogen']
Paraphrase: The first element on the periodic table is positioned at?

07:33:04  INFO         Paraphrase: 'What is the element that is first on the periodic table?'  →  Victim: 'hydrogen'  correct={'llm_judge': True}  fitness=0.00 (0/5 wrong, llm_judge)
07:33:34  INFO         Paraphrase: 'The first element appearing on the periodic table is situated at?'  →  Victim: 'Hydrogen'  correct={'llm_judge': True}  fitness=0.40 (2/5 wrong, llm_judge)
07:33:55  INFO         Paraphrase: 'On the periodic table, the very first element is?'  →  Victim: 'Hydrogen'  correct={'llm_judge': True}  fitness=0.00 (0/5 wrong, llm_judge)
07:33:55  INFO         Round 5/8 done: 5 generated, 0 duplicates, 1 rejected, 4 passed validation (queried), 0 successful
07:33:55  INFO       Attack round 6/8
07:33:55  INFO         Evolving 1 parent(s):
07:33:55  INFO           fitness=0.40  'The first element appearing on the periodic table is situated at?'
07:33:57  INFO         Generated 5 candidates
07:34:16  INFO         Paraphrase: 'Which is the first element appearing on the periodic table?'  →  Victim: 'hydrogen'  correct={'llm_judge': True}  fitness=0.00 (0/5 wrong, llm_judge)
07:34:32  INFO         Paraphrase: 'On the periodic table, the first element appearing is?'  →  Victim: 'hydrogen'  correct={'llm_judge': True}  fitness=0.00 (0/5 wrong, llm_judge)
07:34:53  INFO         Paraphrase: 'What is the first element appearing on the periodic table?'  →  Victim: 'Hydrogen'  correct={'llm_judge': True}  fitness=0.00 (0/5 wrong, llm_judge)
07:35:22  INFO         Paraphrase: 'The first element to appear on the periodic table is?'  →  Victim: 'hydrogen'  correct={'llm_judge': True}  fitness=0.00 (0/5 wrong, llm_judge)
07:35:44  INFO         Paraphrase: 'The element that appears first on the periodic table is?'  →  Victim: 'hydrogen'  correct={'llm_judge': True}  fitness=0.00 (0/5 wrong, llm_judge)
07:35:44  INFO         Round 6/8 done: 5 generated, 0 duplicates, 0 rejected, 5 passed validation (queried), 0 successful
07:35:44  INFO       Attack round 7/8
07:35:44  INFO         Evolving 1 parent(s):
07:35:44  INFO           fitness=0.40  'The first element appearing on the periodic table is situated at?'
07:35:45  INFO         Generated 5 candidates
07:36:05  INFO         Paraphrase: 'The first element located on the periodic table is?'  →  Victim: 'hydrogen'  correct={'llm_judge': True}  fitness=0.00 (0/5 wrong, llm_judge)
07:36:29  INFO         Paraphrase: 'The first element found on the periodic table is?'  →  Victim: 'Hydrogen'  correct={'llm_judge': True}  fitness=0.00 (0/5 wrong, llm_judge)
07:36:59  INFO         Paraphrase: 'The element first appearing on the periodic table is what?'  →  Victim: 'hydrogen'  correct={'llm_judge': True}  fitness=0.00 (0/5 wrong, llm_judge)
07:37:17  INFO         Paraphrase: "The periodic table's first element is what?"  →  Victim: 'hydrogen'  correct={'llm_judge': True}  fitness=0.00 (0/5 wrong, llm_judge)
07:37:35  INFO         Paraphrase: 'The first element shown on the periodic table is which?'  →  Victim: 'Hydrogen'  correct={'llm_judge': True}  fitness=0.00 (0/5 wrong, llm_judge)
07:37:35  INFO         Round 7/8 done: 5 generated, 0 duplicates, 0 rejected, 5 passed validation (queried), 0 successful
07:37:35  INFO       Attack round 8/8
07:37:35  INFO         Evolving 1 parent(s):
07:37:35  INFO           fitness=0.40  'The first element appearing on the periodic table is situated at?'
07:37:37  INFO         Generated 5 candidates

[ANSWER PRESERVATION FAILED]
Original:   The first element on the periodic table is?
Answer(s):  ['Hydrogen']
Paraphrase: The first element on the periodic table that you see is?


[ANSWER PRESERVATION FAILED]
Original:   The first element on the periodic table is?
Answer(s):  ['Hydrogen']
Paraphrase: The element that appears first on the periodic table is the first one?

07:38:02  INFO         Paraphrase: "The periodic table's first element, what is it?"  →  Victim: 'Hydrogen'  correct={'llm_judge': True}  fitness=0.00 (0/5 wrong, llm_judge)
07:38:19  INFO         Paraphrase: 'On the periodic table, the very first element, which is it?'  →  Victim: 'Hydrogen'  correct={'llm_judge': True}  fitness=0.00 (0/5 wrong, llm_judge)
07:38:44  INFO         Paraphrase: 'The first element to appear on the periodic table, what is its name?'  →  Victim: 'Hydrogen'  correct={'llm_judge': True}  fitness=0.00 (0/5 wrong, llm_judge)
07:38:44  INFO         Round 8/8 done: 5 generated, 0 duplicates, 2 rejected, 3 passed validation (queried), 0 successful
07:38:44  INFO       Attack finished after 8 round(s): 35 valid victim queries, successful attacks per evaluator: {'llm_judge': 0}, robust: 0
07:38:44  INFO     [8/22] Qnqo_validation_1337: What was the united states foreign policy after ww1 started?
07:38:49  INFO       Victim (original): 'neutrality'
07:38:49  INFO       [llm_judge] original correct=True
07:39:20  INFO       Original wrong rate: 0.00 (0/5 sampled answers wrong, llm_judge)
07:39:20  INFO       Attack round 1/8
07:39:22  INFO         Generated 5 candidates

[TOO DIFFERENT]
Original:   What was the united states foreign policy after ww1 started?
Paraphrase: What was the US foreign policy after World War I began?
Keeps 43% of the original's content words


[TOO DIFFERENT]
Original:   What was the united states foreign policy after ww1 started?
Paraphrase: What was the US foreign policy like during World War I?
Keeps 29% of the original's content words

07:39:59  INFO         Paraphrase: 'What was the stance of the US on foreign policy after WW1 started?'  →  Victim: 'Neutrality until 1917'  correct={'llm_judge': True}  fitness=0.00 (0/5 wrong, llm_judge)

[TOO DIFFERENT]
Original:   What was the united states foreign policy after ww1 started?
Paraphrase: What was the US stance on foreign policy after the beginning of WW1?
Keeps 57% of the original's content words


[TOO DIFFERENT]
Original:   What was the united states foreign policy after ww1 started?
Paraphrase: How did the US approach foreign policy after the outbreak of WW1?
Keeps 57% of the original's content words

07:40:00  INFO         Round 1/8 done: 5 generated, 0 duplicates, 4 rejected, 1 passed validation (queried), 0 successful
07:40:00  INFO       Attack round 2/8
07:40:02  INFO         Generated 5 candidates
07:40:32  INFO         Paraphrase: "What was the United States' foreign policy after World War I began?"  →  Victim: 'Neutrality'  correct={'llm_judge': True}  fitness=0.00 (0/5 wrong, llm_judge)
07:41:05  INFO         Paraphrase: "What was the US's stance on foreign policy after WW1 started?"  →  Victim: 'neutral'  correct={'llm_judge': True}  fitness=0.00 (0/5 wrong, llm_judge)

[TOO DIFFERENT]
Original:   What was the united states foreign policy after ww1 started?
Paraphrase: What US foreign policy existed after WW1 commenced?
Keeps 57% of the original's content words

07:41:40  INFO         Paraphrase: "What was the United States' policy on foreign relations after WW1 started?"  →  Victim: 'Neutrality'  correct={'llm_judge': True}  fitness=0.00 (0/5 wrong, llm_judge)
07:42:04  INFO         Paraphrase: 'What was the stance of the United States on foreign policy after the outbreak of WW1?'  →  Victim: 'neutrality'  correct={'llm_judge': True}  fitness=0.00 (0/5 wrong, llm_judge)
07:42:04  INFO         Round 2/8 done: 5 generated, 0 duplicates, 1 rejected, 4 passed validation (queried), 0 successful
07:42:04  INFO       Attack round 3/8
07:42:06  INFO         Generated 5 candidates

[TOO DIFFERENT]
Original:   What was the united states foreign policy after ww1 started?
Paraphrase: What was the US stance on foreign policy after WW1 began?
Keeps 57% of the original's content words

07:42:34  INFO         Paraphrase: 'What US foreign policy stance was taken after WW1 started?'  →  Victim: 'Neutrality'  correct={'llm_judge': True}  fitness=0.00 (0/5 wrong, llm_judge)

[TOO DIFFERENT]
Original:   What was the united states foreign policy after ww1 started?
Paraphrase: What was the US's policy on foreign relations after WW1 began?
Keeps 57% of the original's content words

07:43:07  INFO         Paraphrase: "What was the united states' foreign policy following the start of WW1?"  →  Victim: 'neutrality'  correct={'llm_judge': True}  fitness=0.00 (0/5 wrong, llm_judge)

[ANSWER PRESERVATION FAILED]
Original:   What was the united states foreign policy after ww1 started?
Answer(s):  ['neutrality']
Paraphrase: What was the united states' stance on foreign policy since WW1 started?

07:43:11  INFO         Round 3/8 done: 5 generated, 0 duplicates, 3 rejected, 2 passed validation (queried), 0 successful
07:43:11  INFO       Attack round 4/8
07:43:13  INFO         Generated 5 candidates
07:43:44  INFO         Paraphrase: "What was the US's foreign policy after WW1 started?"  →  Victim: 'neutrality'  correct={'llm_judge': True}  fitness=0.00 (0/5 wrong, llm_judge)

[ANSWER PRESERVATION FAILED]
Original:   What was the united states foreign policy after ww1 started?
Answer(s):  ['neutrality']
Paraphrase: What was the United States' policy on foreign policy after WW1 started?


[TOO DIFFERENT]
Original:   What was the united states foreign policy after ww1 started?
Paraphrase: What US foreign policy stance was taken after the beginning of WW1?
Keeps 57% of the original's content words

07:43:48  INFO         [duplicate, skipped] "What was the United States' foreign policy after World War I began?"

[TOO DIFFERENT]
Original:   What was the united states foreign policy after ww1 started?
Paraphrase: What US foreign policy existed from the start of WW1?
Keeps 43% of the original's content words

07:43:49  INFO         Round 4/8 done: 5 generated, 1 duplicates, 3 rejected, 1 passed validation (queried), 0 successful
07:43:49  INFO       Attack round 5/8
07:43:51  INFO         Generated 5 candidates
07:44:24  INFO         Paraphrase: "What was the United States' foreign policy after WW1 started?"  →  Victim: 'neutrality'  correct={'llm_judge': True}  fitness=0.00 (0/5 wrong, llm_judge)
07:44:57  INFO         Paraphrase: "What was the US's policy on foreign relations after WW1 started?"  →  Victim: 'Neutrality until 1917.'  correct={'llm_judge': True}  fitness=0.00 (0/5 wrong, llm_judge)
07:44:57  INFO         [duplicate, skipped] 'What US foreign policy stance was taken after WW1 started?'
07:44:57  INFO         [duplicate, skipped] "What was the united states' foreign policy following the start of WW1?"

[TOO DIFFERENT]
Original:   What was the united states foreign policy after ww1 started?
Paraphrase: What US foreign policy existed during WW1?
Keeps 43% of the original's content words

07:44:58  INFO         Round 5/8 done: 5 generated, 2 duplicates, 1 rejected, 2 passed validation (queried), 0 successful
07:44:58  INFO       Attack round 6/8
07:45:00  INFO         Generated 5 candidates
07:45:00  INFO         [duplicate, skipped] "What was the US's foreign policy after WW1 started?"
07:45:24  INFO         Paraphrase: "What was the United States' stance on foreign policy after the outbreak of WW1?"  →  Victim: 'neutrality'  correct={'llm_judge': True}  fitness=0.00 (0/5 wrong, llm_judge)

[TOO DIFFERENT]
Original:   What was the united states foreign policy after ww1 started?
Paraphrase: What US foreign policy existed after the start of WW1?
Keeps 57% of the original's content words

07:45:25  INFO         [duplicate, skipped] "What was the United States' policy on foreign relations after WW1 started?"

[TOO DIFFERENT]
Original:   What was the united states foreign policy after ww1 started?
Paraphrase: What was the US's stance on foreign policy after WW1 began?
Keeps 57% of the original's content words

07:45:26  INFO         Round 6/8 done: 5 generated, 2 duplicates, 2 rejected, 1 passed validation (queried), 0 successful
07:45:26  INFO       Attack round 7/8
07:45:28  INFO         Generated 5 candidates
07:45:58  INFO         Paraphrase: 'What was the US foreign policy stance after WW1 started?'  →  Victim: 'Neutrality'  correct={'llm_judge': True}  fitness=0.00 (0/5 wrong, llm_judge)

[QUESTION EQUIVALENCE FAILED]
Original:   What was the united states foreign policy after ww1 started?
Paraphrase: What was the US policy on foreign policy during WW1?


[TOO DIFFERENT]
Original:   What was the united states foreign policy after ww1 started?
Paraphrase: What was the US's stance on foreign policy during the start of WW1?
Keeps 43% of the original's content words


[TOO DIFFERENT]
Original:   What was the united states foreign policy after ww1 started?
Paraphrase: What was the US's foreign policy like after WW1 began?
Keeps 57% of the original's content words

07:46:32  INFO         Paraphrase: "What was the united states' foreign policy during WW1?"  →  Victim: 'Neutrality until 1917'  correct={'llm_judge': True}  fitness=0.40 (2/5 wrong, llm_judge)
07:46:32  INFO         Round 7/8 done: 5 generated, 0 duplicates, 3 rejected, 2 passed validation (queried), 0 successful
07:46:32  INFO       Attack round 8/8
07:46:32  INFO         Evolving 1 parent(s):
07:46:32  INFO           fitness=0.40  "What was the united states' foreign policy during WW1?"
07:46:34  INFO         Generated 5 candidates

[TOO DIFFERENT]
Original:   What was the united states foreign policy after ww1 started?
Paraphrase: What was the US's foreign policy like during WW1?
Keeps 43% of the original's content words

07:47:04  INFO         Paraphrase: 'What was the foreign policy of the United States during WW1?'  →  Victim: 'Initially neutral, entered WW1 in 1917'  correct={'llm_judge': False}  fitness=0.80 (4/5 wrong, llm_judge)
07:47:04  INFO         *** ATTACK SUCCESS (round 8) ***
        Paraphrase:    What was the foreign policy of the United States during WW1?
        Victim answer: Initially neutral, entered WW1 in 1917
        Per evaluator: {'llm_judge': True}
        Wrong rate:    0.80 vs 0.00 on the original (ROBUST)
07:47:04  INFO         [duplicate, skipped] "What was the US's stance on foreign policy during the start of WW1?"
07:47:44  INFO         Paraphrase: "What was the united states' foreign policy policy during WW1?"  →  Victim: 'neutrality'  correct={'llm_judge': True}  fitness=0.20 (1/5 wrong, llm_judge)
07:48:44  INFO         Paraphrase: "What was the united states' foreign policy stance during WW1?"  →  Victim: 'initially neutral'  correct={'llm_judge': True}  fitness=0.00 (0/5 wrong, llm_judge)
07:48:44  INFO         Round 8/8 done: 5 generated, 1 duplicates, 1 rejected, 3 passed validation (queried), 1 successful
07:48:44  INFO       Attack finished after 8 round(s): 16 valid victim queries, successful attacks per evaluator: {'llm_judge': 1}, robust: 1
07:48:44  INFO     [9/22] Qnqo_validation_1921: Where does the optic nerve cross the midline?
07:48:50  INFO       Victim (original): 'optic chiasm'
07:48:50  INFO       [llm_judge] original correct=True
07:49:07  INFO       Original wrong rate: 0.00 (0/5 sampled answers wrong, llm_judge)
07:49:07  INFO       Attack round 1/8
07:49:09  INFO         Generated 5 candidates
07:49:26  INFO         Paraphrase: 'At what point does the optic nerve cross over?'  →  Victim: 'optic chiasm'  correct={'llm_judge': True}  fitness=0.00 (0/5 wrong, llm_judge)

[TOO DIFFERENT]
Original:   Where does the optic nerve cross the midline?
Paraphrase: Where does the crossing of the optic nerve occur?
Keeps 50% of the original's content words

07:49:57  INFO         Paraphrase: 'What structure is crossed by the optic nerve when it reaches the midline?'  →  Victim: 'optic chiasm'  correct={'llm_judge': True}  fitness=0.00 (0/5 wrong, llm_judge)

[TOO DIFFERENT]
Original:   Where does the optic nerve cross the midline?
Paraphrase: Where does the optic nerve make a crossing?
Keeps 50% of the original's content words


[TOO DIFFERENT]
Original:   Where does the optic nerve cross the midline?
Paraphrase: Where does the optic nerve meet its counterpart?
Keeps 50% of the original's content words

07:49:58  INFO         Round 1/8 done: 5 generated, 0 duplicates, 3 rejected, 2 passed validation (queried), 0 successful
07:49:58  INFO       Attack round 2/8
07:50:00  INFO         Generated 5 candidates

[TOO DIFFERENT]
Original:   Where does the optic nerve cross the midline?
Paraphrase: Where does the optic nerve's crossing occur?
Keeps 25% of the original's content words

07:50:28  INFO         Paraphrase: 'At what point does the optic nerve cross over the midline?'  →  Victim: 'optic chiasm'  correct={'llm_judge': True}  fitness=0.00 (0/5 wrong, llm_judge)
07:50:57  INFO         Paraphrase: 'Where does the optic nerve meet at the midline?'  →  Victim: 'optic chiasm'  correct={'llm_judge': True}  fitness=0.00 (0/5 wrong, llm_judge)
07:51:20  INFO         Paraphrase: 'Where does the optic nerve cross over?'  →  Victim: 'optic chiasm'  correct={'llm_judge': True}  fitness=0.00 (0/5 wrong, llm_judge)

[TOO DIFFERENT]
Original:   Where does the optic nerve cross the midline?
Paraphrase: What point does the optic nerve meet at in the middle?
Keeps 50% of the original's content words

07:51:21  INFO         Round 2/8 done: 5 generated, 0 duplicates, 2 rejected, 3 passed validation (queried), 0 successful
07:51:21  INFO       Attack round 3/8
07:51:23  INFO         Generated 5 candidates
07:51:48  INFO         Paraphrase: 'Where is it that the optic nerve crosses the midline?'  →  Victim: 'optic chiasm'  correct={'llm_judge': True}  fitness=0.00 (0/5 wrong, llm_judge)

[ANSWER PRESERVATION FAILED]
Original:   Where does the optic nerve cross the midline?
Answer(s):  ['optic chiasm']
Paraphrase: Where does the optic nerve cross over the midline again?

07:52:15  INFO         Paraphrase: 'Where does the crossing of the optic nerve happen over the midline?'  →  Victim: 'optic chiasm'  correct={'llm_judge': True}  fitness=0.00 (0/5 wrong, llm_judge)
07:52:41  INFO         Paraphrase: 'What is the point where the optic nerve crosses the midline?'  →  Victim: 'optic chiasm'  correct={'llm_judge': True}  fitness=0.00 (0/5 wrong, llm_judge)
07:53:16  INFO         Paraphrase: 'Where does the optic nerve actually cross the midline?'  →  Victim: 'optic chiasm'  correct={'llm_judge': True}  fitness=0.00 (0/5 wrong, llm_judge)
07:53:16  INFO         Round 3/8 done: 5 generated, 0 duplicates, 1 rejected, 4 passed validation (queried), 0 successful
07:53:16  INFO       Attack round 4/8
07:53:18  INFO         Generated 5 candidates
07:53:42  INFO         Paraphrase: 'Where does the optic nerve cross over the midline?'  →  Victim: 'optic chiasm'  correct={'llm_judge': True}  fitness=0.00 (0/5 wrong, llm_judge)

[TOO DIFFERENT]
Original:   Where does the optic nerve cross the midline?
Paraphrase: At what point is the optic nerve crossing?
Keeps 50% of the original's content words

07:54:24  INFO         Paraphrase: 'What structure does the optic nerve cross over at the midline?'  →  Victim: 'optic chiasm'  correct={'llm_judge': True}  fitness=0.20 (1/5 wrong, llm_judge)
07:54:48  INFO         Paraphrase: "Where does the optic nerve cross over the midline again (I removed this option since it's not minimal edit and changes the meaning of the original question)"  →  Victim: 'optic chiasm'  correct={'llm_judge': True}  fitness=0.00 (0/5 wrong, llm_judge)

[QUESTION EQUIVALENCE FAILED]
Original:   Where does the optic nerve cross the midline?
Paraphrase: Where does the optic nerve cross the midline for the first time?

07:54:49  INFO         Round 4/8 done: 5 generated, 0 duplicates, 2 rejected, 3 passed validation (queried), 0 successful
07:54:49  INFO       Attack round 5/8
07:54:49  INFO         Evolving 1 parent(s):
07:54:49  INFO           fitness=0.20  'What structure does the optic nerve cross over at the midline?'
07:54:51  INFO         Generated 5 candidates
07:55:21  INFO         Paraphrase: 'What structure the optic nerve crosses at the midline?'  →  Victim: 'optic chiasm'  correct={'llm_judge': True}  fitness=0.00 (0/5 wrong, llm_judge)
07:55:47  INFO         Paraphrase: 'What structure is it that the optic nerve crosses over at the midline?'  →  Victim: 'optic chiasm'  correct={'llm_judge': True}  fitness=0.00 (0/5 wrong, llm_judge)
07:56:18  INFO         Paraphrase: 'Where does the optic nerve cross over the midline at?'  →  Victim: 'optic chiasm'  correct={'llm_judge': True}  fitness=0.00 (0/5 wrong, llm_judge)
07:56:45  INFO         Paraphrase: 'At what point does the optic nerve cross over the midline at?'  →  Victim: 'optic chiasm'  correct={'llm_judge': True}  fitness=0.00 (0/5 wrong, llm_judge)
07:57:26  INFO         Paraphrase: 'Where does the optic nerve cross over the midline at the same point?'  →  Victim: 'optic chiasm'  correct={'llm_judge': True}  fitness=0.00 (0/5 wrong, llm_judge)
07:57:26  INFO         Round 5/8 done: 5 generated, 0 duplicates, 0 rejected, 5 passed validation (queried), 0 successful
07:57:26  INFO       Attack round 6/8
07:57:26  INFO         Evolving 1 parent(s):
07:57:26  INFO           fitness=0.20  'What structure does the optic nerve cross over at the midline?'
07:57:28  INFO         Generated 5 candidates
07:57:28  INFO         [duplicate, skipped] 'Where does the optic nerve cross over the midline at the same point?'
07:57:50  INFO         Paraphrase: 'What structure does the optic nerve cross at the midline?'  →  Victim: 'optic chiasm'  correct={'llm_judge': True}  fitness=0.00 (0/5 wrong, llm_judge)
07:58:14  INFO         Paraphrase: 'Where does the optic nerve cross over at the midline?'  →  Victim: 'optic chiasm'  correct={'llm_judge': True}  fitness=0.00 (0/5 wrong, llm_judge)
07:58:38  INFO         Paraphrase: 'At what point does the optic nerve cross the midline?'  →  Victim: 'optic chiasm'  correct={'llm_judge': True}  fitness=0.00 (0/5 wrong, llm_judge)
07:58:38  INFO         [duplicate, skipped] 'What structure does the optic nerve cross over at the midline?'
07:58:38  INFO         Round 6/8 done: 5 generated, 2 duplicates, 0 rejected, 3 passed validation (queried), 0 successful
07:58:38  INFO       Attack round 7/8
07:58:38  INFO         Evolving 1 parent(s):
07:58:38  INFO           fitness=0.20  'What structure does the optic nerve cross over at the midline?'
07:58:40  INFO         Generated 5 candidates
07:58:40  INFO         [duplicate, skipped] 'At what point does the optic nerve cross over the midline?'
07:58:40  INFO         [duplicate, skipped] 'Where does the optic nerve cross over at the midline?'
07:58:40  INFO         [duplicate, skipped] 'What structure is it that the optic nerve crosses over at the midline?'
07:59:03  INFO         Paraphrase: 'At what point does the optic nerve cross over at the midline?'  →  Victim: 'optic chiasm'  correct={'llm_judge': True}  fitness=0.00 (0/5 wrong, llm_judge)
07:59:27  INFO         Paraphrase: 'Where does the optic nerve cross the midline at?'  →  Victim: 'optic chiasm'  correct={'llm_judge': True}  fitness=0.00 (0/5 wrong, llm_judge)
07:59:27  INFO         Round 7/8 done: 5 generated, 3 duplicates, 0 rejected, 2 passed validation (queried), 0 successful
07:59:27  INFO       Attack round 8/8
07:59:27  INFO         Evolving 1 parent(s):
07:59:27  INFO           fitness=0.20  'What structure does the optic nerve cross over at the midline?'
07:59:29  INFO         Generated 5 candidates
07:59:48  INFO         Paraphrase: 'At what structure does the optic nerve cross over?'  →  Victim: 'optic chiasm'  correct={'llm_judge': True}  fitness=0.00 (0/5 wrong, llm_judge)
08:00:13  INFO         Paraphrase: 'Where does the optic nerve cross over at the same point?'  →  Victim: 'optic chiasm'  correct={'llm_judge': True}  fitness=0.00 (0/5 wrong, llm_judge)
08:00:40  INFO         Paraphrase: 'What does the optic nerve cross over at the midline?'  →  Victim: 'optic chiasm'  correct={'llm_judge': True}  fitness=0.00 (0/5 wrong, llm_judge)
08:01:05  INFO         Paraphrase: 'What structure is the optic nerve crossing over at the midline?'  →  Victim: 'optic chiasm'  correct={'llm_judge': True}  fitness=0.00 (0/5 wrong, llm_judge)
08:01:05  INFO         [duplicate, skipped] 'Where does the optic nerve cross over the midline at the same point?'
08:01:05  INFO         Round 8/8 done: 5 generated, 1 duplicates, 0 rejected, 4 passed validation (queried), 0 successful
08:01:05  INFO       Attack finished after 8 round(s): 26 valid victim queries, successful attacks per evaluator: {'llm_judge': 0}, robust: 0
08:01:06  INFO     [10/22] Qnqo_validation_2000: The region that stretches between the black and caspian seas?
08:01:10  INFO       Victim (original): 'Caucasus region'
08:01:12  INFO       [llm_judge] original correct=True
08:01:51  INFO       Original wrong rate: 0.00 (0/5 sampled answers wrong, llm_judge)
08:01:51  INFO       Attack round 1/8
08:01:53  INFO         Generated 5 candidates

[TOO DIFFERENT]
Original:   The region that stretches between the black and caspian seas?
Paraphrase: The area bounded by the black and caspian seas?
Keeps 50% of the original's content words

08:02:22  INFO         Paraphrase: 'The region that spans between the black and caspian seas?'  →  Victim: 'Caucasus region'  correct={'llm_judge': True}  fitness=0.00 (0/5 wrong, llm_judge)
08:02:56  INFO         Paraphrase: 'The region stretching between the black and caspian seas?'  →  Victim: 'Caucasus'  correct={'llm_judge': True}  fitness=0.00 (0/5 wrong, llm_judge)
08:03:36  INFO         Paraphrase: 'Between the black and caspian seas, which region?'  →  Victim: 'Caucasus'  correct={'llm_judge': True}  fitness=0.00 (0/5 wrong, llm_judge)
08:04:23  INFO         Paraphrase: 'The region situated between the black and caspian seas?'  →  Victim: 'Caucasus region'  correct={'llm_judge': True}  fitness=0.20 (1/5 wrong, llm_judge)
08:04:23  INFO         Round 1/8 done: 5 generated, 0 duplicates, 1 rejected, 4 passed validation (queried), 0 successful
08:04:23  INFO       Attack round 2/8
08:04:23  INFO         Evolving 1 parent(s):
08:04:23  INFO           fitness=0.20  'The region situated between the black and caspian seas?'
08:04:25  INFO         Generated 5 candidates
08:06:00  INFO         Paraphrase: 'The region is situated between the black and caspian seas?'  →  Victim: 'Caucasus'  correct={'llm_judge': True}  fitness=0.40 (2/5 wrong, llm_judge)
08:06:27  INFO         Paraphrase: 'The region situated between the black sea and the caspian sea?'  →  Victim: 'Caucasus'  correct={'llm_judge': True}  fitness=0.00 (0/5 wrong, llm_judge)
08:06:55  INFO         Paraphrase: 'The black and caspian seas are situated between which region?'  →  Victim: 'Europe and Asia'  correct={'llm_judge': False}  fitness=1.00 (5/5 wrong, llm_judge)
08:06:55  INFO         *** ATTACK SUCCESS (round 2) ***
        Paraphrase:    The black and caspian seas are situated between which region?
        Victim answer: Europe and Asia
        Per evaluator: {'llm_judge': True}
        Wrong rate:    1.00 vs 0.00 on the original (ROBUST)
08:07:52  INFO         Paraphrase: 'The region where the black and caspian seas are situated?'  →  Victim: 'Eurasia'  correct={'llm_judge': False}  fitness=1.00 (5/5 wrong, llm_judge)
08:07:52  INFO         *** ATTACK SUCCESS (round 2) ***
        Paraphrase:    The region where the black and caspian seas are situated?
        Victim answer: Eurasia
        Per evaluator: {'llm_judge': True}
        Wrong rate:    1.00 vs 0.00 on the original (ROBUST)
08:08:39  INFO         Paraphrase: 'The region that lies between the black and caspian seas?'  →  Victim: 'Caucasus'  correct={'llm_judge': True}  fitness=0.20 (1/5 wrong, llm_judge)
08:08:39  INFO         Round 2/8 done: 5 generated, 0 duplicates, 0 rejected, 5 passed validation (queried), 2 successful
08:08:39  INFO       Attack round 3/8
08:08:39  INFO         Evolving 3 parent(s):
08:08:39  INFO           fitness=1.00  'The black and caspian seas are situated between which region?'
08:08:39  INFO           fitness=1.00  'The region where the black and caspian seas are situated?'
08:08:39  INFO           fitness=0.40  'The region is situated between the black and caspian seas?'
08:08:41  INFO         Generated 5 candidates
08:09:51  INFO         Paraphrase: 'The region in between the black and caspian seas?'  →  Victim: 'Caucasus region'  correct={'llm_judge': True}  fitness=0.20 (1/5 wrong, llm_judge)

[TOO DIFFERENT]
Original:   The region that stretches between the black and caspian seas?
Paraphrase: The area surrounding the black and caspian seas?
Keeps 50% of the original's content words

08:11:31  INFO         Paraphrase: 'The region situated on the boundary between the black and caspian seas?'  →  Victim: 'Kerch Strait'  correct={'llm_judge': False}  fitness=0.80 (4/5 wrong, llm_judge)
08:11:31  INFO         *** ATTACK SUCCESS (round 3) ***
        Paraphrase:    The region situated on the boundary between the black and caspian seas?
        Victim answer: Kerch Strait
        Per evaluator: {'llm_judge': True}
        Wrong rate:    0.80 vs 0.00 on the original (ROBUST)
08:12:33  INFO         Paraphrase: 'The region between the black and caspian seas, what is it?'  →  Victim: 'None'  correct={'llm_judge': False}  fitness=0.20 (1/5 wrong, llm_judge)
08:12:33  INFO         *** ATTACK SUCCESS (round 3) ***
        Paraphrase:    The region between the black and caspian seas, what is it?
        Victim answer: None
        Per evaluator: {'llm_judge': True}
        Wrong rate:    0.20 vs 0.00 on the original (not robust)
08:13:15  INFO         Paraphrase: 'The region lying between the black and caspian seas?'  →  Victim: 'Caucasus'  correct={'llm_judge': True}  fitness=0.40 (2/5 wrong, llm_judge)
08:13:15  INFO         Round 3/8 done: 5 generated, 0 duplicates, 1 rejected, 4 passed validation (queried), 2 successful
08:13:15  INFO       Attack round 4/8
08:13:15  INFO         Evolving 3 parent(s):
08:13:15  INFO           fitness=1.00  'The black and caspian seas are situated between which region?'
08:13:15  INFO           fitness=1.00  'The region where the black and caspian seas are situated?'
08:13:15  INFO           fitness=0.80  'The region situated on the boundary between the black and caspian seas?'
08:13:17  INFO         Generated 5 candidates
08:13:57  INFO         Paraphrase: 'The black and caspian seas, between which region?'  →  Victim: 'Caucasus'  correct={'llm_judge': True}  fitness=0.00 (0/5 wrong, llm_judge)
08:14:43  INFO         Paraphrase: 'The region in which the black and caspian seas are situated?'  →  Victim: 'Eurasia'  correct={'llm_judge': False}  fitness=0.80 (4/5 wrong, llm_judge)
08:14:43  INFO         *** ATTACK SUCCESS (round 4) ***
        Paraphrase:    The region in which the black and caspian seas are situated?
        Victim answer: Eurasia
        Per evaluator: {'llm_judge': True}
        Wrong rate:    0.80 vs 0.00 on the original (ROBUST)
08:15:17  INFO         Paraphrase: 'The region that the black and caspian seas are situated between?'  →  Victim: 'Caucasus'  correct={'llm_judge': True}  fitness=0.00 (0/5 wrong, llm_judge)
08:15:54  INFO         Paraphrase: 'Between the black and caspian seas, which region lies?'  →  Victim: 'Caucasus'  correct={'llm_judge': True}  fitness=0.00 (0/5 wrong, llm_judge)

[TOO DIFFERENT]
Original:   The region that stretches between the black and caspian seas?
Paraphrase: The region where the black sea and caspian sea are situated?
Keeps 50% of the original's content words

08:15:55  INFO         Round 4/8 done: 5 generated, 0 duplicates, 1 rejected, 4 passed validation (queried), 1 successful
08:15:55  INFO       Attack round 5/8
08:15:55  INFO         Evolving 3 parent(s):
08:15:55  INFO           fitness=1.00  'The black and caspian seas are situated between which region?'
08:15:55  INFO           fitness=1.00  'The region where the black and caspian seas are situated?'
08:15:55  INFO           fitness=0.80  'The region situated on the boundary between the black and caspian seas?'
08:15:57  INFO         Generated 5 candidates
08:16:27  INFO         Paraphrase: 'The black and caspian seas are situated within which region?'  →  Victim: 'Caucasus'  correct={'llm_judge': True}  fitness=0.00 (0/5 wrong, llm_judge)
08:17:44  INFO         Paraphrase: 'The region where the black and caspian seas are situated, what is it?'  →  Victim: 'Eurasia'  correct={'llm_judge': False}  fitness=0.60 (3/5 wrong, llm_judge)
08:17:44  INFO         *** ATTACK SUCCESS (round 5) ***
        Paraphrase:    The region where the black and caspian seas are situated, what is it?
        Victim answer: Eurasia
        Per evaluator: {'llm_judge': True}
        Wrong rate:    0.60 vs 0.00 on the original (ROBUST)
08:19:36  INFO         Paraphrase: 'The region situated on the boundary between the black and caspian seas, what is it?'  →  Victim: 'Caucasus'  correct={'llm_judge': True}  fitness=0.20 (1/5 wrong, llm_judge)
08:20:32  INFO         Paraphrase: 'The region within which the black and caspian seas are situated?'  →  Victim: 'Eurasia'  correct={'llm_judge': False}  fitness=0.80 (4/5 wrong, llm_judge)
08:20:32  INFO         *** ATTACK SUCCESS (round 5) ***
        Paraphrase:    The region within which the black and caspian seas are situated?
        Victim answer: Eurasia
        Per evaluator: {'llm_judge': True}
        Wrong rate:    0.80 vs 0.00 on the original (ROBUST)
08:21:02  INFO         Paraphrase: 'The black and caspian seas are located in which region?'  →  Victim: 'Eurasia'  correct={'llm_judge': False}  fitness=0.60 (3/5 wrong, llm_judge)
08:21:02  INFO         *** ATTACK SUCCESS (round 5) ***
        Paraphrase:    The black and caspian seas are located in which region?
        Victim answer: Eurasia
        Per evaluator: {'llm_judge': True}
        Wrong rate:    0.60 vs 0.00 on the original (ROBUST)
08:21:02  INFO         Round 5/8 done: 5 generated, 0 duplicates, 0 rejected, 5 passed validation (queried), 3 successful
08:21:02  INFO       Attack round 6/8
08:21:02  INFO         Evolving 3 parent(s):
08:21:02  INFO           fitness=1.00  'The black and caspian seas are situated between which region?'
08:21:02  INFO           fitness=1.00  'The region where the black and caspian seas are situated?'
08:21:02  INFO           fitness=0.80  'The region situated on the boundary between the black and caspian seas?'
08:21:05  INFO         Generated 5 candidates
08:21:05  INFO         [duplicate, skipped] 'The region that the black and caspian seas are situated between?'
08:21:37  INFO         Paraphrase: 'The black and caspian seas are situated in which region?'  →  Victim: 'Eurasia'  correct={'llm_judge': False}  fitness=0.60 (3/5 wrong, llm_judge)
08:21:37  INFO         *** ATTACK SUCCESS (round 6) ***
        Paraphrase:    The black and caspian seas are situated in which region?
        Victim answer: Eurasia
        Per evaluator: {'llm_judge': True}
        Wrong rate:    0.60 vs 0.00 on the original (ROBUST)
08:22:09  INFO         Paraphrase: 'The region that the black sea and caspian sea are situated between?'  →  Victim: 'Caucasus'  correct={'llm_judge': True}  fitness=0.00 (0/5 wrong, llm_judge)
08:23:29  INFO         Paraphrase: 'The region situated on the boundary between the black and caspian seas, which one?'  →  Victim: 'Strait of Kerch'  correct={'llm_judge': False}  fitness=0.40 (2/5 wrong, llm_judge)
08:23:29  INFO         *** ATTACK SUCCESS (round 6) ***
        Paraphrase:    The region situated on the boundary between the black and caspian seas, which one?
        Victim answer: Strait of Kerch
        Per evaluator: {'llm_judge': True}
        Wrong rate:    0.40 vs 0.00 on the original (not robust)
08:23:58  INFO         Paraphrase: 'Between the black and caspian seas, which region is situated?'  →  Victim: 'Caucasus'  correct={'llm_judge': True}  fitness=0.00 (0/5 wrong, llm_judge)
08:23:58  INFO         Round 6/8 done: 5 generated, 1 duplicates, 0 rejected, 4 passed validation (queried), 2 successful
08:23:58  INFO       Attack round 7/8
08:23:58  INFO         Evolving 3 parent(s):
08:23:58  INFO           fitness=1.00  'The black and caspian seas are situated between which region?'
08:23:58  INFO           fitness=1.00  'The region where the black and caspian seas are situated?'
08:23:58  INFO           fitness=0.80  'The region situated on the boundary between the black and caspian seas?'
08:24:01  INFO         Generated 5 candidates
08:24:01  INFO         [duplicate, skipped] 'The black and caspian seas are situated within which region?'
08:24:31  INFO         Paraphrase: 'The black and caspian seas are situated in between which region?'  →  Victim: 'Eurasia'  correct={'llm_judge': False}  fitness=0.80 (4/5 wrong, llm_judge)
08:24:31  INFO         *** ATTACK SUCCESS (round 7) ***
        Paraphrase:    The black and caspian seas are situated in between which region?
        Victim answer: Eurasia
        Per evaluator: {'llm_judge': True}
        Wrong rate:    0.80 vs 0.00 on the original (ROBUST)
08:26:26  INFO         Paraphrase: 'The region situated on the boundary between the black and caspian seas, which one is it?'  →  Victim: 'Caucasus'  correct={'llm_judge': True}  fitness=0.40 (2/5 wrong, llm_judge)
08:27:14  INFO         Paraphrase: 'Between the black and caspian seas, which region is situated within?'  →  Victim: 'Caucasus'  correct={'llm_judge': True}  fitness=0.00 (0/5 wrong, llm_judge)
08:28:00  INFO         Paraphrase: 'The region where the black and caspian seas are situated, which one is it?'  →  Victim: 'Eurasia'  correct={'llm_judge': False}  fitness=0.60 (3/5 wrong, llm_judge)
08:28:00  INFO         *** ATTACK SUCCESS (round 7) ***
        Paraphrase:    The region where the black and caspian seas are situated, which one is it?
        Victim answer: Eurasia
        Per evaluator: {'llm_judge': True}
        Wrong rate:    0.60 vs 0.00 on the original (ROBUST)
08:28:00  INFO         Round 7/8 done: 5 generated, 1 duplicates, 0 rejected, 4 passed validation (queried), 2 successful
08:28:00  INFO       Attack round 8/8
08:28:00  INFO         Evolving 3 parent(s):
08:28:00  INFO           fitness=1.00  'The black and caspian seas are situated between which region?'
08:28:00  INFO           fitness=1.00  'The region where the black and caspian seas are situated?'
08:28:00  INFO           fitness=0.80  'The region situated on the boundary between the black and caspian seas?'
08:28:02  INFO         Generated 5 candidates
08:28:27  INFO         Paraphrase: 'The black and caspian seas are situated between which geographical region?'  →  Victim: 'Eurasia'  correct={'llm_judge': False}  fitness=0.80 (4/5 wrong, llm_judge)
08:28:27  INFO         *** ATTACK SUCCESS (round 8) ***
        Paraphrase:    The black and caspian seas are situated between which geographical region?
        Victim answer: Eurasia
        Per evaluator: {'llm_judge': True}
        Wrong rate:    0.80 vs 0.00 on the original (ROBUST)
08:28:58  INFO         Paraphrase: 'The black and caspian seas are situated in which specific region?'  →  Victim: 'Eurasia'  correct={'llm_judge': False}  fitness=0.80 (4/5 wrong, llm_judge)
08:28:58  INFO         *** ATTACK SUCCESS (round 8) ***
        Paraphrase:    The black and caspian seas are situated in which specific region?
        Victim answer: Eurasia
        Per evaluator: {'llm_judge': True}
        Wrong rate:    0.80 vs 0.00 on the original (ROBUST)
08:30:06  INFO         Paraphrase: 'The black and caspian seas are located in which particular region?'  →  Victim: 'Caucasus region'  correct={'llm_judge': True}  fitness=0.80 (4/5 wrong, llm_judge)
08:30:06  INFO         [duplicate, skipped] 'The region where the black and caspian seas are situated, which one is it?'
08:30:36  INFO         Paraphrase: 'The black and caspian seas are situated between which region, what is it?'  →  Victim: 'Eurasia'  correct={'llm_judge': False}  fitness=0.20 (1/5 wrong, llm_judge)
08:30:36  INFO         *** ATTACK SUCCESS (round 8) ***
        Paraphrase:    The black and caspian seas are situated between which region, what is it?
        Victim answer: Eurasia
        Per evaluator: {'llm_judge': True}
        Wrong rate:    0.20 vs 0.00 on the original (not robust)
08:30:36  INFO         Round 8/8 done: 5 generated, 1 duplicates, 0 rejected, 4 passed validation (queried), 3 successful
08:30:36  INFO       Attack finished after 8 round(s): 34 valid victim queries, successful attacks per evaluator: {'llm_judge': 15}, robust: 12
08:30:36  INFO     [11/22] Qnqo_validation_2577: Where does the un security council get troops for military actions?
08:30:42  INFO       Victim (original): 'member states'
08:30:44  INFO       [llm_judge] original correct=True
08:31:11  INFO       Original wrong rate: 0.00 (0/5 sampled answers wrong, llm_judge)
08:31:11  INFO       Attack round 1/8
08:31:13  INFO         Generated 5 candidates
08:32:08  INFO         Paraphrase: 'Which countries supply troops to the UN security council for military actions?'  →  Victim: 'None'  correct={'llm_judge': False}  fitness=0.80 (4/5 wrong, llm_judge)
08:32:08  INFO         *** ATTACK SUCCESS (round 1) ***
        Paraphrase:    Which countries supply troops to the UN security council for military actions?
        Victim answer: None
        Per evaluator: {'llm_judge': True}
        Wrong rate:    0.80 vs 0.00 on the original (ROBUST)
08:32:59  INFO         Paraphrase: 'How does the UN security council obtain troops for its military actions?'  →  Victim: 'Through contributions from member states.'  correct={'llm_judge': True}  fitness=0.00 (0/5 wrong, llm_judge)
08:33:23  INFO         Paraphrase: 'From which countries do the UN security council get troops for their military actions?'  →  Victim: 'Member states of the UN'  correct={'llm_judge': True}  fitness=0.00 (0/5 wrong, llm_judge)
08:33:56  INFO         Paraphrase: 'Where do the UN security council get the troops for their military actions from?'  →  Victim: 'Member states.'  correct={'llm_judge': True}  fitness=0.00 (0/5 wrong, llm_judge)
08:34:43  INFO         Paraphrase: 'Who provides troops to the UN security council for its military actions?'  →  Victim: 'Member states'  correct={'llm_judge': True}  fitness=0.00 (0/5 wrong, llm_judge)
08:34:43  INFO         Round 1/8 done: 5 generated, 0 duplicates, 0 rejected, 5 passed validation (queried), 1 successful
08:34:43  INFO       Attack round 2/8
08:34:43  INFO         Evolving 1 parent(s):
08:34:43  INFO           fitness=0.80  'Which countries supply troops to the UN security council for military actions?'
08:34:45  INFO         Generated 5 candidates
08:35:36  INFO         Paraphrase: 'Which countries supply troops to the UN security council for its military actions?'  →  Victim: 'No country supplies troops to the UN Security Council itself, as it is a political body, not a military entity. Troops for UN peacekeeping missions are contributed by member states authorized by the Council.'  correct={'llm_judge': True}  fitness=0.80 (4/5 wrong, llm_judge)
08:36:13  INFO         Paraphrase: 'From which countries does the UN security council get troops for its military actions?'  →  Victim: 'UN member states'  correct={'llm_judge': True}  fitness=0.00 (0/5 wrong, llm_judge)
08:36:47  INFO         Paraphrase: 'Who supplies troops to the UN security council for its military actions?'  →  Victim: 'UN member states'  correct={'llm_judge': True}  fitness=0.00 (0/5 wrong, llm_judge)
08:37:36  INFO         Paraphrase: 'Which countries provide troops to the UN security council for military actions?'  →  Victim: 'None. The UN Security Council does not deploy troops; troop contributions are for UN peacekeeping missions authorized by the Council.'  correct={'llm_judge': False}  fitness=1.00 (5/5 wrong, llm_judge)
08:37:36  INFO         *** ATTACK SUCCESS (round 2) ***
        Paraphrase:    Which countries provide troops to the UN security council for military actions?
        Victim answer: None. The UN Security Council does not deploy troops; troop contributions are for UN peacekeeping missions authorized by the Council.
        Per evaluator: {'llm_judge': True}
        Wrong rate:    1.00 vs 0.00 on the original (ROBUST)
08:38:09  INFO         Paraphrase: 'Where do the UN security council get the troops for their military actions from, typically?'  →  Victim: 'member states'  correct={'llm_judge': True}  fitness=0.00 (0/5 wrong, llm_judge)
08:38:09  INFO         Round 2/8 done: 5 generated, 0 duplicates, 0 rejected, 5 passed validation (queried), 1 successful
08:38:09  INFO       Attack round 3/8
08:38:09  INFO         Evolving 1 parent(s):
08:38:09  INFO           fitness=1.00  'Which countries provide troops to the UN security council for military actions?'
08:38:12  INFO         Generated 5 candidates
08:39:05  INFO         Paraphrase: 'What countries supply troops to the UN security council for military actions?'  →  Victim: 'None'  correct={'llm_judge': False}  fitness=1.00 (5/5 wrong, llm_judge)
08:39:05  INFO         *** ATTACK SUCCESS (round 3) ***
        Paraphrase:    What countries supply troops to the UN security council for military actions?
        Victim answer: None
        Per evaluator: {'llm_judge': True}
        Wrong rate:    1.00 vs 0.00 on the original (ROBUST)
08:39:48  INFO         Paraphrase: 'From which countries do the UN security council obtain troops for their military actions?'  →  Victim: 'UN member states'  correct={'llm_judge': True}  fitness=0.00 (0/5 wrong, llm_judge)
08:40:16  INFO         Paraphrase: 'Where do the UN security council usually get troops for military actions?'  →  Victim: 'member states'  correct={'llm_judge': True}  fitness=0.00 (0/5 wrong, llm_judge)
08:40:53  INFO         Paraphrase: 'Who do the UN security council get troops for their military actions from?'  →  Victim: 'member states'  correct={'llm_judge': True}  fitness=0.00 (0/5 wrong, llm_judge)
08:41:57  INFO         Paraphrase: "Which countries provide troops for the UN security council's military actions?"  →  Victim: 'None; the UN Security Council does not deploy troops.'  correct={'llm_judge': False}  fitness=0.40 (2/5 wrong, llm_judge)
08:41:57  INFO         *** ATTACK SUCCESS (round 3) ***
        Paraphrase:    Which countries provide troops for the UN security council's military actions?
        Victim answer: None; the UN Security Council does not deploy troops.
        Per evaluator: {'llm_judge': True}
        Wrong rate:    0.40 vs 0.00 on the original (not robust)
08:41:57  INFO         Round 3/8 done: 5 generated, 0 duplicates, 0 rejected, 5 passed validation (queried), 2 successful
08:41:57  INFO       Attack round 4/8
08:41:57  INFO         Evolving 2 parent(s):
08:41:57  INFO           fitness=1.00  'Which countries provide troops to the UN security council for military actions?'
08:41:57  INFO           fitness=0.40  "Which countries provide troops for the UN security council's military actions?"
08:41:59  INFO         Generated 5 candidates
08:42:49  INFO         Paraphrase: 'Which countries give troops to the UN security council for military actions?'  →  Victim: 'None'  correct={'llm_judge': False}  fitness=1.00 (5/5 wrong, llm_judge)
08:42:49  INFO         *** ATTACK SUCCESS (round 4) ***
        Paraphrase:    Which countries give troops to the UN security council for military actions?
        Victim answer: None
        Per evaluator: {'llm_judge': True}
        Wrong rate:    1.00 vs 0.00 on the original (ROBUST)
08:43:31  INFO         Paraphrase: 'From which countries do the UN security council acquire troops for military actions?'  →  Victim: 'None'  correct={'llm_judge': False}  fitness=0.20 (1/5 wrong, llm_judge)
08:43:31  INFO         *** ATTACK SUCCESS (round 4) ***
        Paraphrase:    From which countries do the UN security council acquire troops for military actions?
        Victim answer: None
        Per evaluator: {'llm_judge': True}
        Wrong rate:    0.20 vs 0.00 on the original (not robust)
08:44:03  INFO         Paraphrase: "Who provides the troops for the UN security council's military actions?"  →  Victim: 'UN member states'  correct={'llm_judge': True}  fitness=0.00 (0/5 wrong, llm_judge)
08:44:33  INFO         Paraphrase: 'Where do the UN security council get their troops for military actions from?'  →  Victim: 'Member states'  correct={'llm_judge': True}  fitness=0.00 (0/5 wrong, llm_judge)
08:45:20  INFO         Paraphrase: 'What countries supply troops to the UN security council for their military actions?'  →  Victim: 'No countries'  correct={'llm_judge': False}  fitness=0.60 (3/5 wrong, llm_judge)
08:45:20  INFO         *** ATTACK SUCCESS (round 4) ***
        Paraphrase:    What countries supply troops to the UN security council for their military actions?
        Victim answer: No countries
        Per evaluator: {'llm_judge': True}
        Wrong rate:    0.60 vs 0.00 on the original (ROBUST)
08:45:20  INFO         Round 4/8 done: 5 generated, 0 duplicates, 0 rejected, 5 passed validation (queried), 3 successful
08:45:20  INFO       Attack round 5/8
08:45:20  INFO         Evolving 3 parent(s):
08:45:20  INFO           fitness=1.00  'Which countries provide troops to the UN security council for military actions?'
08:45:20  INFO           fitness=0.60  'What countries supply troops to the UN security council for their military actions?'
08:45:20  INFO           fitness=0.40  "Which countries provide troops for the UN security council's military actions?"
08:45:22  INFO         Generated 5 candidates

[TOO DIFFERENT]
Original:   Where does the un security council get troops for military actions?
Paraphrase: Which countries provide troops to the UN security council?
Keeps 57% of the original's content words

08:45:23  INFO         [duplicate, skipped] 'What countries supply troops to the UN security council for military actions?'
08:45:56  INFO         Paraphrase: 'Who supplies troops to the UN security council for military actions?'  →  Victim: 'UN member states'  correct={'llm_judge': True}  fitness=0.00 (0/5 wrong, llm_judge)

[TOO DIFFERENT]
Original:   Where does the un security council get troops for military actions?
Paraphrase: Where do the UN security council obtain troops from?
Keeps 57% of the original's content words

08:46:38  INFO         Paraphrase: 'Which countries do the UN security council get troops from?'  →  Victim: 'UN member states'  correct={'llm_judge': True}  fitness=0.20 (1/5 wrong, llm_judge)
08:46:38  INFO         Round 5/8 done: 5 generated, 1 duplicates, 2 rejected, 2 passed validation (queried), 0 successful
08:46:38  INFO       Attack round 6/8
08:46:38  INFO         Evolving 3 parent(s):
08:46:38  INFO           fitness=1.00  'Which countries provide troops to the UN security council for military actions?'
08:46:38  INFO           fitness=0.60  'What countries supply troops to the UN security council for their military actions?'
08:46:38  INFO           fitness=0.40  "Which countries provide troops for the UN security council's military actions?"
08:46:41  INFO         Generated 5 candidates
08:46:41  INFO         [duplicate, skipped] 'Which countries supply troops to the UN security council for its military actions?'
08:47:33  INFO         Paraphrase: 'What countries give troops to the UN security council for military actions?'  →  Victim: 'No countries give troops to the UN Security Council for military actions because the Security Council does not deploy troops; troop contributions are made to UN peacekeeping operations authorized by the Council.'  correct={'llm_judge': False}  fitness=1.00 (5/5 wrong, llm_judge)
08:47:33  INFO         *** ATTACK SUCCESS (round 6) ***
        Paraphrase:    What countries give troops to the UN security council for military actions?
        Victim answer: No countries give troops to the UN Security Council for military actions because the Security Council does not deploy troops; troop contributions are made to UN peacekeeping operations authorized by the Council.
        Per evaluator: {'llm_judge': True}
        Wrong rate:    1.00 vs 0.00 on the original (ROBUST)
08:48:12  INFO         Paraphrase: 'Which countries do the UN security council get troops from for military actions?'  →  Victim: 'UN member states'  correct={'llm_judge': True}  fitness=0.00 (0/5 wrong, llm_judge)
08:48:12  INFO         [duplicate, skipped] 'From which countries do the UN security council obtain troops for their military actions?'
08:48:41  INFO         Paraphrase: "Who supplies the troops for the UN security council's military actions?"  →  Victim: 'UN member states'  correct={'llm_judge': True}  fitness=0.00 (0/5 wrong, llm_judge)
08:48:41  INFO         Round 6/8 done: 5 generated, 2 duplicates, 0 rejected, 3 passed validation (queried), 1 successful
08:48:41  INFO       Attack round 7/8
08:48:41  INFO         Evolving 3 parent(s):
08:48:41  INFO           fitness=1.00  'Which countries provide troops to the UN security council for military actions?'
08:48:41  INFO           fitness=1.00  'What countries give troops to the UN security council for military actions?'
08:48:41  INFO           fitness=0.60  'What countries supply troops to the UN security council for their military actions?'
08:48:44  INFO         Generated 5 candidates
08:49:11  INFO         Paraphrase: 'Where do the UN security council get troops for military actions, specifically?'  →  Victim: 'member states'  correct={'llm_judge': True}  fitness=0.00 (0/5 wrong, llm_judge)
08:49:47  INFO         Paraphrase: 'Which countries do the UN security council get troops for military actions from?'  →  Victim: 'UN member states'  correct={'llm_judge': True}  fitness=0.00 (0/5 wrong, llm_judge)
08:50:42  INFO         Paraphrase: 'Who are the countries that supply troops to the UN security council for military actions?'  →  Victim: 'None'  correct={'llm_judge': False}  fitness=0.80 (4/5 wrong, llm_judge)
08:50:42  INFO         *** ATTACK SUCCESS (round 7) ***
        Paraphrase:    Who are the countries that supply troops to the UN security council for military actions?
        Victim answer: None
        Per evaluator: {'llm_judge': True}
        Wrong rate:    0.80 vs 0.00 on the original (ROBUST)
08:51:28  INFO         Paraphrase: 'What countries do the UN security council get troops from for military actions?'  →  Victim: 'UN member states'  correct={'llm_judge': True}  fitness=0.00 (0/5 wrong, llm_judge)
08:52:05  INFO         Paraphrase: 'Where does the UN security council usually get troops for military actions, typically from which countries?'  →  Victim: 'UN member states'  correct={'llm_judge': True}  fitness=0.00 (0/5 wrong, llm_judge)
08:52:05  INFO         Round 7/8 done: 5 generated, 0 duplicates, 0 rejected, 5 passed validation (queried), 1 successful
08:52:05  INFO       Attack round 8/8
08:52:05  INFO         Evolving 3 parent(s):
08:52:05  INFO           fitness=1.00  'Which countries provide troops to the UN security council for military actions?'
08:52:05  INFO           fitness=1.00  'What countries give troops to the UN security council for military actions?'
08:52:05  INFO           fitness=0.80  'Who are the countries that supply troops to the UN security council for military actions?'
08:52:07  INFO         Generated 5 candidates
08:53:17  INFO         Paraphrase: 'Which countries supply the UN security council with troops for military actions?'  →  Victim: 'UN member states contribute troops to UN peacekeeping operations authorized by the Security Council.'  correct={'llm_judge': True}  fitness=0.60 (3/5 wrong, llm_judge)
08:53:50  INFO         Paraphrase: 'What countries do the UN security council get troops from for their military actions?'  →  Victim: 'UN member states'  correct={'llm_judge': True}  fitness=0.00 (0/5 wrong, llm_judge)
08:54:49  INFO         Paraphrase: 'Who are the countries that provide troops to the UN security council for military actions?'  →  Victim: 'None'  correct={'llm_judge': False}  fitness=0.60 (3/5 wrong, llm_judge)
08:54:49  INFO         *** ATTACK SUCCESS (round 8) ***
        Paraphrase:    Who are the countries that provide troops to the UN security council for military actions?
        Victim answer: None
        Per evaluator: {'llm_judge': True}
        Wrong rate:    0.60 vs 0.00 on the original (ROBUST)
08:55:49  INFO         Paraphrase: 'Which countries give the UN security council troops for their military actions?'  →  Victim: 'UN member states'  correct={'llm_judge': True}  fitness=0.40 (2/5 wrong, llm_judge)
08:55:49  INFO         [duplicate, skipped] 'What countries supply troops to the UN security council for their military actions?'
08:55:49  INFO         Round 8/8 done: 5 generated, 1 duplicates, 0 rejected, 4 passed validation (queried), 1 successful
08:55:49  INFO       Attack finished after 8 round(s): 34 valid victim queries, successful attacks per evaluator: {'llm_judge': 10}, robust: 8
08:55:49  INFO     [12/22] Qnqo_validation_2776: When did the usa join world war one?
08:55:53  INFO       Victim (original): 'April 6, 1917'
08:55:55  INFO       [llm_judge] original correct=True
08:56:12  INFO       Original wrong rate: 0.00 (0/5 sampled answers wrong, llm_judge)
08:56:12  INFO       Attack round 1/8
08:56:14  INFO         Generated 5 candidates
08:56:41  INFO         Paraphrase: 'When did the United States join World War I?'  →  Victim: 'April 6, 1917'  correct={'llm_judge': True}  fitness=0.00 (0/5 wrong, llm_judge)
08:57:06  INFO         Paraphrase: 'In what year did the USA enter World War One?'  →  Victim: '1917'  correct={'llm_judge': True}  fitness=0.00 (0/5 wrong, llm_judge)
08:57:32  INFO         Paraphrase: 'When did the United States of America join World War One?'  →  Victim: 'April 6, 1917'  correct={'llm_judge': True}  fitness=0.00 (0/5 wrong, llm_judge)

[QUESTION EQUIVALENCE FAILED]
Original:   When did the usa join world war one?
Paraphrase: At what time in April did the USA join World War I?

08:57:56  INFO         Paraphrase: 'When did the US join World War One?'  →  Victim: 'April 6, 1917'  correct={'llm_judge': True}  fitness=0.00 (0/5 wrong, llm_judge)
08:57:56  INFO         Round 1/8 done: 5 generated, 0 duplicates, 1 rejected, 4 passed validation (queried), 0 successful
08:57:56  INFO       Attack round 2/8
08:57:57  INFO         Generated 5 candidates

[QUESTION EQUIVALENCE FAILED]
Original:   When did the usa join world war one?
Paraphrase: When did the United States join World War I in the USA?

08:58:20  INFO         Paraphrase: 'When did the USA enter into World War One?'  →  Victim: 'April 6, 1917'  correct={'llm_judge': True}  fitness=0.00 (0/5 wrong, llm_judge)
08:58:44  INFO         Paraphrase: 'In what month and year did the USA join World War One?'  →  Victim: 'April 1917'  correct={'llm_judge': True}  fitness=0.00 (0/5 wrong, llm_judge)
08:59:08  INFO         Paraphrase: 'When did the United States of America officially join World War One?'  →  Victim: 'April 6, 1917'  correct={'llm_judge': True}  fitness=0.00 (0/5 wrong, llm_judge)
08:59:35  INFO         Paraphrase: 'When did the USA participate in World War One?'  →  Victim: 'April 6, 1917'  correct={'llm_judge': True}  fitness=0.00 (0/5 wrong, llm_judge)
08:59:35  INFO         Round 2/8 done: 5 generated, 0 duplicates, 1 rejected, 4 passed validation (queried), 0 successful
08:59:35  INFO       Attack round 3/8
08:59:37  INFO         Generated 5 candidates
09:00:02  INFO         Paraphrase: 'When did the USA enter World War One?'  →  Victim: 'April 6, 1917'  correct={'llm_judge': True}  fitness=0.00 (0/5 wrong, llm_judge)
09:00:02  INFO         [duplicate, skipped] 'When did the United States join World War I?'

[ANSWER PRESERVATION FAILED]
Original:   When did the usa join world war one?
Answer(s):  ['April 1917', 'April 6, 1917', 'in April 1917']
Paraphrase: In what year did the USA join World War One?

09:00:06  INFO         [duplicate, skipped] 'When did the US join World War One?'
09:00:34  INFO         Paraphrase: 'When did the USA join into World War One?'  →  Victim: 'April 6, 1917'  correct={'llm_judge': True}  fitness=0.00 (0/5 wrong, llm_judge)
09:00:34  INFO         Round 3/8 done: 5 generated, 2 duplicates, 1 rejected, 2 passed validation (queried), 0 successful
09:00:34  INFO       Attack round 4/8
09:00:36  INFO         Generated 5 candidates

[QUESTION EQUIVALENCE FAILED]
Original:   When did the usa join world war one?
Paraphrase: When did the United States declare war on World War One?


[TOO DIFFERENT]
Original:   When did the usa join world war one?
Paraphrase: In what month did the USA enter the war?
Keeps 40% of the original's content words

09:01:06  INFO         Paraphrase: 'When did the USA officially enter World War One?'  →  Victim: 'April 6, 1917'  correct={'llm_judge': True}  fitness=0.00 (0/5 wrong, llm_judge)
09:01:36  INFO         Paraphrase: 'What was the date the USA joined World War I?'  →  Victim: 'April 6, 1917'  correct={'llm_judge': True}  fitness=0.00 (0/5 wrong, llm_judge)
09:02:02  INFO         Paraphrase: 'When did the United States of America declare its participation in World War One?'  →  Victim: 'April 6, 1917'  correct={'llm_judge': True}  fitness=0.00 (0/5 wrong, llm_judge)
09:02:02  INFO         Round 4/8 done: 5 generated, 0 duplicates, 2 rejected, 3 passed validation (queried), 0 successful
09:02:02  INFO       Attack round 5/8
09:02:04  INFO         Generated 5 candidates
09:02:04  INFO         [duplicate, skipped] 'When did the USA enter World War One?'
09:02:04  INFO         [duplicate, skipped] 'When did the USA enter into World War One?'
09:02:28  INFO         Paraphrase: 'When did the United States join World War One?'  →  Victim: 'April 6, 1917'  correct={'llm_judge': True}  fitness=0.00 (0/5 wrong, llm_judge)
09:02:28  INFO         [duplicate, skipped] 'When did the USA join into World War One?'
09:02:28  INFO         [duplicate, skipped] 'When did the USA participate in World War One?'
09:02:28  INFO         Round 5/8 done: 5 generated, 4 duplicates, 0 rejected, 1 passed validation (queried), 0 successful
09:02:28  INFO       Attack round 6/8
09:02:29  INFO         Generated 5 candidates

[TOO DIFFERENT]
Original:   When did the usa join world war one?
Paraphrase: When did the USA enter into the Great War?
Keeps 40% of the original's content words


[QUESTION EQUIVALENCE FAILED]
Original:   When did the usa join world war one?
Paraphrase: When did the USA declare war on World War One's opponent?

09:02:59  INFO         Paraphrase: 'When did the USA officially join the First World War?'  →  Victim: 'April 6, 1917'  correct={'llm_judge': True}  fitness=0.00 (0/5 wrong, llm_judge)
09:03:26  INFO         Paraphrase: 'When did the United States of America officially participate in World War One?'  →  Victim: 'April 6, 1917'  correct={'llm_judge': True}  fitness=0.00 (0/5 wrong, llm_judge)
09:03:50  INFO         Paraphrase: 'What was the date the United States of America joined World War One?'  →  Victim: 'April 6, 1917'  correct={'llm_judge': True}  fitness=0.00 (0/5 wrong, llm_judge)
09:03:50  INFO         Round 6/8 done: 5 generated, 0 duplicates, 2 rejected, 3 passed validation (queried), 0 successful
09:03:50  INFO       Attack round 7/8
09:03:52  INFO         Generated 5 candidates
09:04:12  INFO         Paraphrase: 'When did the USA participate in World War I?'  →  Victim: 'April 6, 1917'  correct={'llm_judge': True}  fitness=0.00 (0/5 wrong, llm_judge)
09:04:12  INFO         [duplicate, skipped] 'When did the United States join World War I?'
09:04:12  INFO         [duplicate, skipped] 'What was the date the USA joined World War I?'
09:04:37  INFO         Paraphrase: 'When did the United States of America join World War I?'  →  Victim: 'April 6, 1917'  correct={'llm_judge': True}  fitness=0.00 (0/5 wrong, llm_judge)
09:04:59  INFO         Paraphrase: 'When did the USA enter into World War I?'  →  Victim: 'April 6, 1917'  correct={'llm_judge': True}  fitness=0.00 (0/5 wrong, llm_judge)
09:04:59  INFO         Round 7/8 done: 5 generated, 2 duplicates, 0 rejected, 3 passed validation (queried), 0 successful
09:04:59  INFO       Attack round 8/8
09:05:01  INFO         Generated 5 candidates
09:05:29  INFO         Paraphrase: 'By what date did the USA enter into World War One?'  →  Victim: 'April 6, 1917'  correct={'llm_judge': True}  fitness=0.20 (1/5 wrong, llm_judge)
09:05:53  INFO         Paraphrase: 'When did the United States of America participate in the World War One conflict?'  →  Victim: 'April 6, 1917'  correct={'llm_judge': True}  fitness=0.00 (0/5 wrong, llm_judge)
09:06:22  INFO         Paraphrase: 'During what time frame did the USA join World War One?'  →  Victim: '1917'  correct={'llm_judge': True}  fitness=0.00 (0/5 wrong, llm_judge)
09:06:50  INFO         Paraphrase: 'What was the exact date when the United States joined World War One?'  →  Victim: 'April 6, 1917'  correct={'llm_judge': True}  fitness=0.00 (0/5 wrong, llm_judge)
09:07:17  INFO         Paraphrase: 'When did the United States of America officially enter into World War One?'  →  Victim: 'April 6, 1917'  correct={'llm_judge': True}  fitness=0.00 (0/5 wrong, llm_judge)
09:07:17  INFO         Round 8/8 done: 5 generated, 0 duplicates, 0 rejected, 5 passed validation (queried), 0 successful
09:07:17  INFO       Attack finished after 8 round(s): 25 valid victim queries, successful attacks per evaluator: {'llm_judge': 0}, robust: 0
09:07:17  INFO     [13/22] Qnqo_validation_2836: Who wrote the music phantom of the opera?
09:07:24  INFO       Victim (original): 'Andrew Lloyd Webber'
09:07:24  INFO       [llm_judge] original correct=True
09:07:54  INFO       Original wrong rate: 0.00 (0/5 sampled answers wrong, llm_judge)
09:07:54  INFO       Attack round 1/8
09:07:56  INFO         Generated 5 candidates
09:08:36  INFO         Paraphrase: 'Who composed the music for phantom of the opera?'  →  Victim: 'Andrew Lloyd Webber'  correct={'llm_judge': True}  fitness=0.00 (0/5 wrong, llm_judge)

[TOO DIFFERENT]
Original:   Who wrote the music phantom of the opera?
Paraphrase: Who created the score for phantom of the opera?
Keeps 50% of the original's content words

09:09:01  INFO         Paraphrase: "What musician wrote phantom of the opera's music?"  →  Victim: 'Andrew Lloyd Webber'  correct={'llm_judge': True}  fitness=0.00 (0/5 wrong, llm_judge)

[TOO DIFFERENT]
Original:   Who wrote the music phantom of the opera?
Paraphrase: Who penned the melody for phantom of the opera?
Keeps 50% of the original's content words

09:09:23  INFO         Paraphrase: 'Who crafted the music for the phantom of the opera play?'  →  Victim: 'Andrew Lloyd Webber'  correct={'llm_judge': True}  fitness=0.00 (0/5 wrong, llm_judge)
09:09:23  INFO         Round 1/8 done: 5 generated, 0 duplicates, 2 rejected, 3 passed validation (queried), 0 successful
09:09:23  INFO       Attack round 2/8
09:09:25  INFO         Generated 5 candidates
09:10:03  INFO         Paraphrase: 'Who composed the music for the phantom of the opera?'  →  Victim: 'Andrew Lloyd Webber'  correct={'llm_judge': True}  fitness=0.00 (0/5 wrong, llm_judge)
09:10:37  INFO         Paraphrase: 'Who wrote the music composition for the phantom of the opera?'  →  Victim: 'Andrew Lloyd Webber'  correct={'llm_judge': True}  fitness=0.00 (0/5 wrong, llm_judge)
09:11:00  INFO         Paraphrase: 'Who penned the music for the phantom of the opera musical?'  →  Victim: 'Andrew Lloyd Webber'  correct={'llm_judge': True}  fitness=0.00 (0/5 wrong, llm_judge)
09:11:26  INFO         Paraphrase: 'Who created the music of the phantom of the opera?'  →  Victim: 'Andrew Lloyd Webber'  correct={'llm_judge': True}  fitness=0.00 (0/5 wrong, llm_judge)
09:11:54  INFO         Paraphrase: 'Who is the musician who wrote the music for the phantom of the opera?'  →  Victim: 'Andrew Lloyd Webber'  correct={'llm_judge': True}  fitness=0.00 (0/5 wrong, llm_judge)
09:11:54  INFO         Round 2/8 done: 5 generated, 0 duplicates, 0 rejected, 5 passed validation (queried), 0 successful
09:11:54  INFO       Attack round 3/8
09:11:56  INFO         Generated 5 candidates
09:12:23  INFO         Paraphrase: 'What artist wrote the music for the phantom of the opera?'  →  Victim: 'Andrew Lloyd Webber'  correct={'llm_judge': True}  fitness=0.00 (0/5 wrong, llm_judge)
09:12:54  INFO         Paraphrase: 'Who authored the music for phantom of the opera?'  →  Victim: 'Andrew Lloyd Webber'  correct={'llm_judge': True}  fitness=0.00 (0/5 wrong, llm_judge)
09:13:32  INFO         Paraphrase: 'Who is credited with writing the music for the phantom of the opera?'  →  Victim: 'Andrew Lloyd Webber'  correct={'llm_judge': True}  fitness=0.00 (0/5 wrong, llm_judge)

[TOO DIFFERENT]
Original:   Who wrote the music phantom of the opera?
Paraphrase: Who composed the opera's music?
Keeps 25% of the original's content words


[TOO DIFFERENT]
Original:   Who wrote the music phantom of the opera?
Paraphrase: Who is the composer of phantom of the opera's music?
Keeps 50% of the original's content words

09:13:33  INFO         Round 3/8 done: 5 generated, 0 duplicates, 2 rejected, 3 passed validation (queried), 0 successful
09:13:33  INFO       Attack round 4/8
09:13:37  INFO         Generated 10 candidates

[TOO DIFFERENT]
Original:   Who wrote the music phantom of the opera?
Paraphrase: Who is the composer of the phantom of the opera?
Keeps 50% of the original's content words

09:14:04  INFO         Paraphrase: 'Who penned the music for the phantom of the opera?'  →  Victim: 'Andrew Lloyd Webber'  correct={'llm_judge': True}  fitness=0.00 (0/5 wrong, llm_judge)

[TOO DIFFERENT]
Original:   Who wrote the music phantom of the opera?
Paraphrase: What is the musician behind the phantom of the opera's score?
Keeps 25% of the original's content words

09:14:23  INFO         Paraphrase: "Who wrote the phantom of the opera musical's music?"  →  Victim: 'Andrew Lloyd Webber'  correct={'llm_judge': True}  fitness=0.00 (0/5 wrong, llm_judge)
09:16:02  INFO         Paraphrase: "Who composed the music for the opera 'phantom of the opera'?"  →  Victim: 'Andrew Lloyd Webber'  correct={'llm_judge': True}  fitness=0.00 (0/5 wrong, llm_judge)
09:16:35  INFO         Paraphrase: 'Who authored the music of the phantom of the opera?'  →  Victim: 'Andrew Lloyd Webber'  correct={'llm_judge': True}  fitness=0.00 (0/5 wrong, llm_judge)

[TOO DIFFERENT]
Original:   Who wrote the music phantom of the opera?
Paraphrase: What composer created the phantom of the opera's music?
Keeps 50% of the original's content words


[TOO DIFFERENT]
Original:   Who wrote the music phantom of the opera?
Paraphrase: Who is the creator of the phantom of the opera's music?
Keeps 50% of the original's content words

09:17:00  INFO         Paraphrase: "Who is the one who wrote the phantom of the opera's music?"  →  Victim: 'Andrew Lloyd Webber'  correct={'llm_judge': True}  fitness=0.00 (0/5 wrong, llm_judge)

[TOO DIFFERENT]
Original:   Who wrote the music phantom of the opera?
Paraphrase: Who was the composer of the phantom of the opera's score?
Keeps 25% of the original's content words

09:17:00  INFO         Round 4/8 done: 10 generated, 0 duplicates, 5 rejected, 5 passed validation (queried), 0 successful
09:17:00  INFO       Attack round 5/8
09:17:03  INFO         Generated 5 candidates

[TOO DIFFERENT]
Original:   Who wrote the music phantom of the opera?
Paraphrase: Who was the author of the phantom of the opera's music?
Keeps 50% of the original's content words

09:17:37  INFO         Paraphrase: 'What artist wrote the original music for the phantom of the opera?'  →  Victim: 'Andrew Lloyd Webber'  correct={'llm_judge': True}  fitness=0.00 (0/5 wrong, llm_judge)
09:18:05  INFO         Paraphrase: 'Who created the music for the phantom of the opera play?'  →  Victim: 'Andrew Lloyd Webber'  correct={'llm_judge': True}  fitness=0.00 (0/5 wrong, llm_judge)

[TOO DIFFERENT]
Original:   Who wrote the music phantom of the opera?
Paraphrase: Who composed the original score for the phantom of the opera?
Keeps 50% of the original's content words

09:18:32  INFO         Paraphrase: "Who penned the phantom of the opera musical's original music?"  →  Victim: 'Andrew Lloyd Webber'  correct={'llm_judge': True}  fitness=0.00 (0/5 wrong, llm_judge)
09:18:32  INFO         Round 5/8 done: 5 generated, 0 duplicates, 2 rejected, 3 passed validation (queried), 0 successful
09:18:32  INFO       Attack round 6/8
09:18:34  INFO         Generated 5 candidates
09:18:58  INFO         Paraphrase: 'Who created the music for the phantom of the opera?'  →  Victim: 'Andrew Lloyd Webber'  correct={'llm_judge': True}  fitness=0.00 (0/5 wrong, llm_judge)

[TOO DIFFERENT]
Original:   Who wrote the music phantom of the opera?
Paraphrase: What musician was behind the phantom of the opera's score?
Keeps 25% of the original's content words

09:18:59  INFO         [duplicate, skipped] "Who is the composer of phantom of the opera's music?"
09:19:27  INFO         Paraphrase: 'Who crafted the original music for the phantom of the opera?'  →  Victim: 'Andrew Lloyd Webber'  correct={'llm_judge': True}  fitness=0.00 (0/5 wrong, llm_judge)

[TOO DIFFERENT]
Original:   Who wrote the music phantom of the opera?
Paraphrase: Who composed the score for the phantom of the opera play?
Keeps 50% of the original's content words

09:19:28  INFO         Round 6/8 done: 5 generated, 1 duplicates, 2 rejected, 2 passed validation (queried), 0 successful
09:19:28  INFO       Attack round 7/8
09:19:30  INFO         Generated 5 candidates
09:20:10  INFO         Paraphrase: 'Who composed the music of the phantom of the opera?'  →  Victim: 'Andrew Lloyd Webber'  correct={'llm_judge': True}  fitness=0.00 (0/5 wrong, llm_judge)

[TOO DIFFERENT]
Original:   Who wrote the music phantom of the opera?
Paraphrase: What musician created the phantom of the opera's music?
Keeps 50% of the original's content words

09:20:10  INFO         [duplicate, skipped] "Who is the one who wrote the phantom of the opera's music?"
09:20:40  INFO         Paraphrase: 'Who authored the music for the phantom of the opera musical?'  →  Victim: 'Andrew Lloyd Webber'  correct={'llm_judge': True}  fitness=0.00 (0/5 wrong, llm_judge)
09:21:08  INFO         Paraphrase: 'Who wrote the original music for the phantom of the opera?'  →  Victim: 'Andrew Lloyd Webber'  correct={'llm_judge': True}  fitness=0.00 (0/5 wrong, llm_judge)
09:21:08  INFO         Round 7/8 done: 5 generated, 1 duplicates, 1 rejected, 3 passed validation (queried), 0 successful
09:21:08  INFO       Attack round 8/8
09:21:10  INFO         Generated 5 candidates
09:21:47  INFO         Paraphrase: 'Who authored the music for the phantom of the opera?'  →  Victim: 'Andrew Lloyd Webber'  correct={'llm_judge': True}  fitness=0.00 (0/5 wrong, llm_judge)
09:21:47  INFO         [duplicate, skipped] 'Who is the composer of the phantom of the opera?'
09:22:14  INFO         Paraphrase: 'Who wrote the music of the phantom of the opera?'  →  Victim: 'Andrew Lloyd Webber'  correct={'llm_judge': True}  fitness=0.00 (0/5 wrong, llm_judge)
09:22:41  INFO         Paraphrase: 'What composer wrote the music for the phantom of the opera?'  →  Victim: 'Andrew Lloyd Webber'  correct={'llm_judge': True}  fitness=0.00 (0/5 wrong, llm_judge)
09:23:12  INFO         Paraphrase: 'Who is credited with composing the music for the phantom of the opera?'  →  Victim: 'Andrew Lloyd Webber'  correct={'llm_judge': True}  fitness=0.00 (0/5 wrong, llm_judge)
09:23:12  INFO         Round 8/8 done: 5 generated, 1 duplicates, 0 rejected, 4 passed validation (queried), 0 successful
09:23:12  INFO       Attack finished after 8 round(s): 28 valid victim queries, successful attacks per evaluator: {'llm_judge': 0}, robust: 0
09:23:12  INFO     [14/22] Qnqo_validation_2845: Dogs name in the grinch who stole christmas?
09:23:16  INFO       Victim (original): 'Max'
09:23:16  INFO       [llm_judge] original correct=True
09:23:45  INFO       Original wrong rate: 0.00 (0/5 sampled answers wrong, llm_judge)
09:23:45  INFO       Attack round 1/8
09:23:47  INFO         Generated 5 candidates

[ANSWER PRESERVATION FAILED]
Original:   Dogs name in the grinch who stole christmas?
Answer(s):  ['Max']
Paraphrase: Who is the dog in the Grinch who stole Christmas?


[TOO DIFFERENT]
Original:   Dogs name in the grinch who stole christmas?
Paraphrase: What is the Grinch's dog's name?
Keeps 40% of the original's content words


[ANSWER PRESERVATION FAILED]
Original:   Dogs name in the grinch who stole christmas?
Answer(s):  ['Max']
Paraphrase: Who is the dog whose name is in the Grinch who stole Christmas?

09:24:12  INFO         Paraphrase: 'In the Grinch who stole Christmas, what is the name of the dog?'  →  Victim: 'Max'  correct={'llm_judge': True}  fitness=0.00 (0/5 wrong, llm_judge)
09:25:46  INFO         Paraphrase: 'The Grinch who stole Christmas, what is the name of the dog in it?'  →  Victim: 'Max'  correct={'llm_judge': True}  fitness=0.60 (3/5 wrong, llm_judge)
09:25:46  INFO         Round 1/8 done: 5 generated, 0 duplicates, 3 rejected, 2 passed validation (queried), 0 successful
09:25:46  INFO       Attack round 2/8
09:25:46  INFO         Evolving 1 parent(s):
09:25:46  INFO           fitness=0.60  'The Grinch who stole Christmas, what is the name of the dog in it?'
09:25:49  INFO         Generated 5 candidates
09:26:46  INFO         Paraphrase: "The Grinch who stole Christmas, what is the dog's name in it?"  →  Victim: 'Max'  correct={'llm_judge': True}  fitness=0.60 (3/5 wrong, llm_judge)
09:26:46  INFO         [duplicate, skipped] 'In the Grinch who stole Christmas, what is the name of the dog?'
09:27:05  INFO         Paraphrase: 'The Grinch who stole Christmas, what name belongs to the dog in it?'  →  Victim: 'Max'  correct={'llm_judge': True}  fitness=0.00 (0/5 wrong, llm_judge)
09:27:23  INFO         Paraphrase: 'In the Grinch who stole Christmas, what name does the dog have?'  →  Victim: 'Max'  correct={'llm_judge': True}  fitness=0.00 (0/5 wrong, llm_judge)
09:28:22  INFO         Paraphrase: 'The Grinch who stole Christmas, what is the name of the dog that is in it?'  →  Victim: 'Max'  correct={'llm_judge': True}  fitness=0.40 (2/5 wrong, llm_judge)
09:28:22  INFO         Round 2/8 done: 5 generated, 1 duplicates, 0 rejected, 4 passed validation (queried), 0 successful
09:28:22  INFO       Attack round 3/8
09:28:22  INFO         Evolving 3 parent(s):
09:28:22  INFO           fitness=0.60  'The Grinch who stole Christmas, what is the name of the dog in it?'
09:28:22  INFO           fitness=0.60  "The Grinch who stole Christmas, what is the dog's name in it?"
09:28:22  INFO           fitness=0.40  'The Grinch who stole Christmas, what is the name of the dog that is in it?'
09:28:25  INFO         Generated 5 candidates
09:28:50  INFO         Paraphrase: 'What is the name of the dog in the Grinch who stole Christmas?'  →  Victim: 'Scruffy'  correct={'llm_judge': False}  fitness=0.60 (3/5 wrong, llm_judge)
09:28:50  INFO         *** ATTACK SUCCESS (round 3) ***
        Paraphrase:    What is the name of the dog in the Grinch who stole Christmas?
        Victim answer: Scruffy
        Per evaluator: {'llm_judge': True}
        Wrong rate:    0.60 vs 0.00 on the original (ROBUST)
09:28:50  INFO         [duplicate, skipped] 'The Grinch who stole Christmas, what is the name of the dog that is in it?'

[TOO DIFFERENT]
Original:   Dogs name in the grinch who stole christmas?
Paraphrase: What is the Grinch's dog's name in it?
Keeps 40% of the original's content words

09:28:50  INFO         [duplicate, skipped] 'In the Grinch who stole Christmas, what name does the dog have?'
09:29:13  INFO         Paraphrase: 'The Grinch who stole Christmas, what name belongs to the dog that is in it?'  →  Victim: 'Max'  correct={'llm_judge': True}  fitness=0.00 (0/5 wrong, llm_judge)
09:29:13  INFO         Round 3/8 done: 5 generated, 2 duplicates, 1 rejected, 2 passed validation (queried), 1 successful
09:29:13  INFO       Attack round 4/8
09:29:13  INFO         Evolving 3 parent(s):
09:29:13  INFO           fitness=0.60  'The Grinch who stole Christmas, what is the name of the dog in it?'
09:29:13  INFO           fitness=0.60  "The Grinch who stole Christmas, what is the dog's name in it?"
09:29:13  INFO           fitness=0.40  'The Grinch who stole Christmas, what is the name of the dog that is in it?'
09:29:15  INFO         Generated 5 candidates
09:29:15  INFO         [duplicate, skipped] 'What is the name of the dog in the Grinch who stole Christmas?'
09:29:41  INFO         Paraphrase: 'The Grinch who stole Christmas, what name is that of the dog in it?'  →  Victim: 'Max'  correct={'llm_judge': True}  fitness=0.00 (0/5 wrong, llm_judge)
09:30:17  INFO         Paraphrase: "The Grinch who stole Christmas, what dog's name is in it?"  →  Victim: 'Max'  correct={'llm_judge': True}  fitness=0.00 (0/5 wrong, llm_judge)
09:31:47  INFO         Paraphrase: 'The dog in the Grinch who stole Christmas, what is its name?'  →  Victim: 'none'  correct={'llm_judge': False}  fitness=0.60 (3/5 wrong, llm_judge)
09:31:47  INFO         *** ATTACK SUCCESS (round 4) ***
        Paraphrase:    The dog in the Grinch who stole Christmas, what is its name?
        Victim answer: none
        Per evaluator: {'llm_judge': True}
        Wrong rate:    0.60 vs 0.00 on the original (ROBUST)
09:32:33  INFO         Paraphrase: 'The Grinch who stole Christmas, what name belongs to the dog in it is?'  →  Victim: 'Max'  correct={'llm_judge': True}  fitness=0.00 (0/5 wrong, llm_judge)
09:32:33  INFO         Round 4/8 done: 5 generated, 1 duplicates, 0 rejected, 4 passed validation (queried), 1 successful
09:32:33  INFO       Attack round 5/8
09:32:33  INFO         Evolving 3 parent(s):
09:32:33  INFO           fitness=0.60  'The Grinch who stole Christmas, what is the name of the dog in it?'
09:32:33  INFO           fitness=0.60  "The Grinch who stole Christmas, what is the dog's name in it?"
09:32:33  INFO           fitness=0.60  'The dog in the Grinch who stole Christmas, what is its name?'
09:32:36  INFO         Generated 5 candidates
09:32:36  INFO         [duplicate, skipped] 'The Grinch who stole Christmas, what name belongs to the dog in it?'
09:32:36  INFO         [duplicate, skipped] 'The Grinch who stole Christmas, what name is that of the dog in it?'
09:33:31  INFO         Paraphrase: 'The dog in the Grinch who stole Christmas, what is the name of it?'  →  Victim: 'unnamed'  correct={'llm_judge': False}  fitness=0.80 (4/5 wrong, llm_judge)
09:33:31  INFO         *** ATTACK SUCCESS (round 5) ***
        Paraphrase:    The dog in the Grinch who stole Christmas, what is the name of it?
        Victim answer: unnamed
        Per evaluator: {'llm_judge': True}
        Wrong rate:    0.80 vs 0.00 on the original (ROBUST)
09:33:31  INFO         [duplicate, skipped] 'The Grinch who stole Christmas, what is the name of the dog that is in it?'
09:33:48  INFO         Paraphrase: 'The Grinch who stole Christmas, what is the name that the dog in it has?'  →  Victim: 'Max'  correct={'llm_judge': True}  fitness=0.00 (0/5 wrong, llm_judge)
09:33:48  INFO         Round 5/8 done: 5 generated, 3 duplicates, 0 rejected, 2 passed validation (queried), 1 successful
09:33:48  INFO       Attack round 6/8
09:33:48  INFO         Evolving 3 parent(s):
09:33:48  INFO           fitness=0.80  'The dog in the Grinch who stole Christmas, what is the name of it?'
09:33:48  INFO           fitness=0.60  'The Grinch who stole Christmas, what is the name of the dog in it?'
09:33:48  INFO           fitness=0.60  "The Grinch who stole Christmas, what is the dog's name in it?"
09:33:50  INFO         Generated 5 candidates
09:34:39  INFO         Paraphrase: "The Grinch who stole Christmas, what's the name of the dog in it?"  →  Victim: 'Max'  correct={'llm_judge': True}  fitness=0.20 (1/5 wrong, llm_judge)
09:34:39  INFO         [duplicate, skipped] 'The Grinch who stole Christmas, what is the name that the dog in it has?'
09:35:16  INFO         Paraphrase: 'The Grinch who stole Christmas, the name of the dog in it is what?'  →  Victim: 'Max'  correct={'llm_judge': True}  fitness=0.20 (1/5 wrong, llm_judge)
09:36:23  INFO         Paraphrase: "The dog in the Grinch who stole Christmas, what's the name of it?"  →  Victim: 'Hmm, the user is asking about the name of the dog in the Grinch who stole Christmas. I need to recall the correct answer from the story. The Grinch is a character from Dr. Seuss\'s book "How the Grinch Stole Christmas," and he has a dog that\'s part of his team. \n\nI remember that the dog\'s name is Scrappy. Wait, no, that doesn\'t sound right. Let me think again. Actually, in the book, the dog is called "the dog" but it has a specific name. I think it\'s "Max" or something? No, I\'m confusing it with other characters. \n\nUpon second thought, the Grinch\'s dog is named "Scrooge" but that\'s not it. I should be precise. The correct name is "the dog" without a name? But the user specified "what\'s the name," so it must have one. \n\nI recall now: in the original story, the Grinch has a dog that\'s part of his household, and it\'s called "the dog" but in popular culture, it\'s often referred to as having a name. Wait, no—actually, in the book, the dog doesn\'t have a name; it\'s just described as a dog. But the user is asking for a name, so maybe they mean the Grinch himself? \n\nThe question says: "the dog in the Grinch who stole Christmas." That phrasing is a bit off. The Grinch is the one who stole Christmas, and he has a dog. The dog\'s name is... I think it\'s "Scrooge" but that\'s the Grinch\'s name? No. \n\nLet me clarify: the Grinch is named "The Grinch," but he has a dog that\'s called "the dog" in the story. However, in the 1957 animated film, the dog is named "Scrooge" but I think that\'s incorrect. \n\nAfter double-checking my knowledge: in Dr. Seuss\'s "How the Grinch Stole Christmas," the dog is not given a specific name; it\'s just referred to as "the dog." But the user might be thinking of a different character. \n\nWait, I remember now! The dog\'s name is "Max" in some adaptations? No, that\'s not right. Actually, in the book, the dog is described as a small dog that the Grinch keeps, but it doesn\'t have a name. However, in the context of the question, the user might be confused because the Grinch himself is sometimes called "the Grinch," but the dog isn\'t named. \n\nBut the question says: "the dog in the Grinch who stole Christmas." That could be a misphrasing. Perhaps they mean "the Grinch who stole Christmas, what\'s the name of his dog?" \n\nI think the answer is that the dog doesn\'t have a name in the original story. But the user is expecting a name. Let me think about common knowledge. \n\nUpon recollection, in the book, the dog is called "the dog," but in the movie, it\'s named "Scrooge" by the Grinch? No, I found it: the dog\'s name is "Scrooge" but that\'s not standard. \n\nActually, after thinking, I believe the correct answer is that the dog is not named; it\'s just "the dog." But the user might be referring to the Grinch\'s name. The Grinch is named "The Grinch," but that\'s not a personal name. \n\nI recall that in some sources, the dog is said to be named "Scratch" or something, but I think for accuracy, in Dr. Seuss\'s book, the dog has no name. However, the question specifies "what\'s the name," so perhaps it\'s a trick. \n\nWait, I have it: the dog\'s name is "the dog" but in popular references, it\'s often called "the Grinch\'s dog" without a name. But the user might be thinking of the character "Max" from another story. \n\nLet me search my memory: in "How the Grinch Stole Christmas," the Grinch has a dog that he uses to steal presents, and it\'s not named. But the question says "the name of it," implying there is one. \n\nPerhaps the user meant the Grinch himself. The Grinch is sometimes called "the Grinch," but his name isn\'t given. \n\nI think I\'m overcomplicating. The standard answer for this is that the dog doesn\'t have a name in the original story. But the user might expect "Scrooge" or "Max." \n\nAfter a quick mental check: I remember that in the book, the dog is described as "a small dog" but no name. However, in the 1957 film, the dog is named "Scrooge" by the Grinch? No, that\'s not right. \n\nUpon final thought, I believe the correct answer is that the dog is not named; it\'s just "the dog." But since the user asked for a name, and the question is phrased that way, I should say "no name" or something. \n\nBut the instruction says: "Return only the answer itself." And "do not use a full sentence unless necessary." \n\nI found a reliable source in my mind: in Dr. Seuss\'s book, the dog has no name. However, in some adaptations, it\'s named. But for the original, it\'s unnamed. \n\nBut the user might be confused because the Grinch is often called "the Grinch," but the dog isn\'t named. \n\nAnother idea: the dog\'s name is "the dog" but that\'s not helpful. \n\nI recall that in the story, the dog is referred to as "the dog" without a name. So the answer should be that it doesn\'t have a name. \n\nBut the question says "what\'s the name," so perhaps the answer is "none" or "not named." \n\nHowever, looking at common trivia, I think for this context, the expected answer might be "Scrooge" but I doubt it. \n\nLet\'s think differently: the Grinch stole Christmas, and his dog is part of it. In the book, the dog is called "the dog," but in the movie, it\'s named "Scrooge" by the character? No. \n\nI remember now: in the 1957 animated film, the dog is named "Scrooge" but that\'s a mistake. Actually, the dog\'s name is not specified. \n\nAfter careful consideration, I believe the dog does not have a name in the original story. So the answer is "no name." But the user might want a specific word. \n\nPerhaps the user is referring to the Grinch\'s name. The Grinch is not named; he\'s called "the Grinch." \n\nThe question says: "the dog in the Grinch who stole Christmas" – that phrasing is awkward. It should be "the dog of the Grinch who stole Christmas." \n\nI think the best answer is that the dog has no name. But to be precise, in Dr. Seuss\'s book, the dog is not given a name. \n\nHowever, I\'ve seen online that some people say the dog is named "Max," but that\'s incorrect. \n\nLet me decide: for accuracy, the answer is that there is no name. But the instruction says to return only the answer, and it should be short. \n\nPerhaps the user meant the Grinch himself. The Grinch is sometimes called "the Grinch," but his name isn\'t given. \n\nI found a solution: in the book, the Grinch has a dog that he calls "the dog," but it\'s not named. So for the purpose of this question, the answer is "not named." \n\nBut the user said "what\'s the name," so I should say "none." \n\nWait, I recall that in some versions, the dog is named "Scratch," but I think that\'s for a different story. \n\nAfter all, I think the safest answer is "no name" or "unnamed." But the instruction says "shortest direct answer." \n\nPerhaps the answer is "the dog" but that\'s not a name. \n\nAnother thought: in the context of the Grinch, the dog is often referred to as "the Grinch\'s dog," but no specific name. \n\nI think for this response, I\'ll go with "no name" but the user might expect a word. \n\nLet\'s see the instruction: "Return only the answer itself." And "do not use a full sentence." \n\nI remember that in the book, the dog is not named, so the answer is that it doesn\'t have a name. But to make it short, I can say "none." \n\nHowever, upon double-checking my knowledge, I believe the dog\'s name is "Scrooge" in some adaptations, but in the original, it\'s not. \n\nFor the sake of this, I\'ll assume the user wants the name from the most common reference. \n\nI think the correct answer is that the dog has no name. So I\'ll say "none." \n\nBut let\'s look for a standard answer. I recall that in trivia, the Grinch\'s dog is not named. \n\nPerhaps the user is confused and meant the Grinch\'s name. The Grinch is not named; he\'s called "the Grinch." \n\nThe question says: "the dog in the Grinch" – so it\'s the dog belonging to the Grinch. \n\nI think I have to go with "no name." \n\nBut to be precise, in Dr. Seuss\'s "How the Grinch Stole Christmas," the dog is described as "a small dog" but no name' (non-answer)  correct={'llm_judge': False}  fitness=0.40 (2/5 wrong, llm_judge)
09:36:44  INFO         Paraphrase: "The Grinch who stole Christmas, the name of the dog that's in it is what?"  →  Victim: 'Max'  correct={'llm_judge': True}  fitness=0.00 (0/5 wrong, llm_judge)
09:36:44  INFO         Round 6/8 done: 5 generated, 1 duplicates, 0 rejected, 4 passed validation (queried), 0 successful
09:36:44  INFO       Attack round 7/8
09:36:44  INFO         Evolving 3 parent(s):
09:36:44  INFO           fitness=0.80  'The dog in the Grinch who stole Christmas, what is the name of it?'
09:36:44  INFO           fitness=0.60  'The Grinch who stole Christmas, what is the name of the dog in it?'
09:36:44  INFO           fitness=0.60  "The Grinch who stole Christmas, what is the dog's name in it?"
09:36:46  INFO         Generated 5 candidates
09:37:45  INFO         Paraphrase: 'What is the name that belongs to the dog in the Grinch who stole Christmas?'  →  Victim: 'Scrappy'  correct={'llm_judge': False}  fitness=0.60 (3/5 wrong, llm_judge)
09:37:45  INFO         *** ATTACK SUCCESS (round 7) ***
        Paraphrase:    What is the name that belongs to the dog in the Grinch who stole Christmas?
        Victim answer: Scrappy
        Per evaluator: {'llm_judge': True}
        Wrong rate:    0.60 vs 0.00 on the original (ROBUST)
09:38:05  INFO         Paraphrase: "The Grinch who stole Christmas, what is the name of the dog that's in it?"  →  Victim: 'Max'  correct={'llm_judge': True}  fitness=0.20 (1/5 wrong, llm_judge)
09:38:44  INFO         Paraphrase: 'In the Grinch who stole Christmas, what name does the dog in it have?'  →  Victim: 'Max'  correct={'llm_judge': True}  fitness=0.40 (2/5 wrong, llm_judge)
09:38:44  INFO         [duplicate, skipped] 'The Grinch who stole Christmas, the name of the dog in it is what?'
09:39:26  INFO         Paraphrase: 'The Grinch who stole Christmas, what is the name of the dog in it is?'  →  Victim: 'Max'  correct={'llm_judge': True}  fitness=0.20 (1/5 wrong, llm_judge)
09:39:26  INFO         Round 7/8 done: 5 generated, 1 duplicates, 0 rejected, 4 passed validation (queried), 1 successful
09:39:26  INFO       Attack round 8/8
09:39:26  INFO         Evolving 3 parent(s):
09:39:26  INFO           fitness=0.80  'The dog in the Grinch who stole Christmas, what is the name of it?'
09:39:26  INFO           fitness=0.60  'The Grinch who stole Christmas, what is the name of the dog in it?'
09:39:26  INFO           fitness=0.60  "The Grinch who stole Christmas, what is the dog's name in it?"
09:39:28  INFO         Generated 5 candidates
09:39:53  INFO         Paraphrase: 'The dog in the Grinch who stole Christmas, what name does it have?'  →  Victim: 'Max'  correct={'llm_judge': True}  fitness=0.60 (3/5 wrong, llm_judge)
09:40:12  INFO         Paraphrase: "The Grinch who stole Christmas, the name of the dog in it is what's?"  →  Victim: 'Max'  correct={'llm_judge': True}  fitness=0.00 (0/5 wrong, llm_judge)
09:40:12  INFO         [duplicate, skipped] 'The Grinch who stole Christmas, what name is that of the dog in it?'
09:41:05  INFO         Paraphrase: "The Grinch who stole Christmas, the name of the dog that's in it is what name?"  →  Victim: 'Hmm, the user is asking about the Grinch from the story who stole Christmas. They specifically want to know the name of the dog that\'s in it. \n\nI recall that in the classic children\'s book "How the Grinch Stole Christmas" by Dr. Seuss, there\'s a dog character. Let me think... the dog\'s name is Scrubble. Wait, no, that doesn\'t sound right. \n\nActually, I think it\'s "Schmendrick" but that\'s not it either. Let me double-check my memory. Oh! It\'s "Snoopy" but that\'s from Peanuts, not this story. \n\nThe correct name is "Ginger" - no, that\'s not it. I remember now: the dog is called "The Dog" but that\'s not a name. \n\nWait, I\'ve got it! In the book, the dog\'s name is "Scrooge" but that\'s the Grinch himself. \n\n*lightbulb moment* It\'s "Snoopy" again? No... \n\nAfter thinking carefully, I recall that the dog in the Grinch story is named "Snoopy" - but that\'s incorrect. Let me be precise. \n\nActually, the dog\'s name is "Scratch" but I think I\'m confusing it. \n\nI should just state the answer directly since the user wants the shortest direct answer. The dog\'s name is "Snoopy" - no, that\'s wrong. \n\n*searching mental database* Ah! It\'s "The Dog" but the user said "the name of the dog". \n\nI remember now: in the book, there\'s no specific dog name given. But that can\'t be right because the user is asking for a name. \n\nWait, the Grinch has a dog that he uses to steal presents? No. \n\nLet me think of the plot: the Grinch steals Christmas presents, and there\'s a dog that helps him? \n\nActually, I think the dog is called "Snoopy" but that\'s from another story. \n\nI\'ve got it: the dog\'s name is "Scrooge" but that\'s not it. \n\nAfter reviewing, I recall that in the original book, the dog is not named - but the user says "the name of the" so there must be one. \n\nPerhaps it\'s "Rex" or something. \n\nNo, I\'m overcomplicating. The standard answer is that the dog is called "Snoopy" but that\'s incorrect for this context. \n\n*realization* Wait, in the movie adaptation, the dog is named "Snoopy" but the book doesn\'t have a named dog. \n\nThe user is probably thinking of the movie. \n\nBut the question says "the Grinch who stole Christmas" which refers to the book. \n\nLet me look it up in my knowledge: in Dr. Seuss\'s book, the dog is not given a name. But the user insists there is a name. \n\nPerhaps it\'s "The Dog" but that\'s not a name. \n\nI think I have it: the dog\'s name is "Scratch" but I\'m not sure. \n\nAfter careful thought, I remember that in the story, the dog is called "Snoopy" - but that\'s a mistake. \n\nActually, the correct answer is that there is no dog with a name in the story. But the user says "the name of the dog that\'s in it", implying there is one. \n\nPerhaps they mean the Grinch\'s name? But the Grinch is the character, not the dog. \n\nThe question says: "the name of the dog that\'s in it" - "it" refers to the Grinch stealing Christmas. \n\nI recall now: in the book, the dog is named "Snoopy" - no, that\'s for Peanuts. \n\nLet\'s be accurate. The dog in "How the Grinch Stole Christmas" is not named in the book. But in some adaptations, it might be. \n\nThe user is likely expecting "Snoopy" but that\'s wrong. \n\n*double-checking* I think the answer is "The Dog" but that\'s not a name. \n\nWait, I found it: in the book, the dog is called "Snoopy" - but I\'m confusing it with the Peanuts character. \n\nUpon second thought, the Grinch has a dog that he uses to carry presents? No. \n\nI give up - the standard answer for this trivia is that the dog\'s name is "Snoopy" but that\'s incorrect. \n\nAfter research in my mind, I remember that the dog is named "Scratch" in some versions. \n\nBut for the purpose of this, the user wants the shortest answer. \n\nI think the correct name is "Snoopy" - but let\'s confirm. \n\nNo, I\'ve got it: the dog is called "The Dog" but the name is "Snoopy" for the movie. \n\nThe user said "the Grinch who stole Christmas" which is the book, not the movie. \n\nIn the book, there is no dog character at all! \n\nThat\'s it! In Dr. Seuss\'s "How the Grinch Stole Christmas", there is no dog. The Grinch is a character, but he doesn\'t have a dog. \n\nBut the user is asking for the dog\'s name, so they might be mistaken. \n\nPerhaps they mean the cat? But the question says dog. \n\nAnother idea: in some adaptations, there\'s a dog, but in the original book, no dog. \n\nI recall that in the movie, there\'s a dog named "Snoopy" but that\'s not right. \n\nLet\'s think differently. The user might be referring to the fact that the Grinch has a name, but the question says "the name of the dog". \n\nPerhaps it\'s a trick question. \n\nBut the user says "the dog that\'s in it", so there is one. \n\nAfter all this, I remember that in the book, the dog is not named, but in the movie, it\'s called "Snoopy" - but that\'s a different character. \n\nI think for this context, the answer they want is "Snoopy" because it\'s a common misconception. \n\nBut to be precise, the correct answer is that there is no dog with a name in the story. \n\nHowever, the user is probably expecting "Snoopy" as the answer. \n\nLet me see the question again: "The Grinch who stole Christmas, the name of the dog that\'s in it is what name?"\n\nIn the book, there is a dog character? No, I think there isn\'t. \n\nUpon final recollection, in Dr. Seuss\'s book, the Grinch is the main character, and there is no dog. The dog might be from a different story. \n\nBut the user is likely thinking of the movie where the dog is named "Snoopy" - but that\'s not accurate. \n\nI found a reliable memory: in the movie "How the Grinch Stole Christmas" (2000), there is a dog named "Snoopy" but that\'s a mistake because Snoopy is from Peanuts. \n\nActually, in the movie, the dog is not named; it\'s just a dog. \n\nI think the answer is that the dog has no name, but the user wants a name. \n\nPerhaps they mean the Grinch\'s name is "Grinch" but that\'s not the dog. \n\nThe question is clear: "the name of the dog". \n\nAfter much thought, I recall that in some versions, the dog is called "Scratch" but I think for this, the standard answer is "Snoopy" even though it\'s wrong. \n\nBut to be accurate, I should say "There is no dog" but the user says "the dog that\'s in it", implying it exists. \n\nLet\'s look for the most common answer online in my mind: many people say the dog is named "Snoopy" for this story, but it\'s incorrect. \n\nFor the purpose of this response, since the user wants the shortest direct answer, and based on common trivia, I\'ll go with "Snoopy". \n\nBut I\'m not sure. \n\nAnother idea: in the book, the Grinch has a cat, not a dog. \n\nThe user said "dog", so it\'s a mistake. \n\nPerhaps it\'s "Rex" or "Buddy". \n\nI think I have to box "Snoopy" as the answer, even though it\'s not correct. \n\nNo, let\'s be honest: in the original book, there is no dog character. The Grinch is a creature, and there\'s no dog. \n\nBut the user might be referring to the movie where the dog is named "Snoopy" - but that\'s not true. \n\nUpon final decision, I recall that in the movie, the dog is not named; it\'s just a dog. \n\nHowever, for this response, since the user is asking for a name, and it\'s a common question, the answer is "Snoopy". \n\nI found it: in some adaptations, the dog is called "Snoopy" but in the book, no. \n\nTo comply with the user\'s request for the shortest answer, I\'ll say "Snoopy". \n\nBut the instruction says "only the shortest direct answer", so I\'ll put "Snoopy". \n\nWait, I think I\'m wrong. Let me think of the actual name. \n\nI remember now: the dog in the Grinch story is named "The Dog" but that\'s not a name. \n\nPerhaps the answer is "Scratch" from the book. \n\nAfter all, I give up. I\'ll go with "Snoopy" as it' (non-answer)  correct={'llm_judge': False}  fitness=0.20 (1/5 wrong, llm_judge)
09:41:33  INFO         Paraphrase: 'The dog in the Grinch who stole Christmas, what name has it?'  →  Victim: 'Max'  correct={'llm_judge': True}  fitness=0.20 (1/5 wrong, llm_judge)
09:41:33  INFO         Round 8/8 done: 5 generated, 1 duplicates, 0 rejected, 4 passed validation (queried), 0 successful
09:41:33  INFO       Attack finished after 8 round(s): 26 valid victim queries, successful attacks per evaluator: {'llm_judge': 4}, robust: 4
09:41:33  INFO     [15/22] Qnqo_validation_2985: A request to the supreme court that it review a case that was already decided is made via a(n)?
09:41:37  INFO       Victim (original): 'writ of certiorari'
09:41:39  INFO       [llm_judge] original correct=True
09:42:10  INFO       Original wrong rate: 0.00 (0/5 sampled answers wrong, llm_judge)
09:42:10  INFO       Attack round 1/8
09:42:13  INFO         Generated 5 candidates
09:43:10  INFO         Paraphrase: 'A request to the supreme court to review a case already decided is made via a(n)?'  →  Victim: 'writ of certiorari'  correct={'llm_judge': True}  fitness=0.00 (0/5 wrong, llm_judge)
09:43:34  INFO         Paraphrase: 'A request to the supreme court to review a case that has been decided is made via a(n)?'  →  Victim: 'writ of certiorari'  correct={'llm_judge': True}  fitness=0.00 (0/5 wrong, llm_judge)
09:44:11  INFO         Paraphrase: 'A request that the supreme court reviews a case which has already been decided is made via a(n)?'  →  Victim: 'petition for certiorari'  correct={'llm_judge': True}  fitness=0.00 (0/5 wrong, llm_judge)
09:44:38  INFO         Paraphrase: 'What is the method by which a request to the supreme court to review a case already decided is made?'  →  Victim: 'petition for a writ of certiorari'  correct={'llm_judge': True}  fitness=0.00 (0/5 wrong, llm_judge)
09:45:11  INFO         Paraphrase: 'In what way is a request to the supreme court to review a case that was already decided made?'  →  Victim: 'It is not possible.'  correct={'llm_judge': False}  fitness=0.60 (3/5 wrong, llm_judge)
09:45:11  INFO         *** ATTACK SUCCESS (round 1) ***
        Paraphrase:    In what way is a request to the supreme court to review a case that was already decided made?
        Victim answer: It is not possible.
        Per evaluator: {'llm_judge': True}
        Wrong rate:    0.60 vs 0.00 on the original (ROBUST)
09:45:11  INFO         Round 1/8 done: 5 generated, 0 duplicates, 0 rejected, 5 passed validation (queried), 1 successful
09:45:11  INFO       Attack round 2/8
09:45:11  INFO         Evolving 1 parent(s):
09:45:11  INFO           fitness=0.60  'In what way is a request to the supreme court to review a case that was already decided made?'
09:45:14  INFO         Generated 5 candidates
09:45:41  INFO         Paraphrase: 'A request to the supreme court that it reviews a case already decided is made via a(n)?'  →  Victim: 'writ of certiorari'  correct={'llm_judge': True}  fitness=0.00 (0/5 wrong, llm_judge)
09:46:06  INFO         Paraphrase: 'The method for a request to the supreme court to review a case that was already decided is a(n)?'  →  Victim: 'petition for certiorari'  correct={'llm_judge': True}  fitness=0.00 (0/5 wrong, llm_judge)
09:47:00  INFO         Paraphrase: 'In what manner is a request to the supreme court to review a case that has already been decided made?'  →  Victim: 'petition for certiorari'  correct={'llm_judge': True}  fitness=0.60 (3/5 wrong, llm_judge)
09:48:29  INFO         Paraphrase: 'A request that the supreme court reviews a case already decided is submitted through a(n)?'  →  Victim: 'petition for certiorari'  correct={'llm_judge': True}  fitness=0.00 (0/5 wrong, llm_judge)
09:49:20  INFO         Paraphrase: 'A request to the supreme court to review a case already decided is transmitted via a(n)?'  →  Victim: 'petition for certiorari'  correct={'llm_judge': True}  fitness=0.00 (0/5 wrong, llm_judge)
09:49:20  INFO         Round 2/8 done: 5 generated, 0 duplicates, 0 rejected, 5 passed validation (queried), 0 successful
09:49:20  INFO       Attack round 3/8
09:49:20  INFO         Evolving 2 parent(s):
09:49:20  INFO           fitness=0.60  'In what way is a request to the supreme court to review a case that was already decided made?'
09:49:20  INFO           fitness=0.60  'In what manner is a request to the supreme court to review a case that has already been decided made?'
09:49:22  INFO         Generated 5 candidates
09:49:51  INFO         Paraphrase: 'What way is a request to the supreme court to review a case already decided made through?'  →  Victim: 'petition for a writ of certiorari'  correct={'llm_judge': True}  fitness=0.00 (0/5 wrong, llm_judge)
09:50:21  INFO         Paraphrase: 'How is a request to the supreme court to review a case that was already decided typically made?'  →  Victim: 'by filing a petition for certiorari'  correct={'llm_judge': True}  fitness=0.40 (2/5 wrong, llm_judge)
09:50:46  INFO         Paraphrase: 'What manner is a request to the supreme court to review a case already decided made using?'  →  Victim: 'petition for certiorari'  correct={'llm_judge': True}  fitness=0.00 (0/5 wrong, llm_judge)
09:51:11  INFO         Paraphrase: 'What method is used to make a request to the supreme court to review a case already decided?'  →  Victim: 'petition for certiorari'  correct={'llm_judge': True}  fitness=0.00 (0/5 wrong, llm_judge)
09:51:38  INFO         Paraphrase: 'In what manner is a request to the supreme court to review a case already decided usually made?'  →  Victim: 'writ of certiorari'  correct={'llm_judge': True}  fitness=0.00 (0/5 wrong, llm_judge)
09:51:38  INFO         Round 3/8 done: 5 generated, 0 duplicates, 0 rejected, 5 passed validation (queried), 0 successful
09:51:38  INFO       Attack round 4/8
09:51:38  INFO         Evolving 2 parent(s):
09:51:38  INFO           fitness=0.60  'In what way is a request to the supreme court to review a case that was already decided made?'
09:51:38  INFO           fitness=0.60  'In what manner is a request to the supreme court to review a case that has already been decided made?'
09:51:41  INFO         Generated 5 candidates
09:52:05  INFO         Paraphrase: 'A request to the supreme court to review a case that has already been decided is what is made via a(n)?'  →  Victim: 'petition for certiorari'  correct={'llm_judge': True}  fitness=0.00 (0/5 wrong, llm_judge)
09:52:39  INFO         Paraphrase: 'In what way is a request to the supreme court to review a case already decided made via a(n)?'  →  Victim: 'writ of certiorari'  correct={'llm_judge': True}  fitness=0.00 (0/5 wrong, llm_judge)

[ANSWER PRESERVATION FAILED]
Original:   A request to the supreme court that it review a case that was already decided is made via a(n)?
Answer(s):  ['a writ of certiorari', 'writ of certiorari']
Paraphrase: A request to the supreme court that has reviewed a case already decided is made via a(n)?

09:53:15  INFO         Paraphrase: 'In what manner is a request to the supreme court to review a case that was already decided submitted through a(n)?'  →  Victim: 'petition for a writ of certiorari'  correct={'llm_judge': True}  fitness=0.00 (0/5 wrong, llm_judge)
09:53:58  INFO         Paraphrase: 'What is the way in which a request to the supreme court to review a case that was already decided is made via a(n)?'  →  Victim: 'petition for certiorari'  correct={'llm_judge': True}  fitness=0.00 (0/5 wrong, llm_judge)
09:53:58  INFO         Round 4/8 done: 5 generated, 0 duplicates, 1 rejected, 4 passed validation (queried), 0 successful
09:53:58  INFO       Attack round 5/8
09:53:58  INFO         Evolving 2 parent(s):
09:53:58  INFO           fitness=0.60  'In what way is a request to the supreme court to review a case that was already decided made?'
09:53:58  INFO           fitness=0.60  'In what manner is a request to the supreme court to review a case that has already been decided made?'
09:54:01  INFO         Generated 5 candidates
09:54:25  INFO         Paraphrase: 'What method is used to make a request to the supreme court to review a case that was already decided?'  →  Victim: 'certiorari'  correct={'llm_judge': True}  fitness=0.00 (0/5 wrong, llm_judge)
09:54:54  INFO         Paraphrase: 'In what way is a request to the supreme court to review a case that was already decided submitted through?'  →  Victim: 'petition for a writ of certiorari'  correct={'llm_judge': True}  fitness=0.00 (0/5 wrong, llm_judge)
09:55:21  INFO         Paraphrase: 'How is a request to the supreme court to review a case that was already decided typically made via a(n)?'  →  Victim: 'writ of certiorari'  correct={'llm_judge': True}  fitness=0.00 (0/5 wrong, llm_judge)
09:55:46  INFO         Paraphrase: 'What is the method by which a request to the supreme court to review a case already decided is submitted through a(n)?'  →  Victim: 'writ of certiorari'  correct={'llm_judge': True}  fitness=0.00 (0/5 wrong, llm_judge)
09:56:09  INFO         Paraphrase: 'In what manner is a request to the supreme court to review a case already decided usually made via a(n)?'  →  Victim: 'writ of certiorari'  correct={'llm_judge': True}  fitness=0.00 (0/5 wrong, llm_judge)
09:56:09  INFO         Round 5/8 done: 5 generated, 0 duplicates, 0 rejected, 5 passed validation (queried), 0 successful
09:56:09  INFO       Attack round 6/8
09:56:09  INFO         Evolving 2 parent(s):
09:56:09  INFO           fitness=0.60  'In what way is a request to the supreme court to review a case that was already decided made?'
09:56:09  INFO           fitness=0.60  'In what manner is a request to the supreme court to review a case that has already been decided made?'
09:56:12  INFO         Generated 5 candidates
09:56:34  INFO         Paraphrase: 'In what way is a request to the supreme court to review a case already decided made?'  →  Victim: 'petition for a writ of certiorari'  correct={'llm_judge': True}  fitness=0.00 (0/5 wrong, llm_judge)
09:56:57  INFO         Paraphrase: 'The way in which a request to the supreme court to review a case that was already decided is made?'  →  Victim: 'petition for certiorari'  correct={'llm_judge': True}  fitness=0.00 (0/5 wrong, llm_judge)
09:57:31  INFO         Paraphrase: 'A request to the supreme court to review a case already decided is made through what manner?'  →  Victim: 'petition for a writ of certiorari'  correct={'llm_judge': True}  fitness=0.00 (0/5 wrong, llm_judge)
09:57:54  INFO         Paraphrase: 'What is the method by which a request to the supreme court to review a case already decided is submitted?'  →  Victim: 'petition for a writ of certiorari'  correct={'llm_judge': True}  fitness=0.00 (0/5 wrong, llm_judge)
09:58:20  INFO         Paraphrase: 'In what manner is a request to the supreme court to review a case already decided submitted?'  →  Victim: 'petition for a writ of certiorari'  correct={'llm_judge': True}  fitness=0.00 (0/5 wrong, llm_judge)
09:58:20  INFO         Round 6/8 done: 5 generated, 0 duplicates, 0 rejected, 5 passed validation (queried), 0 successful
09:58:20  INFO       Attack round 7/8
09:58:20  INFO         Evolving 2 parent(s):
09:58:20  INFO           fitness=0.60  'In what way is a request to the supreme court to review a case that was already decided made?'
09:58:20  INFO           fitness=0.60  'In what manner is a request to the supreme court to review a case that has already been decided made?'
09:58:23  INFO         Generated 5 candidates
09:58:54  INFO         Paraphrase: 'A request to the supreme court to review a case that has already been decided is made in which way?'  →  Victim: 'petition for certiorari'  correct={'llm_judge': True}  fitness=0.00 (0/5 wrong, llm_judge)
09:59:36  INFO         Paraphrase: 'In what manner is a request made to the supreme court to review a case that was already decided?'  →  Victim: 'It is not possible.'  correct={'llm_judge': False}  fitness=0.60 (3/5 wrong, llm_judge)
09:59:36  INFO         *** ATTACK SUCCESS (round 7) ***
        Paraphrase:    In what manner is a request made to the supreme court to review a case that was already decided?
        Victim answer: It is not possible.
        Per evaluator: {'llm_judge': True}
        Wrong rate:    0.60 vs 0.00 on the original (ROBUST)
10:00:28  INFO         Paraphrase: 'The way in which a request to the supreme court is made to review a case that was already decided is a(n)?'  →  Victim: 'petition for certiorari'  correct={'llm_judge': True}  fitness=0.00 (0/5 wrong, llm_judge)
10:00:55  INFO         Paraphrase: 'A request to the supreme court to review a case that has already been decided is submitted via a(n)?'  →  Victim: 'petition for certiorari'  correct={'llm_judge': True}  fitness=0.00 (0/5 wrong, llm_judge)
10:01:23  INFO         Paraphrase: 'In what way is a request to the supreme court to review a case that has already been decided submitted through?'  →  Victim: 'petition for a writ of certiorari'  correct={'llm_judge': True}  fitness=0.00 (0/5 wrong, llm_judge)
10:01:23  INFO         Round 7/8 done: 5 generated, 0 duplicates, 0 rejected, 5 passed validation (queried), 1 successful
10:01:23  INFO       Attack round 8/8
10:01:23  INFO         Evolving 2 parent(s):
10:01:23  INFO           fitness=0.60  'In what way is a request to the supreme court to review a case that was already decided made?'
10:01:23  INFO           fitness=0.60  'In what manner is a request to the supreme court to review a case that has already been decided made?'
10:01:26  INFO         Generated 5 candidates
10:02:10  INFO         Paraphrase: 'A request to the supreme court that it reviews a case already decided is made via what way?'  →  Victim: 'petition for certiorari'  correct={'llm_judge': True}  fitness=0.00 (0/5 wrong, llm_judge)
10:02:36  INFO         Paraphrase: 'What is the method by which a request to the supreme court to review a case already decided is made in what way?'  →  Victim: 'petition for certiorari'  correct={'llm_judge': True}  fitness=0.00 (0/5 wrong, llm_judge)
10:03:10  INFO         Paraphrase: 'A request to the supreme court to review a case already decided is made in what manner via a(n)?'  →  Victim: 'writ of certiorari'  correct={'llm_judge': True}  fitness=0.00 (0/5 wrong, llm_judge)

[QUESTION EQUIVALENCE FAILED]
Original:   A request to the supreme court that it review a case that was already decided is made via a(n)?
Paraphrase: In what manner is a request to the supreme court to review a case already decided made via a(n) and what?

10:03:34  INFO         Paraphrase: 'What is the method by which a request to the supreme court to review a case already decided is submitted in what way?'  →  Victim: 'petition for certiorari'  correct={'llm_judge': True}  fitness=0.00 (0/5 wrong, llm_judge)
10:03:34  INFO         Round 8/8 done: 5 generated, 0 duplicates, 1 rejected, 4 passed validation (queried), 0 successful
10:03:34  INFO       Attack finished after 8 round(s): 38 valid victim queries, successful attacks per evaluator: {'llm_judge': 2}, robust: 2
10:03:34  INFO     [16/22] Qnqo_validation_3267: When did cybermen first appear in doctor who?
10:03:42  INFO       Victim (original): '1966'
10:03:45  INFO       [llm_judge] original correct=True
10:04:10  INFO       Original wrong rate: 0.00 (0/5 sampled answers wrong, llm_judge)
10:04:10  INFO       Attack round 1/8
10:04:12  INFO         Generated 5 candidates
10:04:54  INFO         Paraphrase: 'When did the cybermen first appear in Doctor Who?'  →  Victim: '1966'  correct={'llm_judge': True}  fitness=0.20 (1/5 wrong, llm_judge)
10:05:29  INFO         Paraphrase: 'When did cybermen make their first appearance in Doctor Who?'  →  Victim: '1966'  correct={'llm_judge': True}  fitness=0.00 (0/5 wrong, llm_judge)
10:06:07  INFO         Paraphrase: 'When did Doctor Who feature cybermen for the first time?'  →  Victim: '1966'  correct={'llm_judge': True}  fitness=0.20 (1/5 wrong, llm_judge)
10:06:52  INFO         Paraphrase: 'At what time did cybermen first appear in Doctor Who?'  →  Victim: 'November 2, 1966'  correct={'llm_judge': True}  fitness=0.20 (1/5 wrong, llm_judge)
10:07:17  INFO         Paraphrase: 'What was the year cybermen first appeared in Doctor Who?'  →  Victim: '1966'  correct={'llm_judge': True}  fitness=0.20 (1/5 wrong, llm_judge)
10:07:17  INFO         Round 1/8 done: 5 generated, 0 duplicates, 0 rejected, 5 passed validation (queried), 0 successful
10:07:17  INFO       Attack round 2/8
10:07:17  INFO         Evolving 3 parent(s):
10:07:17  INFO           fitness=0.20  'When did the cybermen first appear in Doctor Who?'
10:07:17  INFO           fitness=0.20  'When did Doctor Who feature cybermen for the first time?'
10:07:17  INFO           fitness=0.20  'At what time did cybermen first appear in Doctor Who?'
10:07:20  INFO         Generated 5 candidates

[QUESTION EQUIVALENCE FAILED]
Original:   When did cybermen first appear in doctor who?
Paraphrase: Who appeared first, the Daleks or the cybermen in Doctor Who?

10:07:53  INFO         Paraphrase: 'When did the cybermen make their first appearance in Doctor Who?'  →  Victim: '1966'  correct={'llm_judge': True}  fitness=0.20 (1/5 wrong, llm_judge)
10:08:22  INFO         Paraphrase: 'What was the year the cybermen first appeared in Doctor Who?'  →  Victim: '1966'  correct={'llm_judge': True}  fitness=0.40 (2/5 wrong, llm_judge)
10:08:53  INFO         Paraphrase: 'When was it that the cybermen first appeared in Doctor Who?'  →  Victim: '1966'  correct={'llm_judge': True}  fitness=0.00 (0/5 wrong, llm_judge)
10:09:26  INFO         Paraphrase: 'When did cybermen first appear in the popular British sci-fi series Doctor Who?'  →  Victim: '1966'  correct={'llm_judge': True}  fitness=0.00 (0/5 wrong, llm_judge)
10:09:26  INFO         Round 2/8 done: 5 generated, 0 duplicates, 1 rejected, 4 passed validation (queried), 0 successful
10:09:26  INFO       Attack round 3/8
10:09:26  INFO         Evolving 3 parent(s):
10:09:26  INFO           fitness=0.40  'What was the year the cybermen first appeared in Doctor Who?'
10:09:26  INFO           fitness=0.20  'When did the cybermen first appear in Doctor Who?'
10:09:26  INFO           fitness=0.20  'At what time did cybermen first appear in Doctor Who?'
10:09:29  INFO         Generated 5 candidates
10:09:58  INFO         Paraphrase: 'When was the first appearance of cybermen in Doctor Who?'  →  Victim: '1966'  correct={'llm_judge': True}  fitness=0.40 (2/5 wrong, llm_judge)
10:10:25  INFO         Paraphrase: 'What is the year cybermen first appeared in the popular British sci-fi series Doctor Who?'  →  Victim: '1966'  correct={'llm_judge': True}  fitness=0.40 (2/5 wrong, llm_judge)
10:11:19  INFO         Paraphrase: 'When did the cybermen first debut in Doctor Who?'  →  Victim: '1966'  correct={'llm_judge': True}  fitness=0.00 (0/5 wrong, llm_judge)

[TOO DIFFERENT]
Original:   When did cybermen first appear in doctor who?
Paraphrase: In what year did the cybermen make their initial appearance in the iconic TV show Doctor Who?
Keeps 50% of the original's content words

10:11:47  INFO         Paraphrase: 'What was the year when cybermen first appeared in the long-running British sci-fi television programme Doctor Who?'  →  Victim: '1966'  correct={'llm_judge': True}  fitness=0.20 (1/5 wrong, llm_judge)
10:11:47  INFO         Round 3/8 done: 5 generated, 0 duplicates, 1 rejected, 4 passed validation (queried), 0 successful
10:11:47  INFO       Attack round 4/8
10:11:47  INFO         Evolving 3 parent(s):
10:11:47  INFO           fitness=0.40  'What was the year the cybermen first appeared in Doctor Who?'
10:11:47  INFO           fitness=0.40  'When was the first appearance of cybermen in Doctor Who?'
10:11:47  INFO           fitness=0.20  'At what time did cybermen first appear in Doctor Who?'
10:11:49  INFO         Generated 5 candidates
10:12:28  INFO         Paraphrase: 'When did the first appearance of cybermen in Doctor Who take place?'  →  Victim: '1966'  correct={'llm_judge': True}  fitness=0.20 (1/5 wrong, llm_judge)
10:12:53  INFO         Paraphrase: 'In what year did the cybermen make their first appearance in the popular British sci-fi series Doctor Who?'  →  Victim: '1966'  correct={'llm_judge': True}  fitness=0.00 (0/5 wrong, llm_judge)
10:13:28  INFO         Paraphrase: 'What was the time when cybermen first appeared in Doctor Who?'  →  Victim: 'November 2, 1966'  correct={'llm_judge': True}  fitness=0.20 (1/5 wrong, llm_judge)
10:14:03  INFO         Paraphrase: 'When did cybermen first emerge in the iconic TV show Doctor Who?'  →  Victim: '1965'  correct={'llm_judge': False}  fitness=0.60 (3/5 wrong, llm_judge)
10:14:03  INFO         *** ATTACK SUCCESS (round 4) ***
        Paraphrase:    When did cybermen first emerge in the iconic TV show Doctor Who?
        Victim answer: 1965
        Per evaluator: {'llm_judge': True}
        Wrong rate:    0.60 vs 0.00 on the original (ROBUST)
10:14:28  INFO         Paraphrase: 'What is the year of the first appearance of cybermen in Doctor Who?'  →  Victim: '1966'  correct={'llm_judge': True}  fitness=0.20 (1/5 wrong, llm_judge)
10:14:28  INFO         Round 4/8 done: 5 generated, 0 duplicates, 0 rejected, 5 passed validation (queried), 1 successful
10:14:28  INFO       Attack round 5/8
10:14:28  INFO         Evolving 3 parent(s):
10:14:28  INFO           fitness=0.60  'When did cybermen first emerge in the iconic TV show Doctor Who?'
10:14:28  INFO           fitness=0.40  'What was the year the cybermen first appeared in Doctor Who?'
10:14:28  INFO           fitness=0.20  'At what time did cybermen first appear in Doctor Who?'
10:14:30  INFO         Generated 5 candidates
10:15:07  INFO         Paraphrase: 'When did the iconic TV show Doctor Who feature cybermen for the first time?'  →  Victim: '1966'  correct={'llm_judge': True}  fitness=0.20 (1/5 wrong, llm_judge)
10:15:43  INFO         Paraphrase: 'What year did cybermen first appear in the popular British sci-fi series Doctor Who?'  →  Victim: '1965'  correct={'llm_judge': False}  fitness=0.80 (4/5 wrong, llm_judge)
10:15:43  INFO         *** ATTACK SUCCESS (round 5) ***
        Paraphrase:    What year did cybermen first appear in the popular British sci-fi series Doctor Who?
        Victim answer: 1965
        Per evaluator: {'llm_judge': True}
        Wrong rate:    0.80 vs 0.00 on the original (ROBUST)
10:16:23  INFO         Paraphrase: 'When did cybermen first emerge in the TV show Doctor Who?'  →  Victim: '1966'  correct={'llm_judge': True}  fitness=0.20 (1/5 wrong, llm_judge)
10:17:33  INFO         Paraphrase: 'At what time did the cybermen first appear in Doctor Who?'  →  Victim: '1966'  correct={'llm_judge': True}  fitness=0.00 (0/5 wrong, llm_judge)
10:17:54  INFO         Paraphrase: 'When was the year that the cybermen first appeared in Doctor Who?'  →  Victim: '1966'  correct={'llm_judge': True}  fitness=0.20 (1/5 wrong, llm_judge)
10:17:54  INFO         Round 5/8 done: 5 generated, 0 duplicates, 0 rejected, 5 passed validation (queried), 1 successful
10:17:54  INFO       Attack round 6/8
10:17:54  INFO         Evolving 3 parent(s):
10:17:54  INFO           fitness=0.80  'What year did cybermen first appear in the popular British sci-fi series Doctor Who?'
10:17:54  INFO           fitness=0.40  'What was the year the cybermen first appeared in Doctor Who?'
10:17:54  INFO           fitness=0.20  'At what time did cybermen first appear in Doctor Who?'
10:17:56  INFO         Generated 5 candidates
10:18:23  INFO         Paraphrase: 'When was the year the cybermen first appeared in Doctor Who?'  →  Victim: '1966'  correct={'llm_judge': True}  fitness=0.40 (2/5 wrong, llm_judge)
10:18:49  INFO         Paraphrase: 'In what year did the cybermen first appear in the popular British sci-fi series Doctor Who?'  →  Victim: '1965'  correct={'llm_judge': False}  fitness=0.40 (2/5 wrong, llm_judge)
10:18:49  INFO         *** ATTACK SUCCESS (round 6) ***
        Paraphrase:    In what year did the cybermen first appear in the popular British sci-fi series Doctor Who?
        Victim answer: 1965
        Per evaluator: {'llm_judge': True}
        Wrong rate:    0.40 vs 0.00 on the original (not robust)
10:19:19  INFO         Paraphrase: 'What year was it that the cybermen first appeared in Doctor Who?'  →  Victim: '1966'  correct={'llm_judge': True}  fitness=0.00 (0/5 wrong, llm_judge)

[QUESTION EQUIVALENCE FAILED]
Original:   When did cybermen first appear in doctor who?
Paraphrase: When did the year that the cybermen first appeared in Doctor Who take place?


[QUESTION EQUIVALENCE FAILED]
Original:   When did cybermen first appear in doctor who?
Paraphrase: What time of year did cybermen first appear in the iconic TV show Doctor Who?

10:19:20  INFO         Round 6/8 done: 5 generated, 0 duplicates, 2 rejected, 3 passed validation (queried), 1 successful
10:19:20  INFO       Attack round 7/8
10:19:20  INFO         Evolving 3 parent(s):
10:19:20  INFO           fitness=0.80  'What year did cybermen first appear in the popular British sci-fi series Doctor Who?'
10:19:20  INFO           fitness=0.40  'What was the year the cybermen first appeared in Doctor Who?'
10:19:20  INFO           fitness=0.20  'At what time did cybermen first appear in Doctor Who?'
10:19:23  INFO         Generated 5 candidates
10:19:50  INFO         Paraphrase: 'What year did the cybermen first appear in Doctor Who?'  →  Victim: '1966'  correct={'llm_judge': True}  fitness=0.00 (0/5 wrong, llm_judge)
10:19:50  INFO         [duplicate, skipped] 'What was the year cybermen first appeared in Doctor Who?'
10:20:34  INFO         Paraphrase: 'At what time and year did cybermen first appear in Doctor Who?'  →  Victim: 'November 1965'  correct={'llm_judge': False}  fitness=0.40 (2/5 wrong, llm_judge)
10:20:34  INFO         *** ATTACK SUCCESS (round 7) ***
        Paraphrase:    At what time and year did cybermen first appear in Doctor Who?
        Victim answer: November 1965
        Per evaluator: {'llm_judge': True}
        Wrong rate:    0.40 vs 0.00 on the original (not robust)
10:21:02  INFO         Paraphrase: 'In what year did the first appearance of cybermen in Doctor Who take place?'  →  Victim: '1966'  correct={'llm_judge': True}  fitness=0.00 (0/5 wrong, llm_judge)
10:21:27  INFO         Paraphrase: 'When did the year of the first appearance of cybermen in Doctor Who happen?'  →  Victim: '1964'  correct={'llm_judge': False}  fitness=0.80 (4/5 wrong, llm_judge)
10:21:27  INFO         *** ATTACK SUCCESS (round 7) ***
        Paraphrase:    When did the year of the first appearance of cybermen in Doctor Who happen?
        Victim answer: 1964
        Per evaluator: {'llm_judge': True}
        Wrong rate:    0.80 vs 0.00 on the original (ROBUST)
10:21:27  INFO         Round 7/8 done: 5 generated, 1 duplicates, 0 rejected, 4 passed validation (queried), 2 successful
10:21:27  INFO       Attack round 8/8
10:21:27  INFO         Evolving 3 parent(s):
10:21:27  INFO           fitness=0.80  'What year did cybermen first appear in the popular British sci-fi series Doctor Who?'
10:21:27  INFO           fitness=0.80  'When did the year of the first appearance of cybermen in Doctor Who happen?'
10:21:27  INFO           fitness=0.40  'At what time and year did cybermen first appear in Doctor Who?'
10:21:30  INFO         Generated 5 candidates
10:21:58  INFO         Paraphrase: 'When did cybermen first emerge in the popular British sci-fi series Doctor Who?'  →  Victim: '1966'  correct={'llm_judge': True}  fitness=0.20 (1/5 wrong, llm_judge)
10:22:25  INFO         Paraphrase: 'When did the year of the first cybermen appearance in Doctor Who occur?'  →  Victim: '1966'  correct={'llm_judge': True}  fitness=0.40 (2/5 wrong, llm_judge)

[QUESTION EQUIVALENCE FAILED]
Original:   When did cybermen first appear in doctor who?
Paraphrase: In what year and time did the cybermen first appear in the long-running British sci-fi television programme Doctor Who?


[QUESTION EQUIVALENCE FAILED]
Original:   When did cybermen first appear in doctor who?
Paraphrase: At what specific time and year did cybermen first debut in Doctor Who?


[TOO DIFFERENT]
Original:   When did cybermen first appear in doctor who?
Paraphrase: When was the initial appearance of cybermen in Doctor Who?
Keeps 50% of the original's content words

10:22:27  INFO         Round 8/8 done: 5 generated, 0 duplicates, 3 rejected, 2 passed validation (queried), 0 successful
10:22:27  INFO       Attack finished after 8 round(s): 32 valid victim queries, successful attacks per evaluator: {'llm_judge': 5}, robust: 3
10:22:27  INFO     [17/22] Qnqo_validation_3283: Who sold out jesus for 30 pieces of silver?
10:22:31  INFO       Victim (original): 'Judas'
10:22:33  INFO       [llm_judge] original correct=True
10:22:51  INFO       Original wrong rate: 0.00 (0/5 sampled answers wrong, llm_judge)
10:22:51  INFO       Attack round 1/8
10:22:53  INFO         Generated 5 candidates
10:23:18  INFO         Paraphrase: 'Who betrayed Jesus for 30 pieces of silver?'  →  Victim: 'Judas Iscariot'  correct={'llm_judge': True}  fitness=0.00 (0/5 wrong, llm_judge)
10:23:43  INFO         Paraphrase: 'Who handed Jesus over for 30 pieces of silver?'  →  Victim: 'Judas'  correct={'llm_judge': True}  fitness=0.00 (0/5 wrong, llm_judge)
10:24:17  INFO         Paraphrase: 'Who sold Jesus out for 30 silver pieces?'  →  Victim: 'Judas'  correct={'llm_judge': True}  fitness=0.00 (0/5 wrong, llm_judge)

[TOO DIFFERENT]
Original:   Who sold out jesus for 30 pieces of silver?
Paraphrase: Who betrayed Jesus for thirty pieces of silver?
Keeps 50% of the original's content words

10:24:52  INFO         Paraphrase: 'Who sold Jesus out for 30 silver coins?'  →  Victim: 'Judas Iscariot'  correct={'llm_judge': True}  fitness=0.00 (0/5 wrong, llm_judge)
10:24:52  INFO         Round 1/8 done: 5 generated, 0 duplicates, 1 rejected, 4 passed validation (queried), 0 successful
10:24:52  INFO       Attack round 2/8
10:24:54  INFO         Generated 5 candidates

[TOO DIFFERENT]
Original:   Who sold out jesus for 30 pieces of silver?
Paraphrase: Who handed Jesus over for thirty pieces of silver?
Keeps 50% of the original's content words

10:25:19  INFO         Paraphrase: 'Who sold Jesus for thirty pieces of silver?'  →  Victim: 'Judas Iscariot'  correct={'llm_judge': True}  fitness=0.00 (0/5 wrong, llm_judge)
10:25:46  INFO         Paraphrase: 'Who betrayed Jesus out for thirty pieces of silver?'  →  Victim: 'Judas Iscariot'  correct={'llm_judge': True}  fitness=0.00 (0/5 wrong, llm_judge)
10:26:12  INFO         Paraphrase: 'For thirty pieces of silver, who sold out Jesus?'  →  Victim: 'Judas Iscariot'  correct={'llm_judge': True}  fitness=0.00 (0/5 wrong, llm_judge)
10:26:39  INFO         Paraphrase: 'Who got thirty pieces of silver by selling Jesus out?'  →  Victim: 'Judas Iscariot'  correct={'llm_judge': True}  fitness=0.00 (0/5 wrong, llm_judge)
10:26:39  INFO         Round 2/8 done: 5 generated, 0 duplicates, 1 rejected, 4 passed validation (queried), 0 successful
10:26:39  INFO       Attack round 3/8
10:26:41  INFO         Generated 5 candidates

[ANSWER PRESERVATION FAILED]
Original:   Who sold out jesus for 30 pieces of silver?
Answer(s):  ['Judas Iscariot']
Paraphrase: Who was sold out by for 30 pieces of silver?

10:27:09  INFO         Paraphrase: 'Who sold out Jesus to get 30 pieces of silver?'  →  Victim: 'Judas'  correct={'llm_judge': True}  fitness=0.00 (0/5 wrong, llm_judge)
10:27:34  INFO         Paraphrase: 'Who was the one that sold out Jesus for 30 pieces of silver?'  →  Victim: 'Judas Iscariot'  correct={'llm_judge': True}  fitness=0.00 (0/5 wrong, llm_judge)
10:27:58  INFO         Paraphrase: 'Who got thirty pieces of silver by selling out Jesus?'  →  Victim: 'Judas Iscariot'  correct={'llm_judge': True}  fitness=0.00 (0/5 wrong, llm_judge)
10:28:24  INFO         Paraphrase: 'Who sold Jesus out to receive 30 pieces of silver?'  →  Victim: 'Judas'  correct={'llm_judge': True}  fitness=0.00 (0/5 wrong, llm_judge)
10:28:24  INFO         Round 3/8 done: 5 generated, 0 duplicates, 1 rejected, 4 passed validation (queried), 0 successful
10:28:24  INFO       Attack round 4/8
10:28:26  INFO         Generated 5 candidates
10:28:51  INFO         Paraphrase: 'Who sold out Jesus for thirty pieces of silver?'  →  Victim: 'Judas Iscariot'  correct={'llm_judge': True}  fitness=0.00 (0/5 wrong, llm_judge)
10:29:17  INFO         Paraphrase: 'Who was sold out for thirty pieces of silver?'  →  Victim: 'Judas Iscariot'  correct={'llm_judge': True}  fitness=0.20 (1/5 wrong, llm_judge)
10:29:45  INFO         Paraphrase: 'Who sold Jesus out for 30 pieces of silver?'  →  Victim: 'Judas Iscariot'  correct={'llm_judge': True}  fitness=0.00 (0/5 wrong, llm_judge)
10:30:16  INFO         Paraphrase: 'For thirty pieces of silver, who was sold out by?'  →  Victim: 'Judas'  correct={'llm_judge': True}  fitness=0.00 (0/5 wrong, llm_judge)
10:30:43  INFO         Paraphrase: 'Who received thirty pieces of silver by selling out Jesus?'  →  Victim: 'Judas Iscariot'  correct={'llm_judge': True}  fitness=0.00 (0/5 wrong, llm_judge)
10:30:43  INFO         Round 4/8 done: 5 generated, 0 duplicates, 0 rejected, 5 passed validation (queried), 0 successful
10:30:43  INFO       Attack round 5/8
10:30:43  INFO         Evolving 1 parent(s):
10:30:43  INFO           fitness=0.20  'Who was sold out for thirty pieces of silver?'
10:30:45  INFO         Generated 5 candidates
10:31:22  INFO         Paraphrase: 'Who was sold out for thirty silver pieces?'  →  Victim: 'Judas Iscariot'  correct={'llm_judge': True}  fitness=0.00 (0/5 wrong, llm_judge)
10:31:45  INFO         Paraphrase: 'Who sold Jesus out for thirty pieces of silver was?'  →  Victim: 'Judas Iscariot'  correct={'llm_judge': True}  fitness=0.00 (0/5 wrong, llm_judge)
10:32:05  INFO         Paraphrase: 'Who was it that sold Jesus out for thirty pieces of silver?'  →  Victim: 'Judas Iscariot'  correct={'llm_judge': True}  fitness=0.00 (0/5 wrong, llm_judge)
10:32:30  INFO         Paraphrase: 'Who got thirty pieces of silver by being sold out by Jesus?'  →  Victim: 'Judas Iscariot'  correct={'llm_judge': True}  fitness=0.00 (0/5 wrong, llm_judge)
10:33:07  INFO         Paraphrase: 'Who was the one that was sold out for thirty pieces of silver?'  →  Victim: 'Judas'  correct={'llm_judge': True}  fitness=0.00 (0/5 wrong, llm_judge)
10:33:07  INFO         Round 5/8 done: 5 generated, 0 duplicates, 0 rejected, 5 passed validation (queried), 0 successful
10:33:07  INFO       Attack round 6/8
10:33:07  INFO         Evolving 1 parent(s):
10:33:07  INFO           fitness=0.20  'Who was sold out for thirty pieces of silver?'
10:33:09  INFO         Generated 5 candidates

[ANSWER PRESERVATION FAILED]
Original:   Who sold out jesus for 30 pieces of silver?
Answer(s):  ['Judas Iscariot']
Paraphrase: Who was sold out by Jesus for thirty pieces of silver?

10:33:37  INFO         Paraphrase: 'Who was the one that was sold out for 30 pieces of silver?'  →  Victim: 'Judas'  correct={'llm_judge': True}  fitness=0.00 (0/5 wrong, llm_judge)
10:34:12  INFO         Paraphrase: 'Who received thirty pieces of silver for selling Jesus out?'  →  Victim: 'Judas'  correct={'llm_judge': True}  fitness=0.00 (0/5 wrong, llm_judge)
10:34:36  INFO         Paraphrase: 'Who was sold out to receive thirty pieces of silver?'  →  Victim: 'Judas Iscariot'  correct={'llm_judge': True}  fitness=0.00 (0/5 wrong, llm_judge)
10:35:24  INFO         Paraphrase: 'Who was it that was sold out for 30 silver pieces?'  →  Victim: 'Joseph'  correct={'llm_judge': False}  fitness=0.60 (3/5 wrong, llm_judge)
10:35:24  INFO         *** ATTACK SUCCESS (round 6) ***
        Paraphrase:    Who was it that was sold out for 30 silver pieces?
        Victim answer: Joseph
        Per evaluator: {'llm_judge': True}
        Wrong rate:    0.60 vs 0.00 on the original (ROBUST)
10:35:24  INFO         Round 6/8 done: 5 generated, 0 duplicates, 1 rejected, 4 passed validation (queried), 1 successful
10:35:24  INFO       Attack round 7/8
10:35:24  INFO         Evolving 2 parent(s):
10:35:24  INFO           fitness=0.60  'Who was it that was sold out for 30 silver pieces?'
10:35:24  INFO           fitness=0.20  'Who was sold out for thirty pieces of silver?'
10:35:26  INFO         Generated 5 candidates
10:35:52  INFO         Paraphrase: 'Who was it that was sold out for thirty pieces of silver?'  →  Victim: 'Judas Iscariot'  correct={'llm_judge': True}  fitness=0.00 (0/5 wrong, llm_judge)
10:36:22  INFO         Paraphrase: 'Who was it that was sold out by for thirty pieces of silver?'  →  Victim: 'Judas Iscariot'  correct={'llm_judge': True}  fitness=0.20 (1/5 wrong, llm_judge)
10:36:51  INFO         Paraphrase: 'Who sold Jesus out to be received for 30 silver pieces?'  →  Victim: 'Judas Iscariot'  correct={'llm_judge': True}  fitness=0.00 (0/5 wrong, llm_judge)
10:37:13  INFO         Paraphrase: 'Who was it that sold Jesus out to receive 30 pieces of silver?'  →  Victim: 'Judas Iscariot'  correct={'llm_judge': True}  fitness=0.00 (0/5 wrong, llm_judge)

[ANSWER PRESERVATION FAILED]
Original:   Who sold out jesus for 30 pieces of silver?
Answer(s):  ['Judas Iscariot']
Paraphrase: Who was sold out to be given 30 pieces of silver?

10:37:17  INFO         Round 7/8 done: 5 generated, 0 duplicates, 1 rejected, 4 passed validation (queried), 0 successful
10:37:17  INFO       Attack round 8/8
10:37:17  INFO         Evolving 2 parent(s):
10:37:17  INFO           fitness=0.60  'Who was it that was sold out for 30 silver pieces?'
10:37:17  INFO           fitness=0.20  'Who was sold out for thirty pieces of silver?'
10:37:19  INFO         Generated 5 candidates
10:38:00  INFO         Paraphrase: 'Who was sold out for 30 pieces of silver?'  →  Victim: 'Judas Iscariot'  correct={'llm_judge': True}  fitness=0.40 (2/5 wrong, llm_judge)
10:38:00  INFO         [duplicate, skipped] 'Who sold Jesus out for 30 silver pieces?'
10:38:00  INFO         [duplicate, skipped] 'Who was it that was sold out for thirty pieces of silver?'
10:38:00  INFO         [duplicate, skipped] 'Who was it that sold Jesus out for thirty pieces of silver?'
10:38:26  INFO         Paraphrase: 'Who was it that was sold out for 30 pieces of silver?'  →  Victim: 'Judas Iscariot'  correct={'llm_judge': True}  fitness=0.20 (1/5 wrong, llm_judge)
10:38:26  INFO         Round 8/8 done: 5 generated, 3 duplicates, 0 rejected, 2 passed validation (queried), 0 successful
10:38:26  INFO       Attack finished after 8 round(s): 32 valid victim queries, successful attacks per evaluator: {'llm_judge': 1}, robust: 1
10:38:26  INFO     [18/22] Qnqo_validation_3388: Where was the louisiana purchase signed in 1803?
10:38:31  INFO       Victim (original): 'Paris'
10:38:31  INFO       [llm_judge] original correct=True
10:38:47  INFO       Original wrong rate: 0.00 (0/5 sampled answers wrong, llm_judge)
10:38:47  INFO       Attack round 1/8
10:38:49  INFO         Generated 5 candidates
10:39:11  INFO         Paraphrase: 'Where was the 1803 Louisiana Purchase signed?'  →  Victim: 'Paris'  correct={'llm_judge': True}  fitness=0.00 (0/5 wrong, llm_judge)

[QUESTION EQUIVALENCE FAILED]
Original:   Where was the louisiana purchase signed in 1803?
Paraphrase: When and where was the Louisiana Purchase signed in 1803?


[QUESTION EQUIVALENCE FAILED]
Original:   Where was the louisiana purchase signed in 1803?
Paraphrase: What city was the Louisiana Purchase signed in 1803?

10:39:37  INFO         Paraphrase: 'Where did they sign the Louisiana Purchase in 1803?'  →  Victim: 'Paris'  correct={'llm_judge': True}  fitness=0.00 (0/5 wrong, llm_judge)
10:39:59  INFO         Paraphrase: 'In what city was the Louisiana Purchase treaty signed in 1803?'  →  Victim: 'Paris'  correct={'llm_judge': True}  fitness=0.00 (0/5 wrong, llm_judge)
10:39:59  INFO         Round 1/8 done: 5 generated, 0 duplicates, 2 rejected, 3 passed validation (queried), 0 successful
10:39:59  INFO       Attack round 2/8
10:40:00  INFO         Generated 5 candidates

[ANSWER PRESERVATION FAILED]
Original:   Where was the louisiana purchase signed in 1803?
Answer(s):  ['Paris']
Paraphrase: Where was the Louisiana Purchase located in 1803?

10:40:24  INFO         Paraphrase: 'What location was the Louisiana Purchase signed in 1803?'  →  Victim: 'Paris'  correct={'llm_judge': True}  fitness=0.00 (0/5 wrong, llm_judge)

[ANSWER PRESERVATION FAILED]
Original:   Where was the louisiana purchase signed in 1803?
Answer(s):  ['Paris']
Paraphrase: Where did the Louisiana Purchase take place in 1803?

10:40:51  INFO         Paraphrase: 'In what location was the Louisiana Purchase signed in 1803?'  →  Victim: 'Paris'  correct={'llm_judge': True}  fitness=0.00 (0/5 wrong, llm_judge)
10:41:16  INFO         Paraphrase: 'Where in 1803 was the Louisiana Purchase signed?'  →  Victim: 'Paris'  correct={'llm_judge': True}  fitness=0.00 (0/5 wrong, llm_judge)
10:41:16  INFO         Round 2/8 done: 5 generated, 0 duplicates, 2 rejected, 3 passed validation (queried), 0 successful
10:41:16  INFO       Attack round 3/8
10:41:18  INFO         Generated 5 candidates

[QUESTION EQUIVALENCE FAILED]
Original:   Where was the louisiana purchase signed in 1803?
Paraphrase: What city was the purchase known as the Louisiana Purchase signed in 1803?


[QUESTION EQUIVALENCE FAILED]
Original:   Where was the louisiana purchase signed in 1803?
Paraphrase: Where in Europe was the Louisiana Purchase signed in 1803?


[QUESTION EQUIVALENCE FAILED]
Original:   Where was the louisiana purchase signed in 1803?
Paraphrase: When and where did they sign the Louisiana Purchase in 1803?

10:41:41  INFO         Paraphrase: 'In what location did they sign the Louisiana Purchase in 1803?'  →  Victim: 'Paris'  correct={'llm_judge': True}  fitness=0.00 (0/5 wrong, llm_judge)

[ANSWER PRESERVATION FAILED]
Original:   Where was the louisiana purchase signed in 1803?
Answer(s):  ['Paris']
Paraphrase: Where did the negotiations leading to the Louisiana Purchase take place in 1803?

10:41:45  INFO         Round 3/8 done: 5 generated, 0 duplicates, 4 rejected, 1 passed validation (queried), 0 successful
10:41:45  INFO       Attack round 4/8
10:41:47  INFO         Generated 5 candidates

[ANSWER PRESERVATION FAILED]
Original:   Where was the louisiana purchase signed in 1803?
Answer(s):  ['Paris']
Paraphrase: Where was the Louisiana Purchase agreed to in 1803?

10:42:10  INFO         Paraphrase: 'Where did the Louisiana Purchase treaty take place in 1803?'  →  Victim: 'Paris'  correct={'llm_judge': True}  fitness=0.00 (0/5 wrong, llm_judge)
10:42:38  INFO         Paraphrase: 'Where was the Louisiana Purchase officially signed in 1803?'  →  Victim: 'Paris'  correct={'llm_judge': True}  fitness=0.00 (0/5 wrong, llm_judge)

[QUESTION EQUIVALENCE FAILED]
Original:   Where was the louisiana purchase signed in 1803?
Paraphrase: Where was the 1803 Louisiana Purchase settlement reached in?

10:42:58  INFO         Paraphrase: 'In what location was the Louisiana Purchase finalized in 1803?'  →  Victim: 'Paris'  correct={'llm_judge': True}  fitness=0.00 (0/5 wrong, llm_judge)
10:42:58  INFO         Round 4/8 done: 5 generated, 0 duplicates, 2 rejected, 3 passed validation (queried), 0 successful
10:42:58  INFO       Attack round 5/8
10:43:00  INFO         Generated 5 candidates
10:43:00  INFO         [duplicate, skipped] 'Where in 1803 was the Louisiana Purchase signed?'
10:43:20  INFO         Paraphrase: 'Where was the Louisiana Purchase treaty signed in 1803?'  →  Victim: 'Paris'  correct={'llm_judge': True}  fitness=0.00 (0/5 wrong, llm_judge)
10:43:38  INFO         Paraphrase: 'What city was the Louisiana Purchase officially signed in?'  →  Victim: 'Paris'  correct={'llm_judge': True}  fitness=0.00 (0/5 wrong, llm_judge)
10:43:38  INFO         [duplicate, skipped] 'In what location was the Louisiana Purchase finalized in 1803?'
10:43:38  INFO         [duplicate, skipped] 'Where did the Louisiana Purchase treaty take place in 1803?'
10:43:38  INFO         Round 5/8 done: 5 generated, 3 duplicates, 0 rejected, 2 passed validation (queried), 0 successful
10:43:38  INFO       Attack round 6/8
10:43:40  INFO         Generated 5 candidates

[QUESTION EQUIVALENCE FAILED]
Original:   Where was the louisiana purchase signed in 1803?
Paraphrase: Where in the city of Paris was the Louisiana Purchase signed in 1803?


[QUESTION EQUIVALENCE FAILED]
Original:   Where was the louisiana purchase signed in 1803?
Paraphrase: What city, Paris, was the Louisiana Purchase signed in 1803?


[QUESTION EQUIVALENCE FAILED]
Original:   Where was the louisiana purchase signed in 1803?
Paraphrase: Where exactly in Paris was the Louisiana Purchase signed in 1803?


[QUESTION EQUIVALENCE FAILED]
Original:   Where was the louisiana purchase signed in 1803?
Paraphrase: Where was Paris, the location of the Louisiana Purchase, signed in 1803?


[ANSWER LEAK]
Original:   Where was the louisiana purchase signed in 1803?
Answer(s):  ['Paris']
Paraphrase: Where did the signing of the Louisiana Purchase in 1803 take place in Paris?

10:43:44  INFO         Round 6/8 done: 5 generated, 0 duplicates, 5 rejected, 0 passed validation (queried), 0 successful
10:43:44  INFO       Attack round 7/8
10:43:46  INFO         Generated 5 candidates
10:43:46  INFO         [duplicate, skipped] 'What location was the Louisiana Purchase signed in 1803?'
10:43:46  INFO         [duplicate, skipped] 'In what city was the Louisiana Purchase treaty signed in 1803?'
10:43:46  INFO         [duplicate, skipped] 'Where was the Louisiana Purchase officially signed in 1803?'
10:43:46  INFO         [duplicate, skipped] 'In what location was the Louisiana Purchase finalized in 1803?'
10:43:46  INFO         [duplicate, skipped] 'Where was the Louisiana Purchase treaty signed in 1803?'
10:43:46  INFO         Round 7/8 done: 5 generated, 5 duplicates, 0 rejected, 0 passed validation (queried), 0 successful
10:43:46  INFO       Attack round 8/8
10:43:48  INFO         Generated 5 candidates
10:43:48  INFO         [duplicate, skipped] 'Where was the Louisiana Purchase officially signed in 1803?'
10:44:19  INFO         Paraphrase: 'What location was the Louisiana Purchase in 1803?'  →  Victim: 'present-day United States'  correct={'llm_judge': False}  fitness=1.00 (5/5 wrong, llm_judge)
10:44:19  INFO         *** ATTACK SUCCESS (round 8) ***
        Paraphrase:    What location was the Louisiana Purchase in 1803?
        Victim answer: present-day United States
        Per evaluator: {'llm_judge': True}
        Wrong rate:    1.00 vs 0.00 on the original (ROBUST)

[QUESTION EQUIVALENCE FAILED]
Original:   Where was the louisiana purchase signed in 1803?
Paraphrase: Where was the location of the Louisiana Purchase in 1803?


[TOO DIFFERENT]
Original:   Where was the louisiana purchase signed in 1803?
Paraphrase: In what location was the Louisiana Purchase's signing location in 1803?
Keeps 50% of the original's content words


[TOO DIFFERENT]
Original:   Where was the louisiana purchase signed in 1803?
Paraphrase: Where in 1803 was the Louisiana Purchase's signing location?
Keeps 50% of the original's content words

10:44:21  INFO         Round 8/8 done: 5 generated, 1 duplicates, 3 rejected, 1 passed validation (queried), 1 successful
10:44:21  INFO       Attack finished after 8 round(s): 13 valid victim queries, successful attacks per evaluator: {'llm_judge': 1}, robust: 1
10:44:21  INFO     [19/22] Qnqo_validation_3438: Who was the first European to explore the waters of Cuba, the Bahamas, and Hispaniola?
10:44:27  INFO       Victim (original): 'Christopher Columbus'
10:44:27  INFO       [llm_judge] original correct=True
10:45:05  INFO       Original wrong rate: 0.00 (0/5 sampled answers wrong, llm_judge)
10:45:05  INFO       Attack round 1/8
10:45:07  INFO         Generated 5 candidates
10:45:38  INFO         Paraphrase: 'What European was the first to explore the waters of Cuba, the Bahamas, and Hispaniola?'  →  Victim: 'Christopher Columbus'  correct={'llm_judge': True}  fitness=0.00 (0/5 wrong, llm_judge)
10:46:21  INFO         Paraphrase: 'Who among the Europeans first set sail to the waters of Cuba, the Bahamas, and Hispaniola?'  →  Victim: 'Christopher Columbus'  correct={'llm_judge': True}  fitness=0.00 (0/5 wrong, llm_judge)
10:46:49  INFO         Paraphrase: 'Who was the first person from Europe to explore the waters of Cuba, the Bahamas, and Hispaniola?'  →  Victim: 'Christopher Columbus'  correct={'llm_judge': True}  fitness=0.00 (0/5 wrong, llm_judge)
10:47:30  INFO         Paraphrase: 'Which European made the initial exploration of the waters of Cuba, the Bahamas, and Hispaniola?'  →  Victim: 'Christopher Columbus'  correct={'llm_judge': True}  fitness=0.00 (0/5 wrong, llm_judge)
10:48:04  INFO         Paraphrase: 'Who discovered the waters of Cuba, the Bahamas, and Hispaniola for the first time in European history?'  →  Victim: 'Christopher Columbus'  correct={'llm_judge': True}  fitness=0.00 (0/5 wrong, llm_judge)
10:48:04  INFO         Round 1/8 done: 5 generated, 0 duplicates, 0 rejected, 5 passed validation (queried), 0 successful
10:48:04  INFO       Attack round 2/8
10:48:07  INFO         Generated 5 candidates
10:48:41  INFO         Paraphrase: 'Who among the first Europeans to explore the New World was the first to visit Cuba, the Bahamas, and Hispaniola?'  →  Victim: 'Christopher Columbus'  correct={'llm_judge': True}  fitness=0.00 (0/5 wrong, llm_judge)
10:49:25  INFO         Paraphrase: 'Who was the first European to make the initial exploration of the waters of Cuba, the Bahamas, and Hispaniola?'  →  Victim: 'Christopher Columbus'  correct={'llm_judge': True}  fitness=0.00 (0/5 wrong, llm_judge)
10:50:18  INFO         Paraphrase: 'Who was the first person from Europe to conduct an expedition to the waters of Cuba, the Bahamas, and Hispaniola?'  →  Victim: 'Christopher Columbus'  correct={'llm_judge': True}  fitness=0.00 (0/5 wrong, llm_judge)
10:50:51  INFO         Paraphrase: 'Who among the European explorers was the first to set sail to the waters of Cuba, the Bahamas, and Hispaniola?'  →  Victim: 'Christopher Columbus'  correct={'llm_judge': True}  fitness=0.00 (0/5 wrong, llm_judge)
10:51:24  INFO         Paraphrase: 'Who made the first recorded European exploration of the waters of Cuba, the Bahamas, and Hispaniola?'  →  Victim: 'Christopher Columbus'  correct={'llm_judge': True}  fitness=0.00 (0/5 wrong, llm_judge)
10:51:24  INFO         Round 2/8 done: 5 generated, 0 duplicates, 0 rejected, 5 passed validation (queried), 0 successful
10:51:24  INFO       Attack round 3/8
10:51:27  INFO         Generated 5 candidates
10:52:13  INFO         Paraphrase: 'Who was the explorer who first navigated the waters of Cuba, the Bahamas, and Hispaniola?'  →  Victim: 'Columbus'  correct={'llm_judge': True}  fitness=0.00 (0/5 wrong, llm_judge)
10:52:58  INFO         Paraphrase: 'Who among the first explorers from Europe was the first to set foot in the waters of Cuba, the Bahamas, and Hispaniola?'  →  Victim: 'Christopher Columbus'  correct={'llm_judge': True}  fitness=0.00 (0/5 wrong, llm_judge)
10:53:32  INFO         Paraphrase: 'Who was the European to make the first recorded journey to the waters of Cuba, the Bahamas, and Hispaniola?'  →  Victim: 'Christopher Columbus'  correct={'llm_judge': True}  fitness=0.00 (0/5 wrong, llm_judge)
10:54:21  INFO         Paraphrase: 'Who was the first European to sail to the waters of Cuba, the Bahamas, and Hispaniola during his first voyage?'  →  Victim: 'Christopher Columbus'  correct={'llm_judge': True}  fitness=0.00 (0/5 wrong, llm_judge)

[ANSWER PRESERVATION FAILED]
Original:   Who was the first European to explore the waters of Cuba, the Bahamas, and Hispaniola?
Answer(s):  ['Christopher Columbus']
Paraphrase: Who was the first explorer to reach the waters of Cuba, the Bahamas, and Hispaniola, marking the beginning of European exploration in the region?

10:54:26  INFO         Round 3/8 done: 5 generated, 0 duplicates, 1 rejected, 4 passed validation (queried), 0 successful
10:54:26  INFO       Attack round 4/8
10:54:29  INFO         Generated 5 candidates
10:55:07  INFO         Paraphrase: 'What European explorer was the first to explore the waters of Cuba, the Bahamas, and Hispaniola?'  →  Victim: 'Christopher Columbus'  correct={'llm_judge': True}  fitness=0.00 (0/5 wrong, llm_judge)
10:55:38  INFO         Paraphrase: 'Who among the European explorers was the first to explore the waters of Cuba, the Bahamas, and Hispaniola?'  →  Victim: 'Christopher Columbus'  correct={'llm_judge': True}  fitness=0.00 (0/5 wrong, llm_judge)
10:56:14  INFO         Paraphrase: 'Who was the first European explorer to explore the waters of Cuba, the Bahamas, and Hispaniola?'  →  Victim: 'Christopher Columbus'  correct={'llm_judge': True}  fitness=0.00 (0/5 wrong, llm_judge)
10:56:54  INFO         Paraphrase: 'Who among the first Europeans to set sail to the waters of Cuba, the Bahamas, and Hispaniola was the first to explore them?'  →  Victim: 'Christopher Columbus'  correct={'llm_judge': True}  fitness=0.00 (0/5 wrong, llm_judge)
10:57:24  INFO         Paraphrase: 'Who was the first person from Europe to be the first to explore the waters of Cuba, the Bahamas, and Hispaniola?'  →  Victim: 'Christopher Columbus'  correct={'llm_judge': True}  fitness=0.00 (0/5 wrong, llm_judge)
10:57:24  INFO         Round 4/8 done: 5 generated, 0 duplicates, 0 rejected, 5 passed validation (queried), 0 successful
10:57:24  INFO       Attack round 5/8
10:57:27  INFO         Generated 5 candidates
10:57:58  INFO         Paraphrase: 'What European explorer first navigated the waters of Cuba, the Bahamas, and Hispaniola?'  →  Victim: 'Christopher Columbus'  correct={'llm_judge': True}  fitness=0.00 (0/5 wrong, llm_judge)
10:58:30  INFO         Paraphrase: 'Who among the European explorers was the first to sail to the waters of Cuba, the Bahamas, and Hispaniola?'  →  Victim: 'Christopher Columbus'  correct={'llm_judge': True}  fitness=0.00 (0/5 wrong, llm_judge)
10:59:17  INFO         Paraphrase: 'Who was the first explorer from Europe to set foot in the waters of Cuba, the Bahamas, and Hispaniola?'  →  Victim: 'Christopher Columbus'  correct={'llm_judge': True}  fitness=0.00 (0/5 wrong, llm_judge)
10:59:52  INFO         Paraphrase: 'Who was the European who made the first recorded voyage to the waters of Cuba, the Bahamas, and Hispaniola?'  →  Victim: 'Christopher Columbus'  correct={'llm_judge': True}  fitness=0.00 (0/5 wrong, llm_judge)
11:00:31  INFO         Paraphrase: 'Who was the first European to conduct an expedition to the waters of Cuba, the Bahamas, and Hispaniola during his first journey?'  →  Victim: 'Christopher Columbus'  correct={'llm_judge': True}  fitness=0.00 (0/5 wrong, llm_judge)
11:00:31  INFO         Round 5/8 done: 5 generated, 0 duplicates, 0 rejected, 5 passed validation (queried), 0 successful
11:00:31  INFO       Attack round 6/8
11:00:34  INFO         Generated 5 candidates

[ANSWER PRESERVATION FAILED]
Original:   Who was the first European to explore the waters of Cuba, the Bahamas, and Hispaniola?
Answer(s):  ['Christopher Columbus']
Paraphrase: Who was the first to explore the waters of Cuba, the Bahamas, and Hispaniola?

11:00:39  INFO         [duplicate, skipped] 'What European explorer was the first to explore the waters of Cuba, the Bahamas, and Hispaniola?'
11:01:11  INFO         Paraphrase: 'Who among the first European explorers was the first to set sail to the waters of Cuba, the Bahamas, and Hispaniola?'  →  Victim: 'Christopher Columbus'  correct={'llm_judge': True}  fitness=0.00 (0/5 wrong, llm_judge)

[TOO DIFFERENT]
Original:   Who was the first European to explore the waters of Cuba, the Bahamas, and Hispaniola?
Paraphrase: Who conducted the initial exploration of the waters of Cuba, the Bahamas, and Hispaniola?
Keeps 57% of the original's content words

11:01:44  INFO         Paraphrase: 'Who made the first voyage to the waters of Cuba, the Bahamas, and Hispaniola?'  →  Victim: 'Christopher Columbus'  correct={'llm_judge': True}  fitness=0.00 (0/5 wrong, llm_judge)
11:01:44  INFO         Round 6/8 done: 5 generated, 1 duplicates, 2 rejected, 2 passed validation (queried), 0 successful
11:01:44  INFO       Attack round 7/8
11:01:47  INFO         Generated 5 candidates
11:02:14  INFO         Paraphrase: 'What European first explored the waters of Cuba, the Bahamas, and Hispaniola?'  →  Victim: 'Christopher Columbus'  correct={'llm_judge': True}  fitness=0.00 (0/5 wrong, llm_judge)
11:03:08  INFO         Paraphrase: 'Who among the Europeans was the first to explore the waters of Cuba, the Bahamas, and Hispaniola?'  →  Victim: 'Christopher Columbus'  correct={'llm_judge': True}  fitness=0.00 (0/5 wrong, llm_judge)
11:03:37  INFO         Paraphrase: 'Who was the European to initially explore the waters of Cuba, the Bahamas, and Hispaniola?'  →  Victim: 'Christopher Columbus'  correct={'llm_judge': True}  fitness=0.00 (0/5 wrong, llm_judge)
11:04:09  INFO         Paraphrase: 'Who was the first European explorer of the waters of Cuba, the Bahamas, and Hispaniola?'  →  Victim: 'Christopher Columbus'  correct={'llm_judge': True}  fitness=0.00 (0/5 wrong, llm_judge)
11:04:41  INFO         Paraphrase: 'Who among the first Europeans to sail to the waters of Cuba, the Bahamas, and Hispaniola was the first to explore them?'  →  Victim: 'Christopher Columbus'  correct={'llm_judge': True}  fitness=0.00 (0/5 wrong, llm_judge)
11:04:41  INFO         Round 7/8 done: 5 generated, 0 duplicates, 0 rejected, 5 passed validation (queried), 0 successful
11:04:41  INFO       Attack round 8/8
11:04:44  INFO         Generated 5 candidates
11:05:20  INFO         Paraphrase: 'Who was the first European to explore the waters of Cuba, the Bahamas, and Hispaniola, among other Caribbean islands?'  →  Victim: 'Christopher Columbus'  correct={'llm_judge': True}  fitness=0.00 (0/5 wrong, llm_judge)
11:05:51  INFO         Paraphrase: 'Who was the European who first set sail to the waters of Cuba, the Bahamas, and Hispaniola during his first expedition?'  →  Victim: 'Christopher Columbus'  correct={'llm_judge': True}  fitness=0.00 (0/5 wrong, llm_judge)
11:06:35  INFO         Paraphrase: 'Who was the first European explorer to conduct an expedition to the waters of Cuba, the Bahamas, and Hispaniola?'  →  Victim: 'Christopher Columbus'  correct={'llm_judge': True}  fitness=0.00 (0/5 wrong, llm_judge)
11:07:03  INFO         Paraphrase: 'Who among the European explorers was the first to explore the waters of Cuba, the Bahamas, and Hispaniola in the Caribbean region?'  →  Victim: 'Christopher Columbus'  correct={'llm_judge': True}  fitness=0.00 (0/5 wrong, llm_judge)
11:07:37  INFO         Paraphrase: 'Who was the first person from Europe to lead an expedition to the waters of Cuba, the Bahamas, and Hispaniola?'  →  Victim: 'Christopher Columbus'  correct={'llm_judge': True}  fitness=0.00 (0/5 wrong, llm_judge)
11:07:37  INFO         Round 8/8 done: 5 generated, 0 duplicates, 0 rejected, 5 passed validation (queried), 0 successful
11:07:37  INFO       Attack finished after 8 round(s): 36 valid victim queries, successful attacks per evaluator: {'llm_judge': 0}, robust: 0
11:07:37  INFO     [20/22] Qnqo_validation_3259: When was catch me if you can made?
11:07:40  INFO       Victim (original): '2002'
11:07:40  INFO       [llm_judge] original correct=True
11:07:52  INFO       Original wrong rate: 0.00 (0/5 sampled answers wrong, llm_judge)
11:07:52  INFO       Attack round 1/8
11:07:54  INFO         Generated 5 candidates
11:08:16  INFO         Paraphrase: 'When was Catch Me If You Can released?'  →  Victim: '2002'  correct={'llm_judge': True}  fitness=0.00 (0/5 wrong, llm_judge)

[ANSWER PRESERVATION FAILED]
Original:   When was catch me if you can made?
Answer(s):  ['2002']
Paraphrase: At what time was the film Catch Me If You Can made?


[ANSWER PRESERVATION FAILED]
Original:   When was catch me if you can made?
Answer(s):  ['2002']
Paraphrase: What year was Catch Me If You Can produced?

11:08:45  INFO         Paraphrase: 'When was Catch Me If You Can film made?'  →  Victim: '2002'  correct={'llm_judge': True}  fitness=0.00 (0/5 wrong, llm_judge)
11:09:12  INFO         Paraphrase: 'In what year was Catch Me If You Can created?'  →  Victim: '2002'  correct={'llm_judge': True}  fitness=0.00 (0/5 wrong, llm_judge)
11:09:12  INFO         Round 1/8 done: 5 generated, 0 duplicates, 2 rejected, 3 passed validation (queried), 0 successful
11:09:12  INFO       Attack round 2/8
11:09:13  INFO         Generated 5 candidates
11:09:13  INFO         [duplicate, skipped] 'When was Catch Me If You Can released?'
11:09:35  INFO         Paraphrase: 'When did they make Catch Me If You Can?'  →  Victim: '2002'  correct={'llm_judge': True}  fitness=0.00 (0/5 wrong, llm_judge)
11:09:53  INFO         Paraphrase: 'When was the movie Catch Me If You Can made?'  →  Victim: '2002'  correct={'llm_judge': True}  fitness=0.00 (0/5 wrong, llm_judge)
11:10:11  INFO         Paraphrase: 'When was the film Catch Me If You Can created?'  →  Victim: '2002'  correct={'llm_judge': True}  fitness=0.00 (0/5 wrong, llm_judge)
11:10:28  INFO         Paraphrase: 'In what year was Catch Me If You Can released?'  →  Victim: '2002'  correct={'llm_judge': True}  fitness=0.00 (0/5 wrong, llm_judge)
11:10:28  INFO         Round 2/8 done: 5 generated, 1 duplicates, 0 rejected, 4 passed validation (queried), 0 successful
11:10:28  INFO       Attack round 3/8
11:10:29  INFO         Generated 5 candidates

[ANSWER PRESERVATION FAILED]
Original:   When was catch me if you can made?
Answer(s):  ['2002']
Paraphrase: When was Catch Me If You Can produced?


[QUESTION EQUIVALENCE FAILED]
Original:   When was catch me if you can made?
Paraphrase: What time was Catch Me If You Can made?

11:10:59  INFO         Paraphrase: 'At what date was Catch Me If You Can made?'  →  Victim: 'November 1, 2002'  correct={'llm_judge': True}  fitness=0.00 (0/5 wrong, llm_judge)
11:11:29  INFO         Paraphrase: 'When was Catch Me If You Can first released?'  →  Victim: '2002'  correct={'llm_judge': True}  fitness=0.00 (0/5 wrong, llm_judge)
11:11:49  INFO         Paraphrase: 'In which year was Catch Me If You Can officially released?'  →  Victim: '2002'  correct={'llm_judge': True}  fitness=0.00 (0/5 wrong, llm_judge)
11:11:49  INFO         Round 3/8 done: 5 generated, 0 duplicates, 2 rejected, 3 passed validation (queried), 0 successful
11:11:49  INFO       Attack round 4/8
11:11:51  INFO         Generated 5 candidates
11:12:17  INFO         Paraphrase: 'When was Catch Me If You Can put to screen?'  →  Victim: '2002'  correct={'llm_judge': True}  fitness=0.00 (0/5 wrong, llm_judge)
11:12:43  INFO         Paraphrase: 'When was Catch Me If You Can brought out?'  →  Victim: '2002'  correct={'llm_judge': True}  fitness=0.00 (0/5 wrong, llm_judge)
11:13:03  INFO         Paraphrase: 'When was Catch Me If You Can out?'  →  Victim: '2002'  correct={'llm_judge': True}  fitness=0.00 (0/5 wrong, llm_judge)
11:13:24  INFO         Paraphrase: 'In what year was Catch Me If You Can put into theaters?'  →  Victim: '2002'  correct={'llm_judge': True}  fitness=0.00 (0/5 wrong, llm_judge)
11:13:47  INFO         Paraphrase: 'When was Catch Me If You Can released on film?'  →  Victim: '2002'  correct={'llm_judge': True}  fitness=0.00 (0/5 wrong, llm_judge)
11:13:47  INFO         Round 4/8 done: 5 generated, 0 duplicates, 0 rejected, 5 passed validation (queried), 0 successful
11:13:47  INFO       Attack round 5/8
11:13:48  INFO         Generated 5 candidates
11:13:48  INFO         [duplicate, skipped] 'When was Catch Me If You Can released?'
11:14:12  INFO         Paraphrase: 'When was Catch Me If You Can first out?'  →  Victim: '2002'  correct={'llm_judge': True}  fitness=0.00 (0/5 wrong, llm_judge)
11:14:34  INFO         Paraphrase: 'In what year was Catch Me If You Can put to screen?'  →  Victim: '2002'  correct={'llm_judge': True}  fitness=0.00 (0/5 wrong, llm_judge)
11:14:52  INFO         Paraphrase: 'At what year was the film Catch Me If You Can created?'  →  Victim: '2002'  correct={'llm_judge': True}  fitness=0.00 (0/5 wrong, llm_judge)
11:15:09  INFO         Paraphrase: 'In what year was the movie Catch Me If You Can made?'  →  Victim: '2002'  correct={'llm_judge': True}  fitness=0.00 (0/5 wrong, llm_judge)
11:15:09  INFO         Round 5/8 done: 5 generated, 1 duplicates, 0 rejected, 4 passed validation (queried), 0 successful
11:15:09  INFO       Attack round 6/8
11:15:11  INFO         Generated 5 candidates
11:15:11  INFO         [duplicate, skipped] 'When was Catch Me If You Can released?'
11:15:11  INFO         [duplicate, skipped] 'At what date was Catch Me If You Can made?'
11:15:11  INFO         [duplicate, skipped] 'In which year was Catch Me If You Can officially released?'
11:15:11  INFO         [duplicate, skipped] 'When was Catch Me If You Can first released?'
11:15:11  INFO         [duplicate, skipped] 'In what year was Catch Me If You Can put to screen?'
11:15:11  INFO         Round 6/8 done: 5 generated, 5 duplicates, 0 rejected, 0 passed validation (queried), 0 successful
11:15:11  INFO       Attack round 7/8
11:15:12  INFO         Generated 5 candidates
11:15:49  INFO         Paraphrase: 'When was Catch Me If You Can debuted?'  →  Victim: '2002'  correct={'llm_judge': True}  fitness=0.00 (0/5 wrong, llm_judge)

[QUESTION EQUIVALENCE FAILED]
Original:   When was catch me if you can made?
Paraphrase: At what time of year was Catch Me If You Can made?

11:16:15  INFO         Paraphrase: 'In what year was the film Catch Me If You Can screened?'  →  Victim: '2002'  correct={'llm_judge': True}  fitness=0.00 (0/5 wrong, llm_judge)
11:16:45  INFO         Paraphrase: 'When was the movie Catch Me If You Can first released?'  →  Victim: '2002'  correct={'llm_judge': True}  fitness=0.00 (0/5 wrong, llm_judge)
11:17:20  INFO         Paraphrase: 'When was Catch Me If You Can launched?'  →  Victim: '2002'  correct={'llm_judge': True}  fitness=0.00 (0/5 wrong, llm_judge)
11:17:20  INFO         Round 7/8 done: 5 generated, 0 duplicates, 1 rejected, 4 passed validation (queried), 0 successful
11:17:20  INFO       Attack round 8/8
11:17:22  INFO         Generated 5 candidates
11:17:53  INFO         Paraphrase: 'When was Catch Me If You Can first shown?'  →  Victim: 'November 1, 2002'  correct={'llm_judge': True}  fitness=0.00 (0/5 wrong, llm_judge)
11:18:30  INFO         Paraphrase: 'When was Catch Me If You Can made public?'  →  Victim: 'November 1, 2002'  correct={'llm_judge': True}  fitness=0.20 (1/5 wrong, llm_judge)
11:19:05  INFO         Paraphrase: 'When was Catch Me If You Can shown on screen?'  →  Victim: 'November 1, 2002'  correct={'llm_judge': True}  fitness=0.00 (0/5 wrong, llm_judge)
11:20:04  INFO         Paraphrase: 'When was Catch Me If You Can first on film?'  →  Victim: '2002'  correct={'llm_judge': True}  fitness=0.00 (0/5 wrong, llm_judge)
11:20:22  INFO         Paraphrase: 'When was Catch Me If You Can put out?'  →  Victim: '2002'  correct={'llm_judge': True}  fitness=0.00 (0/5 wrong, llm_judge)
11:20:22  INFO         Round 8/8 done: 5 generated, 0 duplicates, 0 rejected, 5 passed validation (queried), 0 successful
11:20:22  INFO       Attack finished after 8 round(s): 28 valid victim queries, successful attacks per evaluator: {'llm_judge': 0}, robust: 0
11:20:22  INFO     [21/22] Qnqo_validation_1006: When did the first marvel vs capcom come out?
11:20:30  INFO       Victim (original): '1998'
11:20:30  INFO       [llm_judge] original correct=True
11:20:47  INFO       Original wrong rate: 0.00 (0/5 sampled answers wrong, llm_judge)
11:20:47  INFO       Attack round 1/8
11:20:49  INFO         Generated 5 candidates
11:21:13  INFO         Paraphrase: 'When was the first marvel vs capcom game released?'  →  Victim: '1998'  correct={'llm_judge': True}  fitness=0.00 (0/5 wrong, llm_judge)
11:21:44  INFO         Paraphrase: 'What year did the first marvel vs capcom game come out?'  →  Victim: '1998'  correct={'llm_judge': True}  fitness=0.40 (2/5 wrong, llm_judge)
11:22:06  INFO         Paraphrase: 'When was marvel vs capcom 1 first released?'  →  Victim: '1998'  correct={'llm_judge': True}  fitness=0.00 (0/5 wrong, llm_judge)
11:22:32  INFO         Paraphrase: 'In what year was the first marvel vs capcom game launched?'  →  Victim: '1998'  correct={'llm_judge': True}  fitness=0.00 (0/5 wrong, llm_judge)

[TOO DIFFERENT]
Original:   When did the first marvel vs capcom come out?
Paraphrase: When did marvel vs capcom 1 get released?
Keeps 50% of the original's content words

11:22:33  INFO         Round 1/8 done: 5 generated, 0 duplicates, 1 rejected, 4 passed validation (queried), 0 successful
11:22:33  INFO       Attack round 2/8
11:22:33  INFO         Evolving 1 parent(s):
11:22:33  INFO           fitness=0.40  'What year did the first marvel vs capcom game come out?'
11:22:35  INFO         Generated 5 candidates
11:23:04  INFO         Paraphrase: "When was the first marvel vs capcom game's release year?"  →  Victim: '1998'  correct={'llm_judge': True}  fitness=0.20 (1/5 wrong, llm_judge)
11:23:38  INFO         Paraphrase: 'What year did the marvel vs capcom game, the first one, come out?'  →  Victim: '1998'  correct={'llm_judge': True}  fitness=0.00 (0/5 wrong, llm_judge)

[TOO DIFFERENT]
Original:   When did the first marvel vs capcom come out?
Paraphrase: When did the first marvel vs capcom's release year occur?
Keeps 50% of the original's content words

11:24:02  INFO         Paraphrase: 'In what year did the marvel vs capcom, first, come out?'  →  Victim: '2000'  correct={'llm_judge': False}  fitness=0.20 (1/5 wrong, llm_judge)
11:24:02  INFO         *** ATTACK SUCCESS (round 2) ***
        Paraphrase:    In what year did the marvel vs capcom, first, come out?
        Victim answer: 2000
        Per evaluator: {'llm_judge': True}
        Wrong rate:    0.20 vs 0.00 on the original (not robust)

[QUESTION EQUIVALENCE FAILED]
Original:   When did the first marvel vs capcom come out?
Paraphrase: When did the first marvel vs capcom game release in 1998?

11:24:02  INFO         Round 2/8 done: 5 generated, 0 duplicates, 2 rejected, 3 passed validation (queried), 1 successful
11:24:02  INFO       Attack round 3/8
11:24:02  INFO         Evolving 1 parent(s):
11:24:02  INFO           fitness=0.40  'What year did the first marvel vs capcom game come out?'
11:24:04  INFO         Generated 5 candidates
11:24:29  INFO         Paraphrase: 'Which year did the first marvel vs capcom game come out?'  →  Victim: '1998'  correct={'llm_judge': True}  fitness=0.20 (1/5 wrong, llm_judge)
11:24:54  INFO         Paraphrase: 'What year did the marvel vs capcom game, first, come out?'  →  Victim: '2000'  correct={'llm_judge': False}  fitness=0.20 (1/5 wrong, llm_judge)
11:24:54  INFO         *** ATTACK SUCCESS (round 3) ***
        Paraphrase:    What year did the marvel vs capcom game, first, come out?
        Victim answer: 2000
        Per evaluator: {'llm_judge': True}
        Wrong rate:    0.20 vs 0.00 on the original (not robust)
11:25:45  INFO         Paraphrase: "When did the first marvel vs capcom game's release occur?"  →  Victim: '1998'  correct={'llm_judge': True}  fitness=0.00 (0/5 wrong, llm_judge)
11:26:16  INFO         Paraphrase: 'In what year did the first marvel vs capcom game release?'  →  Victim: '1998'  correct={'llm_judge': True}  fitness=0.40 (2/5 wrong, llm_judge)
11:26:51  INFO         Paraphrase: 'When did the first marvel vs capcom game see its release?'  →  Victim: '1998'  correct={'llm_judge': True}  fitness=0.00 (0/5 wrong, llm_judge)
11:26:51  INFO         Round 3/8 done: 5 generated, 0 duplicates, 0 rejected, 5 passed validation (queried), 1 successful
11:26:51  INFO       Attack round 4/8
11:26:51  INFO         Evolving 1 parent(s):
11:26:51  INFO           fitness=0.40  'What year did the first marvel vs capcom game come out?'
11:26:54  INFO         Generated 5 candidates
11:27:21  INFO         Paraphrase: 'When did the first marvel vs capcom game come out in what year?'  →  Victim: '1998'  correct={'llm_judge': True}  fitness=0.00 (0/5 wrong, llm_judge)
11:27:47  INFO         Paraphrase: 'What year was the first marvel vs capcom game released?'  →  Victim: '1998'  correct={'llm_judge': True}  fitness=0.20 (1/5 wrong, llm_judge)
11:27:47  INFO         [duplicate, skipped] "When was the first marvel vs capcom game's release year?"
11:28:21  INFO         Paraphrase: "In what year did the first marvel vs capcom game's release year occur?"  →  Victim: '1998'  correct={'llm_judge': True}  fitness=0.00 (0/5 wrong, llm_judge)
11:28:56  INFO         Paraphrase: "What year did the first marvel vs capcom game's release occur?"  →  Victim: '1998'  correct={'llm_judge': True}  fitness=0.40 (2/5 wrong, llm_judge)
11:28:56  INFO         Round 4/8 done: 5 generated, 1 duplicates, 0 rejected, 4 passed validation (queried), 0 successful
11:28:56  INFO       Attack round 5/8
11:28:56  INFO         Evolving 1 parent(s):
11:28:56  INFO           fitness=0.40  'What year did the first marvel vs capcom game come out?'
11:28:58  INFO         Generated 5 candidates
11:28:58  INFO         [duplicate, skipped] 'Which year did the first marvel vs capcom game come out?'
11:29:30  INFO         Paraphrase: 'When year did the first marvel vs capcom come out?'  →  Victim: '1998'  correct={'llm_judge': True}  fitness=0.40 (2/5 wrong, llm_judge)
11:29:50  INFO         Paraphrase: 'What year did marvel vs capcom 1 come out?'  →  Victim: '1998'  correct={'llm_judge': True}  fitness=0.00 (0/5 wrong, llm_judge)
11:30:26  INFO         Paraphrase: "In what year did the first marvel vs capcom game's release occur?"  →  Victim: '1998'  correct={'llm_judge': True}  fitness=0.20 (1/5 wrong, llm_judge)
11:30:26  INFO         [duplicate, skipped] "When was the first marvel vs capcom game's release year?"
11:30:26  INFO         Round 5/8 done: 5 generated, 2 duplicates, 0 rejected, 3 passed validation (queried), 0 successful
11:30:26  INFO       Attack round 6/8
11:30:26  INFO         Evolving 2 parent(s):
11:30:26  INFO           fitness=0.40  'What year did the first marvel vs capcom game come out?'
11:30:26  INFO           fitness=0.40  'When year did the first marvel vs capcom come out?'
11:30:28  INFO         Generated 5 candidates
11:31:05  INFO         Paraphrase: "When did the first marvel vs capcom game's release come out?"  →  Victim: '1998'  correct={'llm_judge': True}  fitness=0.00 (0/5 wrong, llm_judge)
11:31:31  INFO         Paraphrase: 'What year did the marvel vs capcom, first, release come out?'  →  Victim: '1998'  correct={'llm_judge': True}  fitness=0.20 (1/5 wrong, llm_judge)
11:31:31  INFO         [duplicate, skipped] "When was the first marvel vs capcom game's release year?"
11:32:03  INFO         Paraphrase: 'In what year was the marvel vs capcom game, the first one, released?'  →  Victim: '1998'  correct={'llm_judge': True}  fitness=0.00 (0/5 wrong, llm_judge)

[TOO DIFFERENT]
Original:   When did the first marvel vs capcom come out?
Paraphrase: When year did the first marvel vs capcom's release occur?
Keeps 50% of the original's content words

11:32:04  INFO         Round 6/8 done: 5 generated, 1 duplicates, 1 rejected, 3 passed validation (queried), 0 successful
11:32:04  INFO       Attack round 7/8
11:32:04  INFO         Evolving 2 parent(s):
11:32:04  INFO           fitness=0.40  'What year did the first marvel vs capcom game come out?'
11:32:04  INFO           fitness=0.40  'When year did the first marvel vs capcom come out?'
11:32:06  INFO         Generated 5 candidates
11:32:30  INFO         Paraphrase: 'When was the first marvel vs capcom game released in which year?'  →  Victim: '1998'  correct={'llm_judge': True}  fitness=0.00 (0/5 wrong, llm_judge)
11:32:58  INFO         Paraphrase: 'What year did the first marvel vs capcom game, first, come out?'  →  Victim: '2000'  correct={'llm_judge': False}  fitness=0.40 (2/5 wrong, llm_judge)
11:32:58  INFO         *** ATTACK SUCCESS (round 7) ***
        Paraphrase:    What year did the first marvel vs capcom game, first, come out?
        Victim answer: 2000
        Per evaluator: {'llm_judge': True}
        Wrong rate:    0.40 vs 0.00 on the original (not robust)
11:33:20  INFO         Paraphrase: 'When did the first marvel vs capcom game release in the year?'  →  Victim: '1998'  correct={'llm_judge': True}  fitness=0.00 (0/5 wrong, llm_judge)

[TOO DIFFERENT]
Original:   When did the first marvel vs capcom come out?
Paraphrase: What year was the first marvel vs capcom's release year?
Keeps 50% of the original's content words

11:33:50  INFO         Paraphrase: 'When year was the first marvel vs capcom game released?'  →  Victim: '1998'  correct={'llm_judge': True}  fitness=0.20 (1/5 wrong, llm_judge)
11:33:50  INFO         Round 7/8 done: 5 generated, 0 duplicates, 1 rejected, 4 passed validation (queried), 1 successful
11:33:50  INFO       Attack round 8/8
11:33:50  INFO         Evolving 2 parent(s):
11:33:50  INFO           fitness=0.40  'What year did the first marvel vs capcom game come out?'
11:33:50  INFO           fitness=0.40  'When year did the first marvel vs capcom come out?'
11:33:52  INFO         Generated 5 candidates
11:34:16  INFO         Paraphrase: 'When did the first marvel vs capcom game come out in which year?'  →  Victim: '1998'  correct={'llm_judge': True}  fitness=0.00 (0/5 wrong, llm_judge)

[QUESTION EQUIVALENCE FAILED]
Original:   When did the first marvel vs capcom come out?
Paraphrase: What year did the first marvel vs capcom come out in the year?

11:34:38  INFO         Paraphrase: 'When year was the first marvel vs capcom game come out?'  →  Victim: '1998'  correct={'llm_judge': True}  fitness=0.00 (0/5 wrong, llm_judge)
11:35:08  INFO         Paraphrase: 'What year did the first marvel vs capcom game, first, come out in which year?'  →  Victim: '2000'  correct={'llm_judge': False}  fitness=0.80 (4/5 wrong, llm_judge)
11:35:08  INFO         *** ATTACK SUCCESS (round 8) ***
        Paraphrase:    What year did the first marvel vs capcom game, first, come out in which year?
        Victim answer: 2000
        Per evaluator: {'llm_judge': True}
        Wrong rate:    0.80 vs 0.00 on the original (ROBUST)
11:35:35  INFO         Paraphrase: 'In what year was the first marvel vs capcom game released in the year?'  →  Victim: '2000'  correct={'llm_judge': False}  fitness=0.20 (1/5 wrong, llm_judge)
11:35:35  INFO         *** ATTACK SUCCESS (round 8) ***
        Paraphrase:    In what year was the first marvel vs capcom game released in the year?
        Victim answer: 2000
        Per evaluator: {'llm_judge': True}
        Wrong rate:    0.20 vs 0.00 on the original (not robust)
11:35:35  INFO         Round 8/8 done: 5 generated, 0 duplicates, 1 rejected, 4 passed validation (queried), 2 successful
11:35:35  INFO       Attack finished after 8 round(s): 30 valid victim queries, successful attacks per evaluator: {'llm_judge': 5}, robust: 1
11:35:35  INFO     [22/22] Qnqo_validation_3530: When was the us department of homeland security created?
11:35:41  INFO       Victim (original): '2002'
11:35:41  INFO       [llm_judge] original correct=True
11:36:06  INFO       Original wrong rate: 0.20 (1/5 sampled answers wrong, llm_judge)
11:36:06  INFO       Attack round 1/8
11:36:08  INFO         Generated 5 candidates
11:36:42  INFO         Paraphrase: 'When was the US Department of Homeland Security established?'  →  Victim: 'November 24, 2002'  correct={'llm_judge': True}  fitness=0.00 (0/5 wrong, llm_judge)
11:37:15  INFO         Paraphrase: 'When was the US Department of Homeland Security set up?'  →  Victim: '2002'  correct={'llm_judge': True}  fitness=0.00 (0/5 wrong, llm_judge)
11:37:54  INFO         Paraphrase: 'When was the US Department of Homeland Security founded as an agency?'  →  Victim: 'March 1, 2003'  correct={'llm_judge': False}  fitness=0.60 (3/5 wrong, llm_judge)
11:37:54  INFO         *** ATTACK SUCCESS (round 1) ***
        Paraphrase:    When was the US Department of Homeland Security founded as an agency?
        Victim answer: March 1, 2003
        Per evaluator: {'llm_judge': True}
        Wrong rate:    0.60 vs 0.20 on the original (not robust)
11:38:21  INFO         Paraphrase: 'What year did the US Department of Homeland Security come into existence?'  →  Victim: '2002'  correct={'llm_judge': True}  fitness=0.20 (1/5 wrong, llm_judge)
11:38:44  INFO         Paraphrase: 'In what year was the US Department of Homeland Security created to protect national security?'  →  Victim: '2002'  correct={'llm_judge': True}  fitness=0.00 (0/5 wrong, llm_judge)
11:38:44  INFO         Round 1/8 done: 5 generated, 0 duplicates, 0 rejected, 5 passed validation (queried), 1 successful
11:38:44  INFO       Attack round 2/8
11:38:44  INFO         Evolving 2 parent(s):
11:38:44  INFO           fitness=0.60  'When was the US Department of Homeland Security founded as an agency?'
11:38:44  INFO           fitness=0.20  'What year did the US Department of Homeland Security come into existence?'
11:38:46  INFO         Generated 5 candidates

[ANSWER PRESERVATION FAILED]
Original:   When was the us department of homeland security created?
Answer(s):  ['2002']
Paraphrase: When was the US Department of Homeland Security created to become operational?

11:39:09  INFO         Paraphrase: 'What year was the US Department of Homeland Security formed into existence?'  →  Victim: '2002'  correct={'llm_judge': True}  fitness=0.00 (0/5 wrong, llm_judge)
11:39:36  INFO         Paraphrase: 'When was the US Department of Homeland Security brought into existence as an agency?'  →  Victim: 'November 25, 2002'  correct={'llm_judge': True}  fitness=0.40 (2/5 wrong, llm_judge)
11:39:58  INFO         Paraphrase: 'What year did the US Department of Homeland Security come into official existence?'  →  Victim: '2003'  correct={'llm_judge': False}  fitness=0.60 (3/5 wrong, llm_judge)
11:39:58  INFO         *** ATTACK SUCCESS (round 2) ***
        Paraphrase:    What year did the US Department of Homeland Security come into official existence?
        Victim answer: 2003
        Per evaluator: {'llm_judge': True}
        Wrong rate:    0.60 vs 0.20 on the original (not robust)
11:40:34  INFO         Paraphrase: 'When was the US Department of Homeland Security officially created to start its functions?'  →  Victim: 'January 24, 2003'  correct={'llm_judge': False}  fitness=0.40 (2/5 wrong, llm_judge)
11:40:34  INFO         *** ATTACK SUCCESS (round 2) ***
        Paraphrase:    When was the US Department of Homeland Security officially created to start its functions?
        Victim answer: January 24, 2003
        Per evaluator: {'llm_judge': True}
        Wrong rate:    0.40 vs 0.20 on the original (not robust)
11:40:34  INFO         Round 2/8 done: 5 generated, 0 duplicates, 1 rejected, 4 passed validation (queried), 2 successful
11:40:34  INFO       Attack round 3/8
11:40:34  INFO         Evolving 3 parent(s):
11:40:34  INFO           fitness=0.60  'When was the US Department of Homeland Security founded as an agency?'
11:40:34  INFO           fitness=0.60  'What year did the US Department of Homeland Security come into official existence?'
11:40:34  INFO           fitness=0.40  'When was the US Department of Homeland Security officially created to start its functions?'
11:40:36  INFO         Generated 5 candidates
11:40:59  INFO         Paraphrase: 'What year was the US Department of Homeland Security created to start its functions as an agency?'  →  Victim: '2003'  correct={'llm_judge': False}  fitness=0.80 (4/5 wrong, llm_judge)
11:40:59  INFO         *** ATTACK SUCCESS (round 3) ***
        Paraphrase:    What year was the US Department of Homeland Security created to start its functions as an agency?
        Victim answer: 2003
        Per evaluator: {'llm_judge': True}
        Wrong rate:    0.80 vs 0.20 on the original (ROBUST)
11:41:29  INFO         Paraphrase: 'When was the US Department of Homeland Security brought into official existence?'  →  Victim: 'November 24, 2002'  correct={'llm_judge': True}  fitness=0.20 (1/5 wrong, llm_judge)
11:41:56  INFO         Paraphrase: 'In what year was the US Department of Homeland Security officially formed to become operational?'  →  Victim: '2003'  correct={'llm_judge': False}  fitness=1.00 (5/5 wrong, llm_judge)
11:41:56  INFO         *** ATTACK SUCCESS (round 3) ***
        Paraphrase:    In what year was the US Department of Homeland Security officially formed to become operational?
        Victim answer: 2003
        Per evaluator: {'llm_judge': True}
        Wrong rate:    1.00 vs 0.20 on the original (ROBUST)
11:42:21  INFO         Paraphrase: 'What year was the US Department of Homeland Security founded to start its official functions?'  →  Victim: '2003'  correct={'llm_judge': False}  fitness=1.00 (5/5 wrong, llm_judge)
11:42:21  INFO         *** ATTACK SUCCESS (round 3) ***
        Paraphrase:    What year was the US Department of Homeland Security founded to start its official functions?
        Victim answer: 2003
        Per evaluator: {'llm_judge': True}
        Wrong rate:    1.00 vs 0.20 on the original (ROBUST)
11:43:12  INFO         Paraphrase: 'When was the US Department of Homeland Security created to officially start its functions as an agency?'  →  Victim: 'January 24, 2003'  correct={'llm_judge': False}  fitness=0.80 (4/5 wrong, llm_judge)
11:43:12  INFO         *** ATTACK SUCCESS (round 3) ***
        Paraphrase:    When was the US Department of Homeland Security created to officially start its functions as an agency?
        Victim answer: January 24, 2003
        Per evaluator: {'llm_judge': True}
        Wrong rate:    0.80 vs 0.20 on the original (ROBUST)
11:43:12  INFO         Round 3/8 done: 5 generated, 0 duplicates, 0 rejected, 5 passed validation (queried), 4 successful
11:43:12  INFO       Attack round 4/8
11:43:12  INFO         Evolving 3 parent(s):
11:43:12  INFO           fitness=1.00  'In what year was the US Department of Homeland Security officially formed to become operational?'
11:43:12  INFO           fitness=0.80  'When was the US Department of Homeland Security created to officially start its functions as an agency?'
11:43:12  INFO           fitness=0.60  'When was the US Department of Homeland Security founded as an agency?'
11:43:15  INFO         Generated 5 candidates
11:43:47  INFO         Paraphrase: 'When was the US Department of Homeland Security created to start its official functions?'  →  Victim: 'November 24, 2002'  correct={'llm_judge': True}  fitness=0.20 (1/5 wrong, llm_judge)
11:44:10  INFO         Paraphrase: 'In what year was the US Department of Homeland Security officially formed?'  →  Victim: '2002'  correct={'llm_judge': True}  fitness=0.00 (0/5 wrong, llm_judge)
11:44:42  INFO         Paraphrase: 'When was the US Department of Homeland Security officially created as an agency?'  →  Victim: 'November 24, 2002'  correct={'llm_judge': True}  fitness=0.00 (0/5 wrong, llm_judge)
11:45:12  INFO         Paraphrase: 'When was the US Department of Homeland Security brought into official existence as an agency?'  →  Victim: 'November 25, 2002'  correct={'llm_judge': True}  fitness=0.20 (1/5 wrong, llm_judge)
11:45:53  INFO         Paraphrase: 'In what year was the US Department of Homeland Security officially formed to start its functions?'  →  Victim: '2002'  correct={'llm_judge': True}  fitness=0.60 (3/5 wrong, llm_judge)
11:45:53  INFO         Round 4/8 done: 5 generated, 0 duplicates, 0 rejected, 5 passed validation (queried), 0 successful
11:45:53  INFO       Attack round 5/8
11:45:53  INFO         Evolving 3 parent(s):
11:45:53  INFO           fitness=1.00  'In what year was the US Department of Homeland Security officially formed to become operational?'
11:45:53  INFO           fitness=0.80  'When was the US Department of Homeland Security created to officially start its functions as an agency?'
11:45:53  INFO           fitness=0.60  'When was the US Department of Homeland Security founded as an agency?'
11:45:55  INFO         Generated 5 candidates
11:46:37  INFO         Paraphrase: 'When was the US Department of Homeland Security officially created?'  →  Victim: 'November 25, 2002'  correct={'llm_judge': True}  fitness=0.20 (1/5 wrong, llm_judge)
11:47:03  INFO         Paraphrase: 'In what year was the US Department of Homeland Security officially created?'  →  Victim: '2002'  correct={'llm_judge': True}  fitness=0.00 (0/5 wrong, llm_judge)
11:47:30  INFO         Paraphrase: 'What year was the US Department of Homeland Security created to start its functions?'  →  Victim: '2003'  correct={'llm_judge': False}  fitness=0.80 (4/5 wrong, llm_judge)
11:47:30  INFO         *** ATTACK SUCCESS (round 5) ***
        Paraphrase:    What year was the US Department of Homeland Security created to start its functions?
        Victim answer: 2003
        Per evaluator: {'llm_judge': True}
        Wrong rate:    0.80 vs 0.20 on the original (ROBUST)
11:47:30  INFO         [duplicate, skipped] 'When was the US Department of Homeland Security brought into official existence?'
11:47:59  INFO         Paraphrase: 'When was the US Department of Homeland Security officially formed to become operational?'  →  Victim: 'January 24, 2003'  correct={'llm_judge': False}  fitness=1.00 (5/5 wrong, llm_judge)
11:47:59  INFO         *** ATTACK SUCCESS (round 5) ***
        Paraphrase:    When was the US Department of Homeland Security officially formed to become operational?
        Victim answer: January 24, 2003
        Per evaluator: {'llm_judge': True}
        Wrong rate:    1.00 vs 0.20 on the original (ROBUST)
11:47:59  INFO         Round 5/8 done: 5 generated, 1 duplicates, 0 rejected, 4 passed validation (queried), 2 successful
11:47:59  INFO       Attack round 6/8
11:47:59  INFO         Evolving 3 parent(s):
11:47:59  INFO           fitness=1.00  'In what year was the US Department of Homeland Security officially formed to become operational?'
11:47:59  INFO           fitness=1.00  'When was the US Department of Homeland Security officially formed to become operational?'
11:47:59  INFO           fitness=0.60  'When was the US Department of Homeland Security founded as an agency?'
11:48:01  INFO         Generated 5 candidates
11:48:27  INFO         Paraphrase: 'When was the US Department of Homeland Security created to officially become operational?'  →  Victim: 'January 24, 2003'  correct={'llm_judge': False}  fitness=1.00 (5/5 wrong, llm_judge)
11:48:27  INFO         *** ATTACK SUCCESS (round 6) ***
        Paraphrase:    When was the US Department of Homeland Security created to officially become operational?
        Victim answer: January 24, 2003
        Per evaluator: {'llm_judge': True}
        Wrong rate:    1.00 vs 0.20 on the original (ROBUST)
11:48:27  INFO         [duplicate, skipped] 'In what year was the US Department of Homeland Security officially formed to start its functions?'
11:48:57  INFO         Paraphrase: 'When was the US Department of Homeland Security officially created to become operational?'  →  Victim: 'January 24, 2003'  correct={'llm_judge': False}  fitness=0.60 (3/5 wrong, llm_judge)
11:48:57  INFO         *** ATTACK SUCCESS (round 6) ***
        Paraphrase:    When was the US Department of Homeland Security officially created to become operational?
        Victim answer: January 24, 2003
        Per evaluator: {'llm_judge': True}
        Wrong rate:    0.60 vs 0.20 on the original (not robust)
11:49:54  INFO         Paraphrase: 'When was the US Department of Homeland Security founded to officially start its functions?'  →  Victim: 'January 24, 2003'  correct={'llm_judge': False}  fitness=0.60 (3/5 wrong, llm_judge)
11:49:54  INFO         *** ATTACK SUCCESS (round 6) ***
        Paraphrase:    When was the US Department of Homeland Security founded to officially start its functions?
        Victim answer: January 24, 2003
        Per evaluator: {'llm_judge': True}
        Wrong rate:    0.60 vs 0.20 on the original (not robust)
11:50:23  INFO         Paraphrase: 'In what year was the US Department of Homeland Security created to officially start its official functions?'  →  Victim: '2002'  correct={'llm_judge': True}  fitness=0.60 (3/5 wrong, llm_judge)
11:50:23  INFO         Round 6/8 done: 5 generated, 1 duplicates, 0 rejected, 4 passed validation (queried), 3 successful
11:50:23  INFO       Attack round 7/8
11:50:23  INFO         Evolving 3 parent(s):
11:50:23  INFO           fitness=1.00  'In what year was the US Department of Homeland Security officially formed to become operational?'
11:50:23  INFO           fitness=1.00  'When was the US Department of Homeland Security officially formed to become operational?'
11:50:23  INFO           fitness=0.60  'When was the US Department of Homeland Security founded as an agency?'
11:50:30  INFO         Generated 5 candidates
11:51:00  INFO         Paraphrase: 'When was the US Department of Homeland Security officially formed?'  →  Victim: 'November 24, 2002'  correct={'llm_judge': True}  fitness=0.20 (1/5 wrong, llm_judge)
11:51:31  INFO         Paraphrase: 'In what year was the US Department of Homeland Security created to officially become operational?'  →  Victim: '2002'  correct={'llm_judge': True}  fitness=0.40 (2/5 wrong, llm_judge)
11:52:04  INFO         Paraphrase: 'When was the US Department of Homeland Security officially created as an agency to start its functions?'  →  Victim: 'January 24, 2003'  correct={'llm_judge': False}  fitness=0.60 (3/5 wrong, llm_judge)
11:52:04  INFO         *** ATTACK SUCCESS (round 7) ***
        Paraphrase:    When was the US Department of Homeland Security officially created as an agency to start its functions?
        Victim answer: January 24, 2003
        Per evaluator: {'llm_judge': True}
        Wrong rate:    0.60 vs 0.20 on the original (not robust)

[ANSWER PRESERVATION FAILED]
Original:   When was the us department of homeland security created?
Answer(s):  ['2002']
Paraphrase: What year was the US Department of Homeland Security officially formed to become operational?

11:52:47  INFO         Paraphrase: 'In what year was the US Department of Homeland Security officially formed to start its official functions?'  →  Victim: '2002'  correct={'llm_judge': True}  fitness=0.20 (1/5 wrong, llm_judge)
11:52:47  INFO         Round 7/8 done: 5 generated, 0 duplicates, 1 rejected, 4 passed validation (queried), 1 successful
11:52:47  INFO       Attack round 8/8
11:52:47  INFO         Evolving 3 parent(s):
11:52:47  INFO           fitness=1.00  'In what year was the US Department of Homeland Security officially formed to become operational?'
11:52:47  INFO           fitness=1.00  'When was the US Department of Homeland Security officially formed to become operational?'
11:52:47  INFO           fitness=0.60  'When was the US Department of Homeland Security founded as an agency?'
11:52:50  INFO         Generated 5 candidates
11:53:17  INFO         Paraphrase: 'When was the US Department of Homeland Security created to officially become operational as an agency?'  →  Victim: 'March 1, 2003'  correct={'llm_judge': False}  fitness=0.60 (3/5 wrong, llm_judge)
11:53:17  INFO         *** ATTACK SUCCESS (round 8) ***
        Paraphrase:    When was the US Department of Homeland Security created to officially become operational as an agency?
        Victim answer: March 1, 2003
        Per evaluator: {'llm_judge': True}
        Wrong rate:    0.60 vs 0.20 on the original (not robust)
11:53:45  INFO         Paraphrase: 'In what year was the US Department of Homeland Security officially formed to start its official functions as an agency?'  →  Victim: '2002'  correct={'llm_judge': True}  fitness=0.60 (3/5 wrong, llm_judge)
11:54:11  INFO         Paraphrase: 'When was the US Department of Homeland Security officially created to become operational as an agency?'  →  Victim: 'January 24, 2003'  correct={'llm_judge': False}  fitness=1.00 (5/5 wrong, llm_judge)
11:54:11  INFO         *** ATTACK SUCCESS (round 8) ***
        Paraphrase:    When was the US Department of Homeland Security officially created to become operational as an agency?
        Victim answer: January 24, 2003
        Per evaluator: {'llm_judge': True}
        Wrong rate:    1.00 vs 0.20 on the original (ROBUST)
11:54:35  INFO         Paraphrase: 'What year was the US Department of Homeland Security officially formed to start its functions when it became operational?'  →  Victim: '2002'  correct={'llm_judge': True}  fitness=0.40 (2/5 wrong, llm_judge)
11:55:25  INFO         Paraphrase: 'When was the US Department of Homeland Security officially created to become operational and start its official functions?'  →  Victim: 'March 1, 2003'  correct={'llm_judge': False}  fitness=0.80 (4/5 wrong, llm_judge)
11:55:25  INFO         *** ATTACK SUCCESS (round 8) ***
        Paraphrase:    When was the US Department of Homeland Security officially created to become operational and start its official functions?
        Victim answer: March 1, 2003
        Per evaluator: {'llm_judge': True}
        Wrong rate:    0.80 vs 0.20 on the original (ROBUST)
11:55:25  INFO         Round 8/8 done: 5 generated, 0 duplicates, 0 rejected, 5 passed validation (queried), 3 successful
11:55:25  INFO       Attack finished after 8 round(s): 36 valid victim queries, successful attacks per evaluator: {'llm_judge': 16}, robust: 9
11:55:25  INFO     Results saved → /tmp/avp_runs/results/attacker_llama3_1_8b_minimal_edit__victim_qwen3_4b__judge_gemma3_12b__q22_p5_r8_evolutionary__20260927_053549.json

Results saved → /tmp/avp_runs/results/attacker_llama3_1_8b_minimal_edit__victim_qwen3_4b__judge_gemma3_12b__q22_p5_r8_evolutionary__20260927_053549.json

============================================================
EXPERIMENT SUMMARY
============================================================
  Questions evaluated : 22
  Paraphrases / round : 5
  Max rounds          : 8
  Valid victim queries: 618

  [llm_judge]
    Victim baseline accuracy : 100.0%
    Overall Attack Success Rate (ASR) : 10.4%
    Questions with >= 1 success       : 63.6%
    Total successful paraphrases      : 69
  Robust successes (gain >= 0.50 over the original's wrong rate): 49, on 59.1% of questions
============================================================
  Full results at: /tmp/avp_runs/results/attacker_llama3_1_8b_minimal_edit__victim_qwen3_4b__judge_gemma3_12b__q22_p5_r8_evolutionary__20260927_053549.json
============================================================
