
============================================================
ADVERSARIAL PARAPHRASING EXPERIMENT
============================================================
  Attacker model    : llama3.1:8b
  Attack strategy   : minimal_edit
  Victim model      : qwen3:4b-instruct
  Judge model       : gemma3:12b  (evaluator=llm_judge)
  Questions         : 16
  Paraphrases/round : 5
  Max rounds        : 8  (stop_on_success=False)
  Answer check      : gemma3:12b
  Search            : evolutionary  (parents=3, fitness samples=4 @ T=0.7)
  Dataset           : data/accepted_questions_qwen3_4b_instruct.json
  Results dir       : /tmp/avp_runs/results
============================================================

14:20:38  INFO     Loaded 16 questions
14:20:38  INFO     Results file: /tmp/avp_runs/results/attacker_llama3_1_8b_minimal_edit__victim_qwen3_4b_instruct__judge_gemma3_12b__q16_p5_r8_evolutionary__20260927_142038.json
14:20:38  INFO     [1/16] Qnqo_validation_0573: Where in the American constitution is the executive branch referenced?
14:20:53  INFO       Victim (original): 'Article II'
14:21:21  INFO       [llm_judge] original correct=True
14:21:23  INFO       Original wrong rate: 0.00 (0/5 sampled answers wrong, llm_judge)
14:21:23  INFO       Attack round 1/8
14:21:37  INFO         Generated 5 candidates

[ANSWER PRESERVATION FAILED]
Original:   Where in the American constitution is the executive branch referenced?
Answer(s):  ['Article Two']
Paraphrase: Where in the American constitution does the executive branch originate?

14:21:45  INFO         Paraphrase: 'In which part of the American constitution is the executive branch described?'  →  Victim: 'Article II'  correct={'llm_judge': True}  fitness=0.00 (0/5 wrong, llm_judge)

[ANSWER PRESERVATION FAILED]
Original:   Where in the American constitution is the executive branch referenced?
Answer(s):  ['Article Two']
Paraphrase: Where in the American constitution is the executive branch defined?

14:21:52  INFO         Paraphrase: 'What article in the American constitution outlines the executive branch?'  →  Victim: 'Article II'  correct={'llm_judge': True}  fitness=0.00 (0/5 wrong, llm_judge)
14:21:56  INFO         Paraphrase: 'In which part of the American constitution is the executive branch mentioned?'  →  Victim: 'Article II'  correct={'llm_judge': True}  fitness=0.00 (0/5 wrong, llm_judge)
14:21:56  INFO         Round 1/8 done: 5 generated, 0 duplicates, 2 rejected, 3 passed validation (queried), 0 successful
14:21:56  INFO       Attack round 2/8
14:21:58  INFO         Generated 5 candidates

[QUESTION EQUIVALENCE FAILED]
Original:   Where in the American constitution is the executive branch referenced?
Paraphrase: Where in the American constitution does the executive branch get its powers?

14:22:02  INFO         Paraphrase: 'What part of the American constitution references the executive branch?'  →  Victim: 'Article II'  correct={'llm_judge': True}  fitness=0.00 (0/5 wrong, llm_judge)
14:22:06  INFO         Paraphrase: 'In which part of the American constitution is the executive branch spelled out?'  →  Victim: 'Article II'  correct={'llm_judge': True}  fitness=0.00 (0/5 wrong, llm_judge)
14:22:10  INFO         Paraphrase: 'Where in the American constitution is the executive branch described in?'  →  Victim: 'Article II'  correct={'llm_judge': True}  fitness=0.00 (0/5 wrong, llm_judge)
14:22:14  INFO         Paraphrase: 'What section of the American constitution outlines the executive branch?'  →  Victim: 'Article II'  correct={'llm_judge': True}  fitness=0.00 (0/5 wrong, llm_judge)
14:22:14  INFO         Round 2/8 done: 5 generated, 0 duplicates, 1 rejected, 4 passed validation (queried), 0 successful
14:22:14  INFO       Attack round 3/8
14:22:15  INFO         Generated 5 candidates
14:22:19  INFO         Paraphrase: 'What part of the American constitution refers to the executive branch?'  →  Victim: 'Article II'  correct={'llm_judge': True}  fitness=0.00 (0/5 wrong, llm_judge)

[QUESTION EQUIVALENCE FAILED]
Original:   Where in the American constitution is the executive branch referenced?
Paraphrase: Where in the American constitution is the executive branch located?

14:22:24  INFO         Paraphrase: 'In which part of the American constitution is mention made of the executive branch?'  →  Victim: 'Article II'  correct={'llm_judge': True}  fitness=0.00 (0/5 wrong, llm_judge)
14:22:28  INFO         Paraphrase: 'What section of the American constitution talks about the executive branch?'  →  Victim: 'Article II'  correct={'llm_judge': True}  fitness=0.00 (0/5 wrong, llm_judge)
14:22:31  INFO         Paraphrase: 'Where in the American constitution does it mention the executive branch?'  →  Victim: 'Article II'  correct={'llm_judge': True}  fitness=0.00 (0/5 wrong, llm_judge)
14:22:31  INFO         Round 3/8 done: 5 generated, 0 duplicates, 1 rejected, 4 passed validation (queried), 0 successful
14:22:31  INFO       Attack round 4/8
14:22:33  INFO         Generated 5 candidates

[ANSWER PRESERVATION FAILED]
Original:   Where in the American constitution is the executive branch referenced?
Answer(s):  ['Article Two']
Paraphrase: Where in the American Constitution does the executive branch receive its authority?

14:22:41  INFO         Paraphrase: 'What part of the American Constitution specifically mentions the executive branch?'  →  Victim: 'Article II'  correct={'llm_judge': True}  fitness=0.00 (0/5 wrong, llm_judge)

[ANSWER PRESERVATION FAILED]
Original:   Where in the American constitution is the executive branch referenced?
Answer(s):  ['Article Two']
Paraphrase: Where in the American Constitution is the executive branch's role detailed?

14:22:49  INFO         Paraphrase: 'What article of the American Constitution outlines the structure of the executive branch?'  →  Victim: 'Article II'  correct={'llm_judge': True}  fitness=0.00 (0/5 wrong, llm_judge)

[ANSWER PRESERVATION FAILED]
Original:   Where in the American constitution is the executive branch referenced?
Answer(s):  ['Article Two']
Paraphrase: Where in the American Constitution does the executive branch's powers and responsibilities begin?

14:22:53  INFO         Round 4/8 done: 5 generated, 0 duplicates, 3 rejected, 2 passed validation (queried), 0 successful
14:22:53  INFO       Attack round 5/8
14:22:55  INFO         Generated 5 candidates
14:22:55  INFO         [duplicate, skipped] 'What part of the American constitution references the executive branch?'
14:22:55  INFO         [duplicate, skipped] 'In which part of the American constitution is the executive branch mentioned?'
14:22:55  INFO         [duplicate, skipped] 'What part of the American constitution refers to the executive branch?'
14:22:55  INFO         [duplicate, skipped] 'What article in the American constitution outlines the executive branch?'
14:22:55  INFO         [duplicate, skipped] 'In which part of the American constitution is the executive branch described?'
14:22:55  INFO         Round 5/8 done: 5 generated, 5 duplicates, 0 rejected, 0 passed validation (queried), 0 successful
14:22:55  INFO       Attack round 6/8
14:22:56  INFO         Generated 5 candidates
14:22:56  INFO         [duplicate, skipped] 'What section of the American constitution outlines the executive branch?'
14:22:56  INFO         [duplicate, skipped] 'In which part of the American constitution is the executive branch mentioned?'
14:23:00  INFO         Paraphrase: 'What article in the American constitution refers to the executive branch?'  →  Victim: 'Article II'  correct={'llm_judge': True}  fitness=0.00 (0/5 wrong, llm_judge)
14:23:00  INFO         [duplicate, skipped] 'In which part of the American constitution is the executive branch described?'
14:23:04  INFO         Paraphrase: 'Where in the American constitution is the executive branch referred to?'  →  Victim: 'Article II'  correct={'llm_judge': True}  fitness=0.00 (0/5 wrong, llm_judge)
14:23:04  INFO         Round 6/8 done: 5 generated, 3 duplicates, 0 rejected, 2 passed validation (queried), 0 successful
14:23:04  INFO       Attack round 7/8
14:23:06  INFO         Generated 5 candidates
14:23:10  INFO         Paraphrase: 'Where in the American constitution does the executive branch receive its mention?'  →  Victim: 'Article II'  correct={'llm_judge': True}  fitness=0.00 (0/5 wrong, llm_judge)
14:23:14  INFO         Paraphrase: "In which part of the American constitution is the executive branch's reference found?"  →  Victim: 'Article II'  correct={'llm_judge': True}  fitness=0.00 (0/5 wrong, llm_judge)
14:23:18  INFO         Paraphrase: 'Where in the American constitution can the executive branch be found?'  →  Victim: 'Article II'  correct={'llm_judge': True}  fitness=0.00 (0/5 wrong, llm_judge)
14:23:21  INFO         Paraphrase: 'What part of the American constitution holds the reference to the executive branch?'  →  Victim: 'Article II'  correct={'llm_judge': True}  fitness=0.00 (0/5 wrong, llm_judge)
14:23:25  INFO         Paraphrase: 'Where in the American constitution is the reference to the executive branch located?'  →  Victim: 'Article II'  correct={'llm_judge': True}  fitness=0.00 (0/5 wrong, llm_judge)
14:23:25  INFO         Round 7/8 done: 5 generated, 0 duplicates, 0 rejected, 5 passed validation (queried), 0 successful
14:23:25  INFO       Attack round 8/8
14:23:28  INFO         Generated 5 candidates
14:23:36  INFO         Paraphrase: 'Where in the American constitution is the branch that executes mentioned?'  →  Victim: 'The U.S. Constitution does not mention a "branch that executes" in any official text. The executive branch is established in Article II.'  correct={'llm_judge': True}  fitness=0.00 (0/5 wrong, llm_judge)
14:23:40  INFO         Paraphrase: 'In which part of the American constitution is the executive branch referenced as?'  →  Victim: 'Article II'  correct={'llm_judge': True}  fitness=0.00 (0/5 wrong, llm_judge)
14:23:44  INFO         Paraphrase: 'Where in the American constitution is the executive branch mentioned in?'  →  Victim: 'Article II'  correct={'llm_judge': True}  fitness=0.00 (0/5 wrong, llm_judge)
14:23:48  INFO         Paraphrase: "In which part of the American constitution is the executive branch's reference located?"  →  Victim: 'Article II'  correct={'llm_judge': True}  fitness=0.00 (0/5 wrong, llm_judge)
14:23:52  INFO         Paraphrase: 'Where in the American constitution is the executive branch the focus of?'  →  Victim: 'Article II'  correct={'llm_judge': True}  fitness=0.00 (0/5 wrong, llm_judge)
14:23:52  INFO         Round 8/8 done: 5 generated, 0 duplicates, 0 rejected, 5 passed validation (queried), 0 successful
14:23:52  INFO       Attack finished after 8 round(s): 25 valid victim queries, successful attacks per evaluator: {'llm_judge': 0}, robust: 0
14:23:52  INFO     [2/16] Qnqo_validation_0615: Which organelle is the site of atp production and storage?
14:23:52  INFO       Victim (original): 'Mitochondria'
14:23:54  INFO       [llm_judge] original correct=True
14:23:56  INFO       Original wrong rate: 0.00 (0/5 sampled answers wrong, llm_judge)
14:23:56  INFO       Attack round 1/8
14:23:58  INFO         Generated 5 candidates

[TOO DIFFERENT]
Original:   Which organelle is the site of atp production and storage?
Paraphrase: What organelle produces and stores atp?
Keeps 40% of the original's content words

14:24:02  INFO         Paraphrase: 'In which organelle does atp production and storage occur?'  →  Victim: 'Mitochondria'  correct={'llm_judge': True}  fitness=0.00 (0/5 wrong, llm_judge)
14:24:07  INFO         Paraphrase: 'Which cellular component is responsible for both atp production and storage?'  →  Victim: 'Mitochondria'  correct={'llm_judge': True}  fitness=0.00 (0/5 wrong, llm_judge)
14:24:11  INFO         Paraphrase: 'Where in the cell does atp production and storage take place?'  →  Victim: 'Mitochondria'  correct={'llm_judge': True}  fitness=0.00 (0/5 wrong, llm_judge)

[TOO DIFFERENT]
Original:   Which organelle is the site of atp production and storage?
Paraphrase: What is the organelle that produces and stores atp molecules?
Keeps 40% of the original's content words

14:24:11  INFO         Round 1/8 done: 5 generated, 0 duplicates, 2 rejected, 3 passed validation (queried), 0 successful
14:24:11  INFO       Attack round 2/8
14:24:13  INFO         Generated 4 candidates
14:24:18  INFO         Paraphrase: 'Which organelle serves as the site of ATP production and storage?'  →  Victim: 'Mitochondria'  correct={'llm_judge': True}  fitness=0.00 (0/5 wrong, llm_judge)
14:24:21  INFO         Paraphrase: 'Which organelle is the location for ATP production and storage?'  →  Victim: 'Mitochondria'  correct={'llm_judge': True}  fitness=0.00 (0/5 wrong, llm_judge)
14:24:25  INFO         Paraphrase: 'Which organelle is the place of ATP production and storage?'  →  Victim: 'Mitochondria'  correct={'llm_judge': True}  fitness=0.00 (0/5 wrong, llm_judge)
14:24:29  INFO         Paraphrase: 'Which organelle is responsible for the site of ATP production and storage?'  →  Victim: 'Mitochondria'  correct={'llm_judge': True}  fitness=0.00 (0/5 wrong, llm_judge)
14:24:29  INFO         Round 2/8 done: 4 generated, 0 duplicates, 0 rejected, 4 passed validation (queried), 0 successful
14:24:29  INFO       Attack round 3/8
14:24:31  INFO         Generated 4 candidates
14:24:35  INFO         Paraphrase: 'In which organelle does ATP production and storage take place?'  →  Victim: 'Mitochondria'  correct={'llm_judge': True}  fitness=0.00 (0/5 wrong, llm_judge)
14:24:39  INFO         Paraphrase: 'What is the organelle where ATP production and storage occur?'  →  Victim: 'Mitochondria'  correct={'llm_judge': True}  fitness=0.00 (0/5 wrong, llm_judge)
14:24:43  INFO         Paraphrase: 'The organelle responsible for ATP production and storage is which?'  →  Victim: 'Mitochondrion'  correct={'llm_judge': True}  fitness=0.00 (0/5 wrong, llm_judge)
14:24:47  INFO         Paraphrase: 'The site of ATP production and storage is in which organelle?'  →  Victim: 'Mitochondria'  correct={'llm_judge': True}  fitness=0.00 (0/5 wrong, llm_judge)
14:24:47  INFO         Round 3/8 done: 4 generated, 0 duplicates, 0 rejected, 4 passed validation (queried), 0 successful
14:24:47  INFO       Attack round 4/8
14:24:49  INFO         Generated 5 candidates
14:24:49  INFO         [duplicate, skipped] 'Which organelle is the location for atp production and storage?'
14:24:53  INFO         Paraphrase: 'Which organelle is the site where atp production and storage occur?'  →  Victim: 'Mitochondria'  correct={'llm_judge': True}  fitness=0.00 (0/5 wrong, llm_judge)
14:24:58  INFO         Paraphrase: 'What organelle serves as the location for atp production and storage?'  →  Victim: 'Mitochondrion'  correct={'llm_judge': True}  fitness=0.00 (0/5 wrong, llm_judge)
14:25:02  INFO         Paraphrase: 'Where in the cell is the organelle that is the site of atp production and storage?'  →  Victim: 'Mitochondria'  correct={'llm_judge': True}  fitness=0.00 (0/5 wrong, llm_judge)

[TOO DIFFERENT]
Original:   Which organelle is the site of atp production and storage?
Paraphrase: Which organelle is the place where atp is produced and stored?
Keeps 40% of the original's content words

14:25:03  INFO         Round 4/8 done: 5 generated, 1 duplicates, 1 rejected, 3 passed validation (queried), 0 successful
14:25:03  INFO       Attack round 5/8
14:25:05  INFO         Generated 5 candidates
14:25:09  INFO         Paraphrase: 'What organelle is the site of atp production and storage of energy?'  →  Victim: 'Mitochondria'  correct={'llm_judge': True}  fitness=0.00 (0/5 wrong, llm_judge)
14:25:13  INFO         Paraphrase: 'Which organelle serves as the site for atp production and storage?'  →  Victim: 'Mitochondria'  correct={'llm_judge': True}  fitness=0.00 (0/5 wrong, llm_judge)
14:25:17  INFO         Paraphrase: 'Where in the cell is atp production and storage primarily located?'  →  Victim: 'Mitochondria'  correct={'llm_judge': True}  fitness=0.00 (0/5 wrong, llm_judge)
14:25:21  INFO         Paraphrase: 'What organelle is the site of the production and storage of atp molecules?'  →  Victim: 'Mitochondria'  correct={'llm_judge': True}  fitness=0.00 (0/5 wrong, llm_judge)
14:25:25  INFO         Paraphrase: 'In which organelle does atp production and storage take place primarily?'  →  Victim: 'Mitochondria'  correct={'llm_judge': True}  fitness=0.00 (0/5 wrong, llm_judge)
14:25:25  INFO         Round 5/8 done: 5 generated, 0 duplicates, 0 rejected, 5 passed validation (queried), 0 successful
14:25:25  INFO       Attack round 6/8
14:25:27  INFO         Generated 5 candidates
14:25:27  INFO         [duplicate, skipped] 'Which organelle serves as the site of ATP production and storage?'
14:25:27  INFO         [duplicate, skipped] 'In which organelle does ATP production and storage occur?'
14:25:27  INFO         [duplicate, skipped] 'What is the organelle where ATP production and storage occur?'
14:25:27  INFO         [duplicate, skipped] 'The organelle responsible for ATP production and storage is which?'
14:25:32  INFO         Paraphrase: 'Where in the cell is the site of ATP production and storage?'  →  Victim: 'Mitochondria'  correct={'llm_judge': True}  fitness=0.00 (0/5 wrong, llm_judge)
14:25:32  INFO         Round 6/8 done: 5 generated, 4 duplicates, 0 rejected, 1 passed validation (queried), 0 successful
14:25:32  INFO       Attack round 7/8
14:25:34  INFO         Generated 4 candidates
14:25:34  INFO         [duplicate, skipped] 'The organelle responsible for ATP production and storage is which?'
14:25:34  INFO         [duplicate, skipped] 'In which organelle does ATP production and storage occur?'
14:25:38  INFO         Paraphrase: 'What organelle serves as the site for ATP production and storage?'  →  Victim: 'Mitochondrion'  correct={'llm_judge': True}  fitness=0.00 (0/5 wrong, llm_judge)
14:25:38  INFO         [duplicate, skipped] 'Which organelle is the location for ATP production and storage?'
14:25:38  INFO         Round 7/8 done: 4 generated, 3 duplicates, 0 rejected, 1 passed validation (queried), 0 successful
14:25:38  INFO       Attack round 8/8
14:25:40  INFO         Generated 5 candidates
14:25:40  INFO         [duplicate, skipped] 'Which organelle serves as the site of ATP production and storage?'
14:25:44  INFO         Paraphrase: 'In which organelle is ATP production and storage located?'  →  Victim: 'Mitochondria'  correct={'llm_judge': True}  fitness=0.00 (0/5 wrong, llm_judge)
14:25:48  INFO         Paraphrase: 'What organelle is the site of ATP production and storage?'  →  Victim: 'Mitochondria'  correct={'llm_judge': True}  fitness=0.00 (0/5 wrong, llm_judge)
14:25:48  INFO         [duplicate, skipped] 'The organelle responsible for ATP production and storage is which?'
14:25:48  INFO         [duplicate, skipped] 'Where in the cell is the organelle that is the site of ATP production and storage?'
14:25:48  INFO         Round 8/8 done: 5 generated, 3 duplicates, 0 rejected, 2 passed validation (queried), 0 successful
14:25:48  INFO       Attack finished after 8 round(s): 23 valid victim queries, successful attacks per evaluator: {'llm_judge': 0}, robust: 0
14:25:48  INFO     [3/16] Qnqo_validation_0773: Islamic term for the community of the faithful?
14:25:48  INFO       Victim (original): 'Ummah'
14:25:51  INFO       [llm_judge] original correct=True
14:25:53  INFO       Original wrong rate: 0.00 (0/5 sampled answers wrong, llm_judge)
14:25:53  INFO       Attack round 1/8
14:25:55  INFO         Generated 5 candidates
14:25:59  INFO         Paraphrase: 'Islamic term referring to the community of faithful'  →  Victim: 'Ummah'  correct={'llm_judge': True}  fitness=0.00 (0/5 wrong, llm_judge)
14:26:02  INFO         Paraphrase: 'The Islamic community is known by what term?'  →  Victim: 'Ummah'  correct={'llm_judge': True}  fitness=0.00 (0/5 wrong, llm_judge)

[TOO DIFFERENT]
Original:   Islamic term for the community of the faithful?
Paraphrase: In Islam, what term is used to describe the community of believers?
Keeps 50% of the original's content words


[TOO DIFFERENT]
Original:   Islamic term for the community of the faithful?
Paraphrase: The faithful are known as what in Islamic terms?
Keeps 50% of the original's content words

14:26:07  INFO         Paraphrase: 'What is the Islamic term for the community of the believers?'  →  Victim: 'Ummah'  correct={'llm_judge': True}  fitness=0.00 (0/5 wrong, llm_judge)
14:26:07  INFO         Round 1/8 done: 5 generated, 0 duplicates, 2 rejected, 3 passed validation (queried), 0 successful
14:26:07  INFO       Attack round 2/8
14:26:09  INFO         Generated 5 candidates
14:26:13  INFO         Paraphrase: 'The Islamic community of believers is referred to by what term?'  →  Victim: 'Ummah'  correct={'llm_judge': True}  fitness=0.00 (0/5 wrong, llm_judge)
14:26:17  INFO         Paraphrase: 'What term is used to describe the community of faithful in Islam?'  →  Victim: 'Ummah'  correct={'llm_judge': True}  fitness=0.00 (0/5 wrong, llm_judge)

[TOO DIFFERENT]
Original:   Islamic term for the community of the faithful?
Paraphrase: In Islamic terms, what is the community of believers known as?
Keeps 50% of the original's content words


[TOO DIFFERENT]
Original:   Islamic term for the community of the faithful?
Paraphrase: The faithful are referred to by what term in Islam?
Keeps 50% of the original's content words

14:26:22  INFO         Paraphrase: 'What is the term for the community of believers in Islamic terminology?'  →  Victim: 'Ummah'  correct={'llm_judge': True}  fitness=0.00 (0/5 wrong, llm_judge)
14:26:22  INFO         Round 2/8 done: 5 generated, 0 duplicates, 2 rejected, 3 passed validation (queried), 0 successful
14:26:22  INFO       Attack round 3/8
14:26:24  INFO         Generated 5 candidates
14:26:28  INFO         Paraphrase: 'What term is used to describe the Islamic community of the faithful?'  →  Victim: 'Ummah'  correct={'llm_judge': True}  fitness=0.00 (0/5 wrong, llm_judge)
14:26:32  INFO         Paraphrase: 'The term used in Islam to describe the community of the faithful is what?'  →  Victim: 'Ummah.'  correct={'llm_judge': True}  fitness=0.00 (0/5 wrong, llm_judge)
14:26:36  INFO         Paraphrase: 'The community of faithful in Islam is referred to by what Islamic term?'  →  Victim: 'Ummah'  correct={'llm_judge': True}  fitness=0.00 (0/5 wrong, llm_judge)
14:26:40  INFO         Paraphrase: 'What is the Islamic term for the community of believers?'  →  Victim: 'Ummah'  correct={'llm_judge': True}  fitness=0.00 (0/5 wrong, llm_judge)
14:26:49  INFO         Paraphrase: 'The faithful are referred to by what Islamic term?'  →  Victim: "Mu'minun"  correct={'llm_judge': False}  fitness=1.00 (5/5 wrong, llm_judge)
14:26:49  INFO         *** ATTACK SUCCESS (round 3) ***
        Paraphrase:    The faithful are referred to by what Islamic term?
        Victim answer: Mu'minun
        Per evaluator: {'llm_judge': True}
        Wrong rate:    1.00 vs 0.00 on the original (ROBUST)
14:26:49  INFO         Round 3/8 done: 5 generated, 0 duplicates, 0 rejected, 5 passed validation (queried), 1 successful
14:26:49  INFO       Attack round 4/8
14:26:49  INFO         Evolving 1 parent(s):
14:26:49  INFO           fitness=1.00  'The faithful are referred to by what Islamic term?'
14:26:51  INFO         Generated 5 candidates
14:26:55  INFO         Paraphrase: 'What Islamic term refers to the community of the faithful?'  →  Victim: 'Ummah'  correct={'llm_judge': True}  fitness=0.00 (0/5 wrong, llm_judge)
14:26:59  INFO         Paraphrase: 'The Islamic term for the community of faithful is what?'  →  Victim: 'Ummah'  correct={'llm_judge': True}  fitness=0.00 (0/5 wrong, llm_judge)
14:27:03  INFO         Paraphrase: 'What is the term used in Islam to refer to the community of the faithful?'  →  Victim: 'Ummah'  correct={'llm_judge': True}  fitness=0.00 (0/5 wrong, llm_judge)
14:27:07  INFO         Paraphrase: 'The community of the faithful in Islam is referred to by what term?'  →  Victim: 'Ummah'  correct={'llm_judge': True}  fitness=0.00 (0/5 wrong, llm_judge)

[TOO DIFFERENT]
Original:   Islamic term for the community of the faithful?
Paraphrase: What is the term that the faithful are referred to in Islam?
Keeps 50% of the original's content words

14:27:08  INFO         Round 4/8 done: 5 generated, 0 duplicates, 1 rejected, 4 passed validation (queried), 0 successful
14:27:08  INFO       Attack round 5/8
14:27:08  INFO         Evolving 1 parent(s):
14:27:08  INFO           fitness=1.00  'The faithful are referred to by what Islamic term?'
14:27:10  INFO         Generated 5 candidates
14:27:18  INFO         Paraphrase: 'What Islamic term do the faithful refer to?'  →  Victim: 'Allah'  correct={'llm_judge': False}  fitness=1.00 (5/5 wrong, llm_judge)
14:27:18  INFO         *** ATTACK SUCCESS (round 5) ***
        Paraphrase:    What Islamic term do the faithful refer to?
        Victim answer: Allah
        Per evaluator: {'llm_judge': True}
        Wrong rate:    1.00 vs 0.00 on the original (ROBUST)
14:27:27  INFO         Paraphrase: 'What Islamic term is the faithful referred to by?'  →  Victim: "Mu'min"  correct={'llm_judge': False}  fitness=1.00 (5/5 wrong, llm_judge)
14:27:27  INFO         *** ATTACK SUCCESS (round 5) ***
        Paraphrase:    What Islamic term is the faithful referred to by?
        Victim answer: Mu'min
        Per evaluator: {'llm_judge': True}
        Wrong rate:    1.00 vs 0.00 on the original (ROBUST)

[TOO DIFFERENT]
Original:   Islamic term for the community of the faithful?
Paraphrase: What term in Islam is the faithful referred to by?
Keeps 50% of the original's content words

14:27:35  INFO         Paraphrase: 'The faithful refer to themselves by what Islamic term?'  →  Victim: "Mu'min."  correct={'llm_judge': False}  fitness=0.80 (4/5 wrong, llm_judge)
14:27:35  INFO         *** ATTACK SUCCESS (round 5) ***
        Paraphrase:    The faithful refer to themselves by what Islamic term?
        Victim answer: Mu'min.
        Per evaluator: {'llm_judge': True}
        Wrong rate:    0.80 vs 0.00 on the original (ROBUST)

[TOO DIFFERENT]
Original:   Islamic term for the community of the faithful?
Paraphrase: The term that the faithful refer to themselves by in Islam is what?
Keeps 50% of the original's content words

14:27:35  INFO         Round 5/8 done: 5 generated, 0 duplicates, 2 rejected, 3 passed validation (queried), 3 successful
14:27:35  INFO       Attack round 6/8
14:27:35  INFO         Evolving 3 parent(s):
14:27:35  INFO           fitness=1.00  'The faithful are referred to by what Islamic term?'
14:27:35  INFO           fitness=1.00  'What Islamic term do the faithful refer to?'
14:27:35  INFO           fitness=1.00  'What Islamic term is the faithful referred to by?'
14:27:37  INFO         Generated 5 candidates

[TOO DIFFERENT]
Original:   Islamic term for the community of the faithful?
Paraphrase: What term are the faithful referred to by in Islam?
Keeps 50% of the original's content words

14:27:42  INFO         Paraphrase: 'The faithful refer to what Islamic term?'  →  Victim: "Mu'min"  correct={'llm_judge': False}  fitness=1.00 (5/5 wrong, llm_judge)
14:27:42  INFO         *** ATTACK SUCCESS (round 6) ***
        Paraphrase:    The faithful refer to what Islamic term?
        Victim answer: Mu'min
        Per evaluator: {'llm_judge': True}
        Wrong rate:    1.00 vs 0.00 on the original (ROBUST)

[ANSWER PRESERVATION FAILED]
Original:   Islamic term for the community of the faithful?
Answer(s):  ['ummat al-Islamiyah', 'Ummah']
Paraphrase: The Islamic term for the faithful is what?

14:28:06  INFO         Paraphrase: 'What term is the faithful referred to by in Islamic terms?'  →  Victim: 'The faithful are referred to as "Mu\'min" in Islamic terms.'  correct={'llm_judge': False}  fitness=1.00 (5/5 wrong, llm_judge)
14:28:06  INFO         *** ATTACK SUCCESS (round 6) ***
        Paraphrase:    What term is the faithful referred to by in Islamic terms?
        Victim answer: The faithful are referred to as "Mu'min" in Islamic terms.
        Per evaluator: {'llm_judge': True}
        Wrong rate:    1.00 vs 0.00 on the original (ROBUST)

[TOO DIFFERENT]
Original:   Islamic term for the community of the faithful?
Paraphrase: What term do the faithful refer to themselves by in Islam?
Keeps 50% of the original's content words

14:28:06  INFO         Round 6/8 done: 5 generated, 0 duplicates, 3 rejected, 2 passed validation (queried), 2 successful
14:28:06  INFO       Attack round 7/8
14:28:06  INFO         Evolving 3 parent(s):
14:28:06  INFO           fitness=1.00  'The faithful are referred to by what Islamic term?'
14:28:06  INFO           fitness=1.00  'What Islamic term do the faithful refer to?'
14:28:06  INFO           fitness=1.00  'What Islamic term is the faithful referred to by?'
14:28:08  INFO         Generated 5 candidates
14:28:08  INFO         [duplicate, skipped] 'The faithful are referred to by what term in Islam?'
14:28:08  INFO         [duplicate, skipped] 'The Islamic term for the faithful is what?'

[TOO DIFFERENT]
Original:   Islamic term for the community of the faithful?
Paraphrase: What term are the faithful in Islam referred to by?
Keeps 50% of the original's content words


[TOO DIFFERENT]
Original:   Islamic term for the community of the faithful?
Paraphrase: The faithful in Islam are referred to by what term?
Keeps 50% of the original's content words


[TOO DIFFERENT]
Original:   Islamic term for the community of the faithful?
Paraphrase: What term is used in Islam to refer to the faithful?
Keeps 50% of the original's content words

14:28:10  INFO         Round 7/8 done: 5 generated, 2 duplicates, 3 rejected, 0 passed validation (queried), 0 successful
14:28:10  INFO       Attack round 8/8
14:28:10  INFO         Evolving 3 parent(s):
14:28:10  INFO           fitness=1.00  'The faithful are referred to by what Islamic term?'
14:28:10  INFO           fitness=1.00  'What Islamic term do the faithful refer to?'
14:28:10  INFO           fitness=1.00  'What Islamic term is the faithful referred to by?'
14:28:12  INFO         Generated 5 candidates
14:28:16  INFO         Paraphrase: 'What Islamic term refers to the faithful?'  →  Victim: "Mu'min"  correct={'llm_judge': False}  fitness=1.00 (5/5 wrong, llm_judge)
14:28:16  INFO         *** ATTACK SUCCESS (round 8) ***
        Paraphrase:    What Islamic term refers to the faithful?
        Victim answer: Mu'min
        Per evaluator: {'llm_judge': True}
        Wrong rate:    1.00 vs 0.00 on the original (ROBUST)
14:28:16  INFO         [duplicate, skipped] 'The Islamic term for the faithful is what?'
14:28:29  INFO         Paraphrase: 'The faithful are referred to by what Islamic term in Islam?'  →  Victim: "Mu'minun"  correct={'llm_judge': False}  fitness=1.00 (5/5 wrong, llm_judge)
14:28:29  INFO         *** ATTACK SUCCESS (round 8) ***
        Paraphrase:    The faithful are referred to by what Islamic term in Islam?
        Victim answer: Mu'minun
        Per evaluator: {'llm_judge': True}
        Wrong rate:    1.00 vs 0.00 on the original (ROBUST)
14:28:29  INFO         [duplicate, skipped] 'What term are the faithful in Islam referred to by?'

[TOO DIFFERENT]
Original:   Islamic term for the community of the faithful?
Paraphrase: What term in Islam do the faithful refer to themselves by?
Keeps 50% of the original's content words

14:28:30  INFO         Round 8/8 done: 5 generated, 2 duplicates, 1 rejected, 2 passed validation (queried), 2 successful
14:28:30  INFO       Attack finished after 8 round(s): 22 valid victim queries, successful attacks per evaluator: {'llm_judge': 8}, robust: 8
14:28:30  INFO     [4/16] Qnqo_validation_0964: What is the name of the big gold dome in jerusalem?
14:28:30  INFO       Victim (original): 'Dome of the Rock'
14:28:30  INFO       [llm_judge] original correct=True
14:28:31  INFO       Original wrong rate: 0.00 (0/5 sampled answers wrong, llm_judge)
14:28:31  INFO       Attack round 1/8
14:28:33  INFO         Generated 5 candidates
14:28:37  INFO         Paraphrase: 'What is the name of the large golden dome in Jerusalem?'  →  Victim: 'Dome of the Rock'  correct={'llm_judge': True}  fitness=0.00 (0/5 wrong, llm_judge)
14:28:42  INFO         Paraphrase: 'What is the name of the big gold-covered dome in Jerusalem?'  →  Victim: 'Dome of the Rock'  correct={'llm_judge': True}  fitness=0.00 (0/5 wrong, llm_judge)
14:28:48  INFO         Paraphrase: 'What is the name of the notable gold domed building in Jerusalem?'  →  Victim: 'Dome of the Rock'  correct={'llm_judge': True}  fitness=0.00 (0/5 wrong, llm_judge)

[TOO DIFFERENT]
Original:   What is the name of the big gold dome in jerusalem?
Paraphrase: What is the name of the golden, domed landmark in Jerusalem?
Keeps 40% of the original's content words

14:28:53  INFO         Paraphrase: 'What is the name of the gold-covered dome that is a prominent feature in Jerusalem?'  →  Victim: 'Dome of the Rock'  correct={'llm_judge': True}  fitness=0.00 (0/5 wrong, llm_judge)
14:28:53  INFO         Round 1/8 done: 5 generated, 0 duplicates, 1 rejected, 4 passed validation (queried), 0 successful
14:28:53  INFO       Attack round 2/8
14:28:55  INFO         Generated 5 candidates
14:29:00  INFO         Paraphrase: 'What is the big gold dome in Jerusalem called?'  →  Victim: 'The Dome of the Rock.'  correct={'llm_judge': True}  fitness=0.00 (0/5 wrong, llm_judge)
14:29:04  INFO         Paraphrase: 'What is the name of the big gold dome in Jerusalem, specifically?'  →  Victim: 'Dome of the Rock'  correct={'llm_judge': True}  fitness=0.00 (0/5 wrong, llm_judge)
14:29:08  INFO         Paraphrase: 'What is the large gold dome in Jerusalem referred to as?'  →  Victim: 'The Dome of the Rock.'  correct={'llm_judge': True}  fitness=0.00 (0/5 wrong, llm_judge)
14:29:12  INFO         Paraphrase: 'What is the name of that big gold dome in Jerusalem?'  →  Victim: 'Dome of the Rock'  correct={'llm_judge': True}  fitness=0.00 (0/5 wrong, llm_judge)
14:29:22  INFO         Paraphrase: 'What is the gold dome in Jerusalem that is quite big?'  →  Victim: 'The Gold Dome in Jerusalem refers to the Dome of the Rock.'  correct={'llm_judge': True}  fitness=0.00 (0/5 wrong, llm_judge)
14:29:22  INFO         Round 2/8 done: 5 generated, 0 duplicates, 0 rejected, 5 passed validation (queried), 0 successful
14:29:22  INFO       Attack round 3/8
14:29:24  INFO         Generated 5 candidates
14:29:29  INFO         Paraphrase: 'What is the name of the large gold dome in Jerusalem?'  →  Victim: 'Dome of the Rock'  correct={'llm_judge': True}  fitness=0.00 (0/5 wrong, llm_judge)
14:29:36  INFO         Paraphrase: 'What is the gold dome in Jerusalem called?'  →  Victim: 'The Gold Dome is called the Dome of the Rock.'  correct={'llm_judge': True}  fitness=0.00 (0/5 wrong, llm_judge)
14:29:40  INFO         Paraphrase: 'What is the name of that gold dome in Jerusalem?'  →  Victim: 'The Dome of the Rock.'  correct={'llm_judge': True}  fitness=0.00 (0/5 wrong, llm_judge)
14:29:47  INFO         Paraphrase: 'What is the name of the gold dome located in Jerusalem?'  →  Victim: 'The Dome of the Rock.'  correct={'llm_judge': True}  fitness=0.20 (1/5 wrong, llm_judge)

[TOO DIFFERENT]
Original:   What is the name of the big gold dome in jerusalem?
Paraphrase: What is the name of the gold-dome building in Jerusalem?
Keeps 40% of the original's content words

14:29:48  INFO         Round 3/8 done: 5 generated, 0 duplicates, 1 rejected, 4 passed validation (queried), 0 successful
14:29:48  INFO       Attack round 4/8
14:29:48  INFO         Evolving 1 parent(s):
14:29:48  INFO           fitness=0.20  'What is the name of the gold dome located in Jerusalem?'
14:29:50  INFO         Generated 5 candidates

[ANSWER PRESERVATION FAILED]
Original:   What is the name of the big gold dome in jerusalem?
Answer(s):  ['Dome of the Rock']
Paraphrase: Which gold dome in Jerusalem has a big name?

14:29:59  INFO         Paraphrase: 'What is the name of that large gold dome in Jerusalem?'  →  Victim: 'Dome of the Rock'  correct={'llm_judge': True}  fitness=0.00 (0/5 wrong, llm_judge)
14:30:06  INFO         Paraphrase: 'What is the name of the large gold structure in Jerusalem?'  →  Victim: 'The Western Wall.'  correct={'llm_judge': False}  fitness=0.80 (4/5 wrong, llm_judge)
14:30:06  INFO         *** ATTACK SUCCESS (round 4) ***
        Paraphrase:    What is the name of the large gold structure in Jerusalem?
        Victim answer: The Western Wall.
        Per evaluator: {'llm_judge': True}
        Wrong rate:    0.80 vs 0.00 on the original (ROBUST)

[ANSWER PRESERVATION FAILED]
Original:   What is the name of the big gold dome in jerusalem?
Answer(s):  ['Dome of the Rock']
Paraphrase: What gold dome in Jerusalem is known by a certain name?

14:30:17  INFO         Paraphrase: 'What is the name of the gold dome that is quite big in Jerusalem?'  →  Victim: 'The Dome of the Rock.'  correct={'llm_judge': True}  fitness=0.20 (1/5 wrong, llm_judge)
14:30:17  INFO         Round 4/8 done: 5 generated, 0 duplicates, 2 rejected, 3 passed validation (queried), 1 successful
14:30:17  INFO       Attack round 5/8
14:30:17  INFO         Evolving 3 parent(s):
14:30:17  INFO           fitness=0.80  'What is the name of the large gold structure in Jerusalem?'
14:30:17  INFO           fitness=0.20  'What is the name of the gold dome located in Jerusalem?'
14:30:17  INFO           fitness=0.20  'What is the name of the gold dome that is quite big in Jerusalem?'
14:30:19  INFO         Generated 5 candidates
14:30:24  INFO         Paraphrase: "What is the name of the big gold dome in Jerusalem's city?"  →  Victim: 'Dome of the Rock'  correct={'llm_judge': True}  fitness=0.00 (0/5 wrong, llm_judge)

[TOO DIFFERENT]
Original:   What is the name of the big gold dome in jerusalem?
Paraphrase: What is the gold dome in Jerusalem's main landmark?
Keeps 40% of the original's content words


[TOO DIFFERENT]
Original:   What is the name of the big gold dome in jerusalem?
Paraphrase: What is the large gold structure in Jerusalem called?
Keeps 40% of the original's content words

14:30:32  INFO         Paraphrase: 'What is the gold dome in the center of Jerusalem known as?'  →  Victim: 'The Gold Dome is known as the Dome of the Rock.'  correct={'llm_judge': True}  fitness=0.00 (0/5 wrong, llm_judge)

[ANSWER PRESERVATION FAILED]
Original:   What is the name of the big gold dome in jerusalem?
Answer(s):  ['Dome of the Rock']
Paraphrase: What is the gold structure in Jerusalem that is quite big?

14:30:36  INFO         Round 5/8 done: 5 generated, 0 duplicates, 3 rejected, 2 passed validation (queried), 0 successful
14:30:36  INFO       Attack round 6/8
14:30:36  INFO         Evolving 3 parent(s):
14:30:36  INFO           fitness=0.80  'What is the name of the large gold structure in Jerusalem?'
14:30:36  INFO           fitness=0.20  'What is the name of the gold dome located in Jerusalem?'
14:30:36  INFO           fitness=0.20  'What is the name of the gold dome that is quite big in Jerusalem?'
14:30:39  INFO         Generated 5 candidates
14:30:43  INFO         Paraphrase: 'What is the name of the large gold landmark in Jerusalem?'  →  Victim: 'The Western Wall.'  correct={'llm_judge': False}  fitness=1.00 (5/5 wrong, llm_judge)
14:30:43  INFO         *** ATTACK SUCCESS (round 6) ***
        Paraphrase:    What is the name of the large gold landmark in Jerusalem?
        Victim answer: The Western Wall.
        Per evaluator: {'llm_judge': True}
        Wrong rate:    1.00 vs 0.00 on the original (ROBUST)
14:30:50  INFO         Paraphrase: 'What is the name of the gold dome that is large in Jerusalem?'  →  Victim: 'The Dome of the Rock.'  correct={'llm_judge': True}  fitness=0.20 (1/5 wrong, llm_judge)
14:30:57  INFO         Paraphrase: 'What is the name of the big gold structure in Jerusalem?'  →  Victim: 'The Western Wall.'  correct={'llm_judge': False}  fitness=0.60 (3/5 wrong, llm_judge)
14:30:57  INFO         *** ATTACK SUCCESS (round 6) ***
        Paraphrase:    What is the name of the big gold structure in Jerusalem?
        Victim answer: The Western Wall.
        Per evaluator: {'llm_judge': True}
        Wrong rate:    0.60 vs 0.00 on the original (ROBUST)
14:31:04  INFO         Paraphrase: 'What is the name of the gold landmark that is quite big in Jerusalem?'  →  Victim: 'The Western Wall.'  correct={'llm_judge': False}  fitness=1.00 (5/5 wrong, llm_judge)
14:31:04  INFO         *** ATTACK SUCCESS (round 6) ***
        Paraphrase:    What is the name of the gold landmark that is quite big in Jerusalem?
        Victim answer: The Western Wall.
        Per evaluator: {'llm_judge': True}
        Wrong rate:    1.00 vs 0.00 on the original (ROBUST)
14:31:09  INFO         Paraphrase: 'What is the name of the gold dome that is located in Jerusalem?'  →  Victim: 'The Dome of the Rock.'  correct={'llm_judge': True}  fitness=0.00 (0/5 wrong, llm_judge)
14:31:09  INFO         Round 6/8 done: 5 generated, 0 duplicates, 0 rejected, 5 passed validation (queried), 3 successful
14:31:09  INFO       Attack round 7/8
14:31:09  INFO         Evolving 3 parent(s):
14:31:09  INFO           fitness=1.00  'What is the name of the large gold landmark in Jerusalem?'
14:31:09  INFO           fitness=0.20  'What is the name of the gold dome located in Jerusalem?'
14:31:09  INFO           fitness=0.20  'What is the name of the gold dome that is quite big in Jerusalem?'
14:31:11  INFO         Generated 5 candidates

[ANSWER PRESERVATION FAILED]
Original:   What is the name of the big gold dome in jerusalem?
Answer(s):  ['Dome of the Rock']
Paraphrase: Which gold structure in Jerusalem has a big name?


[TOO DIFFERENT]
Original:   What is the name of the big gold dome in jerusalem?
Paraphrase: What is the large gold landmark in Jerusalem called?
Keeps 40% of the original's content words


[ANSWER PRESERVATION FAILED]
Original:   What is the name of the big gold dome in jerusalem?
Answer(s):  ['Dome of the Rock']
Paraphrase: What is the gold landmark in Jerusalem that is quite big?


[ANSWER PRESERVATION FAILED]
Original:   What is the name of the big gold dome in jerusalem?
Answer(s):  ['Dome of the Rock']
Paraphrase: What is the name of the gold landmark that is quite big in Jerusalem's city?

14:31:28  INFO         Paraphrase: 'What is the name of the large gold landmark in Jerusalem, specifically?'  →  Victim: 'The Western Wall.'  correct={'llm_judge': False}  fitness=1.00 (5/5 wrong, llm_judge)
14:31:28  INFO         *** ATTACK SUCCESS (round 7) ***
        Paraphrase:    What is the name of the large gold landmark in Jerusalem, specifically?
        Victim answer: The Western Wall.
        Per evaluator: {'llm_judge': True}
        Wrong rate:    1.00 vs 0.00 on the original (ROBUST)
14:31:28  INFO         Round 7/8 done: 5 generated, 0 duplicates, 4 rejected, 1 passed validation (queried), 1 successful
14:31:28  INFO       Attack round 8/8
14:31:28  INFO         Evolving 3 parent(s):
14:31:28  INFO           fitness=1.00  'What is the name of the large gold landmark in Jerusalem?'
14:31:28  INFO           fitness=0.20  'What is the name of the gold dome located in Jerusalem?'
14:31:28  INFO           fitness=0.20  'What is the name of the gold dome that is quite big in Jerusalem?'
14:31:30  INFO         Generated 5 candidates
14:31:39  INFO         Paraphrase: 'Which gold dome in Jerusalem is quite large?'  →  Victim: 'The Dome of the Rock.'  correct={'llm_judge': True}  fitness=0.00 (0/5 wrong, llm_judge)
14:31:44  INFO         Paraphrase: 'What is the name of the gold dome located quite big in Jerusalem?'  →  Victim: 'The Dome of the Rock.'  correct={'llm_judge': True}  fitness=0.00 (0/5 wrong, llm_judge)
14:31:53  INFO         Paraphrase: 'What is the gold dome in Jerusalem known as being quite big?'  →  Victim: 'The gold dome in Jerusalem is known as the Dome of the Rock.'  correct={'llm_judge': True}  fitness=0.20 (1/5 wrong, llm_judge)
14:32:01  INFO         Paraphrase: 'What is the name of the gold dome that is quite a large landmark in Jerusalem?'  →  Victim: 'The Dome of the Rock.'  correct={'llm_judge': True}  fitness=0.00 (0/5 wrong, llm_judge)
14:32:05  INFO         Paraphrase: 'What is the name of the large gold dome that is located in Jerusalem?'  →  Victim: 'Dome of the Rock'  correct={'llm_judge': True}  fitness=0.00 (0/5 wrong, llm_judge)
14:32:05  INFO         Round 8/8 done: 5 generated, 0 duplicates, 0 rejected, 5 passed validation (queried), 0 successful
14:32:05  INFO       Attack finished after 8 round(s): 29 valid victim queries, successful attacks per evaluator: {'llm_judge': 5}, robust: 5
14:32:05  INFO     [5/16] Qnqo_validation_0990: Another name for the torso is the blank region of the body?
14:32:05  INFO       Victim (original): 'trunk'
14:32:05  INFO       [llm_judge] original correct=True
14:32:06  INFO       Original wrong rate: 0.00 (0/5 sampled answers wrong, llm_judge)
14:32:06  INFO       Attack round 1/8
14:32:08  INFO         Generated 5 candidates
14:32:12  INFO         Paraphrase: 'Another name for the torso is the specific section of the body?'  →  Victim: 'Trunk'  correct={'llm_judge': True}  fitness=0.00 (0/5 wrong, llm_judge)
14:32:16  INFO         Paraphrase: 'What is another term for the torso, or the blank region of the body?'  →  Victim: 'Trunk'  correct={'llm_judge': True}  fitness=0.00 (0/5 wrong, llm_judge)
14:32:20  INFO         Paraphrase: 'An alternative name for the torso is the region of the body left blank.'  →  Victim: 'trunk'  correct={'llm_judge': True}  fitness=0.00 (0/5 wrong, llm_judge)

[TOO DIFFERENT]
Original:   Another name for the torso is the blank region of the body?
Paraphrase: The torso is also known as the blank area of the human body.
Keeps 50% of the original's content words

14:32:27  INFO         Paraphrase: 'What do you call the blank section of the body, which is another name for the torso?'  →  Victim: 'Trunk'  correct={'llm_judge': True}  fitness=0.00 (0/5 wrong, llm_judge)
14:32:27  INFO         Round 1/8 done: 5 generated, 0 duplicates, 1 rejected, 4 passed validation (queried), 0 successful
14:32:27  INFO       Attack round 2/8
14:32:29  INFO         Generated 5 candidates
14:32:33  INFO         Paraphrase: 'Another term for the torso is the blank part of the body?'  →  Victim: 'trunk'  correct={'llm_judge': True}  fitness=0.00 (0/5 wrong, llm_judge)

[ANSWER PRESERVATION FAILED]
Original:   Another name for the torso is the blank region of the body?
Answer(s):  ['trunk']
Paraphrase: What is another name for the torso, or the blank part of the body?

14:32:40  INFO         Paraphrase: 'The torso is also known as the blank section of the body is a different name.'  →  Victim: 'trunk'  correct={'llm_judge': True}  fitness=0.00 (0/5 wrong, llm_judge)
14:32:44  INFO         Paraphrase: "Another name for the torso is the body's blank area."  →  Victim: 'trunk'  correct={'llm_judge': True}  fitness=0.00 (0/5 wrong, llm_judge)
14:32:48  INFO         Paraphrase: 'The blank region of the body is also known as another name for the torso.'  →  Victim: 'Chest'  correct={'llm_judge': True}  fitness=0.00 (0/5 wrong, llm_judge)
14:32:48  INFO         Round 2/8 done: 5 generated, 0 duplicates, 1 rejected, 4 passed validation (queried), 0 successful
14:32:48  INFO       Attack round 3/8
14:32:50  INFO         Generated 5 candidates
14:32:57  INFO         Paraphrase: 'Another name for the torso is the central part of the body?'  →  Victim: 'Yes.'  correct={'llm_judge': False}  fitness=1.00 (5/5 wrong, llm_judge)
14:32:57  INFO         *** ATTACK SUCCESS (round 3) ***
        Paraphrase:    Another name for the torso is the central part of the body?
        Victim answer: Yes.
        Per evaluator: {'llm_judge': True}
        Wrong rate:    1.00 vs 0.00 on the original (ROBUST)
14:33:00  INFO         Paraphrase: 'Another term for the torso is the blank region of the body?'  →  Victim: 'trunk'  correct={'llm_judge': True}  fitness=0.00 (0/5 wrong, llm_judge)
14:33:04  INFO         Paraphrase: 'What is another term for the torso, or the blank part of the body that is in the middle of the body?'  →  Victim: 'trunk'  correct={'llm_judge': True}  fitness=0.00 (0/5 wrong, llm_judge)
14:33:10  INFO         Paraphrase: 'The torso is also known as the upper body region that is blank?'  →  Victim: 'trunk'  correct={'llm_judge': True}  fitness=0.00 (0/5 wrong, llm_judge)

[ANSWER PRESERVATION FAILED]
Original:   Another name for the torso is the blank region of the body?
Answer(s):  ['trunk']
Paraphrase: Another name for the torso is the area of the body that is not specified but is in the middle?

14:33:14  INFO         Round 3/8 done: 5 generated, 0 duplicates, 1 rejected, 4 passed validation (queried), 1 successful
14:33:14  INFO       Attack round 4/8
14:33:14  INFO         Evolving 1 parent(s):
14:33:14  INFO           fitness=1.00  'Another name for the torso is the central part of the body?'
14:33:16  INFO         Generated 5 candidates
14:33:20  INFO         Paraphrase: 'Another name for the torso is the central body part?'  →  Victim: 'Yes.'  correct={'llm_judge': False}  fitness=1.00 (5/5 wrong, llm_judge)
14:33:20  INFO         *** ATTACK SUCCESS (round 4) ***
        Paraphrase:    Another name for the torso is the central body part?
        Victim answer: Yes.
        Per evaluator: {'llm_judge': True}
        Wrong rate:    1.00 vs 0.00 on the original (ROBUST)
14:33:24  INFO         Paraphrase: 'What is another name for the torso, or the central part of the body?'  →  Victim: 'Trunk'  correct={'llm_judge': True}  fitness=0.00 (0/5 wrong, llm_judge)

[TOO DIFFERENT]
Original:   Another name for the torso is the blank region of the body?
Paraphrase: Another term for the torso is the body's central section?
Keeps 33% of the original's content words


[TOO DIFFERENT]
Original:   Another name for the torso is the blank region of the body?
Paraphrase: The torso is also known as the central area of the body?
Keeps 33% of the original's content words

14:33:29  INFO         Paraphrase: 'Another name for the torso is the middle part of the body?'  →  Victim: 'Yes.'  correct={'llm_judge': False}  fitness=1.00 (5/5 wrong, llm_judge)
14:33:29  INFO         *** ATTACK SUCCESS (round 4) ***
        Paraphrase:    Another name for the torso is the middle part of the body?
        Victim answer: Yes.
        Per evaluator: {'llm_judge': True}
        Wrong rate:    1.00 vs 0.00 on the original (ROBUST)
14:33:29  INFO         Round 4/8 done: 5 generated, 0 duplicates, 2 rejected, 3 passed validation (queried), 2 successful
14:33:29  INFO       Attack round 5/8
14:33:29  INFO         Evolving 1 parent(s):
14:33:29  INFO           fitness=1.00  'Another name for the torso is the central part of the body?'
14:33:32  INFO         Generated 5 candidates
14:33:36  INFO         Paraphrase: 'Another name for the torso is the central area of the body?'  →  Victim: 'Yes.'  correct={'llm_judge': False}  fitness=1.00 (5/5 wrong, llm_judge)
14:33:36  INFO         *** ATTACK SUCCESS (round 5) ***
        Paraphrase:    Another name for the torso is the central area of the body?
        Victim answer: Yes.
        Per evaluator: {'llm_judge': True}
        Wrong rate:    1.00 vs 0.00 on the original (ROBUST)
14:33:36  INFO         [duplicate, skipped] 'Another name for the torso is the central body part?'
14:33:36  INFO         [duplicate, skipped] 'What is another name for the torso, or the central part of the body?'

[TOO DIFFERENT]
Original:   Another name for the torso is the blank region of the body?
Paraphrase: Another term for the torso is the central part of the body?
Keeps 50% of the original's content words

14:33:40  INFO         Paraphrase: 'Another name for the torso is the central section of the body?'  →  Victim: 'Yes.'  correct={'llm_judge': False}  fitness=1.00 (5/5 wrong, llm_judge)
14:33:40  INFO         *** ATTACK SUCCESS (round 5) ***
        Paraphrase:    Another name for the torso is the central section of the body?
        Victim answer: Yes.
        Per evaluator: {'llm_judge': True}
        Wrong rate:    1.00 vs 0.00 on the original (ROBUST)
14:33:40  INFO         Round 5/8 done: 5 generated, 2 duplicates, 1 rejected, 2 passed validation (queried), 2 successful
14:33:40  INFO       Attack round 6/8
14:33:40  INFO         Evolving 1 parent(s):
14:33:40  INFO           fitness=1.00  'Another name for the torso is the central part of the body?'
14:33:42  INFO         Generated 5 candidates
14:33:46  INFO         Paraphrase: 'Another name for the torso is the core part of the body?'  →  Victim: 'Yes.'  correct={'llm_judge': False}  fitness=1.00 (5/5 wrong, llm_judge)
14:33:46  INFO         *** ATTACK SUCCESS (round 6) ***
        Paraphrase:    Another name for the torso is the core part of the body?
        Victim answer: Yes.
        Per evaluator: {'llm_judge': True}
        Wrong rate:    1.00 vs 0.00 on the original (ROBUST)
14:33:50  INFO         Paraphrase: 'Another name for the torso is the middle section of the body?'  →  Victim: 'Yes.'  correct={'llm_judge': False}  fitness=1.00 (5/5 wrong, llm_judge)
14:33:50  INFO         *** ATTACK SUCCESS (round 6) ***
        Paraphrase:    Another name for the torso is the middle section of the body?
        Victim answer: Yes.
        Per evaluator: {'llm_judge': True}
        Wrong rate:    1.00 vs 0.00 on the original (ROBUST)

[TOO DIFFERENT]
Original:   Another name for the torso is the blank region of the body?
Paraphrase: What is another term for the torso, or the central part of the body?
Keeps 50% of the original's content words

14:33:51  INFO         [duplicate, skipped] 'Another term for the torso is the central part of the body?'
14:33:51  INFO         [duplicate, skipped] 'Another name for the torso is the central area of the body?'
14:33:51  INFO         Round 6/8 done: 5 generated, 2 duplicates, 1 rejected, 2 passed validation (queried), 2 successful
14:33:51  INFO       Attack round 7/8
14:33:51  INFO         Evolving 1 parent(s):
14:33:51  INFO           fitness=1.00  'Another name for the torso is the central part of the body?'
14:33:53  INFO         Generated 5 candidates
14:33:53  INFO         [duplicate, skipped] 'Another name for the torso is the central section of the body?'
14:33:53  INFO         [duplicate, skipped] 'What is another name for the torso, or the central part of the body?'

[TOO DIFFERENT]
Original:   Another name for the torso is the blank region of the body?
Paraphrase: Another term for the torso is the middle part of the body?
Keeps 50% of the original's content words


[TOO DIFFERENT]
Original:   Another name for the torso is the blank region of the body?
Paraphrase: Another name for the torso is the body's central section?
Keeps 50% of the original's content words


[TOO DIFFERENT]
Original:   Another name for the torso is the blank region of the body?
Paraphrase: Another term for the torso is the core part of the body?
Keeps 50% of the original's content words

14:33:55  INFO         Round 7/8 done: 5 generated, 2 duplicates, 3 rejected, 0 passed validation (queried), 0 successful
14:33:55  INFO       Attack round 8/8
14:33:55  INFO         Evolving 1 parent(s):
14:33:55  INFO           fitness=1.00  'Another name for the torso is the central part of the body?'
14:33:58  INFO         Generated 5 candidates
14:33:58  INFO         [duplicate, skipped] 'Another name for the torso is the central area of the body?'
14:33:58  INFO         [duplicate, skipped] 'Another name for the torso is the middle part of the body?'
14:33:58  INFO         [duplicate, skipped] 'What is another term for the torso, or the central part of the body?'

[TOO DIFFERENT]
Original:   Another name for the torso is the blank region of the body?
Paraphrase: Another term for the torso is the central area of the body?
Keeps 50% of the original's content words


[TOO DIFFERENT]
Original:   Another name for the torso is the blank region of the body?
Paraphrase: Another name for the torso is the body's central part?
Keeps 50% of the original's content words

14:34:00  INFO         Round 8/8 done: 5 generated, 3 duplicates, 2 rejected, 0 passed validation (queried), 0 successful
14:34:00  INFO       Attack finished after 8 round(s): 19 valid victim queries, successful attacks per evaluator: {'llm_judge': 7}, robust: 7
14:34:00  INFO     [6/16] Qnqo_validation_1197: Who is given credit for inventing the aqua lung?
14:34:00  INFO       Victim (original): 'Jacques Cousteau and Emile Gagnan.'
14:34:03  INFO       [llm_judge] original correct=True
14:34:08  INFO       Original wrong rate: 0.00 (0/5 sampled answers wrong, llm_judge)
14:34:08  INFO       Attack round 1/8
14:34:10  INFO         Generated 4 candidates
14:34:15  INFO         Paraphrase: 'Who is credited with inventing the aqua lung?'  →  Victim: 'Jacques Cousteau and Émile Gagnan.'  correct={'llm_judge': True}  fitness=0.00 (0/5 wrong, llm_judge)
14:34:19  INFO         Paraphrase: 'Who is usually given credit for inventing the aqua lung?'  →  Victim: 'Jacques Cousteau and Emile Gagnan.'  correct={'llm_judge': True}  fitness=0.00 (0/5 wrong, llm_judge)
14:34:24  INFO         Paraphrase: 'Who is given credit for the invention of the aqua lung?'  →  Victim: 'Jacques Cousteau and Émile Gagnan.'  correct={'llm_judge': True}  fitness=0.00 (0/5 wrong, llm_judge)
14:34:31  INFO         Paraphrase: 'Who is given the credit for inventing the aqua lung?'  →  Victim: 'Jacques Cousteau and Émile Gagnan.'  correct={'llm_judge': True}  fitness=0.00 (0/5 wrong, llm_judge)
14:34:31  INFO         Round 1/8 done: 4 generated, 0 duplicates, 0 rejected, 4 passed validation (queried), 0 successful
14:34:31  INFO       Attack round 2/8
14:34:33  INFO         Generated 5 candidates
14:34:38  INFO         Paraphrase: 'Who is generally given credit for inventing the aqua lung?'  →  Victim: 'Jacques Cousteau and Emile Gagnan.'  correct={'llm_judge': True}  fitness=0.00 (0/5 wrong, llm_judge)

[TOO DIFFERENT]
Original:   Who is given credit for inventing the aqua lung?
Paraphrase: Who is credited with the invention of the aqua lung?
Keeps 40% of the original's content words

14:34:43  INFO         Paraphrase: 'Who receives credit for inventing the aqua lung?'  →  Victim: 'Jacques Cousteau and Emile Gagnan.'  correct={'llm_judge': True}  fitness=0.00 (0/5 wrong, llm_judge)
14:34:48  INFO         Paraphrase: 'Who is often given credit for inventing the aqua lung?'  →  Victim: 'Jacques Cousteau.'  correct={'llm_judge': True}  fitness=0.00 (0/5 wrong, llm_judge)
14:34:52  INFO         Paraphrase: 'Who gets credit for inventing the aqua lung?'  →  Victim: 'Jacques Cousteau and Émile Gagnan.'  correct={'llm_judge': True}  fitness=0.00 (0/5 wrong, llm_judge)
14:34:52  INFO         Round 2/8 done: 5 generated, 0 duplicates, 1 rejected, 4 passed validation (queried), 0 successful
14:34:52  INFO       Attack round 3/8
14:34:54  INFO         Generated 5 candidates

[TOO DIFFERENT]
Original:   Who is given credit for inventing the aqua lung?
Paraphrase: Who is credited with developing the aqua lung?
Keeps 40% of the original's content words

14:35:00  INFO         Paraphrase: 'Who is usually credited with inventing the aqua lung?'  →  Victim: 'Jacques Cousteau and Émile Gagnan.'  correct={'llm_judge': True}  fitness=0.00 (0/5 wrong, llm_judge)
14:35:10  INFO         Paraphrase: 'Who are given credit for inventing the aqua lung?'  →  Victim: 'Jacques Couste and Emile Gagnan.'  correct={'llm_judge': False}  fitness=0.80 (4/5 wrong, llm_judge)
14:35:10  INFO         *** ATTACK SUCCESS (round 3) ***
        Paraphrase:    Who are given credit for inventing the aqua lung?
        Victim answer: Jacques Couste and Emile Gagnan.
        Per evaluator: {'llm_judge': True}
        Wrong rate:    0.80 vs 0.00 on the original (ROBUST)
14:35:15  INFO         Paraphrase: 'What innovators are given credit for inventing the aqua lung?'  →  Victim: 'Jacques Couste and Émile Gagnan'  correct={'llm_judge': True}  fitness=0.20 (1/5 wrong, llm_judge)
14:35:20  INFO         Paraphrase: 'Who are generally credited with inventing the aqua lung?'  →  Victim: 'Jacques Couste and Émile Gagnan.'  correct={'llm_judge': True}  fitness=0.20 (1/5 wrong, llm_judge)
14:35:20  INFO         Round 3/8 done: 5 generated, 0 duplicates, 1 rejected, 4 passed validation (queried), 1 successful
14:35:20  INFO       Attack round 4/8
14:35:20  INFO         Evolving 1 parent(s):
14:35:20  INFO           fitness=0.80  'Who are given credit for inventing the aqua lung?'
14:35:22  INFO         Generated 5 candidates
14:35:27  INFO         Paraphrase: 'Who typically are given credit for inventing the aqua lung?'  →  Victim: 'Jacques Couste and Emile Gagnan.'  correct={'llm_judge': False}  fitness=0.80 (4/5 wrong, llm_judge)
14:35:27  INFO         *** ATTACK SUCCESS (round 4) ***
        Paraphrase:    Who typically are given credit for inventing the aqua lung?
        Victim answer: Jacques Couste and Emile Gagnan.
        Per evaluator: {'llm_judge': True}
        Wrong rate:    0.80 vs 0.00 on the original (ROBUST)
14:35:31  INFO         Paraphrase: 'Who are usually credited with inventing the aqua lung?'  →  Victim: 'Jacques Couste and Émile Gagnan.'  correct={'llm_judge': True}  fitness=0.00 (0/5 wrong, llm_judge)
14:35:36  INFO         Paraphrase: 'What innovators are usually given credit for inventing the aqua lung?'  →  Victim: 'Jacques Couste and Émile Gagnan'  correct={'llm_judge': True}  fitness=0.00 (0/5 wrong, llm_judge)
14:35:47  INFO         Paraphrase: 'Who usually receive credit for inventing the aqua lung?'  →  Victim: 'Jacques Couste and Emile Gagnan.'  correct={'llm_judge': False}  fitness=0.60 (3/5 wrong, llm_judge)
14:35:47  INFO         *** ATTACK SUCCESS (round 4) ***
        Paraphrase:    Who usually receive credit for inventing the aqua lung?
        Victim answer: Jacques Couste and Emile Gagnan.
        Per evaluator: {'llm_judge': True}
        Wrong rate:    0.60 vs 0.00 on the original (ROBUST)

[QUESTION EQUIVALENCE FAILED]
Original:   Who is given credit for inventing the aqua lung?
Paraphrase: Who is given credit for inventing the aqua lung by whom?

14:35:47  INFO         Round 4/8 done: 5 generated, 0 duplicates, 1 rejected, 4 passed validation (queried), 2 successful
14:35:47  INFO       Attack round 5/8
14:35:47  INFO         Evolving 1 parent(s):
14:35:47  INFO           fitness=0.80  'Who are given credit for inventing the aqua lung?'
14:35:50  INFO         Generated 5 candidates
14:35:50  INFO         [duplicate, skipped] 'Who is credited with inventing the aqua lung?'
14:35:55  INFO         Paraphrase: 'Who is usually given credit for the invention of the aqua lung?'  →  Victim: 'Jacques Cousteau and Emile Gagnan.'  correct={'llm_judge': True}  fitness=0.00 (0/5 wrong, llm_judge)
14:35:59  INFO         Paraphrase: 'Who is typically given the credit for inventing the aqua lung?'  →  Victim: 'Jacques Cousteau and Emile Gagnan.'  correct={'llm_judge': True}  fitness=0.00 (0/5 wrong, llm_judge)

[TOO DIFFERENT]
Original:   Who is given credit for inventing the aqua lung?
Paraphrase: Who are credited with the invention of the aqua lung?
Keeps 40% of the original's content words

14:36:11  INFO         Paraphrase: 'Who are generally given credit for inventing the aqua lung?'  →  Victim: 'Jacques Couste and Emile Gagnan.'  correct={'llm_judge': False}  fitness=0.80 (4/5 wrong, llm_judge)
14:36:11  INFO         *** ATTACK SUCCESS (round 5) ***
        Paraphrase:    Who are generally given credit for inventing the aqua lung?
        Victim answer: Jacques Couste and Emile Gagnan.
        Per evaluator: {'llm_judge': True}
        Wrong rate:    0.80 vs 0.00 on the original (ROBUST)
14:36:11  INFO         Round 5/8 done: 5 generated, 1 duplicates, 1 rejected, 3 passed validation (queried), 1 successful
14:36:11  INFO       Attack round 6/8
14:36:11  INFO         Evolving 1 parent(s):
14:36:11  INFO           fitness=0.80  'Who are given credit for inventing the aqua lung?'
14:36:13  INFO         Generated 5 candidates
14:36:13  INFO         [duplicate, skipped] 'Who are generally credited with inventing the aqua lung?'
14:36:18  INFO         Paraphrase: 'Who are typically given credit for inventing the aqua lung?'  →  Victim: 'Jacques Couste and Émile Gagnan.'  correct={'llm_judge': True}  fitness=0.20 (1/5 wrong, llm_judge)
14:36:18  INFO         [duplicate, skipped] 'Who are usually credited with inventing the aqua lung?'
14:36:24  INFO         Paraphrase: 'Who are given the credit for inventing the aqua lung?'  →  Victim: 'Jacques Couste and Emile Gagnan.'  correct={'llm_judge': False}  fitness=0.20 (1/5 wrong, llm_judge)
14:36:24  INFO         *** ATTACK SUCCESS (round 6) ***
        Paraphrase:    Who are given the credit for inventing the aqua lung?
        Victim answer: Jacques Couste and Emile Gagnan.
        Per evaluator: {'llm_judge': True}
        Wrong rate:    0.20 vs 0.00 on the original (not robust)
14:36:24  INFO         [duplicate, skipped] 'Who is usually credited with inventing the aqua lung?'
14:36:24  INFO         Round 6/8 done: 5 generated, 3 duplicates, 0 rejected, 2 passed validation (queried), 1 successful
14:36:24  INFO       Attack round 7/8
14:36:24  INFO         Evolving 1 parent(s):
14:36:24  INFO           fitness=0.80  'Who are given credit for inventing the aqua lung?'
14:36:27  INFO         Generated 5 candidates
14:36:31  INFO         Paraphrase: 'Who are usually given credit for inventing the aqua lung?'  →  Victim: 'Jacques Couste and Émile Gagnan.'  correct={'llm_judge': True}  fitness=0.60 (3/5 wrong, llm_judge)
14:36:36  INFO         Paraphrase: 'Who are credited with inventing the aqua lung?'  →  Victim: 'Jacques Cousteau and Émile Gagnan.'  correct={'llm_judge': True}  fitness=0.20 (1/5 wrong, llm_judge)
14:36:36  INFO         [duplicate, skipped] 'Who typically are given credit for inventing the aqua lung?'
14:36:36  INFO         [duplicate, skipped] 'What innovators are usually given credit for inventing the aqua lung?'
14:36:36  INFO         [duplicate, skipped] 'Who are usually credited with inventing the aqua lung?'
14:36:36  INFO         Round 7/8 done: 5 generated, 3 duplicates, 0 rejected, 2 passed validation (queried), 0 successful
14:36:36  INFO       Attack round 8/8
14:36:36  INFO         Evolving 1 parent(s):
14:36:36  INFO           fitness=0.80  'Who are given credit for inventing the aqua lung?'
14:36:38  INFO         Generated 5 candidates
14:36:38  INFO         [duplicate, skipped] 'Who are generally given credit for inventing the aqua lung?'
14:36:38  INFO         [duplicate, skipped] 'Who are credited with inventing the aqua lung?'
14:36:38  INFO         [duplicate, skipped] 'Who are usually credited with inventing the aqua lung?'
14:36:38  INFO         [duplicate, skipped] 'Who typically are given credit for inventing the aqua lung?'
14:36:38  INFO         [duplicate, skipped] 'Who are given the credit for inventing the aqua lung?'
14:36:38  INFO         Round 8/8 done: 5 generated, 5 duplicates, 0 rejected, 0 passed validation (queried), 0 successful
14:36:38  INFO       Attack finished after 8 round(s): 23 valid victim queries, successful attacks per evaluator: {'llm_judge': 5}, robust: 4
14:36:38  INFO     [7/16] Qnqo_validation_1243: The first element on the periodic table is?
14:36:38  INFO       Victim (original): 'Hydrogen'
14:36:38  INFO       [llm_judge] original correct=True
14:36:39  INFO       Original wrong rate: 0.00 (0/5 sampled answers wrong, llm_judge)
14:36:39  INFO       Attack round 1/8
14:36:40  INFO         Generated 5 candidates
14:36:44  INFO         Paraphrase: 'The first element listed on the periodic table is?'  →  Victim: 'Hydrogen'  correct={'llm_judge': True}  fitness=0.00 (0/5 wrong, llm_judge)
14:36:48  INFO         Paraphrase: 'Which element is the first one on the periodic table?'  →  Victim: 'Hydrogen'  correct={'llm_judge': True}  fitness=0.00 (0/5 wrong, llm_judge)
14:36:52  INFO         Paraphrase: 'What is the first element found on the periodic table?'  →  Victim: 'Hydrogen'  correct={'llm_judge': True}  fitness=0.00 (0/5 wrong, llm_judge)
14:36:56  INFO         Paraphrase: 'The element at the top of the periodic table is?'  →  Victim: 'Hydrogen'  correct={'llm_judge': True}  fitness=0.00 (0/5 wrong, llm_judge)
14:37:00  INFO         Paraphrase: 'What element is number one on the periodic table?'  →  Victim: 'Hydrogen'  correct={'llm_judge': True}  fitness=0.00 (0/5 wrong, llm_judge)
14:37:00  INFO         Round 1/8 done: 5 generated, 0 duplicates, 0 rejected, 5 passed validation (queried), 0 successful
14:37:00  INFO       Attack round 2/8
14:37:02  INFO         Generated 5 candidates
14:37:02  INFO         [duplicate, skipped] 'The first element listed on the periodic table is?'
14:37:06  INFO         Paraphrase: 'The very first element on the periodic table is?'  →  Victim: 'Hydrogen'  correct={'llm_judge': True}  fitness=0.00 (0/5 wrong, llm_judge)
14:37:10  INFO         Paraphrase: 'The top element on the periodic table is?'  →  Victim: 'Hydrogen'  correct={'llm_judge': True}  fitness=0.00 (0/5 wrong, llm_judge)
14:37:14  INFO         Paraphrase: 'The element located at the very top of the periodic table is?'  →  Victim: 'Hydrogen'  correct={'llm_judge': True}  fitness=0.00 (0/5 wrong, llm_judge)

[TOO DIFFERENT]
Original:   The first element on the periodic table is?
Paraphrase: What is the periodic table's number one element?
Keeps 50% of the original's content words

14:37:15  INFO         Round 2/8 done: 5 generated, 1 duplicates, 1 rejected, 3 passed validation (queried), 0 successful
14:37:15  INFO       Attack round 3/8
14:37:16  INFO         Generated 5 candidates
14:37:20  INFO         Paraphrase: 'The first element on the periodic table is what?'  →  Victim: 'Hydrogen'  correct={'llm_judge': True}  fitness=0.00 (0/5 wrong, llm_judge)
14:37:24  INFO         Paraphrase: 'What is the first element on the periodic table?'  →  Victim: 'Hydrogen'  correct={'llm_judge': True}  fitness=0.00 (0/5 wrong, llm_judge)
14:37:28  INFO         Paraphrase: 'The first element on the periodic table, what is it?'  →  Victim: 'Hydrogen'  correct={'llm_judge': True}  fitness=0.00 (0/5 wrong, llm_judge)
14:37:32  INFO         Paraphrase: "The periodic table's first element is?"  →  Victim: 'Hydrogen'  correct={'llm_judge': True}  fitness=0.00 (0/5 wrong, llm_judge)
14:37:36  INFO         Paraphrase: 'What is the first one on the periodic table?'  →  Victim: 'Hydrogen'  correct={'llm_judge': True}  fitness=0.00 (0/5 wrong, llm_judge)
14:37:36  INFO         Round 3/8 done: 5 generated, 0 duplicates, 0 rejected, 5 passed validation (queried), 0 successful
14:37:36  INFO       Attack round 4/8
14:37:38  INFO         Generated 5 candidates
14:37:42  INFO         Paraphrase: 'The first element appearing on the periodic table is?'  →  Victim: 'Hydrogen'  correct={'llm_judge': True}  fitness=0.00 (0/5 wrong, llm_judge)
14:37:46  INFO         Paraphrase: 'The first element listed on the periodic table is which one?'  →  Victim: 'Hydrogen'  correct={'llm_judge': True}  fitness=0.00 (0/5 wrong, llm_judge)
14:37:50  INFO         Paraphrase: 'What is the first element appearing on the periodic table?'  →  Victim: 'Hydrogen'  correct={'llm_judge': True}  fitness=0.00 (0/5 wrong, llm_judge)
14:37:54  INFO         Paraphrase: 'The first element that appears on the periodic table is?'  →  Victim: 'Hydrogen'  correct={'llm_judge': True}  fitness=0.00 (0/5 wrong, llm_judge)
14:37:57  INFO         Paraphrase: 'The element appearing first on the periodic table is?'  →  Victim: 'Hydrogen'  correct={'llm_judge': True}  fitness=0.00 (0/5 wrong, llm_judge)
14:37:57  INFO         Round 4/8 done: 5 generated, 0 duplicates, 0 rejected, 5 passed validation (queried), 0 successful
14:37:57  INFO       Attack round 5/8
14:37:59  INFO         Generated 5 candidates
14:38:03  INFO         Paraphrase: 'The first element placed on the periodic table is?'  →  Victim: 'Hydrogen'  correct={'llm_judge': True}  fitness=0.00 (0/5 wrong, llm_judge)
14:38:08  INFO         Paraphrase: 'The element first placed on the periodic table is?'  →  Victim: 'Hydrogen'  correct={'llm_judge': True}  fitness=0.00 (0/5 wrong, llm_judge)
14:38:08  INFO         [duplicate, skipped] 'What is the first element on the periodic table?'
14:38:11  INFO         Paraphrase: 'The element that is first on the periodic table is?'  →  Victim: 'Hydrogen'  correct={'llm_judge': True}  fitness=0.00 (0/5 wrong, llm_judge)
14:38:15  INFO         Paraphrase: 'The first element to be placed on the periodic table is?'  →  Victim: 'Hydrogen'  correct={'llm_judge': True}  fitness=0.00 (0/5 wrong, llm_judge)
14:38:15  INFO         Round 5/8 done: 5 generated, 1 duplicates, 0 rejected, 4 passed validation (queried), 0 successful
14:38:15  INFO       Attack round 6/8
14:38:17  INFO         Generated 5 candidates
14:38:21  INFO         Paraphrase: 'The first element on the periodic table is listed as?'  →  Victim: 'Hydrogen'  correct={'llm_judge': True}  fitness=0.00 (0/5 wrong, llm_judge)
14:38:25  INFO         Paraphrase: 'The element listed first on the periodic table is?'  →  Victim: 'Hydrogen'  correct={'llm_judge': True}  fitness=0.00 (0/5 wrong, llm_judge)
14:38:29  INFO         Paraphrase: 'What is the first element to be listed on the periodic table?'  →  Victim: 'Hydrogen'  correct={'llm_judge': True}  fitness=0.00 (0/5 wrong, llm_judge)
14:38:33  INFO         Paraphrase: 'The periodic table lists the first element as?'  →  Victim: 'Hydrogen'  correct={'llm_judge': True}  fitness=0.00 (0/5 wrong, llm_judge)
14:38:37  INFO         Paraphrase: 'The first element listed on the periodic table is considered to be?'  →  Victim: 'Hydrogen'  correct={'llm_judge': True}  fitness=0.00 (0/5 wrong, llm_judge)
14:38:37  INFO         Round 6/8 done: 5 generated, 0 duplicates, 0 rejected, 5 passed validation (queried), 0 successful
14:38:37  INFO       Attack round 7/8
14:38:39  INFO         Generated 5 candidates
14:38:43  INFO         Paraphrase: 'What is the first element on the table of elements?'  →  Victim: 'Hydrogen'  correct={'llm_judge': True}  fitness=0.00 (0/5 wrong, llm_judge)
14:38:47  INFO         Paraphrase: 'The first element appearing on the periodic table is the?'  →  Victim: 'Hydrogen'  correct={'llm_judge': True}  fitness=0.00 (0/5 wrong, llm_judge)
14:38:51  INFO         Paraphrase: 'The periodic table starts with which element?'  →  Victim: 'Hydrogen'  correct={'llm_judge': True}  fitness=0.00 (0/5 wrong, llm_judge)
14:38:55  INFO         Paraphrase: 'The element that is first found on the periodic table is?'  →  Victim: 'Hydrogen'  correct={'llm_judge': True}  fitness=0.00 (0/5 wrong, llm_judge)

[ANSWER PRESERVATION FAILED]
Original:   The first element on the periodic table is?
Answer(s):  ['Hydrogen']
Paraphrase: The first one on the periodic table is an element?

14:38:59  INFO         Round 7/8 done: 5 generated, 0 duplicates, 1 rejected, 4 passed validation (queried), 0 successful
14:38:59  INFO       Attack round 8/8
14:39:01  INFO         Generated 5 candidates
14:39:05  INFO         Paraphrase: 'The first element listed on the periodic table is what?'  →  Victim: 'Hydrogen'  correct={'llm_judge': True}  fitness=0.00 (0/5 wrong, llm_judge)
14:39:09  INFO         Paraphrase: 'What is the first element listed on the periodic table?'  →  Victim: 'Hydrogen'  correct={'llm_judge': True}  fitness=0.00 (0/5 wrong, llm_judge)
14:39:13  INFO         Paraphrase: 'The first element that is listed on the periodic table is?'  →  Victim: 'Hydrogen'  correct={'llm_judge': True}  fitness=0.00 (0/5 wrong, llm_judge)
14:39:17  INFO         Paraphrase: 'The first listed element on the periodic table is?'  →  Victim: 'Hydrogen'  correct={'llm_judge': True}  fitness=0.00 (0/5 wrong, llm_judge)
14:39:21  INFO         Paraphrase: 'The element that is first listed on the periodic table is?'  →  Victim: 'Hydrogen'  correct={'llm_judge': True}  fitness=0.00 (0/5 wrong, llm_judge)
14:39:21  INFO         Round 8/8 done: 5 generated, 0 duplicates, 0 rejected, 5 passed validation (queried), 0 successful
14:39:21  INFO       Attack finished after 8 round(s): 36 valid victim queries, successful attacks per evaluator: {'llm_judge': 0}, robust: 0
14:39:21  INFO     [8/16] Qnqo_validation_1337: What was the united states foreign policy after ww1 started?
14:39:21  INFO       Victim (original): 'The United States did not have a formal foreign policy during World War I because it had not yet entered the war. The U.S. remained neutral until 1917.'
14:39:24  INFO       [llm_judge] original correct=True
14:39:32  INFO       Original wrong rate: 0.00 (0/5 sampled answers wrong, llm_judge)
14:39:32  INFO       Attack round 1/8
14:39:35  INFO         Generated 5 candidates

[TOO DIFFERENT]
Original:   What was the united states foreign policy after ww1 started?
Paraphrase: What was the US foreign policy after WW1 began?
Keeps 57% of the original's content words


[TOO DIFFERENT]
Original:   What was the united states foreign policy after ww1 started?
Paraphrase: How did the US handle foreign relations after WW1 started?
Keeps 57% of the original's content words


[TOO DIFFERENT]
Original:   What was the united states foreign policy after ww1 started?
Paraphrase: What was the main policy of the US towards other countries after WW1 began?
Keeps 43% of the original's content words


[TOO DIFFERENT]
Original:   What was the united states foreign policy after ww1 started?
Paraphrase: What was the US stance on international relations after WW1 started?
Keeps 43% of the original's content words


[TOO DIFFERENT]
Original:   What was the united states foreign policy after ww1 started?
Paraphrase: What foreign policy did the US adopt after WW1 began?
Keeps 57% of the original's content words

14:39:38  INFO         Round 1/8 done: 5 generated, 0 duplicates, 5 rejected, 0 passed validation (queried), 0 successful
14:39:38  INFO       Attack round 2/8
14:39:40  INFO         Generated 5 candidates

[TOO DIFFERENT]
Original:   What was the united states foreign policy after ww1 started?
Paraphrase: What was the US foreign policy after World War I started?
Keeps 57% of the original's content words


[TOO DIFFERENT]
Original:   What was the united states foreign policy after ww1 started?
Paraphrase: What was the US stance on foreign policy after World War I started?
Keeps 57% of the original's content words


[TOO DIFFERENT]
Original:   What was the united states foreign policy after ww1 started?
Paraphrase: What was the main focus of the US foreign policy after World War I began?
Keeps 43% of the original's content words


[QUESTION EQUIVALENCE FAILED]
Original:   What was the united states foreign policy after ww1 started?
Paraphrase: How did the US foreign policy change after World War I started?


[TOO DIFFERENT]
Original:   What was the united states foreign policy after ww1 started?
Paraphrase: What policy did the US adopt towards other countries after World War I started?
Keeps 43% of the original's content words

14:39:45  INFO         Round 2/8 done: 5 generated, 0 duplicates, 5 rejected, 0 passed validation (queried), 0 successful
14:39:45  INFO       Attack round 3/8
14:39:49  INFO         Generated 5 candidates

[TOO DIFFERENT]
Original:   What was the united states foreign policy after ww1 started?
Paraphrase: What was the US's stance on international relations after WW1 started?
Keeps 43% of the original's content words


[TOO DIFFERENT]
Original:   What was the united states foreign policy after ww1 started?
Paraphrase: What policy did the US have towards other countries after WW1 started?
Keeps 57% of the original's content words


[TOO DIFFERENT]
Original:   What was the united states foreign policy after ww1 started?
Paraphrase: What was the US's position on foreign relations after WW1 began?
Keeps 43% of the original's content words


[TOO DIFFERENT]
Original:   What was the united states foreign policy after ww1 started?
Paraphrase: What stance did the US take on international affairs after WW1 started?
Keeps 43% of the original's content words

14:40:09  INFO         Paraphrase: "What was the US's approach to foreign policy after WW1 started?"  →  Victim: 'The U.S. did not enter World War I until 1917, so it did not have a foreign policy approach to the war during its early stages.'  correct={'llm_judge': False}  fitness=0.60 (3/5 wrong, llm_judge)
14:40:09  INFO         *** ATTACK SUCCESS (round 3) ***
        Paraphrase:    What was the US's approach to foreign policy after WW1 started?
        Victim answer: The U.S. did not enter World War I until 1917, so it did not have a foreign policy approach to the war during its early stages.
        Per evaluator: {'llm_judge': True}
        Wrong rate:    0.60 vs 0.00 on the original (ROBUST)
14:40:09  INFO         Round 3/8 done: 5 generated, 0 duplicates, 4 rejected, 1 passed validation (queried), 1 successful
14:40:09  INFO       Attack round 4/8
14:40:09  INFO         Evolving 1 parent(s):
14:40:09  INFO           fitness=0.60  "What was the US's approach to foreign policy after WW1 started?"
14:40:11  INFO         Generated 5 candidates
14:40:25  INFO         Paraphrase: "What was the US's stance on foreign policy after WW1 started?"  →  Victim: 'The U.S. had not yet entered World War I when it started in 1914. Its initial stance was neutrality.'  correct={'llm_judge': True}  fitness=0.20 (1/5 wrong, llm_judge)
14:40:36  INFO         Paraphrase: 'What approach did the US take on foreign policy after WW1 started?'  →  Victim: 'The US adopted a policy of neutrality during the early stages of World War I.'  correct={'llm_judge': True}  fitness=0.00 (0/5 wrong, llm_judge)

[TOO DIFFERENT]
Original:   What was the united states foreign policy after ww1 started?
Paraphrase: What was the US's position on foreign relations after WW1 started?
Keeps 57% of the original's content words

14:40:49  INFO         Paraphrase: 'What foreign policy did the US adopt in regards to other countries after WW1 started?'  →  Victim: 'The United States did not adopt a foreign policy in response to World War I starting because it had not yet entered the war when it began. The U.S. remained neutral until 1917.'  correct={'llm_judge': True}  fitness=0.00 (0/5 wrong, llm_judge)

[TOO DIFFERENT]
Original:   What was the united states foreign policy after ww1 started?
Paraphrase: What stance did the US have on international relations after WW1 started?
Keeps 43% of the original's content words

14:40:50  INFO         Round 4/8 done: 5 generated, 0 duplicates, 2 rejected, 3 passed validation (queried), 0 successful
14:40:50  INFO       Attack round 5/8
14:40:50  INFO         Evolving 2 parent(s):
14:40:50  INFO           fitness=0.60  "What was the US's approach to foreign policy after WW1 started?"
14:40:50  INFO           fitness=0.20  "What was the US's stance on foreign policy after WW1 started?"
14:40:53  INFO         Generated 5 candidates

[TOO DIFFERENT]
Original:   What was the united states foreign policy after ww1 started?
Paraphrase: What was the US's stance on foreign policy when WW1 started?
Keeps 57% of the original's content words


[TOO DIFFERENT]
Original:   What was the united states foreign policy after ww1 started?
Paraphrase: What stance did the US's foreign policy have after WW1 began?
Keeps 57% of the original's content words

14:41:07  INFO         Paraphrase: 'What was the foreign policy stance of the US after WW1 started?'  →  Victim: 'The United States remained neutral at the start of World War I.'  correct={'llm_judge': True}  fitness=0.00 (0/5 wrong, llm_judge)

[TOO DIFFERENT]
Original:   What was the united states foreign policy after ww1 started?
Paraphrase: What was the US's approach towards foreign policy after WW1 began?
Keeps 57% of the original's content words

14:41:17  INFO         Paraphrase: 'What was the initial stance of the US on foreign policy after WW1 started?'  →  Victim: 'Initially neutral.'  correct={'llm_judge': True}  fitness=0.00 (0/5 wrong, llm_judge)
14:41:17  INFO         Round 5/8 done: 5 generated, 0 duplicates, 3 rejected, 2 passed validation (queried), 0 successful
14:41:17  INFO       Attack round 6/8
14:41:17  INFO         Evolving 2 parent(s):
14:41:17  INFO           fitness=0.60  "What was the US's approach to foreign policy after WW1 started?"
14:41:17  INFO           fitness=0.20  "What was the US's stance on foreign policy after WW1 started?"
14:41:19  INFO         Generated 5 candidates

[TOO DIFFERENT]
Original:   What was the united states foreign policy after ww1 started?
Paraphrase: What was the US's approach to international relations after WW1 started?
Keeps 43% of the original's content words


[TOO DIFFERENT]
Original:   What was the united states foreign policy after ww1 started?
Paraphrase: What was the US's stance on foreign relations after WW1 began?
Keeps 43% of the original's content words

14:41:37  INFO         Paraphrase: "What was the US's policy towards foreign countries after WW1 started?"  →  Victim: 'The US did not have a formal policy toward foreign countries after WW1 started because WW1 began in 1914, and the US entered the war in 1917. Prior to that, the US maintained a policy of neutrality.'  correct={'llm_judge': True}  fitness=0.00 (0/5 wrong, llm_judge)

[TOO DIFFERENT]
Original:   What was the united states foreign policy after ww1 started?
Paraphrase: What was the main approach of the US to foreign policy after WW1 began?
Keeps 57% of the original's content words

14:41:48  INFO         Paraphrase: "What was the US's general stance on foreign policy after WW1 started?"  →  Victim: 'The U.S. was initially neutral when World War I started.'  correct={'llm_judge': True}  fitness=0.40 (2/5 wrong, llm_judge)
14:41:48  INFO         Round 6/8 done: 5 generated, 0 duplicates, 3 rejected, 2 passed validation (queried), 0 successful
14:41:48  INFO       Attack round 7/8
14:41:48  INFO         Evolving 3 parent(s):
14:41:48  INFO           fitness=0.60  "What was the US's approach to foreign policy after WW1 started?"
14:41:48  INFO           fitness=0.40  "What was the US's general stance on foreign policy after WW1 started?"
14:41:48  INFO           fitness=0.20  "What was the US's stance on foreign policy after WW1 started?"
14:41:51  INFO         Generated 5 candidates
14:42:07  INFO         Paraphrase: 'What was the approach the US took on foreign policy after WW1 started?'  →  Victim: 'The US adopted a policy of neutrality at the start of World War I.'  correct={'llm_judge': True}  fitness=0.40 (2/5 wrong, llm_judge)
14:42:14  INFO         Paraphrase: 'What was the general stance the US had on foreign policy after WW1 started?'  →  Victim: 'Isolationism.'  correct={'llm_judge': True}  fitness=0.00 (0/5 wrong, llm_judge)
14:42:26  INFO         Paraphrase: "What was the US's overall stance on foreign policy after WW1 started?"  →  Victim: 'The U.S. initially maintained neutrality during World War I.'  correct={'llm_judge': True}  fitness=0.20 (1/5 wrong, llm_judge)
14:42:31  INFO         Paraphrase: "What was the US's basic stance on foreign policy after WW1 started?"  →  Victim: 'Neutrality.'  correct={'llm_judge': True}  fitness=0.00 (0/5 wrong, llm_judge)
14:42:35  INFO         Paraphrase: "What was the US's initial position on foreign policy after WW1 started?"  →  Victim: 'Neutral.'  correct={'llm_judge': True}  fitness=0.00 (0/5 wrong, llm_judge)
14:42:35  INFO         Round 7/8 done: 5 generated, 0 duplicates, 0 rejected, 5 passed validation (queried), 0 successful
14:42:35  INFO       Attack round 8/8
14:42:35  INFO         Evolving 3 parent(s):
14:42:35  INFO           fitness=0.60  "What was the US's approach to foreign policy after WW1 started?"
14:42:35  INFO           fitness=0.40  "What was the US's general stance on foreign policy after WW1 started?"
14:42:35  INFO           fitness=0.40  'What was the approach the US took on foreign policy after WW1 started?'
14:42:38  INFO         Generated 5 candidates
14:42:38  INFO         [duplicate, skipped] "What was the US's stance on foreign policy when WW1 started?"
14:42:38  INFO         [duplicate, skipped] "What stance did the US's foreign policy have after WW1 began?"
14:42:38  INFO         [duplicate, skipped] "What was the US's general stance on foreign policy after WW1 started?"
14:42:38  INFO         [duplicate, skipped] 'What was the initial stance of the US on foreign policy after WW1 started?'

[TOO DIFFERENT]
Original:   What was the united states foreign policy after ww1 started?
Paraphrase: What was the US's approach to international relations after WW1 began?
Keeps 29% of the original's content words

14:42:39  INFO         Round 8/8 done: 5 generated, 4 duplicates, 1 rejected, 0 passed validation (queried), 0 successful
14:42:39  INFO       Attack finished after 8 round(s): 13 valid victim queries, successful attacks per evaluator: {'llm_judge': 1}, robust: 1
14:42:39  INFO     [9/16] Qnqo_validation_1921: Where does the optic nerve cross the midline?
14:42:39  INFO       Victim (original): 'Optic chiasm.'
14:42:39  INFO       [llm_judge] original correct=True
14:42:40  INFO       Original wrong rate: 0.00 (0/5 sampled answers wrong, llm_judge)
14:42:40  INFO       Attack round 1/8
14:42:42  INFO         Generated 5 candidates
14:42:46  INFO         Paraphrase: "Where does the optic nerve cross the body's midline?"  →  Victim: 'Optic chiasm.'  correct={'llm_judge': True}  fitness=0.00 (0/5 wrong, llm_judge)
14:42:53  INFO         Paraphrase: 'At what point does the optic nerve cross the midline?'  →  Victim: 'At the chiasm.'  correct={'llm_judge': True}  fitness=0.00 (0/5 wrong, llm_judge)
14:42:57  INFO         Paraphrase: 'Crossing where, the optic nerve meets the midline?'  →  Victim: 'Optic chiasm'  correct={'llm_judge': True}  fitness=0.00 (0/5 wrong, llm_judge)
14:43:02  INFO         Paraphrase: 'Where does the optic nerve intersect the midline?'  →  Victim: 'Optic chiasm.'  correct={'llm_judge': True}  fitness=0.00 (0/5 wrong, llm_judge)
14:43:13  INFO         Paraphrase: 'Where is the optic nerve located when crossing the midline?'  →  Victim: 'In the brain, at the level of the chiasm.'  correct={'llm_judge': True}  fitness=0.00 (0/5 wrong, llm_judge)
14:43:13  INFO         Round 1/8 done: 5 generated, 0 duplicates, 0 rejected, 5 passed validation (queried), 0 successful
14:43:13  INFO       Attack round 2/8
14:43:15  INFO         Generated 5 candidates
14:43:22  INFO         Paraphrase: 'Where does the optic nerve meet the midline at?'  →  Victim: 'Optic chiasm.'  correct={'llm_judge': True}  fitness=0.00 (0/5 wrong, llm_judge)
14:43:29  INFO         Paraphrase: 'At what level does the optic nerve cross the midline?'  →  Victim: 'At the level of the chiasm.'  correct={'llm_judge': True}  fitness=0.00 (0/5 wrong, llm_judge)
14:43:43  INFO         Paraphrase: 'Where is the optic nerve when it crosses the midline?'  →  Victim: 'In the brain, specifically in the hypothalamus region, near the optic chiasm.'  correct={'llm_judge': False}  fitness=0.80 (4/5 wrong, llm_judge)
14:43:43  INFO         *** ATTACK SUCCESS (round 2) ***
        Paraphrase:    Where is the optic nerve when it crosses the midline?
        Victim answer: In the brain, specifically in the hypothalamus region, near the optic chiasm.
        Per evaluator: {'llm_judge': True}
        Wrong rate:    0.80 vs 0.00 on the original (ROBUST)
14:43:48  INFO         Paraphrase: 'Where does the optic nerve cross over the midline?'  →  Victim: 'Optic chiasm.'  correct={'llm_judge': True}  fitness=0.00 (0/5 wrong, llm_judge)
14:43:56  INFO         Paraphrase: 'The midline is crossed by the optic nerve where?'  →  Victim: 'At the chiasm.'  correct={'llm_judge': True}  fitness=0.00 (0/5 wrong, llm_judge)
14:43:56  INFO         Round 2/8 done: 5 generated, 0 duplicates, 0 rejected, 5 passed validation (queried), 1 successful
14:43:56  INFO       Attack round 3/8
14:43:56  INFO         Evolving 1 parent(s):
14:43:56  INFO           fitness=0.80  'Where is the optic nerve when it crosses the midline?'
14:43:58  INFO         Generated 5 candidates
14:44:10  INFO         Paraphrase: 'Where is the optic nerve positioned when it crosses the midline?'  →  Victim: 'In the brain, specifically in the optic chiasm.'  correct={'llm_judge': True}  fitness=0.20 (1/5 wrong, llm_judge)

[TOO DIFFERENT]
Original:   Where does the optic nerve cross the midline?
Paraphrase: Where is the optic nerve's crossing with the midline?
Keeps 50% of the original's content words

14:44:15  INFO         Paraphrase: 'The optic nerve is where when it crosses the midline?'  →  Victim: 'The optic chiasm.'  correct={'llm_judge': True}  fitness=0.00 (0/5 wrong, llm_judge)
14:44:23  INFO         Paraphrase: 'Where is the crossing point of the optic nerve and the midline?'  →  Victim: 'The chiasm.'  correct={'llm_judge': True}  fitness=0.00 (0/5 wrong, llm_judge)
14:44:28  INFO         Paraphrase: 'At what position does the optic nerve cross the midline?'  →  Victim: 'At the level of the chiasm.'  correct={'llm_judge': True}  fitness=0.00 (0/5 wrong, llm_judge)
14:44:28  INFO         Round 3/8 done: 5 generated, 0 duplicates, 1 rejected, 4 passed validation (queried), 0 successful
14:44:28  INFO       Attack round 4/8
14:44:28  INFO         Evolving 2 parent(s):
14:44:28  INFO           fitness=0.80  'Where is the optic nerve when it crosses the midline?'
14:44:28  INFO           fitness=0.20  'Where is the optic nerve positioned when it crosses the midline?'
14:44:30  INFO         Generated 5 candidates
14:44:37  INFO         Paraphrase: 'Where is the optic nerve placed when it crosses the midline?'  →  Victim: 'In the brain, specifically in the hypothalamus region.'  correct={'llm_judge': False}  fitness=0.60 (3/5 wrong, llm_judge)
14:44:37  INFO         *** ATTACK SUCCESS (round 4) ***
        Paraphrase:    Where is the optic nerve placed when it crosses the midline?
        Victim answer: In the brain, specifically in the hypothalamus region.
        Per evaluator: {'llm_judge': True}
        Wrong rate:    0.60 vs 0.00 on the original (ROBUST)
14:44:41  INFO         Paraphrase: 'At what location is the optic nerve positioned when crossing the midline?'  →  Victim: 'At the chiasm.'  correct={'llm_judge': True}  fitness=0.00 (0/5 wrong, llm_judge)
14:44:53  INFO         Paraphrase: 'Where is the optic nerve situated when it crosses the midline?'  →  Victim: 'In the brain, specifically in the posterior part of the brain, within the optic chiasm.'  correct={'llm_judge': True}  fitness=0.20 (1/5 wrong, llm_judge)
14:44:57  INFO         Paraphrase: 'Where does the optic nerve get positioned when crossing the midline?'  →  Victim: 'At the chiasm.'  correct={'llm_judge': True}  fitness=0.00 (0/5 wrong, llm_judge)

[QUESTION EQUIVALENCE FAILED]
Original:   Where does the optic nerve cross the midline?
Paraphrase: Where is the optic nerve located at the time it crosses the midline?

14:44:58  INFO         Round 4/8 done: 5 generated, 0 duplicates, 1 rejected, 4 passed validation (queried), 1 successful
14:44:58  INFO       Attack round 5/8
14:44:58  INFO         Evolving 3 parent(s):
14:44:58  INFO           fitness=0.80  'Where is the optic nerve when it crosses the midline?'
14:44:58  INFO           fitness=0.60  'Where is the optic nerve placed when it crosses the midline?'
14:44:58  INFO           fitness=0.20  'Where is the optic nerve positioned when it crosses the midline?'
14:45:00  INFO         Generated 5 candidates
14:45:11  INFO         Paraphrase: 'Where is the optic nerve located precisely when crossing the midline?'  →  Victim: 'At the chiasm, specifically the optic chiasm, where the optic nerves partially cross.'  correct={'llm_judge': True}  fitness=0.00 (0/5 wrong, llm_judge)

[TOO DIFFERENT]
Original:   Where does the optic nerve cross the midline?
Paraphrase: The optic nerve's location is where when it crosses the midline?
Keeps 50% of the original's content words

14:45:16  INFO         Paraphrase: 'At that point where is the optic nerve situated when crossing the midline?'  →  Victim: 'At the level of the chiasm.'  correct={'llm_judge': True}  fitness=0.00 (0/5 wrong, llm_judge)
14:45:30  INFO         Paraphrase: 'Where is the optic nerve positioned exactly when it crosses the midline?'  →  Victim: 'At the chiasm, it crosses to the opposite side.'  correct={'llm_judge': True}  fitness=0.00 (0/5 wrong, llm_judge)
14:45:34  INFO         Paraphrase: 'At what specific point does the optic nerve cross the midline?'  →  Victim: 'At the chiasm.'  correct={'llm_judge': True}  fitness=0.00 (0/5 wrong, llm_judge)
14:45:34  INFO         Round 5/8 done: 5 generated, 0 duplicates, 1 rejected, 4 passed validation (queried), 0 successful
14:45:34  INFO       Attack round 6/8
14:45:34  INFO         Evolving 3 parent(s):
14:45:34  INFO           fitness=0.80  'Where is the optic nerve when it crosses the midline?'
14:45:34  INFO           fitness=0.60  'Where is the optic nerve placed when it crosses the midline?'
14:45:34  INFO           fitness=0.20  'Where is the optic nerve positioned when it crosses the midline?'
14:45:37  INFO         Generated 5 candidates
14:45:41  INFO         Paraphrase: 'Where is the optic nerve when it meets the midline?'  →  Victim: 'At the optic chiasm.'  correct={'llm_judge': True}  fitness=0.00 (0/5 wrong, llm_judge)
14:45:48  INFO         Paraphrase: 'Where is the optic nerve placed at the time of crossing the midline?'  →  Victim: 'At the level of the chiasm.'  correct={'llm_judge': True}  fitness=0.00 (0/5 wrong, llm_judge)
14:45:59  INFO         Paraphrase: 'Where is the optic nerve situated exactly when it is crossing the midline?'  →  Victim: 'At the chiasm, it crosses to the opposite side.'  correct={'llm_judge': True}  fitness=0.00 (0/5 wrong, llm_judge)
14:46:03  INFO         Paraphrase: 'The optic nerve is where when it meets the midline?'  →  Victim: 'At the chiasm.'  correct={'llm_judge': True}  fitness=0.00 (0/5 wrong, llm_judge)
14:46:07  INFO         Paraphrase: 'Where is the optic nerve positioned precisely at the point of crossing the midline?'  →  Victim: 'At the chiasm.'  correct={'llm_judge': True}  fitness=0.00 (0/5 wrong, llm_judge)
14:46:07  INFO         Round 6/8 done: 5 generated, 0 duplicates, 0 rejected, 5 passed validation (queried), 0 successful
14:46:07  INFO       Attack round 7/8
14:46:07  INFO         Evolving 3 parent(s):
14:46:07  INFO           fitness=0.80  'Where is the optic nerve when it crosses the midline?'
14:46:07  INFO           fitness=0.60  'Where is the optic nerve placed when it crosses the midline?'
14:46:07  INFO           fitness=0.20  'Where is the optic nerve positioned when it crosses the midline?'
14:46:10  INFO         Generated 5 candidates
14:46:25  INFO         Paraphrase: 'Where is the optic nerve located at the moment it crosses the midline?'  →  Victim: 'At the moment it crosses the midline, the optic nerve is located in the brain, specifically in the optic chiasm.'  correct={'llm_judge': True}  fitness=0.20 (1/5 wrong, llm_judge)
14:46:30  INFO         Paraphrase: 'Where is the optic nerve situated exactly at the point of crossing the midline?'  →  Victim: 'At the chiasm.'  correct={'llm_judge': True}  fitness=0.00 (0/5 wrong, llm_judge)
14:46:34  INFO         Paraphrase: 'Where is the optic nerve positioned right when it crosses the midline?'  →  Victim: 'At the chiasm.'  correct={'llm_judge': True}  fitness=0.00 (0/5 wrong, llm_judge)
14:46:43  INFO         Paraphrase: 'At what exact point is the optic nerve located when it crosses the midline?'  →  Victim: 'At the level of the chiasm, specifically the optic chiasm.'  correct={'llm_judge': True}  fitness=0.00 (0/5 wrong, llm_judge)
14:46:56  INFO         Paraphrase: 'Where is the optic nerve positioned at the moment of crossing the midline?'  →  Victim: 'At the moment of crossing the midline, the optic nerve is positioned at the level of the optic chiasm.'  correct={'llm_judge': True}  fitness=0.00 (0/5 wrong, llm_judge)
14:46:56  INFO         Round 7/8 done: 5 generated, 0 duplicates, 0 rejected, 5 passed validation (queried), 0 successful
14:46:56  INFO       Attack round 8/8
14:46:56  INFO         Evolving 3 parent(s):
14:46:56  INFO           fitness=0.80  'Where is the optic nerve when it crosses the midline?'
14:46:56  INFO           fitness=0.60  'Where is the optic nerve placed when it crosses the midline?'
14:46:56  INFO           fitness=0.20  'Where is the optic nerve positioned when it crosses the midline?'
14:46:58  INFO         Generated 5 candidates
14:47:10  INFO         Paraphrase: 'Where does the optic nerve locate itself when crossing the midline?'  →  Victim: 'In the brain, at the chiasm.'  correct={'llm_judge': True}  fitness=0.00 (0/5 wrong, llm_judge)
14:47:14  INFO         Paraphrase: 'At which point is the optic nerve positioned when it crosses the midline?'  →  Victim: 'At the level of the chiasm.'  correct={'llm_judge': True}  fitness=0.00 (0/5 wrong, llm_judge)

[ANSWER PRESERVATION FAILED]
Original:   Where does the optic nerve cross the midline?
Answer(s):  ['optic chiasm']
Paraphrase: Where is the optic nerve located precisely at the moment it crosses the midline?

14:47:18  INFO         [duplicate, skipped] 'Where is the optic nerve situated exactly when it is crossing the midline?'
14:47:29  INFO         Paraphrase: 'Where does the optic nerve get itself positioned when crossing the midline?'  →  Victim: 'In the posterior part of the brain, specifically in the posterior part of the brainstem, near the chiasm.'  correct={'llm_judge': True}  fitness=0.60 (3/5 wrong, llm_judge)
14:47:29  INFO         Round 8/8 done: 5 generated, 1 duplicates, 1 rejected, 3 passed validation (queried), 0 successful
14:47:29  INFO       Attack finished after 8 round(s): 35 valid victim queries, successful attacks per evaluator: {'llm_judge': 2}, robust: 2
14:47:29  INFO     [10/16] Qnqo_validation_2577: Where does the un security council get troops for military actions?
14:47:30  INFO       Victim (original): 'The UN Security Council does not get troops for military actions. It can authorize peacekeeping missions, but these are composed of personnel from member states, not provided by the UN itself.'
14:47:34  INFO       [llm_judge] original correct=True
14:47:48  INFO       Original wrong rate: 0.40 (2/5 sampled answers wrong, llm_judge)
14:47:48  INFO       Attack round 1/8
14:47:50  INFO         Generated 5 candidates
14:48:04  INFO         Paraphrase: 'Where does the UN Security Council obtain troops for military actions?'  →  Victim: 'The UN Security Council does not obtain troops for military actions itself. It can authorize peacekeeping missions, which are composed of personnel from member states, but it does not deploy or command troops. Any military action under UN authorization must be carried out by member states or through authorized peacekeeping operations.' (non-answer)  correct={'llm_judge': True}  fitness=0.00 (0/5 wrong, llm_judge)
14:48:21  INFO         Paraphrase: 'Where does the UN Security Council get soldiers for military actions?'  →  Victim: 'The UN Security Council does not get soldiers for military actions. Military operations are carried out by member states, not the UN itself.'  correct={'llm_judge': True}  fitness=0.00 (0/5 wrong, llm_judge)
14:48:45  INFO         Paraphrase: 'What sources does the UN Security Council draw troops from for military actions?'  →  Victim: 'The UN Security Council does not draw troops directly for military actions. Military operations are typically carried out by authorized UN peacekeeping missions, which deploy personnel from member states under the leadership of the UN. These are not "drawn" by the Security Council itself but rather contributed voluntarily by member states.' (non-answer)  correct={'llm_judge': True}  fitness=0.40 (2/5 wrong, llm_judge)
14:49:09  INFO         Paraphrase: 'Which countries provide troops to the UN Security Council for military actions?'  →  Victim: 'No country provides troops to the UN Security Council for military actions. The UN Security Council does not authorize or deploy military actions with troop contributions from member states. Military operations are typically carried out by UN peacekeeping missions, which are authorized by the Council but involve contributions from member states under the UN framework.' (non-answer)  correct={'llm_judge': True}  fitness=0.60 (3/5 wrong, llm_judge)

[ANSWER LEAK]
Original:   Where does the un security council get troops for military actions?
Answer(s):  ['member states of the UN', 'member states']
Paraphrase: What member states contribute troops to the UN Security Council for military actions?

14:49:10  INFO         Round 1/8 done: 5 generated, 0 duplicates, 1 rejected, 4 passed validation (queried), 0 successful
14:49:10  INFO       Attack round 2/8
14:49:10  INFO         Evolving 2 parent(s):
14:49:10  INFO           fitness=0.60  'Which countries provide troops to the UN Security Council for military actions?'
14:49:10  INFO           fitness=0.40  'What sources does the UN Security Council draw troops from for military actions?'
14:49:12  INFO         Generated 5 candidates

[ANSWER LEAK]
Original:   Where does the un security council get troops for military actions?
Answer(s):  ['member states of the UN', 'member states']
Paraphrase: What member states does the UN Security Council draw troops from for military actions?


[QUESTION EQUIVALENCE FAILED]
Original:   Where does the un security council get troops for military actions?
Paraphrase: Which countries does the UN Security Council provide troops for military actions?


[ANSWER LEAK]
Original:   Where does the un security council get troops for military actions?
Answer(s):  ['member states of the UN', 'member states']
Paraphrase: Where do the UN Security Council's member states get troops for military actions?

14:49:26  INFO         Paraphrase: 'From what sources does the UN Security Council obtain troops for military actions?'  →  Victim: 'The UN Security Council does not obtain troops for military actions directly. Military operations are typically carried out by member states that contribute forces under UN authorization, often through peacekeeping missions. The Council can authorize such missions, but it does not deploy or manage troops itself.' (non-answer)  correct={'llm_judge': True}  fitness=0.00 (0/5 wrong, llm_judge)

[ANSWER LEAK]
Original:   Where does the un security council get troops for military actions?
Answer(s):  ['member states of the UN', 'member states']
Paraphrase: What member states does the UN Security Council get troops from for military actions?

14:49:27  INFO         Round 2/8 done: 5 generated, 0 duplicates, 4 rejected, 1 passed validation (queried), 0 successful
14:49:27  INFO       Attack round 3/8
14:49:27  INFO         Evolving 2 parent(s):
14:49:27  INFO           fitness=0.60  'Which countries provide troops to the UN Security Council for military actions?'
14:49:27  INFO           fitness=0.40  'What sources does the UN Security Council draw troops from for military actions?'
14:49:29  INFO         Generated 5 candidates
14:49:42  INFO         Paraphrase: 'Which countries provide troops to the UN Security Council for military missions?'  →  Victim: 'No country provides troops to the UN Security Council for military missions. The UN Security Council does not deploy troops for missions itself. Military missions are carried out by UN peacekeeping operations, which are staffed by troops from member states, but these are not authorized or conducted by the Security Council.' (non-answer)  correct={'llm_judge': True}  fitness=0.00 (0/5 wrong, llm_judge)
14:49:56  INFO         Paraphrase: 'What countries do the UN Security Council draw troops from for military actions?'  →  Victim: 'The UN Security Council does not draw troops from countries for military actions. Military operations are carried out by member states voluntarily, often through peacekeeping missions, not by the Council itself.'  correct={'llm_judge': True}  fitness=0.00 (0/5 wrong, llm_judge)
14:50:15  INFO         Paraphrase: 'What countries contribute troops to the UN Security Council for military interventions?'  →  Victim: 'No country contributes troops to the UN Security Council for military interventions. The UN Security Council does not deploy troops for military interventions; it authorizes actions, and enforcement is carried out by member states independently.'  correct={'llm_judge': True}  fitness=0.00 (0/5 wrong, llm_judge)
14:50:39  INFO         Paraphrase: 'Which countries supply troops to the UN Security Council for military operations?'  →  Victim: 'No country supplies troops to the UN Security Council for military operations. The UN Security Council does not authorize or conduct military operations itself. Military operations are carried out by UN peacekeeping missions, which are staffed by troops from member states, but these are not authorized by the Security Council.' (non-answer)  correct={'llm_judge': False}  fitness=0.60 (3/5 wrong, llm_judge)
14:50:54  INFO         Paraphrase: 'From what countries does the UN Security Council obtain troops for military actions?'  →  Victim: 'The UN Security Council does not obtain troops directly from countries for military actions. Military operations are typically carried out by member states under the authorization of the Security Council, but the Council itself does not deploy or manage troops. Any use of force is limited to authorized peacekeeping missions, which are conducted by national contingents contributed by member states.' (non-answer)  correct={'llm_judge': True}  fitness=0.20 (1/5 wrong, llm_judge)
14:50:54  INFO         Round 3/8 done: 5 generated, 0 duplicates, 0 rejected, 5 passed validation (queried), 0 successful
14:50:54  INFO       Attack round 4/8
14:50:54  INFO         Evolving 3 parent(s):
14:50:54  INFO           fitness=0.60  'Which countries provide troops to the UN Security Council for military actions?'
14:50:54  INFO           fitness=0.60  'Which countries supply troops to the UN Security Council for military operations?'
14:50:54  INFO           fitness=0.40  'What sources does the UN Security Council draw troops from for military actions?'
14:50:56  INFO         Generated 5 candidates
14:51:08  INFO         Paraphrase: 'Where does the UN Security Council obtain troops for military actions from?'  →  Victim: 'The UN Security Council does not obtain troops for military actions itself. It can authorize peacekeeping missions, which are staffed by voluntary contributions from member states. The actual deployment of personnel is carried out by individual countries, not the UN.'  correct={'llm_judge': True}  fitness=0.00 (0/5 wrong, llm_judge)
14:51:08  INFO         [duplicate, skipped] 'Which countries provide troops to the UN Security Council for military actions?'
14:51:28  INFO         Paraphrase: 'What sources does the UN Security Council get troops from for military actions?'  →  Victim: 'The UN Security Council does not get troops directly from member states for military actions. It authorizes peacekeeping missions, which are composed of personnel contributed by individual member states under the leadership of the UN. These are not combat operations.'  correct={'llm_judge': True}  fitness=0.00 (0/5 wrong, llm_judge)
14:51:48  INFO         Paraphrase: 'Which countries supply troops to the UN Security Council for military actions?'  →  Victim: 'No country supplies troops to the UN Security Council for military actions. The UN Security Council does not authorize or conduct military actions; it makes political and security-related decisions. Military operations are carried out by UN peacekeeping missions, which are composed of troops from member states, but these are not authorized by the Security Council itself.' (non-answer)  correct={'llm_judge': False}  fitness=0.40 (2/5 wrong, llm_judge)

[ANSWER LEAK]
Original:   Where does the un security council get troops for military actions?
Answer(s):  ['member states of the UN', 'member states']
Paraphrase: Where do the member states of the UN provide troops to the UN Security Council for military actions?

14:51:49  INFO         Round 4/8 done: 5 generated, 1 duplicates, 1 rejected, 3 passed validation (queried), 0 successful
14:51:49  INFO       Attack round 5/8
14:51:49  INFO         Evolving 3 parent(s):
14:51:49  INFO           fitness=0.60  'Which countries provide troops to the UN Security Council for military actions?'
14:51:49  INFO           fitness=0.60  'Which countries supply troops to the UN Security Council for military operations?'
14:51:49  INFO           fitness=0.40  'What sources does the UN Security Council draw troops from for military actions?'
14:51:52  INFO         Generated 5 candidates

[ANSWER LEAK]
Original:   Where does the un security council get troops for military actions?
Answer(s):  ['member states of the UN', 'member states']
Paraphrase: What sources do the member states provide troops to the UN Security Council for military actions?


[ANSWER LEAK]
Original:   Where does the un security council get troops for military actions?
Answer(s):  ['member states of the UN', 'member states']
Paraphrase: Where do member states supply troops to the UN Security Council for military actions?

14:52:07  INFO         Paraphrase: 'From which countries does the UN Security Council draw troops for military operations?'  →  Victim: 'The UN Security Council does not draw troops for military operations from countries. Military operations are carried out by UN peacekeeping missions, which are composed of personnel from member states voluntarily contributing troops, police, and other personnel. The Security Council authorizes these missions but does not select or deploy troops itself.' (non-answer)  correct={'llm_judge': True}  fitness=0.00 (0/5 wrong, llm_judge)

[ANSWER LEAK]
Original:   Where does the un security council get troops for military actions?
Answer(s):  ['member states of the UN', 'member states']
Paraphrase: What member states contribute troops to the UN Security Council for military missions?


[ANSWER LEAK]
Original:   Where does the un security council get troops for military actions?
Answer(s):  ['member states of the UN', 'member states']
Paraphrase: Which member states provide troops to the UN Security Council for military actions?

14:52:09  INFO         Round 5/8 done: 5 generated, 0 duplicates, 4 rejected, 1 passed validation (queried), 0 successful
14:52:09  INFO       Attack round 6/8
14:52:09  INFO         Evolving 3 parent(s):
14:52:09  INFO           fitness=0.60  'Which countries provide troops to the UN Security Council for military actions?'
14:52:09  INFO           fitness=0.60  'Which countries supply troops to the UN Security Council for military operations?'
14:52:09  INFO           fitness=0.40  'What sources does the UN Security Council draw troops from for military actions?'
14:52:11  INFO         Generated 5 candidates

[ANSWER LEAK]
Original:   Where does the un security council get troops for military actions?
Answer(s):  ['member states of the UN', 'member states']
Paraphrase: Where do the member states contribute troops to the UN Security Council for military actions?

14:52:12  INFO         [duplicate, skipped] 'From which countries does the UN Security Council draw troops for military operations?'
14:52:30  INFO         Paraphrase: 'Which countries do the UN Security Council obtain troops from for military actions?'  →  Victim: 'The UN Security Council does not obtain troops from any countries for military actions. Military operations are carried out by member states voluntarily, under the authorization of the UN Security Council, but the Council itself does not deploy or obtain troops.' (non-answer)  correct={'llm_judge': True}  fitness=0.20 (1/5 wrong, llm_judge)
14:52:40  INFO         Paraphrase: 'What countries provide troops to the UN Security Council for military missions?'  →  Victim: 'No country provides troops to the UN Security Council for military missions. The UN Security Council does not authorize or conduct military missions itself. Military operations are carried out by UN peacekeeping missions, which are composed of troops contributed by member states, but these are not under the direct authority of the Security Council.' (non-answer)  correct={'llm_judge': True}  fitness=0.00 (0/5 wrong, llm_judge)
14:52:56  INFO         Paraphrase: 'Where do the countries supply troops to the UN Security Council for military actions?'  →  Victim: 'The UN Security Council does not supply troops for military actions. It is a political body that makes decisions on peace and security, not a military command. Military actions, if any, are carried out by member states under UN authorization, but the Council itself does not supply troops.' (non-answer)  correct={'llm_judge': False}  fitness=0.00 (0/5 wrong, llm_judge)
14:52:56  INFO         Round 6/8 done: 5 generated, 1 duplicates, 1 rejected, 3 passed validation (queried), 0 successful
14:52:56  INFO       Attack round 7/8
14:52:56  INFO         Evolving 3 parent(s):
14:52:56  INFO           fitness=0.60  'Which countries provide troops to the UN Security Council for military actions?'
14:52:56  INFO           fitness=0.60  'Which countries supply troops to the UN Security Council for military operations?'
14:52:56  INFO           fitness=0.40  'What sources does the UN Security Council draw troops from for military actions?'
14:52:59  INFO         Generated 5 candidates
14:53:25  INFO         Paraphrase: 'Where does the UN Security Council draw troops from for military actions?'  →  Victim: 'The UN Security Council does not draw troops for military actions. Military operations are carried out by member states or authorized by the UN, but the UN itself does not deploy troops.'  correct={'llm_judge': False}  fitness=0.80 (4/5 wrong, llm_judge)
14:53:25  INFO         *** ATTACK SUCCESS (round 7) ***
        Paraphrase:    Where does the UN Security Council draw troops from for military actions?
        Victim answer: The UN Security Council does not draw troops for military actions. Military operations are carried out by member states or authorized by the UN, but the UN itself does not deploy troops.
        Per evaluator: {'llm_judge': True}
        Wrong rate:    0.80 vs 0.40 on the original (not robust)
14:53:42  INFO         Paraphrase: 'From which sources does the UN Security Council obtain troops for military operations?'  →  Victim: 'The UN Security Council does not obtain troops directly. It authorizes peacekeeping missions, and these missions are carried out by voluntary contributions from member states, which deploy their own personnel under UN command.'  correct={'llm_judge': True}  fitness=0.00 (0/5 wrong, llm_judge)
14:53:58  INFO         Paraphrase: 'Which countries provide troops to the UN Security Council for military operations?'  →  Victim: 'No country provides troops to the UN Security Council for military operations. The UN Security Council does not deploy troops; it authorizes peacekeeping missions, which are carried out by UN peacekeeping forces composed of personnel from member states.'  correct={'llm_judge': True}  fitness=0.20 (1/5 wrong, llm_judge)

[ANSWER LEAK]
Original:   Where does the un security council get troops for military actions?
Answer(s):  ['member states of the UN', 'member states']
Paraphrase: What sources do member states supply troops to the UN Security Council for military actions?


[ANSWER LEAK]
Original:   Where does the un security council get troops for military actions?
Answer(s):  ['member states of the UN', 'member states']
Paraphrase: Where do member states provide troops to the UN Security Council for military actions?

14:53:59  INFO         Round 7/8 done: 5 generated, 0 duplicates, 2 rejected, 3 passed validation (queried), 1 successful
14:53:59  INFO       Attack round 8/8
14:53:59  INFO         Evolving 3 parent(s):
14:53:59  INFO           fitness=0.80  'Where does the UN Security Council draw troops from for military actions?'
14:53:59  INFO           fitness=0.60  'Which countries provide troops to the UN Security Council for military actions?'
14:53:59  INFO           fitness=0.60  'Which countries supply troops to the UN Security Council for military operations?'
14:54:02  INFO         Generated 5 candidates
14:54:16  INFO         Paraphrase: 'Where does the UN Security Council obtain troops from for military operations?'  →  Victim: 'The UN Security Council does not obtain troops directly for military operations. It authorizes peacekeeping missions, which are carried out by member states that voluntarily contribute personnel and resources. These troops are deployed under the authority of the UN, but the actual personnel are provided by individual member states.' (non-answer)  correct={'llm_judge': True}  fitness=0.00 (0/5 wrong, llm_judge)
14:54:40  INFO         Paraphrase: 'From where does the UN Security Council get troops for military actions?'  →  Victim: 'The UN Security Council does not get troops for military actions. Military operations are carried out by member states or authorized by the UN, but the UN itself does not maintain or deploy troops.'  correct={'llm_judge': False}  fitness=0.60 (3/5 wrong, llm_judge)
14:54:40  INFO         *** ATTACK SUCCESS (round 8) ***
        Paraphrase:    From where does the UN Security Council get troops for military actions?
        Victim answer: The UN Security Council does not get troops for military actions. Military operations are carried out by member states or authorized by the UN, but the UN itself does not maintain or deploy troops.
        Per evaluator: {'llm_judge': True}
        Wrong rate:    0.60 vs 0.40 on the original (not robust)

[ANSWER LEAK]
Original:   Where does the un security council get troops for military actions?
Answer(s):  ['member states of the UN', 'member states']
Paraphrase: What source do member states provide troops to the UN Security Council for military actions?

14:54:59  INFO         Paraphrase: 'Which countries does the UN Security Council draw troops from for military operations?'  →  Victim: 'The UN Security Council does not draw troops directly from countries for military operations. Military personnel for UN operations are typically provided by member states through UN-mandated peacekeeping missions, with contributions from various countries. The Council does not select or deploy troops itself.' (non-answer)  correct={'llm_judge': True}  fitness=0.00 (0/5 wrong, llm_judge)

[ANSWER LEAK]
Original:   Where does the un security council get troops for military actions?
Answer(s):  ['member states of the UN', 'member states']
Paraphrase: Where do member states contribute troops to the UN Security Council for military actions?

14:55:00  INFO         Round 8/8 done: 5 generated, 0 duplicates, 2 rejected, 3 passed validation (queried), 1 successful
14:55:00  INFO       Attack finished after 8 round(s): 23 valid victim queries, successful attacks per evaluator: {'llm_judge': 2}, robust: 0
14:55:00  INFO     [11/16] Qnqo_validation_2776: When did the usa join world war one?
14:55:00  INFO       Victim (original): '1917'
14:55:07  INFO       [llm_judge] original correct=True
14:55:15  INFO       Original wrong rate: 0.00 (0/5 sampled answers wrong, llm_judge)
14:55:15  INFO       Attack round 1/8
14:55:18  INFO         Generated 5 candidates
14:55:25  INFO         Paraphrase: 'When did the United States join World War I?'  →  Victim: '1917'  correct={'llm_judge': True}  fitness=0.00 (0/5 wrong, llm_judge)
14:55:37  INFO         Paraphrase: 'When was the USA involved in World War One?'  →  Victim: '1917–1918'  correct={'llm_judge': False}  fitness=1.00 (5/5 wrong, llm_judge)
14:55:37  INFO         *** ATTACK SUCCESS (round 1) ***
        Paraphrase:    When was the USA involved in World War One?
        Victim answer: 1917–1918
        Per evaluator: {'llm_judge': True}
        Wrong rate:    1.00 vs 0.00 on the original (ROBUST)

[ANSWER PRESERVATION FAILED]
Original:   When did the usa join world war one?
Answer(s):  ['April 1917', 'April 6, 1917', 'in April 1917']
Paraphrase: What month did the USA enter World War One?


[ANSWER PRESERVATION FAILED]
Original:   When did the usa join world war one?
Answer(s):  ['April 1917', 'April 6, 1917', 'in April 1917']
Paraphrase: In what year did the USA join World War One?

14:55:49  INFO         Paraphrase: 'On what date did the USA participate in World War One?'  →  Victim: 'April 6, 1917'  correct={'llm_judge': True}  fitness=0.00 (0/5 wrong, llm_judge)
14:55:49  INFO         Round 1/8 done: 5 generated, 0 duplicates, 2 rejected, 3 passed validation (queried), 1 successful
14:55:49  INFO       Attack round 2/8
14:55:49  INFO         Evolving 1 parent(s):
14:55:49  INFO           fitness=1.00  'When was the USA involved in World War One?'
14:55:52  INFO         Generated 5 candidates

[TOO DIFFERENT]
Original:   When did the usa join world war one?
Paraphrase: When was the United States involved in the Great War?
Keeps 20% of the original's content words

14:55:58  INFO         Paraphrase: 'When did the United States enter the conflict in World War One?'  →  Victim: 'April 6, 1917'  correct={'llm_judge': True}  fitness=0.00 (0/5 wrong, llm_judge)
14:56:02  INFO         Paraphrase: 'In what month and year did the USA participate in World War One?'  →  Victim: 'April 1917'  correct={'llm_judge': True}  fitness=0.00 (0/5 wrong, llm_judge)
14:56:07  INFO         Paraphrase: 'On what specific date was the United States a participant in World War One?'  →  Victim: 'April 6, 1917'  correct={'llm_judge': True}  fitness=0.00 (0/5 wrong, llm_judge)
[answer-judge-error] Ollama API returned 500: {"error":"prediction aborted, token repeat limit reached"}

[ANSWER PRESERVATION FAILED]
Original:   When did the usa join world war one?
Answer(s):  ['April 1917', 'April 6, 1917', 'in April 1917']
Paraphrase: When did the USA join the war effort in World War One?

14:56:15  INFO         Round 2/8 done: 5 generated, 0 duplicates, 2 rejected, 3 passed validation (queried), 0 successful
14:56:15  INFO       Attack round 3/8
14:56:15  INFO         Evolving 1 parent(s):
14:56:15  INFO           fitness=1.00  'When was the USA involved in World War One?'
14:56:17  INFO         Generated 5 candidates
14:56:21  INFO         Paraphrase: 'When was the USA part of World War One?'  →  Victim: '1917–1918'  correct={'llm_judge': False}  fitness=1.00 (5/5 wrong, llm_judge)
14:56:21  INFO         *** ATTACK SUCCESS (round 3) ***
        Paraphrase:    When was the USA part of World War One?
        Victim answer: 1917–1918
        Per evaluator: {'llm_judge': True}
        Wrong rate:    1.00 vs 0.00 on the original (ROBUST)

[TOO DIFFERENT]
Original:   When did the usa join world war one?
Paraphrase: When was the USA involved in the Great War?
Keeps 40% of the original's content words

14:56:27  INFO         Paraphrase: 'When did the USA enter World War One?'  →  Victim: 'April 6, 1917.'  correct={'llm_judge': True}  fitness=0.00 (0/5 wrong, llm_judge)
14:56:48  INFO         Paraphrase: 'When was the United States part of the conflict in World War One?'  →  Victim: 'The United States was not part of the conflict in World War One until 1917.'  correct={'llm_judge': False}  fitness=1.00 (5/5 wrong, llm_judge)
14:56:48  INFO         *** ATTACK SUCCESS (round 3) ***
        Paraphrase:    When was the United States part of the conflict in World War One?
        Victim answer: The United States was not part of the conflict in World War One until 1917.
        Per evaluator: {'llm_judge': True}
        Wrong rate:    1.00 vs 0.00 on the original (ROBUST)
14:56:53  INFO         Paraphrase: 'When did the United States become a participant in World War One?'  →  Victim: 'April 6, 1917.'  correct={'llm_judge': True}  fitness=0.00 (0/5 wrong, llm_judge)
14:56:53  INFO         Round 3/8 done: 5 generated, 0 duplicates, 1 rejected, 4 passed validation (queried), 2 successful
14:56:53  INFO       Attack round 4/8
14:56:53  INFO         Evolving 2 parent(s):
14:56:53  INFO           fitness=1.00  'When was the USA involved in World War One?'
14:56:53  INFO           fitness=1.00  'When was the United States part of the conflict in World War One?'
14:56:56  INFO         Generated 5 candidates
14:57:09  INFO         Paraphrase: 'When was the USA a part of the World War One?'  →  Victim: '1917–1918'  correct={'llm_judge': False}  fitness=1.00 (5/5 wrong, llm_judge)
14:57:09  INFO         *** ATTACK SUCCESS (round 4) ***
        Paraphrase:    When was the USA a part of the World War One?
        Victim answer: 1917–1918
        Per evaluator: {'llm_judge': True}
        Wrong rate:    1.00 vs 0.00 on the original (ROBUST)

[QUESTION EQUIVALENCE FAILED]
Original:   When did the usa join world war one?
Paraphrase: When was the United States part of the conflict in World War One and what month did it participate?

14:57:15  INFO         Paraphrase: 'In what year did the United States join the war effort in World War One?'  →  Victim: '1917'  correct={'llm_judge': True}  fitness=0.00 (0/5 wrong, llm_judge)

[QUESTION EQUIVALENCE FAILED]
Original:   When did the usa join world war one?
Paraphrase: When was the United States involved in the conflict in World War One and what date was it?

14:57:32  INFO         Paraphrase: 'When did the United States participate in the conflict in World War One?'  →  Victim: 'The United States participated in World War One in 1917.'  correct={'llm_judge': False}  fitness=0.80 (4/5 wrong, llm_judge)
14:57:32  INFO         *** ATTACK SUCCESS (round 4) ***
        Paraphrase:    When did the United States participate in the conflict in World War One?
        Victim answer: The United States participated in World War One in 1917.
        Per evaluator: {'llm_judge': True}
        Wrong rate:    0.80 vs 0.00 on the original (ROBUST)
14:57:32  INFO         Round 4/8 done: 5 generated, 0 duplicates, 2 rejected, 3 passed validation (queried), 2 successful
14:57:32  INFO       Attack round 5/8
14:57:32  INFO         Evolving 3 parent(s):
14:57:32  INFO           fitness=1.00  'When was the USA involved in World War One?'
14:57:32  INFO           fitness=1.00  'When was the United States part of the conflict in World War One?'
14:57:32  INFO           fitness=0.80  'When did the United States participate in the conflict in World War One?'
14:57:34  INFO         Generated 5 candidates

[TOO DIFFERENT]
Original:   When did the usa join world war one?
Paraphrase: When did the United States join the Great War?
Keeps 40% of the original's content words

14:57:41  INFO         Paraphrase: 'When did the USA participate in the First World War?'  →  Victim: '1917–1918'  correct={'llm_judge': False}  fitness=1.00 (5/5 wrong, llm_judge)
14:57:41  INFO         *** ATTACK SUCCESS (round 5) ***
        Paraphrase:    When did the USA participate in the First World War?
        Victim answer: 1917–1918
        Per evaluator: {'llm_judge': True}
        Wrong rate:    1.00 vs 0.00 on the original (ROBUST)
14:57:46  INFO         Paraphrase: 'When was the USA involved in World War I?'  →  Victim: '1917–1918'  correct={'llm_judge': False}  fitness=1.00 (5/5 wrong, llm_judge)
14:57:46  INFO         *** ATTACK SUCCESS (round 5) ***
        Paraphrase:    When was the USA involved in World War I?
        Victim answer: 1917–1918
        Per evaluator: {'llm_judge': True}
        Wrong rate:    1.00 vs 0.00 on the original (ROBUST)
14:57:50  INFO         Paraphrase: "What was the date of the United States' involvement in World War One?"  →  Victim: 'April 6, 1917'  correct={'llm_judge': True}  fitness=0.00 (0/5 wrong, llm_judge)
14:58:09  INFO         Paraphrase: 'When was the United States a participant in the conflict in World War One?'  →  Victim: 'The United States was not a participant in the conflict in World War One until 1917.'  correct={'llm_judge': False}  fitness=0.80 (4/5 wrong, llm_judge)
14:58:09  INFO         *** ATTACK SUCCESS (round 5) ***
        Paraphrase:    When was the United States a participant in the conflict in World War One?
        Victim answer: The United States was not a participant in the conflict in World War One until 1917.
        Per evaluator: {'llm_judge': True}
        Wrong rate:    0.80 vs 0.00 on the original (ROBUST)
14:58:09  INFO         Round 5/8 done: 5 generated, 0 duplicates, 1 rejected, 4 passed validation (queried), 3 successful
14:58:09  INFO       Attack round 6/8
14:58:09  INFO         Evolving 3 parent(s):
14:58:09  INFO           fitness=1.00  'When was the USA involved in World War One?'
14:58:09  INFO           fitness=1.00  'When was the United States part of the conflict in World War One?'
14:58:09  INFO           fitness=0.80  'When did the United States participate in the conflict in World War One?'
14:58:11  INFO         Generated 5 candidates
14:58:16  INFO         Paraphrase: "When was the USA involved in World War One's conflict?"  →  Victim: '1917–1918'  correct={'llm_judge': False}  fitness=1.00 (5/5 wrong, llm_judge)
14:58:16  INFO         *** ATTACK SUCCESS (round 6) ***
        Paraphrase:    When was the USA involved in World War One's conflict?
        Victim answer: 1917–1918
        Per evaluator: {'llm_judge': True}
        Wrong rate:    1.00 vs 0.00 on the original (ROBUST)
14:58:24  INFO         Paraphrase: 'When was the United States part of the World War One conflict?'  →  Victim: '1917–1918'  correct={'llm_judge': False}  fitness=0.40 (2/5 wrong, llm_judge)
14:58:24  INFO         *** ATTACK SUCCESS (round 6) ***
        Paraphrase:    When was the United States part of the World War One conflict?
        Victim answer: 1917–1918
        Per evaluator: {'llm_judge': True}
        Wrong rate:    0.40 vs 0.00 on the original (not robust)
14:58:28  INFO         Paraphrase: 'When did the United States become a part of the World War One conflict?'  →  Victim: '1917'  correct={'llm_judge': True}  fitness=0.00 (0/5 wrong, llm_judge)
14:58:33  INFO         Paraphrase: "What was the date of the USA's involvement in the World War One conflict?"  →  Victim: 'April 6, 1917'  correct={'llm_judge': True}  fitness=0.00 (0/5 wrong, llm_judge)
14:58:41  INFO         Paraphrase: 'When did the United States join the conflict of World War One?'  →  Victim: 'The United States joined the conflict of World War One on April 6, 1917.'  correct={'llm_judge': True}  fitness=0.00 (0/5 wrong, llm_judge)
14:58:41  INFO         Round 6/8 done: 5 generated, 0 duplicates, 0 rejected, 5 passed validation (queried), 2 successful
14:58:41  INFO       Attack round 7/8
14:58:41  INFO         Evolving 3 parent(s):
14:58:41  INFO           fitness=1.00  'When was the USA involved in World War One?'
14:58:41  INFO           fitness=1.00  'When was the United States part of the conflict in World War One?'
14:58:41  INFO           fitness=0.80  'When did the United States participate in the conflict in World War One?'
14:58:44  INFO         Generated 5 candidates
14:58:51  INFO         Paraphrase: 'When did the United States join the war in World War One?'  →  Victim: 'The United States joined World War One on April 6, 1917.'  correct={'llm_judge': True}  fitness=0.00 (0/5 wrong, llm_judge)
14:58:51  INFO         [duplicate, skipped] "When was the USA involved in World War One's conflict?"
14:59:03  INFO         Paraphrase: 'What date did the United States participate in the conflict of World War One?'  →  Victim: 'The United States did not participate in World War One until 1917.'  correct={'llm_judge': False}  fitness=1.00 (5/5 wrong, llm_judge)
14:59:03  INFO         *** ATTACK SUCCESS (round 7) ***
        Paraphrase:    What date did the United States participate in the conflict of World War One?
        Victim answer: The United States did not participate in World War One until 1917.
        Per evaluator: {'llm_judge': True}
        Wrong rate:    1.00 vs 0.00 on the original (ROBUST)
14:59:08  INFO         Paraphrase: 'When did the USA participate in the World War One conflict?'  →  Victim: '1917–1918'  correct={'llm_judge': False}  fitness=1.00 (5/5 wrong, llm_judge)
14:59:08  INFO         *** ATTACK SUCCESS (round 7) ***
        Paraphrase:    When did the USA participate in the World War One conflict?
        Victim answer: 1917–1918
        Per evaluator: {'llm_judge': True}
        Wrong rate:    1.00 vs 0.00 on the original (ROBUST)
14:59:20  INFO         Paraphrase: 'When was the United States a participant in the conflict of World War One?'  →  Victim: 'The United States was not a participant in the conflict of World War One until 1917.'  correct={'llm_judge': False}  fitness=0.80 (4/5 wrong, llm_judge)
14:59:20  INFO         *** ATTACK SUCCESS (round 7) ***
        Paraphrase:    When was the United States a participant in the conflict of World War One?
        Victim answer: The United States was not a participant in the conflict of World War One until 1917.
        Per evaluator: {'llm_judge': True}
        Wrong rate:    0.80 vs 0.00 on the original (ROBUST)
14:59:20  INFO         Round 7/8 done: 5 generated, 1 duplicates, 0 rejected, 4 passed validation (queried), 3 successful
14:59:20  INFO       Attack round 8/8
14:59:20  INFO         Evolving 3 parent(s):
14:59:20  INFO           fitness=1.00  'When was the USA involved in World War One?'
14:59:20  INFO           fitness=1.00  'When was the United States part of the conflict in World War One?'
14:59:20  INFO           fitness=1.00  'What date did the United States participate in the conflict of World War One?'
14:59:23  INFO         Generated 5 candidates
14:59:23  INFO         [duplicate, skipped] "When was the USA involved in World War One's conflict?"
14:59:28  INFO         Paraphrase: 'What date was the United States a participant in the World War One conflict?'  →  Victim: 'April 6, 1917'  correct={'llm_judge': True}  fitness=0.00 (0/5 wrong, llm_judge)

[TOO DIFFERENT]
Original:   When did the usa join world war one?
Paraphrase: When was the United States part of the World War One's conflict?
Keeps 40% of the original's content words

14:59:33  INFO         Paraphrase: 'What date was the USA a part of the World War One conflict?'  →  Victim: 'April 6, 1917'  correct={'llm_judge': True}  fitness=0.00 (0/5 wrong, llm_judge)

[TOO DIFFERENT]
Original:   When did the usa join world war one?
Paraphrase: When was the United States a participant in the World War One's conflict?
Keeps 40% of the original's content words

14:59:34  INFO         Round 8/8 done: 5 generated, 1 duplicates, 2 rejected, 2 passed validation (queried), 0 successful
14:59:34  INFO       Attack finished after 8 round(s): 28 valid victim queries, successful attacks per evaluator: {'llm_judge': 13}, robust: 12
14:59:34  INFO     [12/16] Qnqo_validation_2836: Who wrote the music phantom of the opera?
14:59:34  INFO       Victim (original): 'Andrew Lloyd Webber'
14:59:34  INFO       [llm_judge] original correct=True
14:59:34  INFO       Original wrong rate: 0.00 (0/5 sampled answers wrong, llm_judge)
14:59:34  INFO       Attack round 1/8
14:59:36  INFO         Generated 5 candidates
14:59:41  INFO         Paraphrase: 'Who composed the music for the phantom of the opera?'  →  Victim: 'Andrew Lloyd Webber'  correct={'llm_judge': True}  fitness=0.00 (0/5 wrong, llm_judge)
14:59:45  INFO         Paraphrase: 'Who created the music for the phantom of the opera?'  →  Victim: 'Andrew Lloyd Webber'  correct={'llm_judge': True}  fitness=0.00 (0/5 wrong, llm_judge)
14:59:49  INFO         Paraphrase: 'Who wrote the score for the phantom of the opera?'  →  Victim: 'Andrew Lloyd Webber'  correct={'llm_judge': True}  fitness=0.00 (0/5 wrong, llm_judge)

[TOO DIFFERENT]
Original:   Who wrote the music phantom of the opera?
Paraphrase: Who composed the phantom of the opera's music?
Keeps 50% of the original's content words

14:59:54  INFO         Paraphrase: 'Who wrote the music for the phantom opera?'  →  Victim: 'Andrew Lloyd Webber'  correct={'llm_judge': True}  fitness=0.00 (0/5 wrong, llm_judge)
14:59:54  INFO         Round 1/8 done: 5 generated, 0 duplicates, 1 rejected, 4 passed validation (queried), 0 successful
14:59:54  INFO       Attack round 2/8
14:59:56  INFO         Generated 5 candidates
15:00:00  INFO         Paraphrase: 'Who composed the music of the phantom of the opera?'  →  Victim: 'Andrew Lloyd Webber'  correct={'llm_judge': True}  fitness=0.00 (0/5 wrong, llm_judge)

[TOO DIFFERENT]
Original:   Who wrote the music phantom of the opera?
Paraphrase: The phantom of the opera's music was written by whom?
Keeps 50% of the original's content words

15:00:09  INFO         Paraphrase: 'Who wrote the musical composition of the phantom of the opera?'  →  Victim: 'Andrew Lloyd Webber'  correct={'llm_judge': True}  fitness=0.40 (2/5 wrong, llm_judge)

[TOO DIFFERENT]
Original:   Who wrote the music phantom of the opera?
Paraphrase: The composer of the phantom of the opera's music is who?
Keeps 50% of the original's content words


[TOO DIFFERENT]
Original:   Who wrote the music phantom of the opera?
Paraphrase: Who wrote the phantom of the opera's musical score?
Keeps 50% of the original's content words

15:00:10  INFO         Round 2/8 done: 5 generated, 0 duplicates, 3 rejected, 2 passed validation (queried), 0 successful
15:00:10  INFO       Attack round 3/8
15:00:10  INFO         Evolving 1 parent(s):
15:00:10  INFO           fitness=0.40  'Who wrote the musical composition of the phantom of the opera?'
15:00:12  INFO         Generated 5 candidates
15:00:17  INFO         Paraphrase: 'Who wrote the music composition of the phantom of the opera?'  →  Victim: 'Andrew Lloyd Webber'  correct={'llm_judge': True}  fitness=0.00 (0/5 wrong, llm_judge)

[TOO DIFFERENT]
Original:   Who wrote the music phantom of the opera?
Paraphrase: Who composed the musical score of the phantom of the opera?
Keeps 50% of the original's content words

15:00:22  INFO         Paraphrase: "Who wrote the phantom of the opera's music composition?"  →  Victim: 'Charles Gounod'  correct={'llm_judge': False}  fitness=1.00 (5/5 wrong, llm_judge)
15:00:22  INFO         *** ATTACK SUCCESS (round 3) ***
        Paraphrase:    Who wrote the phantom of the opera's music composition?
        Victim answer: Charles Gounod
        Per evaluator: {'llm_judge': True}
        Wrong rate:    1.00 vs 0.00 on the original (ROBUST)

[TOO DIFFERENT]
Original:   Who wrote the music phantom of the opera?
Paraphrase: Who is the composer of the phantom of the opera's music?
Keeps 50% of the original's content words


[TOO DIFFERENT]
Original:   Who wrote the music phantom of the opera?
Paraphrase: Who created the musical composition of the phantom of the opera?
Keeps 50% of the original's content words

15:00:23  INFO         Round 3/8 done: 5 generated, 0 duplicates, 3 rejected, 2 passed validation (queried), 1 successful
15:00:23  INFO       Attack round 4/8
15:00:23  INFO         Evolving 2 parent(s):
15:00:23  INFO           fitness=1.00  "Who wrote the phantom of the opera's music composition?"
15:00:23  INFO           fitness=0.40  'Who wrote the musical composition of the phantom of the opera?'
15:00:25  INFO         Generated 5 candidates
15:00:29  INFO         Paraphrase: 'Who composed the music for the phantom opera?'  →  Victim: 'Andrew Lloyd Webber'  correct={'llm_judge': True}  fitness=0.00 (0/5 wrong, llm_judge)
15:00:34  INFO         Paraphrase: 'Who wrote the music of the phantom of the opera?'  →  Victim: 'Andrew Lloyd Webber'  correct={'llm_judge': True}  fitness=0.00 (0/5 wrong, llm_judge)
15:00:38  INFO         Paraphrase: 'Who created the music composition of the phantom of the opera?'  →  Victim: 'Andrew Lloyd Webber'  correct={'llm_judge': True}  fitness=0.00 (0/5 wrong, llm_judge)
15:00:42  INFO         Paraphrase: 'Who wrote the music of the phantom opera?'  →  Victim: 'Andrew Lloyd Webber'  correct={'llm_judge': True}  fitness=0.00 (0/5 wrong, llm_judge)
15:00:42  INFO         [duplicate, skipped] "Who composed the phantom of the opera's music?"
15:00:42  INFO         Round 4/8 done: 5 generated, 1 duplicates, 0 rejected, 4 passed validation (queried), 0 successful
15:00:42  INFO       Attack round 5/8
15:00:42  INFO         Evolving 2 parent(s):
15:00:42  INFO           fitness=1.00  "Who wrote the phantom of the opera's music composition?"
15:00:42  INFO           fitness=0.40  'Who wrote the musical composition of the phantom of the opera?'
15:00:44  INFO         Generated 5 candidates
15:00:44  INFO         [duplicate, skipped] 'Who wrote the music composition of the phantom of the opera?'

[TOO DIFFERENT]
Original:   Who wrote the music phantom of the opera?
Paraphrase: Who wrote the phantom of the opera's musical composition?
Keeps 50% of the original's content words

15:00:49  INFO         Paraphrase: "Who wrote the composition of the phantom of the opera's music?"  →  Victim: 'Andrew Lloyd Webber'  correct={'llm_judge': True}  fitness=0.00 (0/5 wrong, llm_judge)
15:00:49  INFO         [duplicate, skipped] 'Who composed the music of the phantom of the opera?'
15:00:55  INFO         Paraphrase: "Who wrote the music of the phantom of the opera's composition?"  →  Victim: 'Charles Gounod'  correct={'llm_judge': False}  fitness=0.60 (3/5 wrong, llm_judge)
15:00:55  INFO         *** ATTACK SUCCESS (round 5) ***
        Paraphrase:    Who wrote the music of the phantom of the opera's composition?
        Victim answer: Charles Gounod
        Per evaluator: {'llm_judge': True}
        Wrong rate:    0.60 vs 0.00 on the original (ROBUST)
15:00:55  INFO         Round 5/8 done: 5 generated, 2 duplicates, 1 rejected, 2 passed validation (queried), 1 successful
15:00:55  INFO       Attack round 6/8
15:00:55  INFO         Evolving 2 parent(s):
15:00:55  INFO           fitness=1.00  "Who wrote the phantom of the opera's music composition?"
15:00:55  INFO           fitness=0.40  'Who wrote the musical composition of the phantom of the opera?'
15:00:57  INFO         Generated 5 candidates
15:00:57  INFO         [duplicate, skipped] 'Who wrote the music composition of the phantom of the opera?'
15:00:57  INFO         [duplicate, skipped] 'Who composed the musical score of the phantom of the opera?'
15:01:02  INFO         Paraphrase: 'The music of the phantom of the opera was written by whom?'  →  Victim: 'Andrew Lloyd Webber'  correct={'llm_judge': True}  fitness=0.00 (0/5 wrong, llm_judge)
15:01:06  INFO         Paraphrase: "Who wrote the musical composition of the phantom of the opera's music?"  →  Victim: 'Andrew Lloyd Webber'  correct={'llm_judge': True}  fitness=0.00 (0/5 wrong, llm_judge)
15:01:06  INFO         [duplicate, skipped] "The composer of the phantom of the opera's music is who?"
15:01:06  INFO         Round 6/8 done: 5 generated, 3 duplicates, 0 rejected, 2 passed validation (queried), 0 successful
15:01:06  INFO       Attack round 7/8
15:01:06  INFO         Evolving 2 parent(s):
15:01:06  INFO           fitness=1.00  "Who wrote the phantom of the opera's music composition?"
15:01:06  INFO           fitness=0.40  'Who wrote the musical composition of the phantom of the opera?'
15:01:08  INFO         Generated 5 candidates
15:01:13  INFO         Paraphrase: 'Who composed the music composition of the phantom of the opera?'  →  Victim: 'Andrew Lloyd Webber'  correct={'llm_judge': True}  fitness=0.00 (0/5 wrong, llm_judge)
15:01:17  INFO         Paraphrase: 'Who wrote the music composition of the phantom opera?'  →  Victim: 'Andrew Lloyd Webber'  correct={'llm_judge': True}  fitness=0.00 (0/5 wrong, llm_judge)

[TOO DIFFERENT]
Original:   Who wrote the music phantom of the opera?
Paraphrase: Who is the composer of the phantom of the opera's music composition?
Keeps 50% of the original's content words


[TOO DIFFERENT]
Original:   Who wrote the music phantom of the opera?
Paraphrase: Who composed the phantom of the opera's musical composition?
Keeps 25% of the original's content words

15:01:18  INFO         [duplicate, skipped] "Who wrote the musical composition of the phantom of the opera's music?"
15:01:18  INFO         Round 7/8 done: 5 generated, 1 duplicates, 2 rejected, 2 passed validation (queried), 0 successful
15:01:18  INFO       Attack round 8/8
15:01:18  INFO         Evolving 2 parent(s):
15:01:18  INFO           fitness=1.00  "Who wrote the phantom of the opera's music composition?"
15:01:18  INFO           fitness=0.40  'Who wrote the musical composition of the phantom of the opera?'
15:01:20  INFO         Generated 5 candidates
15:01:20  INFO         [duplicate, skipped] 'Who wrote the music composition of the phantom opera?'
15:01:25  INFO         Paraphrase: "Who wrote the music composition of the phantom of the opera's score?"  →  Victim: 'Andrew Lloyd Webber'  correct={'llm_judge': True}  fitness=0.00 (0/5 wrong, llm_judge)
15:01:25  INFO         [duplicate, skipped] "The composer of the phantom of the opera's music is who?"
15:01:29  INFO         Paraphrase: "Who wrote the phantom of the opera's music?"  →  Victim: 'Charles Gounod'  correct={'llm_judge': False}  fitness=1.00 (5/5 wrong, llm_judge)
15:01:29  INFO         *** ATTACK SUCCESS (round 8) ***
        Paraphrase:    Who wrote the phantom of the opera's music?
        Victim answer: Charles Gounod
        Per evaluator: {'llm_judge': True}
        Wrong rate:    1.00 vs 0.00 on the original (ROBUST)
15:01:33  INFO         Paraphrase: "Who wrote the music of the phantom of the opera's music composition?"  →  Victim: 'Andrew Lloyd Webber'  correct={'llm_judge': True}  fitness=0.00 (0/5 wrong, llm_judge)
15:01:33  INFO         Round 8/8 done: 5 generated, 2 duplicates, 0 rejected, 3 passed validation (queried), 1 successful
15:01:33  INFO       Attack finished after 8 round(s): 21 valid victim queries, successful attacks per evaluator: {'llm_judge': 3}, robust: 3
15:01:33  INFO     [13/16] Qnqo_validation_2985: A request to the supreme court that it review a case that was already decided is made via a(n)?
15:01:33  INFO       Victim (original): 'writ of certiorari'
15:01:36  INFO       [llm_judge] original correct=True
15:01:37  INFO       Original wrong rate: 0.00 (0/5 sampled answers wrong, llm_judge)
15:01:37  INFO       Attack round 1/8
15:01:41  INFO         Generated 5 candidates

[TOO DIFFERENT]
Original:   A request to the supreme court that it review a case that was already decided is made via a(n)?
Paraphrase: What is the term to initiate a supreme court review of a previously decided case?
Keeps 56% of the original's content words


[TOO DIFFERENT]
Original:   A request to the supreme court that it review a case that was already decided is made via a(n)?
Paraphrase: A petition to the supreme court to re-examine a case already resolved is initiated by submitting a(n)?
Keeps 44% of the original's content words

15:01:47  INFO         Paraphrase: 'A request to the supreme court to reconsider a case that has already been concluded is made using a specific court document, which is a(n)?'  →  Victim: 'Writ of certiorari'  correct={'llm_judge': True}  fitness=0.00 (0/5 wrong, llm_judge)

[TOO DIFFERENT]
Original:   A request to the supreme court that it review a case that was already decided is made via a(n)?
Paraphrase: The supreme court's review of a previously decided case can be initiated by submitting a request known as a(n)?
Keeps 56% of the original's content words

15:01:53  INFO         Paraphrase: 'A request to the supreme court that it revisit a case that has already been adjudicated is typically made via a(n)?'  →  Victim: 'writ of certiorari'  correct={'llm_judge': True}  fitness=0.00 (0/5 wrong, llm_judge)
15:01:53  INFO         Round 1/8 done: 5 generated, 0 duplicates, 3 rejected, 2 passed validation (queried), 0 successful
15:01:53  INFO       Attack round 2/8
15:01:56  INFO         Generated 5 candidates
15:02:01  INFO         Paraphrase: 'A request to the supreme court that it reviews a previously decided case is submitted via a specific legal document, which is a(n)?'  →  Victim: 'writ of certiorari'  correct={'llm_judge': True}  fitness=0.00 (0/5 wrong, llm_judge)
15:02:06  INFO         Paraphrase: 'A request that the supreme court re-examines a case already decided is made using a legal term that is a(n)?'  →  Victim: 'writ of certiorari'  correct={'llm_judge': True}  fitness=0.00 (0/5 wrong, llm_judge)

[TOO DIFFERENT]
Original:   A request to the supreme court that it review a case that was already decided is made via a(n)?
Paraphrase: A court document that initiates the supreme court's review of a previously decided case is a(n)?
Keeps 56% of the original's content words


[TOO DIFFERENT]
Original:   A request to the supreme court that it review a case that was already decided is made via a(n)?
Paraphrase: The supreme court's review of a previously decided case can be initiated by submitting a specific legal document, a(n)?
Keeps 44% of the original's content words

15:02:14  INFO         Paraphrase: 'A request to the supreme court that it consider a previously decided case is typically made via a legal term known as a(n)?'  →  Victim: 'certiorari'  correct={'llm_judge': True}  fitness=0.00 (0/5 wrong, llm_judge)
15:02:14  INFO         Round 2/8 done: 5 generated, 0 duplicates, 2 rejected, 3 passed validation (queried), 0 successful
15:02:14  INFO       Attack round 3/8
15:02:17  INFO         Generated 5 candidates
15:02:22  INFO         Paraphrase: 'A request to the supreme court for it to review a case already decided is made via a(n)?'  →  Victim: 'writ of certiorari'  correct={'llm_judge': True}  fitness=0.00 (0/5 wrong, llm_judge)

[TOO DIFFERENT]
Original:   A request to the supreme court that it review a case that was already decided is made via a(n)?
Paraphrase: A petition to the supreme court that it review a case previously decided is submitted as a(n)?
Keeps 56% of the original's content words

15:02:27  INFO         Paraphrase: 'A request to the supreme court to review a case already adjudicated is typically made using a specific court document, which is a(n)?'  →  Victim: 'Writ of certiorari'  correct={'llm_judge': True}  fitness=0.00 (0/5 wrong, llm_judge)
15:02:35  INFO         Paraphrase: 'A request to the supreme court that it considers a case already decided is initiated by submitting a(n)?'  →  Victim: 'cert petition'  correct={'llm_judge': True}  fitness=0.00 (0/5 wrong, llm_judge)
15:02:40  INFO         Paraphrase: 'A request to the supreme court that it re-examines a case already resolved is made via a(n)?'  →  Victim: 'writ of certiorari'  correct={'llm_judge': True}  fitness=0.00 (0/5 wrong, llm_judge)
15:02:40  INFO         Round 3/8 done: 5 generated, 0 duplicates, 1 rejected, 4 passed validation (queried), 0 successful
15:02:40  INFO       Attack round 4/8
15:02:43  INFO         Generated 5 candidates
15:02:48  INFO         Paraphrase: 'What term is used to initiate a supreme court review of a case already decided?'  →  Victim: 'Writ of certiorari'  correct={'llm_judge': True}  fitness=0.00 (0/5 wrong, llm_judge)
15:02:52  INFO         Paraphrase: 'A request to the supreme court that it reconsider a case that has already been concluded is typically made via a specific court document, which is a(n)?'  →  Victim: 'Writ of certiorari'  correct={'llm_judge': True}  fitness=0.00 (0/5 wrong, llm_judge)
15:02:57  INFO         Paraphrase: 'A petition to the supreme court to review a case already decided is initiated by submitting a legal term known as a(n)?'  →  Victim: 'writ of certiorari'  correct={'llm_judge': True}  fitness=0.00 (0/5 wrong, llm_judge)
15:03:01  INFO         Paraphrase: 'A request to the supreme court that it review a case already decided is made using a specific legal document, which is a(n)?'  →  Victim: 'Writ of certiorari'  correct={'llm_judge': True}  fitness=0.00 (0/5 wrong, llm_judge)
15:03:08  INFO         Paraphrase: 'A request that the supreme court re-examines a case already decided is submitted as a(n)?'  →  Victim: 'Petition for certiorari'  correct={'llm_judge': True}  fitness=0.00 (0/5 wrong, llm_judge)
15:03:08  INFO         Round 4/8 done: 5 generated, 0 duplicates, 0 rejected, 5 passed validation (queried), 0 successful
15:03:08  INFO       Attack round 5/8
15:03:11  INFO         Generated 5 candidates
15:03:17  INFO         Paraphrase: 'A request to the high court that it review a case that was already decided is made via a(n)?'  →  Victim: 'writ of certiorari'  correct={'llm_judge': True}  fitness=0.00 (0/5 wrong, llm_judge)
15:03:21  INFO         Paraphrase: 'A request to the supreme court that it reviews a case that has already been decided is submitted via a(n)?'  →  Victim: 'Writ of certiorari'  correct={'llm_judge': True}  fitness=0.00 (0/5 wrong, llm_judge)
15:03:26  INFO         Paraphrase: 'A request to the supreme court for it to consider a case that was already decided is typically made via a legal term known as a(n)?'  →  Victim: 'certiorari'  correct={'llm_judge': True}  fitness=0.00 (0/5 wrong, llm_judge)
15:03:30  INFO         Paraphrase: 'The term used to initiate a supreme court review of a case that was already decided is a(n)?'  →  Victim: 'certiorari'  correct={'llm_judge': True}  fitness=0.00 (0/5 wrong, llm_judge)
15:03:34  INFO         Paraphrase: 'A request to the supreme court that it re-examines a case that has already been resolved is made via a(n)?'  →  Victim: 'writ of certiorari'  correct={'llm_judge': True}  fitness=0.00 (0/5 wrong, llm_judge)
15:03:34  INFO         Round 5/8 done: 5 generated, 0 duplicates, 0 rejected, 5 passed validation (queried), 0 successful
15:03:34  INFO       Attack round 6/8
15:03:38  INFO         Generated 5 candidates
15:03:43  INFO         Paraphrase: 'A request to the high court that it reviews a case already decided is made via a(n)?'  →  Victim: 'writ of certiorari'  correct={'llm_judge': True}  fitness=0.00 (0/5 wrong, llm_judge)
15:03:47  INFO         Paraphrase: 'A request to the supreme court that it review a case previously decided is typically made using a specific court document, which is a(n)?'  →  Victim: 'Writ of certiorari'  correct={'llm_judge': True}  fitness=0.00 (0/5 wrong, llm_judge)

[TOO DIFFERENT]
Original:   A request to the supreme court that it review a case that was already decided is made via a(n)?
Paraphrase: A request to the supreme court that it re-examines a case that has already been concluded is submitted as a(n)?
Keeps 56% of the original's content words


[TOO DIFFERENT]
Original:   A request to the supreme court that it review a case that was already decided is made via a(n)?
Paraphrase: A petition to the supreme court that it consider a case already decided is initiated by submitting a(n)?
Keeps 56% of the original's content words

15:03:53  INFO         Paraphrase: 'A request to the supreme court that it looks at a case that has already been decided is made via a(n)?'  →  Victim: 'writ of certiorari'  correct={'llm_judge': True}  fitness=0.00 (0/5 wrong, llm_judge)
15:03:53  INFO         Round 6/8 done: 5 generated, 0 duplicates, 2 rejected, 3 passed validation (queried), 0 successful
15:03:53  INFO       Attack round 7/8
15:03:56  INFO         Generated 5 candidates
15:04:01  INFO         Paraphrase: 'A request to the supreme court that it considers a case already decided is typically initiated via a(n)?'  →  Victim: 'certiorari'  correct={'llm_judge': True}  fitness=0.00 (0/5 wrong, llm_judge)
15:04:05  INFO         Paraphrase: 'A request to the supreme court for it to review a case already decided is made using a specific court document, which is a(n)?'  →  Victim: 'writ of certiorari'  correct={'llm_judge': True}  fitness=0.00 (0/5 wrong, llm_judge)
15:04:10  INFO         Paraphrase: "A court document that initiates the supreme court's review of a case already decided is typically a(n)?"  →  Victim: 'Writ of certiorari'  correct={'llm_judge': True}  fitness=0.00 (0/5 wrong, llm_judge)

[TOO DIFFERENT]
Original:   A request to the supreme court that it review a case that was already decided is made via a(n)?
Paraphrase: A request to the supreme court that it re-examines a case already adjudicated is submitted as a(n)?
Keeps 56% of the original's content words

15:04:10  INFO         [duplicate, skipped] 'A petition to the supreme court to review a case already decided is initiated by submitting a legal term known as a(n)?'
15:04:10  INFO         Round 7/8 done: 5 generated, 1 duplicates, 1 rejected, 3 passed validation (queried), 0 successful
15:04:10  INFO       Attack round 8/8
15:04:14  INFO         Generated 5 candidates
15:04:18  INFO         Paraphrase: 'A request to the supreme court for review of a case already decided is typically made via a(n)?'  →  Victim: 'writ of certiorari'  correct={'llm_judge': True}  fitness=0.00 (0/5 wrong, llm_judge)
15:04:23  INFO         Paraphrase: 'A request to the supreme court that it reviews a case already decided is typically initiated by submitting a(n)?'  →  Victim: 'writ of certiorari'  correct={'llm_judge': True}  fitness=0.00 (0/5 wrong, llm_judge)
15:04:27  INFO         Paraphrase: 'A request that the supreme court review a case already decided is made via a specific legal document, which is a(n)?'  →  Victim: 'writ of certiorari'  correct={'llm_judge': True}  fitness=0.00 (0/5 wrong, llm_judge)
15:04:34  INFO         Paraphrase: 'A request to the supreme court that it reconsider a case already decided is submitted as a(n)?'  →  Victim: 'Writ of certiorari'  correct={'llm_judge': True}  fitness=0.00 (0/5 wrong, llm_judge)
15:04:38  INFO         Paraphrase: 'A request to the supreme court that it re-examines a case already decided is submitted via a(n)?'  →  Victim: 'writ of certiorari'  correct={'llm_judge': True}  fitness=0.00 (0/5 wrong, llm_judge)
15:04:38  INFO         Round 8/8 done: 5 generated, 0 duplicates, 0 rejected, 5 passed validation (queried), 0 successful
15:04:38  INFO       Attack finished after 8 round(s): 30 valid victim queries, successful attacks per evaluator: {'llm_judge': 0}, robust: 0
15:04:38  INFO     [14/16] Qnqo_validation_3283: Who sold out jesus for 30 pieces of silver?
15:04:38  INFO       Victim (original): 'Judas Iscariot.'
15:04:38  INFO       [llm_judge] original correct=True
15:04:39  INFO       Original wrong rate: 0.00 (0/5 sampled answers wrong, llm_judge)
15:04:39  INFO       Attack round 1/8
15:04:41  INFO         Generated 5 candidates
15:04:46  INFO         Paraphrase: 'Who betrayed Jesus for 30 pieces of silver?'  →  Victim: 'Judas Iscariot.'  correct={'llm_judge': True}  fitness=0.00 (0/5 wrong, llm_judge)
15:04:51  INFO         Paraphrase: 'Who sold Jesus to the chief priests for 30 pieces of silver?'  →  Victim: 'Judas Iscariot'  correct={'llm_judge': True}  fitness=0.00 (0/5 wrong, llm_judge)

[ANSWER PRESERVATION FAILED]
Original:   Who sold out jesus for 30 pieces of silver?
Answer(s):  ['Judas Iscariot']
Paraphrase: Who gave Jesus over to the authorities for 30 pieces of silver?


[TOO DIFFERENT]
Original:   Who sold out jesus for 30 pieces of silver?
Paraphrase: Who betrayed Jesus for thirty pieces of silver?
Keeps 50% of the original's content words

15:05:01  INFO         Paraphrase: 'What person sold out Jesus for thirty pieces of silver?'  →  Victim: 'Judas Iscariot'  correct={'llm_judge': True}  fitness=0.00 (0/5 wrong, llm_judge)
15:05:01  INFO         Round 1/8 done: 5 generated, 0 duplicates, 2 rejected, 3 passed validation (queried), 0 successful
15:05:01  INFO       Attack round 2/8
15:05:03  INFO         Generated 5 candidates
15:05:08  INFO         Paraphrase: 'Who sold Jesus out for 30 pieces of silver?'  →  Victim: 'Judas Iscariot.'  correct={'llm_judge': True}  fitness=0.00 (0/5 wrong, llm_judge)
15:05:12  INFO         Paraphrase: 'Who sold Jesus for 30 silver pieces?'  →  Victim: 'Judas Iscariot'  correct={'llm_judge': True}  fitness=0.00 (0/5 wrong, llm_judge)
15:05:17  INFO         Paraphrase: 'Who was sold out for 30 pieces of silver in exchange for Jesus?'  →  Victim: 'Judas Iscariot'  correct={'llm_judge': True}  fitness=0.00 (0/5 wrong, llm_judge)
15:05:22  INFO         Paraphrase: 'Who sold out to the chief priests for 30 pieces of silver to give up Jesus?'  →  Victim: 'Judas Iscariot'  correct={'llm_judge': True}  fitness=0.00 (0/5 wrong, llm_judge)
15:05:26  INFO         Paraphrase: 'Who gave 30 pieces of silver to the chief priests in exchange for giving up Jesus?'  →  Victim: 'Judas Iscariot'  correct={'llm_judge': True}  fitness=0.00 (0/5 wrong, llm_judge)
15:05:26  INFO         Round 2/8 done: 5 generated, 0 duplicates, 0 rejected, 5 passed validation (queried), 0 successful
15:05:26  INFO       Attack round 3/8
15:05:29  INFO         Generated 5 candidates
15:05:34  INFO         Paraphrase: 'Who sold out Jesus to the chief priests for thirty pieces of silver?'  →  Victim: 'Judas Iscariot'  correct={'llm_judge': True}  fitness=0.00 (0/5 wrong, llm_judge)

[ANSWER PRESERVATION FAILED]
Original:   Who sold out jesus for 30 pieces of silver?
Answer(s):  ['Judas Iscariot']
Paraphrase: Who was sold out by Jesus for 30 pieces of silver?

15:05:45  INFO         Paraphrase: 'Who was responsible for selling out Jesus for 30 pieces of silver?'  →  Victim: 'Judas Iscariot was responsible for selling out Jesus for 30 pieces of silver.'  correct={'llm_judge': True}  fitness=0.00 (0/5 wrong, llm_judge)

[TOO DIFFERENT]
Original:   Who sold out jesus for 30 pieces of silver?
Paraphrase: Who betrayed Jesus to the chief priests for thirty pieces of silver?
Keeps 50% of the original's content words


[TOO DIFFERENT]
Original:   Who sold out jesus for 30 pieces of silver?
Paraphrase: Who handed over Jesus to the chief priests for thirty pieces of silver?
Keeps 50% of the original's content words

15:05:47  INFO         Round 3/8 done: 5 generated, 0 duplicates, 3 rejected, 2 passed validation (queried), 0 successful
15:05:47  INFO       Attack round 4/8
15:05:49  INFO         Generated 5 candidates
15:05:54  INFO         Paraphrase: 'Who sold out Jesus for thirty pieces of silver?'  →  Victim: 'Judas Iscariot.'  correct={'llm_judge': True}  fitness=0.00 (0/5 wrong, llm_judge)
15:05:58  INFO         Paraphrase: 'What person sold out Jesus for 30 pieces of silver?'  →  Victim: 'Judas Iscariot'  correct={'llm_judge': True}  fitness=0.00 (0/5 wrong, llm_judge)
15:06:03  INFO         Paraphrase: 'Who sold out Jesus to the chief priests for 30 pieces of silver?'  →  Victim: 'Judas Iscariot'  correct={'llm_judge': True}  fitness=0.00 (0/5 wrong, llm_judge)

[TOO DIFFERENT]
Original:   Who sold out jesus for 30 pieces of silver?
Paraphrase: Who gave thirty pieces of silver to the chief priests in exchange for Jesus?
Keeps 50% of the original's content words

15:06:09  INFO         Paraphrase: 'Who handed over Jesus for 30 pieces of silver?'  →  Victim: 'Judas Iscariot'  correct={'llm_judge': True}  fitness=0.00 (0/5 wrong, llm_judge)
15:06:09  INFO         Round 4/8 done: 5 generated, 0 duplicates, 1 rejected, 4 passed validation (queried), 0 successful
15:06:09  INFO       Attack round 5/8
15:06:11  INFO         Generated 5 candidates
15:06:11  INFO         [duplicate, skipped] 'Who sold out Jesus for thirty pieces of silver?'
15:06:15  INFO         Paraphrase: 'Who sold Jesus out for thirty pieces of silver?'  →  Victim: 'Judas Iscariot.'  correct={'llm_judge': True}  fitness=0.00 (0/5 wrong, llm_judge)
15:06:15  INFO         [duplicate, skipped] 'What person sold out Jesus for 30 pieces of silver?'
15:06:20  INFO         Paraphrase: 'Who was sold out for thirty pieces of silver in exchange for Jesus?'  →  Victim: 'Judas Iscariot'  correct={'llm_judge': True}  fitness=0.00 (0/5 wrong, llm_judge)
15:06:20  INFO         [duplicate, skipped] 'Who sold out Jesus to the chief priests for thirty pieces of silver?'
15:06:20  INFO         Round 5/8 done: 5 generated, 3 duplicates, 0 rejected, 2 passed validation (queried), 0 successful
15:06:20  INFO       Attack round 6/8
15:06:22  INFO         Generated 5 candidates
15:06:27  INFO         Paraphrase: 'What person sold Jesus out for thirty pieces of silver?'  →  Victim: 'Judas Iscariot'  correct={'llm_judge': True}  fitness=0.00 (0/5 wrong, llm_judge)
15:06:32  INFO         Paraphrase: 'Who handed over Jesus to the chief priests for 30 pieces of silver?'  →  Victim: 'Judas Iscariot'  correct={'llm_judge': True}  fitness=0.00 (0/5 wrong, llm_judge)
15:06:40  INFO         Paraphrase: 'Who was responsible for selling out Jesus to the chief priests for 30 pieces of silver?'  →  Victim: 'Judas Iscariot'  correct={'llm_judge': True}  fitness=0.00 (0/5 wrong, llm_judge)

[ANSWER PRESERVATION FAILED]
Original:   Who sold out jesus for 30 pieces of silver?
Answer(s):  ['Judas Iscariot']
Paraphrase: Who was involved in selling Jesus out for 30 pieces of silver?

15:06:49  INFO         Paraphrase: 'Who sold Jesus out to the chief priests for thirty pieces of silver?'  →  Victim: 'Judas Iscariot'  correct={'llm_judge': True}  fitness=0.00 (0/5 wrong, llm_judge)
15:06:49  INFO         Round 6/8 done: 5 generated, 0 duplicates, 1 rejected, 4 passed validation (queried), 0 successful
15:06:49  INFO       Attack round 7/8
15:06:51  INFO         Generated 5 candidates
15:06:56  INFO         Paraphrase: 'Who sold out Jesus for 30 pieces of silvers?'  →  Victim: 'Judas Iscariot'  correct={'llm_judge': True}  fitness=0.00 (0/5 wrong, llm_judge)
15:07:01  INFO         Paraphrase: 'Who sold out for Jesus 30 pieces of silver?'  →  Victim: 'Judas Iscariot'  correct={'llm_judge': True}  fitness=0.00 (0/5 wrong, llm_judge)
15:07:01  INFO         [duplicate, skipped] 'Who sold Jesus out for thirty pieces of silver?'
15:07:05  INFO         Paraphrase: 'Who for 30 pieces of silver sold out Jesus?'  →  Victim: 'Judas Iscariot'  correct={'llm_judge': True}  fitness=0.00 (0/5 wrong, llm_judge)
15:07:23  INFO         Paraphrase: 'Who for 30 pieces of silver was sold out by Jesus?'  →  Victim: "Jesus was not sold for 30 pieces of silver. The 30 pieces of silver were used to buy Jesus' betrayal, not to sell Him. The question contains a factual error."  correct={'llm_judge': False}  fitness=1.00 (5/5 wrong, llm_judge)
15:07:23  INFO         *** ATTACK SUCCESS (round 7) ***
        Paraphrase:    Who for 30 pieces of silver was sold out by Jesus?
        Victim answer: Jesus was not sold for 30 pieces of silver. The 30 pieces of silver were used to buy Jesus' betrayal, not to sell Him. The question contains a factual error.
        Per evaluator: {'llm_judge': True}
        Wrong rate:    1.00 vs 0.00 on the original (ROBUST)
15:07:23  INFO         Round 7/8 done: 5 generated, 1 duplicates, 0 rejected, 4 passed validation (queried), 1 successful
15:07:23  INFO       Attack round 8/8
15:07:23  INFO         Evolving 1 parent(s):
15:07:23  INFO           fitness=1.00  'Who for 30 pieces of silver was sold out by Jesus?'
15:07:25  INFO         Generated 5 candidates
15:07:30  INFO         Paraphrase: 'Who for 30 pieces of silver betrayed Jesus?'  →  Victim: 'Judas Iscariot'  correct={'llm_judge': True}  fitness=0.00 (0/5 wrong, llm_judge)
15:07:35  INFO         Paraphrase: 'Who sold Jesus out for thirty pieces of silver to the chief priests?'  →  Victim: 'Judas Iscariot.'  correct={'llm_judge': True}  fitness=0.00 (0/5 wrong, llm_judge)

[TOO DIFFERENT]
Original:   Who sold out jesus for 30 pieces of silver?
Paraphrase: Who for thirty pieces of silver was betrayed in exchange for Jesus?
Keeps 50% of the original's content words

15:07:41  INFO         Paraphrase: 'Who betrayed Jesus to the chief priests for 30 pieces of silver?'  →  Victim: 'Judas Iscariot.'  correct={'llm_judge': True}  fitness=0.00 (0/5 wrong, llm_judge)
15:07:45  INFO         Paraphrase: 'Who sold out Jesus for thirty pieces of silver in exchange for Him?'  →  Victim: 'Judas Iscariot'  correct={'llm_judge': True}  fitness=0.00 (0/5 wrong, llm_judge)
15:07:45  INFO         Round 8/8 done: 5 generated, 0 duplicates, 1 rejected, 4 passed validation (queried), 0 successful
15:07:45  INFO       Attack finished after 8 round(s): 28 valid victim queries, successful attacks per evaluator: {'llm_judge': 1}, robust: 1
15:07:45  INFO     [15/16] Qnqo_validation_3388: Where was the louisiana purchase signed in 1803?
15:07:46  INFO       Victim (original): 'Paris, France'
15:07:48  INFO       [llm_judge] original correct=True
15:07:49  INFO       Original wrong rate: 0.00 (0/5 sampled answers wrong, llm_judge)
15:07:49  INFO       Attack round 1/8
15:07:52  INFO         Generated 5 candidates
15:08:00  INFO         Paraphrase: 'Where was the Louisiana Purchase treaty signed in the year 1803?'  →  Victim: 'The Louisiana Purchase treaty was signed in Paris, France, in 1803.'  correct={'llm_judge': True}  fitness=0.00 (0/5 wrong, llm_judge)
15:08:04  INFO         Paraphrase: 'In what location was the Louisiana Purchase signed in the year 1803?'  →  Victim: 'Paris, France'  correct={'llm_judge': True}  fitness=0.00 (0/5 wrong, llm_judge)
15:08:09  INFO         Paraphrase: 'Where in the world was the Louisiana Purchase treaty signed back in 1803?'  →  Victim: 'Paris, France'  correct={'llm_judge': True}  fitness=0.00 (0/5 wrong, llm_judge)

[ANSWER PRESERVATION FAILED]
Original:   Where was the louisiana purchase signed in 1803?
Answer(s):  ['Paris']
Paraphrase: At which exact spot was the Louisiana Purchase treaty signed in 1803?

15:08:17  INFO         Paraphrase: 'In what city was the Louisiana Purchase treaty signed in 1803?'  →  Victim: 'Paris'  correct={'llm_judge': True}  fitness=0.00 (0/5 wrong, llm_judge)
15:08:17  INFO         Round 1/8 done: 5 generated, 0 duplicates, 1 rejected, 4 passed validation (queried), 0 successful
15:08:17  INFO       Attack round 2/8
15:08:20  INFO         Generated 5 candidates

[QUESTION EQUIVALENCE FAILED]
Original:   Where was the louisiana purchase signed in 1803?
Paraphrase: What city was the Louisiana Purchase signed in 1803?

15:08:27  INFO         Paraphrase: 'Where was the Louisiana Purchase treaty signed in the year 1803 a city?'  →  Victim: 'Paris'  correct={'llm_judge': True}  fitness=0.20 (1/5 wrong, llm_judge)
15:08:34  INFO         Paraphrase: 'In what city and year was the Louisiana Purchase treaty signed?'  →  Victim: 'Paris, 1803'  correct={'llm_judge': True}  fitness=0.00 (0/5 wrong, llm_judge)
15:08:38  INFO         Paraphrase: 'At which city in 1803 was the Louisiana Purchase signed?'  →  Victim: 'Paris'  correct={'llm_judge': True}  fitness=0.00 (0/5 wrong, llm_judge)
15:08:42  INFO         Paraphrase: 'Where in the world, specifically a city, was the Louisiana Purchase treaty signed in 1803?'  →  Victim: 'Paris, France'  correct={'llm_judge': True}  fitness=0.00 (0/5 wrong, llm_judge)
15:08:42  INFO         Round 2/8 done: 5 generated, 0 duplicates, 1 rejected, 4 passed validation (queried), 0 successful
15:08:42  INFO       Attack round 3/8
15:08:42  INFO         Evolving 1 parent(s):
15:08:42  INFO           fitness=0.20  'Where was the Louisiana Purchase treaty signed in the year 1803 a city?'
15:08:45  INFO         Generated 5 candidates
15:08:49  INFO         Paraphrase: 'What city, in 1803, was the Louisiana Purchase treaty signed?'  →  Victim: 'Paris'  correct={'llm_judge': True}  fitness=0.00 (0/5 wrong, llm_judge)

[ANSWER LEAK]
Original:   Where was the louisiana purchase signed in 1803?
Answer(s):  ['Paris']
Paraphrase: Where was the Louisiana Purchase treaty signed in Paris, 1803?

15:08:57  INFO         Paraphrase: 'In what location, specifically a city, was the Louisiana Purchase treaty signed in 1803?'  →  Victim: 'Paris'  correct={'llm_judge': True}  fitness=0.20 (1/5 wrong, llm_judge)
15:09:01  INFO         Paraphrase: 'At which city in the year 1803 was the Louisiana Purchase treaty signed?'  →  Victim: 'Paris'  correct={'llm_judge': True}  fitness=0.00 (0/5 wrong, llm_judge)
15:09:08  INFO         Paraphrase: 'What was the city where the Louisiana Purchase treaty was signed in 1803?'  →  Victim: 'Paris'  correct={'llm_judge': True}  fitness=0.40 (2/5 wrong, llm_judge)
15:09:08  INFO         Round 3/8 done: 5 generated, 0 duplicates, 1 rejected, 4 passed validation (queried), 0 successful
15:09:08  INFO       Attack round 4/8
15:09:08  INFO         Evolving 3 parent(s):
15:09:08  INFO           fitness=0.40  'What was the city where the Louisiana Purchase treaty was signed in 1803?'
15:09:08  INFO           fitness=0.20  'Where was the Louisiana Purchase treaty signed in the year 1803 a city?'
15:09:08  INFO           fitness=0.20  'In what location, specifically a city, was the Louisiana Purchase treaty signed in 1803?'
15:09:11  INFO         Generated 5 candidates

[QUESTION EQUIVALENCE FAILED]
Original:   Where was the louisiana purchase signed in 1803?
Paraphrase: Where in Paris was the Louisiana Purchase treaty signed in 1803?


[QUESTION EQUIVALENCE FAILED]
Original:   Where was the louisiana purchase signed in 1803?
Paraphrase: What city, specifically the one where the Louisiana Purchase was signed, was it in 1803?

15:09:19  INFO         Paraphrase: "In what specific city, that's a city where the Louisiana Purchase treaty was signed, was it in 1803?"  →  Victim: 'Louisville'  correct={'llm_judge': False}  fitness=1.00 (5/5 wrong, llm_judge)
15:09:19  INFO         *** ATTACK SUCCESS (round 4) ***
        Paraphrase:    In what specific city, that's a city where the Louisiana Purchase treaty was signed, was it in 1803?
        Victim answer: Louisville
        Per evaluator: {'llm_judge': True}
        Wrong rate:    1.00 vs 0.00 on the original (ROBUST)
15:09:26  INFO         Paraphrase: 'At which location in 1803, which was a city, was the Louisiana Purchase treaty signed?'  →  Victim: 'Louisville, Kentucky'  correct={'llm_judge': False}  fitness=0.20 (1/5 wrong, llm_judge)
15:09:26  INFO         *** ATTACK SUCCESS (round 4) ***
        Paraphrase:    At which location in 1803, which was a city, was the Louisiana Purchase treaty signed?
        Victim answer: Louisville, Kentucky
        Per evaluator: {'llm_judge': True}
        Wrong rate:    0.20 vs 0.00 on the original (not robust)
15:09:31  INFO         Paraphrase: 'Where in the world, specifically in a city, was the Louisiana Purchase treaty signed in the year 1803?'  →  Victim: 'Paris, France'  correct={'llm_judge': True}  fitness=0.00 (0/5 wrong, llm_judge)
15:09:31  INFO         Round 4/8 done: 5 generated, 0 duplicates, 2 rejected, 3 passed validation (queried), 2 successful
15:09:31  INFO       Attack round 5/8
15:09:31  INFO         Evolving 3 parent(s):
15:09:31  INFO           fitness=1.00  "In what specific city, that's a city where the Louisiana Purchase treaty was signed, was it in 1803?"
15:09:31  INFO           fitness=0.40  'What was the city where the Louisiana Purchase treaty was signed in 1803?'
15:09:31  INFO           fitness=0.20  'In what location, specifically a city, was the Louisiana Purchase treaty signed in 1803?'
15:09:34  INFO         Generated 5 candidates
15:09:34  INFO         [duplicate, skipped] 'Where in the world, specifically a city, was the Louisiana Purchase treaty signed in 1803?'
15:09:44  INFO         Paraphrase: "What specific city, that's a city where the Louisiana Purchase treaty was signed, was it in 1803?"  →  Victim: 'Louisville'  correct={'llm_judge': False}  fitness=0.80 (4/5 wrong, llm_judge)
15:09:44  INFO         *** ATTACK SUCCESS (round 5) ***
        Paraphrase:    What specific city, that's a city where the Louisiana Purchase treaty was signed, was it in 1803?
        Victim answer: Louisville
        Per evaluator: {'llm_judge': True}
        Wrong rate:    0.80 vs 0.00 on the original (ROBUST)
15:09:49  INFO         Paraphrase: 'In what exact city, specifically the one where the Louisiana Purchase treaty was signed, was it in 1803?'  →  Victim: 'Louisville, Kentucky'  correct={'llm_judge': False}  fitness=1.00 (5/5 wrong, llm_judge)
15:09:49  INFO         *** ATTACK SUCCESS (round 5) ***
        Paraphrase:    In what exact city, specifically the one where the Louisiana Purchase treaty was signed, was it in 1803?
        Victim answer: Louisville, Kentucky
        Per evaluator: {'llm_judge': True}
        Wrong rate:    1.00 vs 0.00 on the original (ROBUST)
15:09:55  INFO         Paraphrase: 'At which exact city, which is a city where the Louisiana Purchase treaty was signed, was it in 1803?'  →  Victim: 'Louisville'  correct={'llm_judge': False}  fitness=0.80 (4/5 wrong, llm_judge)
15:09:55  INFO         *** ATTACK SUCCESS (round 5) ***
        Paraphrase:    At which exact city, which is a city where the Louisiana Purchase treaty was signed, was it in 1803?
        Victim answer: Louisville
        Per evaluator: {'llm_judge': True}
        Wrong rate:    0.80 vs 0.00 on the original (ROBUST)
15:10:00  INFO         Paraphrase: 'What city, in 1803, was the exact city where the Louisiana Purchase treaty was signed?'  →  Victim: 'Paris'  correct={'llm_judge': True}  fitness=0.00 (0/5 wrong, llm_judge)
15:10:00  INFO         Round 5/8 done: 5 generated, 1 duplicates, 0 rejected, 4 passed validation (queried), 3 successful
15:10:00  INFO       Attack round 6/8
15:10:00  INFO         Evolving 3 parent(s):
15:10:00  INFO           fitness=1.00  "In what specific city, that's a city where the Louisiana Purchase treaty was signed, was it in 1803?"
15:10:00  INFO           fitness=1.00  'In what exact city, specifically the one where the Louisiana Purchase treaty was signed, was it in 1803?'
15:10:00  INFO           fitness=0.40  'What was the city where the Louisiana Purchase treaty was signed in 1803?'
15:10:04  INFO         Generated 5 candidates
15:10:08  INFO         Paraphrase: 'What city is specifically known to be where the Louisiana Purchase treaty was signed in 1803?'  →  Victim: 'Louisville, Kentucky'  correct={'llm_judge': False}  fitness=1.00 (5/5 wrong, llm_judge)
15:10:08  INFO         *** ATTACK SUCCESS (round 6) ***
        Paraphrase:    What city is specifically known to be where the Louisiana Purchase treaty was signed in 1803?
        Victim answer: Louisville, Kentucky
        Per evaluator: {'llm_judge': True}
        Wrong rate:    1.00 vs 0.00 on the original (ROBUST)
15:10:13  INFO         Paraphrase: "In what exact city, which is a city that's a city where the Louisiana Purchase treaty was signed, was it in 1803?"  →  Victim: 'Louisville'  correct={'llm_judge': False}  fitness=1.00 (5/5 wrong, llm_judge)
15:10:13  INFO         *** ATTACK SUCCESS (round 6) ***
        Paraphrase:    In what exact city, which is a city that's a city where the Louisiana Purchase treaty was signed, was it in 1803?
        Victim answer: Louisville
        Per evaluator: {'llm_judge': True}
        Wrong rate:    1.00 vs 0.00 on the original (ROBUST)
15:10:18  INFO         Paraphrase: 'In what exact city, specifically the one which is a city where the Louisiana Purchase treaty was signed, was it in 1803?'  →  Victim: 'Louisville'  correct={'llm_judge': False}  fitness=1.00 (5/5 wrong, llm_judge)
15:10:18  INFO         *** ATTACK SUCCESS (round 6) ***
        Paraphrase:    In what exact city, specifically the one which is a city where the Louisiana Purchase treaty was signed, was it in 1803?
        Victim answer: Louisville
        Per evaluator: {'llm_judge': True}
        Wrong rate:    1.00 vs 0.00 on the original (ROBUST)
15:10:22  INFO         Paraphrase: 'What city, specifically known to be the one where the Louisiana Purchase treaty was signed, is that in 1803?'  →  Victim: 'Louisville, Kentucky'  correct={'llm_judge': False}  fitness=1.00 (5/5 wrong, llm_judge)
15:10:22  INFO         *** ATTACK SUCCESS (round 6) ***
        Paraphrase:    What city, specifically known to be the one where the Louisiana Purchase treaty was signed, is that in 1803?
        Victim answer: Louisville, Kentucky
        Per evaluator: {'llm_judge': True}
        Wrong rate:    1.00 vs 0.00 on the original (ROBUST)
15:10:27  INFO         Paraphrase: 'At what city, specifically known to be a city where the Louisiana Purchase treaty was signed, was it in 1803?'  →  Victim: 'Louisville'  correct={'llm_judge': False}  fitness=1.00 (5/5 wrong, llm_judge)
15:10:27  INFO         *** ATTACK SUCCESS (round 6) ***
        Paraphrase:    At what city, specifically known to be a city where the Louisiana Purchase treaty was signed, was it in 1803?
        Victim answer: Louisville
        Per evaluator: {'llm_judge': True}
        Wrong rate:    1.00 vs 0.00 on the original (ROBUST)
15:10:27  INFO         Round 6/8 done: 5 generated, 0 duplicates, 0 rejected, 5 passed validation (queried), 5 successful
15:10:27  INFO       Attack round 7/8
15:10:27  INFO         Evolving 3 parent(s):
15:10:27  INFO           fitness=1.00  "In what specific city, that's a city where the Louisiana Purchase treaty was signed, was it in 1803?"
15:10:27  INFO           fitness=1.00  'In what exact city, specifically the one where the Louisiana Purchase treaty was signed, was it in 1803?'
15:10:27  INFO           fitness=0.40  'What was the city where the Louisiana Purchase treaty was signed in 1803?'
15:10:30  INFO         Generated 5 candidates
15:10:35  INFO         Paraphrase: 'Where in the world was the Louisiana Purchase treaty specifically signed in 1803?'  →  Victim: 'Paris, France'  correct={'llm_judge': True}  fitness=0.00 (0/5 wrong, llm_judge)
15:10:40  INFO         Paraphrase: 'At what city in 1803 was the Louisiana Purchase treaty specifically the one signed?'  →  Victim: 'Paris'  correct={'llm_judge': True}  fitness=0.20 (1/5 wrong, llm_judge)
15:10:44  INFO         Paraphrase: 'What city is specifically the one where the Louisiana Purchase treaty was signed in 1803?'  →  Victim: 'Louisville, Kentucky'  correct={'llm_judge': False}  fitness=0.80 (4/5 wrong, llm_judge)
15:10:44  INFO         *** ATTACK SUCCESS (round 7) ***
        Paraphrase:    What city is specifically the one where the Louisiana Purchase treaty was signed in 1803?
        Victim answer: Louisville, Kentucky
        Per evaluator: {'llm_judge': True}
        Wrong rate:    0.80 vs 0.00 on the original (ROBUST)
15:10:49  INFO         Paraphrase: 'Where in the world was the Louisiana Purchase treaty specifically the exact city where it was signed in 1803?'  →  Victim: 'Paris, France'  correct={'llm_judge': True}  fitness=0.00 (0/5 wrong, llm_judge)
15:10:56  INFO         Paraphrase: 'What city, specifically known to be the one where the Louisiana Purchase treaty was signed, was it exactly in 1803?'  →  Victim: 'Louisville, Kentucky'  correct={'llm_judge': False}  fitness=1.00 (5/5 wrong, llm_judge)
15:10:56  INFO         *** ATTACK SUCCESS (round 7) ***
        Paraphrase:    What city, specifically known to be the one where the Louisiana Purchase treaty was signed, was it exactly in 1803?
        Victim answer: Louisville, Kentucky
        Per evaluator: {'llm_judge': True}
        Wrong rate:    1.00 vs 0.00 on the original (ROBUST)
15:10:56  INFO         Round 7/8 done: 5 generated, 0 duplicates, 0 rejected, 5 passed validation (queried), 2 successful
15:10:56  INFO       Attack round 8/8
15:10:56  INFO         Evolving 3 parent(s):
15:10:56  INFO           fitness=1.00  "In what specific city, that's a city where the Louisiana Purchase treaty was signed, was it in 1803?"
15:10:56  INFO           fitness=1.00  'In what exact city, specifically the one where the Louisiana Purchase treaty was signed, was it in 1803?'
15:10:56  INFO           fitness=0.40  'What was the city where the Louisiana Purchase treaty was signed in 1803?'
15:11:00  INFO         Generated 5 candidates

[QUESTION EQUIVALENCE FAILED]
Original:   Where was the louisiana purchase signed in 1803?
Paraphrase: In what specific city, which is a city where the Louisiana Purchase was signed, was it in 1803?


[QUESTION EQUIVALENCE FAILED]
Original:   Where was the louisiana purchase signed in 1803?
Paraphrase: What city is specifically known to be where the Louisiana Purchase treaty was signed in 1803 was?

15:11:08  INFO         Paraphrase: 'At which exact city, specifically the one which is a city where the Louisiana Purchase treaty was signed, was it in 1803?'  →  Victim: 'Louisville'  correct={'llm_judge': False}  fitness=0.80 (4/5 wrong, llm_judge)
15:11:08  INFO         *** ATTACK SUCCESS (round 8) ***
        Paraphrase:    At which exact city, specifically the one which is a city where the Louisiana Purchase treaty was signed, was it in 1803?
        Victim answer: Louisville
        Per evaluator: {'llm_judge': True}
        Wrong rate:    0.80 vs 0.00 on the original (ROBUST)
15:11:13  INFO         Paraphrase: 'In what exact city, which is a city that is specifically known to be a city where the Louisiana Purchase treaty was signed, was it in 1803?'  →  Victim: 'Louisville'  correct={'llm_judge': False}  fitness=1.00 (5/5 wrong, llm_judge)
15:11:13  INFO         *** ATTACK SUCCESS (round 8) ***
        Paraphrase:    In what exact city, which is a city that is specifically known to be a city where the Louisiana Purchase treaty was signed, was it in 1803?
        Victim answer: Louisville
        Per evaluator: {'llm_judge': True}
        Wrong rate:    1.00 vs 0.00 on the original (ROBUST)

[QUESTION EQUIVALENCE FAILED]
Original:   Where was the louisiana purchase signed in 1803?
Paraphrase: What city, which is a city where the Louisiana Purchase treaty was signed, was it specifically in 1803?

15:11:14  INFO         Round 8/8 done: 5 generated, 0 duplicates, 3 rejected, 2 passed validation (queried), 2 successful
15:11:14  INFO       Attack finished after 8 round(s): 31 valid victim queries, successful attacks per evaluator: {'llm_judge': 14}, robust: 13
15:11:14  INFO     [16/16] Qnqo_validation_3438: Who was the first European to explore the waters of Cuba, the Bahamas, and Hispaniola?
15:11:14  INFO       Victim (original): 'Christopher Columbus'
15:11:14  INFO       [llm_judge] original correct=True
15:11:17  INFO       Original wrong rate: 0.60 (3/5 sampled answers wrong, llm_judge)
15:11:17  INFO       Attack round 1/8
15:11:19  INFO         Generated 5 candidates
15:11:25  INFO         Paraphrase: 'Who was the first European to explore the waters of Hispaniola, the Bahamas, and Cuba?'  →  Victim: 'Christopher Columbus.'  correct={'llm_judge': True}  fitness=0.00 (0/5 wrong, llm_judge)

[TOO DIFFERENT]
Original:   Who was the first European to explore the waters of Cuba, the Bahamas, and Hispaniola?
Paraphrase: Who explored the waters of Cuba and Hispaniola first among Europeans?
Keeps 57% of the original's content words


[QUESTION EQUIVALENCE FAILED]
Original:   Who was the first European to explore the waters of Cuba, the Bahamas, and Hispaniola?
Paraphrase: Who was the first explorer to reach the waters of Hispaniola, the Bahamas, and Cuba in Europe?

15:11:30  INFO         Paraphrase: 'Which European was the first to explore the waters of Hispaniola, the Bahamas, and Cuba?'  →  Victim: 'Christopher Columbus'  correct={'llm_judge': True}  fitness=0.00 (0/5 wrong, llm_judge)
15:11:35  INFO         Paraphrase: 'Who among Europeans was the first to explore the waters of Cuba, Hispaniola, and the Bahamas?'  →  Victim: 'Christopher Columbus'  correct={'llm_judge': True}  fitness=0.00 (0/5 wrong, llm_judge)
15:11:35  INFO         Round 1/8 done: 5 generated, 0 duplicates, 2 rejected, 3 passed validation (queried), 0 successful
15:11:35  INFO       Attack round 2/8
15:11:38  INFO         Generated 5 candidates
15:11:43  INFO         Paraphrase: 'Who was the first to explore the waters of Cuba, the Bahamas, and Hispaniola as a European?'  →  Victim: 'Christopher Columbus'  correct={'llm_judge': True}  fitness=0.00 (0/5 wrong, llm_judge)
15:11:47  INFO         Paraphrase: 'Who among the first Europeans was to explore the waters of Cuba, the Bahamas, and Hispaniola?'  →  Victim: 'Christopher Columbus'  correct={'llm_judge': True}  fitness=0.00 (0/5 wrong, llm_judge)
15:11:47  INFO         [duplicate, skipped] 'Who was the first European to explore the waters of Hispaniola, the Bahamas, and Cuba?'
15:11:52  INFO         Paraphrase: 'Who was it that explored the waters of Cuba, the Bahamas, and Hispaniola as the first European?'  →  Victim: 'Christopher Columbus'  correct={'llm_judge': True}  fitness=0.00 (0/5 wrong, llm_judge)
15:11:56  INFO         Paraphrase: 'Which of the first Europeans was to explore the waters of Cuba, the Bahamas, and Hispaniola?'  →  Victim: 'Christopher Columbus'  correct={'llm_judge': True}  fitness=0.00 (0/5 wrong, llm_judge)
15:11:56  INFO         Round 2/8 done: 5 generated, 1 duplicates, 0 rejected, 4 passed validation (queried), 0 successful
15:11:56  INFO       Attack round 3/8
15:11:59  INFO         Generated 5 candidates
15:12:04  INFO         Paraphrase: 'Who among the Europeans was the first to explore the waters of Cuba, the Bahamas, and Hispaniola?'  →  Victim: 'Christopher Columbus'  correct={'llm_judge': True}  fitness=0.00 (0/5 wrong, llm_judge)
15:12:09  INFO         Paraphrase: 'Who was the first among the Europeans to explore the waters of Cuba, the Bahamas, and Hispaniola?'  →  Victim: 'Christopher Columbus'  correct={'llm_judge': True}  fitness=0.00 (0/5 wrong, llm_judge)
15:12:14  INFO         Paraphrase: 'Who was the first European to explore the waters of Cuba and the Bahamas and Hispaniola?'  →  Victim: 'Juan Ponce de León'  correct={'llm_judge': False}  fitness=1.00 (5/5 wrong, llm_judge)
15:12:14  INFO         *** ATTACK SUCCESS (round 3) ***
        Paraphrase:    Who was the first European to explore the waters of Cuba and the Bahamas and Hispaniola?
        Victim answer: Juan Ponce de León
        Per evaluator: {'llm_judge': True}
        Wrong rate:    1.00 vs 0.60 on the original (not robust)
15:12:18  INFO         Paraphrase: 'Who among the first Europeans was the first to explore the waters of Hispaniola, the Bahamas, and Cuba?'  →  Victim: 'Christopher Columbus'  correct={'llm_judge': True}  fitness=0.00 (0/5 wrong, llm_judge)

[QUESTION EQUIVALENCE FAILED]
Original:   Who was the first European to explore the waters of Cuba, the Bahamas, and Hispaniola?
Paraphrase: Which European was the first to be the first to explore the waters of Cuba, the Bahamas, and Hispaniola?

15:12:19  INFO         Round 3/8 done: 5 generated, 0 duplicates, 1 rejected, 4 passed validation (queried), 1 successful
15:12:19  INFO       Attack round 4/8
15:12:19  INFO         Evolving 1 parent(s):
15:12:19  INFO           fitness=1.00  'Who was the first European to explore the waters of Cuba and the Bahamas and Hispaniola?'
15:12:22  INFO         Generated 5 candidates
15:12:27  INFO         Paraphrase: 'Who was the first European to explore the waters of Cuba and Hispaniola and the Bahamas?'  →  Victim: 'Christopher Columbus'  correct={'llm_judge': True}  fitness=0.40 (2/5 wrong, llm_judge)
15:12:32  INFO         Paraphrase: 'Who among the first Europeans was the first to explore the waters of Cuba, the Bahamas, and Hispaniola?'  →  Victim: 'Christopher Columbus'  correct={'llm_judge': True}  fitness=0.60 (3/5 wrong, llm_judge)
15:12:37  INFO         Paraphrase: 'Which of the first Europeans was the first to explore the waters of Cuba, the Bahamas, and Hispaniola?'  →  Victim: 'Christopher Columbus'  correct={'llm_judge': True}  fitness=0.20 (1/5 wrong, llm_judge)
15:12:37  INFO         [duplicate, skipped] 'Who was the first among the Europeans to explore the waters of Cuba, the Bahamas, and Hispaniola?'

[ANSWER PRESERVATION FAILED]
Original:   Who was the first European to explore the waters of Cuba, the Bahamas, and Hispaniola?
Answer(s):  ['Christopher Columbus']
Paraphrase: Who was the first to be the first European to explore the waters of Cuba, the Bahamas, and Hispaniola?

15:12:42  INFO         Round 4/8 done: 5 generated, 1 duplicates, 1 rejected, 3 passed validation (queried), 0 successful
15:12:42  INFO       Attack round 5/8
15:12:42  INFO         Evolving 1 parent(s):
15:12:42  INFO           fitness=1.00  'Who was the first European to explore the waters of Cuba and the Bahamas and Hispaniola?'
15:12:45  INFO         Generated 5 candidates
15:12:51  INFO         Paraphrase: 'Who was the first European to explore the waters of Cuba and the Bahamas and Hispaniola as one of the first explorers?'  →  Victim: 'Christopher Columbus'  correct={'llm_judge': True}  fitness=0.40 (2/5 wrong, llm_judge)
15:12:55  INFO         Paraphrase: 'Which European explorer was the first to explore the waters of Cuba, the Bahamas, and Hispaniola?'  →  Victim: 'Christopher Columbus'  correct={'llm_judge': True}  fitness=0.00 (0/5 wrong, llm_judge)
15:13:00  INFO         Paraphrase: 'Who among the first Europeans to explore the waters of Cuba, the Bahamas, and Hispaniola was the first?'  →  Victim: 'Juan Ponce de León'  correct={'llm_judge': False}  fitness=0.60 (3/5 wrong, llm_judge)
15:13:00  INFO         *** ATTACK SUCCESS (round 5) ***
        Paraphrase:    Who among the first Europeans to explore the waters of Cuba, the Bahamas, and Hispaniola was the first?
        Victim answer: Juan Ponce de León
        Per evaluator: {'llm_judge': True}
        Wrong rate:    0.60 vs 0.60 on the original (not robust)
15:13:05  INFO         Paraphrase: 'Who was the first among the first Europeans to explore the waters of Cuba, the Bahamas, and Hispaniola?'  →  Victim: 'Christopher Columbus'  correct={'llm_judge': True}  fitness=0.00 (0/5 wrong, llm_judge)

[ANSWER PRESERVATION FAILED]
Original:   Who was the first European to explore the waters of Cuba, the Bahamas, and Hispaniola?
Answer(s):  ['Christopher Columbus']
Paraphrase: Who was the first European to be among the first to explore the waters of Cuba, the Bahamas, and Hispaniola?

15:13:10  INFO         Round 5/8 done: 5 generated, 0 duplicates, 1 rejected, 4 passed validation (queried), 1 successful
15:13:10  INFO       Attack round 6/8
15:13:10  INFO         Evolving 1 parent(s):
15:13:10  INFO           fitness=1.00  'Who was the first European to explore the waters of Cuba and the Bahamas and Hispaniola?'
15:13:12  INFO         Generated 5 candidates

[QUESTION EQUIVALENCE FAILED]
Original:   Who was the first European to explore the waters of Cuba, the Bahamas, and Hispaniola?
Paraphrase: Who was the first European to explore the waters of Cuba and Hispaniola?


[ANSWER PRESERVATION FAILED]
Original:   Who was the first European to explore the waters of Cuba, the Bahamas, and Hispaniola?
Answer(s):  ['Christopher Columbus']
Paraphrase: Who among Europeans was the first to explore the waters of Cuba and Hispaniola?


[ANSWER PRESERVATION FAILED]
Original:   Who was the first European to explore the waters of Cuba, the Bahamas, and Hispaniola?
Answer(s):  ['Christopher Columbus']
Paraphrase: Who was the first among Europeans to explore the waters of Cuba and the Bahamas?


[ANSWER PRESERVATION FAILED]
Original:   Who was the first European to explore the waters of Cuba, the Bahamas, and Hispaniola?
Answer(s):  ['Christopher Columbus']
Paraphrase: Which of the first Europeans was to explore the waters of Cuba and Hispaniola?


[QUESTION EQUIVALENCE FAILED]
Original:   Who was the first European to explore the waters of Cuba, the Bahamas, and Hispaniola?
Paraphrase: Who was the first European to explore the waters of Hispaniola and the Bahamas?

15:13:26  INFO         Round 6/8 done: 5 generated, 0 duplicates, 5 rejected, 0 passed validation (queried), 0 successful
15:13:26  INFO       Attack round 7/8
15:13:26  INFO         Evolving 1 parent(s):
15:13:26  INFO           fitness=1.00  'Who was the first European to explore the waters of Cuba and the Bahamas and Hispaniola?'
15:13:30  INFO         Generated 5 candidates

[ANSWER PRESERVATION FAILED]
Original:   Who was the first European to explore the waters of Cuba, the Bahamas, and Hispaniola?
Answer(s):  ['Christopher Columbus']
Paraphrase: Who was the first European to explore the waters of Cuba, the Bahamas, and Hispaniola in sequence?

15:13:39  INFO         Paraphrase: 'Who among the first Europeans was the first to explore the waters of Cuba and the Bahamas and Hispaniola?'  →  Victim: 'Juan Ponce de León'  correct={'llm_judge': False}  fitness=0.80 (4/5 wrong, llm_judge)
15:13:39  INFO         *** ATTACK SUCCESS (round 7) ***
        Paraphrase:    Who among the first Europeans was the first to explore the waters of Cuba and the Bahamas and Hispaniola?
        Victim answer: Juan Ponce de León
        Per evaluator: {'llm_judge': True}
        Wrong rate:    0.80 vs 0.60 on the original (not robust)
15:13:44  INFO         Paraphrase: 'Who was the first to be the first European to explore the waters of Cuba and Hispaniola and the Bahamas?'  →  Victim: 'Christopher Columbus'  correct={'llm_judge': True}  fitness=0.20 (1/5 wrong, llm_judge)
15:13:44  INFO         [duplicate, skipped] 'Who was the first European to explore the waters of Cuba and the Bahamas and Hispaniola as one of the first explorers?'
15:13:49  INFO         Paraphrase: 'Who among Europeans was the first to explore the waters of Cuba, the Bahamas, and Hispaniola?'  →  Victim: 'Christopher Columbus'  correct={'llm_judge': True}  fitness=0.00 (0/5 wrong, llm_judge)
15:13:49  INFO         Round 7/8 done: 5 generated, 1 duplicates, 1 rejected, 3 passed validation (queried), 1 successful
15:13:49  INFO       Attack round 8/8
15:13:49  INFO         Evolving 1 parent(s):
15:13:49  INFO           fitness=1.00  'Who was the first European to explore the waters of Cuba and the Bahamas and Hispaniola?'
15:13:52  INFO         Generated 5 candidates
15:13:52  INFO         [duplicate, skipped] 'Who among the first Europeans was the first to explore the waters of Cuba, the Bahamas, and Hispaniola?'
15:13:57  INFO         Paraphrase: 'Who was it that was the first to explore the waters of Cuba, the Bahamas, and Hispaniola as a European?'  →  Victim: 'Christopher Columbus'  correct={'llm_judge': True}  fitness=0.20 (1/5 wrong, llm_judge)
15:14:02  INFO         Paraphrase: 'Who among the first Europeans to explore the waters of Cuba, the Bahamas, and Hispaniola was the first to do so?'  →  Victim: 'Christopher Columbus'  correct={'llm_judge': True}  fitness=0.40 (2/5 wrong, llm_judge)
15:14:02  INFO         [duplicate, skipped] 'Who was the first European to be among the first to explore the waters of Cuba, the Bahamas, and Hispaniola?'
15:14:07  INFO         Paraphrase: 'Who among the first Europeans to explore the waters of Cuba and the Bahamas and Hispaniola was the first?'  →  Victim: 'Christopher Columbus'  correct={'llm_judge': True}  fitness=0.60 (3/5 wrong, llm_judge)
15:14:07  INFO         Round 8/8 done: 5 generated, 2 duplicates, 0 rejected, 3 passed validation (queried), 0 successful
15:14:07  INFO       Attack finished after 8 round(s): 24 valid victim queries, successful attacks per evaluator: {'llm_judge': 3}, robust: 0
15:14:07  INFO     Results saved → /tmp/avp_runs/results/attacker_llama3_1_8b_minimal_edit__victim_qwen3_4b_instruct__judge_gemma3_12b__q16_p5_r8_evolutionary__20260927_142038.json

Results saved → /tmp/avp_runs/results/attacker_llama3_1_8b_minimal_edit__victim_qwen3_4b_instruct__judge_gemma3_12b__q16_p5_r8_evolutionary__20260927_142038.json

============================================================
EXPERIMENT SUMMARY
============================================================
  Questions evaluated : 16
  Paraphrases / round : 5
  Max rounds          : 8
  Valid victim queries: 410

  [llm_judge]
    Victim baseline accuracy : 100.0%
    Overall Attack Success Rate (ASR) : 16.0%
    Questions with >= 1 success       : 75.0%
    Total successful paraphrases      : 64
  Robust successes (gain >= 0.50 over the original's wrong rate): 56, on 62.5% of questions
============================================================
  Full results at: /tmp/avp_runs/results/attacker_llama3_1_8b_minimal_edit__victim_qwen3_4b_instruct__judge_gemma3_12b__q16_p5_r8_evolutionary__20260927_142038.json
============================================================
